0.000000000000000000e+00
2.748631098786465138e-17
5.773008422517079819e-17
8.358050511444507025e-17
9.981193154284114111e-17
1.022633374039266639e-16
8.763995827399712687e-17
5.347778737404277007e-17
-1.844605946607404429e-18
-7.908633748823680252e-17
-1.781333226935090500e-16
-2.980043303719455700e-16
-4.368779544543704361e-16
-5.921421401450053577e-16
-7.604663338579285757e-16
-9.378951501156647591e-16
-1.119961505154170326e-15
-1.301816391440462557e-15
-1.478371835112366397e-15
-1.644453082890438388e-15
-1.794955706800944072e-15
-1.925003096842070043e-15
-2.030099735366449203e-15
-2.106275712320381069e-15
-2.150218144236277331e-15
-2.159385495560378578e-15
-2.132101258384104662e-15
-2.067624012696870422e-15
-1.966191547410496851e-15
-1.829037453673022658e-15
-1.658379385165275089e-15
-1.457378992493972523e-15
-1.230074356809372879e-15
-9.812865475431955056e-16
-7.165026872916639218e-16
-4.417386010728951167e-16
-1.633847370300308297e-16
1.119604470167533914e-16
3.776650470486312789e-16
6.272413820185574596e-16
8.545218016512425629e-16
1.053827684792234184e-15
1.220126840836292888e-15
1.349174825017248355e-15
1.437636106057799304e-15
1.483181570093640636e-15
1.484559492537527001e-15
1.441637841420102557e-15
1.355416570933143831e-15
1.228009399821003043e-15
1.062595422062335815e-15
8.633417425912548622e-16
6.352991444622530897e-16
3.842735525256278541e-16
1.166767406654404118e-16
-1.606396846668928733e-16
-4.405625192175113098e-16
-7.159025625699013487e-16
-9.795825256928764254e-16
-1.224822116399255900e-15
-1.445315252092878010e-15
-1.635394568629596260e-15
-1.790178749399323106e-15
-1.905698679489304096e-15
-1.978999022292586567e-15
-2.008212503048231005e-15
-1.992604945914663288e-15
-1.932589926373367123e-15
-1.829712745780034148e-15
-1.686604285567525321e-15
-1.506906130759971806e-15
-1.295169142463201668e-15
-1.056728384497011253e-15
-7.975579499638982354e-16
-5.241097713527794966e-16
-2.431409179630700043e-16
3.846582451243448344e-17
3.138831430413111374e-16
5.765171918607599376e-16
8.201775556728113743e-16
1.039234606270132013e-15
1.228760066521333698e-15
1.384647100192153951e-15
1.503706850767902556e-15
1.583739039381253349e-15
1.623574980759634756e-15
1.623092164942054141e-15
1.583200358345701789e-15
1.505799977358507480e-15
1.393714258002372207e-15
1.250597464446044233e-15
1.080822026950705412e-15
8.893480581442702942e-16
6.815791500595215066e-16
4.632086909680711962e-16
2.400611521326542873e-16
1.793287524262595751e-17
-1.975631594532680404e-16
-4.011442836902581478e-16
-5.879928111326373195e-16
-7.538748407449072294e-16
-8.952401194646161831e-16
-1.009300484460346135e-15
-1.094085063778632985e-15
-1.148471116812444513e-15
-1.172190121509958856e-15
-1.165809441988979462e-15
-1.130690616712821465e-15
-1.068925972997142442e-15
-9.832558791087540993e-16
-8.769694733581564447e-16
-7.537921456342149562e-16
-6.177633789236171298e-16
-4.731087779219221896e-16
-3.241102136998368438e-16
-1.749779960320973661e-16
-2.972885042653517046e-17
1.079267692758579340e-16
2.346848508137932128e-16
3.477327338190529719e-16
4.448165346276128166e-16
5.242894355828089466e-16
5.851398061644058444e-16
6.269987626524472301e-16
6.501274146584037504e-16
6.553846710138992154e-16
6.441770652806989788e-16
6.183925948938038432e-16
5.803210318907286465e-16
5.325635438413340917e-16
4.779347501840665819e-16
4.193605239495588620e-16
3.597749272363774045e-16
3.020196396178968210e-16
2.487491039952225032e-16
2.023443796915752561e-16
1.648383662008234028e-16
1.378546542114571651e-16
1.225617868931614638e-16
1.196441895744014238e-16
1.292904668533376737e-16
1.511991908729733417e-16
1.846017312454061581e-16
2.283011240715116284e-16
2.807254619871222369e-16
3.399938252257670412e-16
4.039923795416703830e-16
4.704579524982383064e-16
5.370661745063637476e-16
6.015211416415148739e-16
6.616435271728680551e-16
7.154541382445758951e-16
7.612500804714873521e-16
7.976709505179474623e-16
8.237528163607568700e-16
8.389681556804331966e-16
8.432503912784301273e-16
8.370021734262133193e-16
8.210870961744523952e-16
7.968050807060636648e-16
7.658521963848785593e-16
7.302662021722603663e-16
6.923595613205500528e-16
6.546420958776634123e-16
6.197357914995386514e-16
5.902845265904030186e-16
5.688616746067620411e-16
5.578786090368518730e-16
5.594971246278788738e-16
5.755486764209143040e-16
6.074631336477908838e-16
6.562094549843892977e-16
7.222503241813582077e-16
8.055123522289772891e-16
9.053729674993448664e-16
1.020664593912825490e-15
1.149696175347811952e-15
1.290291559185473331e-15
1.439843720001066997e-15
1.595383302594467374e-15
1.753659507349583821e-15
1.911230944588680355e-15
2.064563760400020596e-15
2.210134094544955778e-15
2.344531778960572350e-15
2.464562127936504318e-15
2.567342710037072842e-15
2.650392126254594201e-15
2.711708044603316557e-15
2.749832051660279241e-15
2.763899266942516277e-15
2.753671114862857549e-15
2.719550147636616665e-15
2.662576345855303342e-15
2.584404875275824286e-15
2.487265832028900004e-15
2.373907047139274509e-15
2.247521528732613314e-15
2.111661581252089291e-15
1.970142041569468086e-15
1.826935400020029673e-15
1.686061820315952495e-15
1.551477228687850604e-15
1.426962704878987874e-15
1.316018374024160454e-15
1.221764870131623087e-15
1.146855222836113452e-15
1.093399716016984717e-15
1.062905888967928051e-15
1.056235409508153725e-15
1.073579056988460144e-15
1.114450526347027819e-15
1.177699217895681517e-15
1.261541627693459940e-15
1.363610416414682808e-15
1.481019726466521811e-15
1.610444852570225490e-15
1.748213963731133937e-15
1.890409236131128744e-15
2.032974496753294202e-15
2.171826303612306800e-15
2.302965305107570735e-15
2.422584730033364822e-15
2.527172960486674189e-15
2.613607328621613056e-15
2.679236548910918707e-15
2.721949541620794867e-15
2.740228810067886387e-15
2.733186991343815771e-15
2.700585693846698722e-15
2.642836250232419378e-15
2.560982536057223488e-15
2.456666516947447484e-15
2.332077675687240875e-15
2.189887920953660015e-15
2.033173978719543398e-15
1.865329604306227947e-15
1.689970218442275504e-15
1.510832757386947984e-15
1.331673630558181351e-15
1.156167697031583102e-15
9.878111051719811143e-16
8.298306904885930225e-16
6.851024009173229509e-16
5.560809237311152486e-16
4.447423337015167850e-16
3.525411792172895869e-16
2.803829843182108278e-16
2.286126834786311990e-16
1.970190364066279833e-16
1.848546061319403786e-16
1.908704389092205328e-16
2.133641718698745175e-16
2.502399257085010878e-16
2.990780252763553607e-16
3.572123393341368210e-16
4.218128484013867118e-16
4.899709410226840901e-16
5.587849059080034399e-16
6.254431301124923451e-16
6.873026291736651111e-16
7.419607193088763963e-16
7.873178877128969210e-16
8.216302163170306569e-16
8.435500571609297943e-16
8.521540327707022701e-16
8.469578307602533152e-16
8.279176660127801356e-16
7.954186839081138129e-16
7.502509621358424174e-16
6.935741253491069365e-16
6.268719059601464908e-16
5.518982567871394067e-16
4.706168396067158808e-16
3.851358723364897791e-16
2.976404128464164488e-16
2.103241875662052444e-16
1.253230384630227844e-16
4.465196486798244453e-17
-2.985241874011843521e-17
-9.658239568747610354e-17
-1.542012702645491777e-16
-2.016760297108768382e-16
-2.382997894899753285e-16
-2.637035986448378090e-16
-2.778575201856528877e-16
-2.810612349308330703e-16
-2.739247357154125881e-16
-2.573399728628791834e-16
-2.324445726015761968e-16
-2.005789702940771005e-16
-1.632384738547457099e-16
-1.220218951285113951e-16
-7.857845546671937974e-17
-3.455468525229312142e-17
8.457003641971560170e-18
4.896648611897430968e-17
8.562938707366893428e-17
1.172845768652774806e-16
1.429846553210638081e-16
1.620186277531141008e-16
1.739262435415210321e-16
1.785037459074394026e-16
1.758010615511973470e-16
1.661107319273923377e-16
1.499491455551159286e-16
1.280308650251563047e-16
1.012370462984542119e-16
7.057911559142020438e-17
3.715899600714531686e-17
2.127258856173384683e-18
-3.335938843597449747e-17
-6.817987508606743977e-17
-1.012884516583265559e-16
-1.317510342886560009e-16
-1.587770906123212497e-16
-1.817461174280211055e-16
-2.002279551657584609e-16
-2.139963996205735672e-16
-2.230357998433127377e-16
-2.275405649038518012e-16
-2.279077338327775448e-16
-2.247229849457137342e-16
-2.187406660075580063e-16
-2.108586089596506499e-16
-2.020886467965430432e-16
-1.935238711757053315e-16
-1.863037542338600681e-16
-1.815783047776089126e-16
-1.804724367875075179e-16
-1.840516974861572098e-16
-1.932904348677338631e-16
-2.090433834270068907e-16
-2.320215158644620259e-16
-2.627728525794445620e-16
-3.016687454201706963e-16
-3.488959634905204719e-16
-4.044547132899175690e-16
-4.681625295639874434e-16
-5.396637834323489712e-16
-6.184443766885929057e-16
-7.038510312648094833e-16
-7.951144455743885626e-16
-8.913754788969061411e-16
-9.917134442164941461e-16
-1.095175541080541233e-15
-1.200806444050907572e-15
-1.307677079095462222e-15
-1.414911668575227714e-15
-1.521712203144818876e-15
-1.627379602715360902e-15
-1.731330954715089373e-15
-1.833112361568068806e-15
-1.932407085518928786e-15
-2.029038842187243614e-15
-2.122970259008531821e-15
-2.214296675453383523e-15
-2.303235613370794298e-15
-2.390112383062334433e-15
-2.475342409487158041e-15
-2.559410959672076571e-15
-2.642851024179352096e-15
-2.726220150411354601e-15
-2.810077042642814825e-15
-2.894958732904013378e-15
-2.981359089110771690e-15
-3.069709363920882907e-15
-3.160361402309219992e-15
-3.253574021106944018e-15
-3.349502953657190274e-15
-3.448194621665934292e-15
-3.549583858918556186e-15
-3.653495572598884024e-15
-3.759650192224890113e-15
-3.867672628306720630e-15
-3.977104346929735098e-15
-4.087418066363258946e-15
-4.198034500595508809e-15
-4.308340514909732242e-15
-4.417708021871471636e-15
-4.525512933326700505e-15
-4.631153495212558263e-15
-4.734067366383933111e-15
-4.833746858746540922e-15
-4.929751831399435846e-15
-5.021719823422853971e-15
-5.109373114869891461e-15
-5.192522519719950981e-15
-5.271067833828838438e-15
-5.344994981186123364e-15
-5.414370018765150721e-15
-5.479330270051376722e-15
-5.540072956123983584e-15
-5.596841777811317370e-15
-5.649911970053674863e-15
-5.699574398213671454e-15
-5.746119294080868681e-15
-5.789820236164382987e-15
-5.830918964413007697e-15
-5.869611584666359217e-15
-5.906036664190476293e-15
-5.940265648848768522e-15
-5.972295947250730186e-15
-6.002046930895625673e-15
-6.029358995130809708e-15
-6.053995717545904353e-15
-6.075649041785259484e-15
-6.093947309626741827e-15
-6.108465865907328479e-15
-6.118739872987644751e-15
-6.124278896625977610e-15
-6.124582766024362029e-15
-6.119158169052534029e-15
-6.107535420723413728e-15
-6.089284839251921756e-15
-6.064032179632053631e-15
-6.031472608664341433e-15
-5.991382756630786353e-15
-5.943630447210172724e-15
-5.888181786556805002e-15
-5.825105381693064860e-15
-5.754573554577690510e-15
-5.676860517867019920e-15
-5.592337578294490723e-15
-5.501465530173299184e-15
-5.404784491771908813e-15
-5.302901518052998169e-15
-5.196476392110533694e-15
-5.086206052219907628e-15
-4.972808150284001737e-15
-4.857004259319851089e-15
-4.739503252180837535e-15
-4.620985360847549220e-15
-4.502087396217552603e-15
-4.383389563433268302e-15
-4.265404249329855830e-15
-4.148567088568204059e-15
-4.033230536153078939e-15
-3.919660088959201632e-15
-3.808033210736265860e-15
-3.698440926704987984e-15
-3.590891968436550951e-15
-3.485319269913113810e-15
-3.381588544243025302e-15
-3.279508609574445208e-15
-3.178843084320999844e-15
-3.079323037151383785e-15
-2.980660157331237974e-15
-2.882560006192973091e-15
-2.784734920705833781e-15
-2.686916164540840143e-15
-2.588864959615801783e-15
-2.490382080172053789e-15
-2.391315750090178191e-15
-2.291567650052480460e-15
-2.191096911885609302e-15
-2.089922050305146656e-15
-1.988120969432673594e-15
-1.885829099239135258e-15
-1.783235497038889683e-15
-1.680577356926081474e-15
-1.578133184348574132e-15
-1.476214937710453376e-15
-1.375159463375435572e-15
-1.275319561933681946e-15
-1.177055021973704495e-15
-1.080723943273850280e-15
-9.866746451241338396e-16
-8.952384187367071191e-16
-8.067233370280070791e-16
-7.214092824897394371e-16
-6.395442965642241545e-16
-5.613422943195362225e-16
-4.869821286326434194e-16
-4.166079309659132976e-16
-3.503306033428368441e-16
-2.882302903914860280e-16
-2.303596229943693464e-16
-1.767474976245094119e-16
-1.274031387629736423e-16
-8.232018651173055442e-17
-4.148055763615141046e-17
-4.857845520703947008e-18
2.757994800036175779e-17
5.586851939198161544e-17
8.004633516253861007e-17
1.001547453084157899e-16
1.162391619437626331e-16
1.283512720109720571e-16
1.365521993662399152e-16
1.409164810872090343e-16
1.415366777221098375e-16
1.385283992919228611e-16
1.320354997743847393e-16
1.222351738872587619e-16
1.093426820713981297e-16
9.361543320120800841e-17
7.535616965053922163e-17
5.491502557335522034e-17
3.269026565970990689e-17
9.127557007284392508e-18
-1.528232061118790229e-17
-4.000736276582972773e-17
-6.447980215128633008e-17
-8.810305749660240915e-17
-1.102600223712560507e-16
-1.303224898785339942e-16
-1.476614585441878671e-16
-1.616580221178756878e-16
-1.717145132891585618e-16
-1.772655498742899184e-16
-1.777886228726566613e-16
-1.728138694916826452e-16
-1.619326908972759668e-16
-1.448049037014584902e-16
-1.211641552032450542e-16
-9.082138389981967372e-17
-5.366616709186065323e-17
-9.665864540506309508e-18
4.113746120825466662e-17
9.863229346543488951e-17
1.626449513995573653e-16
2.329487235861347577e-16
3.092745826830731272e-16
3.913231620431625532e-16
4.787776282959595637e-16
5.713170488014491350e-16
6.686298308210094634e-16
7.704268010840618876e-16
8.764535006612240330e-16
9.865012905200754063e-16
1.100416897363436352e-15
1.218110076185207080e-15
1.339559124031615236e-15
1.464814046735842760e-15
1.593997254790632932e-15
1.727301743452472004e-15
1.864986793110546534e-15
2.007371306060656894e-15
2.154824972526813450e-15
2.307757529346258646e-15
2.466606436921981017e-15
2.631823351604528118e-15
2.803859809979250397e-15
2.983152567134956095e-15
3.170109042140942789e-15
3.365093320152627834e-15
3.568413142066333739e-15
3.780308279952996120e-15
4.000940650865586077e-15
4.230386464463510236e-15
4.468630633299341400e-15
4.715563600713294138e-15
4.970980662698922762e-15
5.234583779395066020e-15
5.505985791846401649e-15
5.784716882959199111e-15
6.070233050815393724e-15
6.361926299975267923e-15
6.659136204230717305e-15
6.961162454113131063e-15
7.267277975638603805e-15
7.576742194077437950e-15
7.888814018315591613e-15
8.202764137458739853e-15
8.517886251054708544e-15
8.833506896571168749e-15
9.148993590991668105e-15
9.463761065707927307e-15
9.777275443028121690e-15
1.008905627621737151e-14
1.039867645038884240e-14
1.070576001624759598e-14
1.100997809997580981e-14
1.131104309811757073e-14
1.160870142381974735e-14
1.190272511843549332e-14
1.219290267855957085e-14
1.247902947207093546e-14
1.276089812679234630e-14
1.303828927191961653e-14
1.331096299542648336e-14
1.357865135116559447e-14
1.384105220823166489e-14
1.409782468414276135e-14
1.434858634410367867e-14
1.459291228348939713e-14
1.483033614173934147e-14
1.506035302586422839e-14
1.528242425285807419e-14
1.549598375525017454e-14
1.570044593471252143e-14
1.589521469748774360e-14
1.607969336376241309e-14
1.625329511280192837e-14
1.641545360723370213e-14
1.656563343435018087e-14
1.670334000934317919e-14
1.682812860509926496e-14
1.693961220447318089e-14
1.703746791276273201e-14
1.712144171908200856e-14
1.719135145321815660e-14
1.724708784782845956e-14
1.728861368167536547e-14
1.731596104627194637e-14
1.732922684289914345e-14
1.732856667780866084e-14
1.731418737784473212e-14
1.728633839544796439e-14
1.724530240885033380e-14
1.719138544962334289e-14
1.712490690412734293e-14
1.704618973801163690e-14
1.695555128309853258e-14
1.685329490477047113e-14
1.673970283555553529e-14
1.661503041877259045e-14
1.647950195573885196e-14
1.633330829355951145e-14
1.617660622927893131e-14
1.600951974293043279e-14
1.583214300833933221e-14
1.564454506921656712e-14
1.544677601061134319e-14
1.523887440469458762e-14
1.502087576625271862e-14
1.479282171918444653e-14
1.455476955123752685e-14
1.430680182151152943e-14
1.404903568366182684e-14
1.378163159780238062e-14
1.350480112482257755e-14
1.321881352796946580e-14
1.292400094641173916e-14
1.262076195320528942e-14
1.230956336341649956e-14
1.199094021578415921e-14
1.166549391074198309e-14
1.133388854732788940e-14
1.099684555902515766e-14
1.065513680241766344e-14
1.030957630054420956e-14
9.961010883837583044e-15
9.610310003879545909e-15
9.258355018270189889e-15
8.906028257716628305e-15
8.554202189008071746e-15
8.203728979631115897e-15
7.855430752072643472e-15
7.510090788846597378e-15
7.168445914234067242e-15
6.831180236739247252e-15
6.498920389032264324e-15
6.172232351183181000e-15
5.851619890195005859e-15
5.537524595906286066e-15
5.230327442122358084e-15
4.930351753969940747e-15
4.637867419546719967e-15
4.353096147279767368e-15
4.076217541135977303e-15
3.807375744802589856e-15
3.546686393694297062e-15
3.294243610429503802e-15
3.050126785127137864e-15
2.814406896197108335e-15
2.587152149498745012e-15
2.368432742994672201e-15
2.158324599090222786e-15
1.956911946542663379e-15
1.764288676544007040e-15
1.580558442000557048e-15
1.405833513404903298e-15
1.240232447729242380e-15
1.083876666816078087e-15
9.368860777307970755e-16
7.993738981214072306e-16
6.714408741149554153e-16
5.531690957433089594e-16
4.446156251582477790e-16
3.458061555268161969e-16
2.567289138650097382e-16
1.773290092240614942e-16
1.075034094669409486e-16
4.709670584268598698e-17
-4.102204042604766636e-18
-4.636241665526712661e-17
-8.001224284079013764e-17
-1.054393204923212305e-16
-1.230896278542788746e-16
-1.334654403594309228e-16
-1.371223059442566938e-16
-1.346651424870339509e-16
-1.267435852297853801e-16
-1.140467313289011984e-16
-9.729744226339001199e-17
-7.724637267737229089e-17
-5.466589599017713800e-17
-3.034409315710323060e-17
-5.078961389597950280e-18
2.032701484110097136e-17
4.507180709482160665e-17
6.835819950086784238e-17
8.939748257885328412e-17
1.074124350811401466e-16
1.216395720353184945e-16
1.313306642894114365e-16
1.357535607411613824e-16
1.341923682317639023e-16
1.259470649866274433e-16
1.103326408966528838e-16
8.667787133682073607e-17
5.432384028301456668e-17
1.262233306354960869e-17
-3.906578086880055752e-17
-1.013720590264750595e-16
-1.749217830571497924e-16
-2.603349461022895710e-16
-3.582268494291194873e-16
-4.692082447252923109e-16
-5.938849775074172544e-16
-7.328571070147215337e-16
-8.867174981575853757e-16
-1.056049900655869696e-15
-1.241426548950953214e-15
-1.443405332977745969e-15
-1.662526604160110087e-15
-1.899309692359261050e-15
-2.154249217955354173e-15
-2.427811288289286561e-15
-2.720429669615623946e-15
-3.032502024247025070e-15
-3.364386298251836609e-15
-3.716397337824992044e-15
-4.088803803043974227e-15
-4.481825436218546075e-15
-4.895630729329079424e-15
-5.330335021276668688e-15
-5.785999041764953136e-15
-6.262627904733376990e-15
-6.760170541270923805e-15
-7.278519549888344501e-15
-7.817511431721671606e-15
-8.376927169567916369e-15
-8.956493103252453744e-15
-9.555882049421016137e-15
-1.017471461188107904e-14
-1.081256062864472258e-14
-1.146894070410643795e-14
-1.214332777873901497e-14
-1.283514869441460423e-14
-1.354378572027718039e-14
-1.426857801200660101e-14
-1.500882298561737226e-14
-1.576377759557383910e-14
-1.653265951531669138e-14
-1.731464822622743223e-14
-1.810888602805500173e-14
-1.891447898987856100e-14
-1.973049786538128115e-14
-2.055597899961934086e-14
-2.138992525635900473e-14
-2.223130699556537275e-14
-2.307906312970203243e-14
-2.393210228533865611e-14
-2.478930409328633613e-14
-2.564952062629193349e-14
-2.651157799848542053e-14
-2.737427813546957567e-14
-2.823640071852180022e-14
-2.909670530095230055e-14
-2.995393358963651314e-14
-3.080681188009386479e-14
-3.165405362966568097e-14
-3.249436215015064812e-14
-3.332643339914539231e-14
-3.414895884794845170e-14
-3.496062840364154973e-14
-3.576013336334984906e-14
-3.654616938012190554e-14
-3.731743942168369670e-14
-3.807265670597778627e-14
-3.881054760005136112e-14
-3.952985447208540664e-14
-4.022933848917498414e-14
-4.090778235656923234e-14
-4.156399299642786960e-14
-4.219680416652875851e-14
-4.280507902073034828e-14
-4.338771261428419496e-14
-4.394363435721982274e-14
-4.447181041910927926e-14
-4.497124608743223679e-14
-4.544098808079248216e-14
-4.588012681622323858e-14
-4.628779862817334952e-14
-4.666318793429923399e-14
-4.700552934139138038e-14
-4.731410968239689475e-14
-4.758827003225849584e-14
-4.782740749848803717e-14
-4.803097683145093049e-14
-4.819849199321544834e-14
-4.832952761033276270e-14
-4.842372030596412237e-14
-4.848076990738928763e-14
-4.850044052477568621e-14
-4.848256149774252149e-14
-4.842702820610567639e-14
-4.833380274187780539e-14
-4.820291443946066975e-14
-4.803446026168166834e-14
-4.782860503921301508e-14
-4.758558156156502052e-14
-4.730569051800910011e-14
-4.698930028698378253e-14
-4.663684657321625093e-14
-4.624883189168552973e-14
-4.582582489834511766e-14
-4.536845956741768404e-14
-4.487743421587251412e-14
-4.435351037559747842e-14
-4.379751151457213854e-14
-4.321032160826838418e-14
-4.259288356328224487e-14
-4.194619749513673598e-14
-4.127131886295977109e-14
-4.056935646368310010e-14
-3.984147028915579504e-14
-3.908886924951539388e-14
-3.831280876688646113e-14
-3.751458824342345121e-14
-3.669554840842725981e-14
-3.585706854920069198e-14
-3.500056363099795662e-14
-3.412748131136409462e-14
-3.323929885479736350e-14
-3.233751995362846132e-14
-3.142367146159055048e-14
-3.049930004652593941e-14
-2.956596876919811235e-14
-2.862525359515587300e-14
-2.767873984706698342e-14
-2.672801860490706218e-14
-2.577468306181986070e-14
-2.482032484340888894e-14
-2.386653029861277238e-14
-2.291487677024382222e-14
-2.196692885359869744e-14
-2.102423465147841488e-14
-2.008832203421672682e-14
-1.916069491323575603e-14
-1.824282953683963226e-14
-1.733617081688198003e-14
-1.644212869505031024e-14
-1.556207455743383945e-14
-1.469733770608648741e-14
-1.384920189619572849e-14
-1.301890194745288631e-14
-1.220762043810999347e-14
-1.141648449011732932e-14
-1.064656265362064703e-14
-9.898861898932463467e-15
-9.174324723965024242e-15
-8.473826384888296251e-15
-7.798172257624375213e-15
-7.148095337514602588e-15
-6.524253884319456356e-15
-5.927229219376117538e-15
-5.357523681562163562e-15
-4.815558748297616795e-15
-4.301673327646179216e-15
-3.816122227098130753e-15
-3.359074804430730651e-15
-2.930613805523433480e-15
-2.530734393790573289e-15
-2.159343375338704020e-15
-1.816258623733846993e-15
-1.501208707657813427e-15
-1.213832724502008230e-15
-9.536803423134977858e-16
-7.202120522525582439e-16
-5.127996330773470203e-16
-3.307268288912520838e-16
-1.731902407205527405e-16
-3.930043222125718357e-17
7.191675089079323335e-17
1.615186483610692207e-16
2.306440412468369131e-16
2.805111977701671381e-16
3.124157115302596880e-16
3.277281347436381949e-16
3.278914098535996747e-16
3.144181031722725742e-16
2.888874448638841344e-16
2.529421799137231960e-16
2.082852353471872477e-16
1.566762092960956730e-16
9.992768810445687956e-17
3.990139799672267466e-17
-2.149580161531434137e-17
-8.231607577504889117e-17
-1.405749146546916073e-16
-1.942555690185519764e-16
-2.413136117621272781e-16
-2.796816165152594548e-16
-3.072739438678387023e-16
-3.219916254952477493e-16
-3.217273360900376355e-16
-3.043704427392286495e-16
-2.678121210778133284e-16
-2.099505273037615742e-16
-1.286960148958817284e-16
-2.197638464696183639e-17
1.122578435365144116e-16
2.760281488383297995e-16
4.713227295836909204e-16
7.000912371843142116e-16
9.642395360226561545e-16
1.265624501491040613e-15
1.606048868324889112e-15
1.987256141505929726e-15
2.410925581878672954e-15
2.878667278660126450e-15
3.392017320942909203e-15
3.952433080119867859e-15
4.561288615167582321e-15
5.219870212398872485e-15
5.929372071301256798e-15
6.690892147663517605e-15
7.505428165170915883e-15
8.373873806153387844e-15
9.297015092114262250e-15
1.027552696410777751e-14
1.130997007292803735e-14
1.240078778845268217e-14
1.354830343734187860e-14
1.475271777761036996e-14
1.601410671840623119e-14
1.733241929260107818e-14
1.870747588956085847e-14
2.013896675470201306e-14
2.162645076215447071e-14
2.316935446604899181e-14
2.476697143562908339e-14
2.641846187854632046e-14
2.812285255634358410e-14
2.987903699526567121e-14
3.168577599514557585e-14
3.354169843823296912e-14
3.544530239940463393e-14
3.739495655831196660e-14
3.938890191355135121e-14
4.142525379807378083e-14
4.350200419453716633e-14
4.561702434845340967e-14
4.776806767644177860e-14
4.995277296606966977e-14
5.216866786318435076e-14
5.441317264186115178e-14
5.668360425147513591e-14
5.897718063466819119e-14
6.129102530935490424e-14
6.362217220721871288e-14
6.596757076049843136e-14
6.832409122824706552e-14
7.068853025257047884e-14
7.305761663480512365e-14
7.542801732090833606e-14
7.779634358487755779e-14
8.015915739829756518e-14
8.251297797376551585e-14
8.485428846921758135e-14
8.717954283992135460e-14
8.948517282417095418e-14
9.176759504857532249e-14
9.402321823809808884e-14
9.624845051596758424e-14
9.843970677784994433e-14
1.005934161247703877e-13
1.027060293385205485e-13
1.047740263835357398e-13
1.067939239184630139e-13
1.087622828010268707e-13
1.106757155690567887e-13
1.125308938810350087e-13
1.143245558988159032e-13
1.160535135957915407e-13
1.177146599730756642e-13
1.193049761670595294e-13
1.208215384309833866e-13
1.222615249741114005e-13
1.236222226413890500e-13
1.249010334175437111e-13
1.260954807389205258e-13
1.272032155975336218e-13
1.282220224211885740e-13
1.291498247148505975e-13
1.299846904478090413e-13
1.307248371726685545e-13
1.313686368615775156e-13
1.319146204466952433e-13
1.323614820513495203e-13
1.327080828999849025e-13
1.329534548945138420e-13
1.330968038464391530e-13
1.331375123536328080e-13
1.330751423125311185e-13
1.329094370560429055e-13
1.326403231094187960e-13
1.322679115559129098e-13
1.317924990060763469e-13
1.312145681641518961e-13
1.305347879870912280e-13
1.297540134313765380e-13
1.288732847849518908e-13
1.278938265812252718e-13
1.268170460942702393e-13
1.256445314140713788e-13
1.243780491027802585e-13
1.230195414327513368e-13
1.215711232092265229e-13
1.200350781803634929e-13
1.184138550393969164e-13
1.167100630235649888e-13
1.149264671165274857e-13
1.130659828608155799e-13
1.111316707889544369e-13
1.091267304817339349e-13
1.070544942639554281e-13
1.049184205484634738e-13
1.027220868399343160e-13
1.004691824115512040e-13
9.816350066760064879e-14
9.580893120681597356e-14
9.340945160120919184e-14
9.096911890681129677e-14
8.849206092263190338e-14
8.598246721574967816e-14
8.344457993030553172e-14
8.088268439964332234e-14
7.830109958072177531e-14
7.570416833122110065e-14
7.309624754966135240e-14
7.048169819998896557e-14
6.786487524197390680e-14
6.525011748972787670e-14
6.264173742053717464e-14
6.004401095700524365e-14
5.746116724534143414e-14
5.489737845329027113e-14
5.235674961099551751e-14
4.984330851857282719e-14
4.736099574394513148e-14
4.491365473478245146e-14
4.250502206816013202e-14
4.013871786162141875e-14
3.781823636909429660e-14
3.554693678499508295e-14
3.332803427957731151e-14
3.116459128827774781e-14
2.905950907751837426e-14
2.701551960892051495e-14
2.503517772356322820e-14
2.312085366723471389e-14
2.127472597726740004e-14
1.949877475069464276e-14
1.779477531305632410e-14
1.616429230618166334e-14
1.460867421282784943e-14
1.312904833487707982e-14
1.172631624131585301e-14
1.040114970093777878e-14
9.153987114125262118e-15
7.985030456703294487e-15
6.894242748226295246e-15
5.881346055547676868e-15
4.945820041899590827e-15
4.086901070065972449e-15
3.303581867572601226e-15
2.594611760103771742e-15
1.958497478654497771e-15
1.393504544139522193e-15
8.976592324593620439e-16
4.687511211643303661e-16
1.043362181296269289e-16
-1.982593292309216934e-16
-4.419349464768080232e-16
-6.298107705110469042e-16
-7.652222187367244894e-16
-8.517139958453232890e-16
-8.930335458406405427e-16
-8.931239588183339742e-16
-8.561163428009920119e-16
-7.863216727631379855e-16
-6.882221298127484618e-16
-5.664619452321318700e-16
-4.258377649263072189e-16
-2.712885514736454006e-16
-1.078850418316551320e-16
5.918121972320763803e-17
2.246092530025890037e-16
3.830003958058725814e-16
5.288704176542017738e-16
6.566619694067306928e-16
7.607573440185892364e-16
8.354915225541174515e-16
8.751654788147545401e-16
8.740597149772854400e-16
8.264479998911195582e-16
7.266112809175875768e-16
5.688517394994285554e-16
3.475069600501219595e-16
5.696418113043991255e-17
-3.083254025411717475e-16
-7.538323192377662472e-16
-1.284934512747197781e-15
-1.906903080981690184e-15
-2.624888093366633409e-15
-3.443904520130815015e-15
-4.368818306399487534e-15
-5.404332624344841867e-15
-6.554974336190422764e-15
-7.825080701143553685e-15
-9.218786358677335779e-15
-1.074001062074120409e-14
-1.239244510463161669e-14
-1.417954173831561132e-14
-1.610450116894246675e-14
-1.817026160524169994e-14
-2.037948812324571268e-14
-2.273456246465430807e-14
-2.523757335567632259e-14
-2.789030737398198198e-14
-3.069424038973452771e-14
-3.365052960635450791e-14
-3.676000622484327289e-14
-4.002316875506680480e-14
-4.344017699547387774e-14
-4.701084670195944418e-14
-5.073464496506048460e-14
-5.461068631302676916e-14
-5.863772955739792185e-14
-6.281417539552065715e-14
-6.713806478360465546e-14
-7.160707809158620161e-14
-7.621853505014004440e-14
-8.096939549779075348e-14
-8.585626093503886714e-14
-9.087537689000526732e-14
-9.602263609894563315e-14
-1.012935825025793088e-13
-1.066834160579310386e-13
-1.121869983629824784e-13
-1.177988590901033367e-13
-1.235132032218742164e-13
-1.293239190815033222e-13
-1.352245871477425825e-13
-1.412084896427328405e-13
-1.472686208790072933e-13
-1.533976983503245004e-13
-1.595881745489491619e-13
-1.658322494903462744e-13
-1.721218839243892769e-13
-1.784488132104408188e-13
-1.848045618320089822e-13
-1.911804585248583217e-13
-1.975676519910380140e-13
-2.039571271694084119e-13
-2.103397220320443402e-13
-2.167061448740179023e-13
-2.230469920630909799e-13
-2.293527662139301882e-13
-2.356138947508044991e-13
-2.418207488207641721e-13
-2.479636625189280972e-13
-2.540329523855821370e-13
-2.600189371346960382e-13
-2.659119575715542572e-13
-2.717023966574450504e-13
-2.773806996774137234e-13
-2.829373944677331307e-13
-2.883631116577753678e-13
-2.936486048819792983e-13
-2.987847709156905054e-13
-3.037626696900159805e-13
-3.085735441389056927e-13
-3.132088398334813252e-13
-3.176602243566905811e-13
-3.219196063735465537e-13
-3.259791543503758944e-13
-3.298313148789304154e-13
-3.334688305595604344e-13
-3.368847574004093064e-13
-3.400724816879058544e-13
-3.430257362870877271e-13
-3.457386163285587705e-13
-3.482055942425544686e-13
-3.504215340989121253e-13
-3.523817052156893882e-13
-3.540817949977041275e-13
-3.555179209703959038e-13
-3.566866419730493349e-13
-3.575849684799293848e-13
-3.582103720164945429e-13
-3.585607936426614942e-13
-3.586346514738295270e-13
-3.584308472154026466e-13
-3.579487716853446132e-13
-3.571883093045828669e-13
-3.561498415339609880e-13
-3.548342492418491276e-13
-3.532429139855739532e-13
-3.513777181953070489e-13
-3.492410442482644204e-13
-3.468357724265980478e-13
-3.441652777516666790e-13
-3.412334256930460960e-13
-3.380445667499089377e-13
-3.346035299082245191e-13
-3.309156149765125747e-13
-3.269865838086965223e-13
-3.228226504220095819e-13
-3.184304700236466582e-13
-3.138171269592945382e-13
-3.089901216023906725e-13
-3.039573562024332150e-13
-2.987271197162290810e-13
-2.933080716455530904e-13
-2.877092249100401702e-13
-2.819399277837716063e-13
-2.760098449292094890e-13
-2.699289375617407574e-13
-2.637074427830478589e-13
-2.573558521212677278e-13
-2.508848893204125142e-13
-2.443054874213922613e-13
-2.376287651811942890e-13
-2.308660028765571510e-13
-2.240286175424192145e-13
-2.171281376951880582e-13
-2.101761775944452334e-13
-2.031844110964096759e-13
-1.961645451557154907e-13
-1.891282930317217717e-13
-1.820873472583198002e-13
-1.750533524359855990e-13
-1.680378779067474773e-13
-1.610523903733152001e-13
-1.541082265238173892e-13
-1.472165657252138746e-13
-1.403884028477800483e-13
-1.336345212843888696e-13
-1.269654662275843609e-13
-1.203915182682889148e-13
-1.139226673791358043e-13
-1.075685873458138494e-13
-1.013386107088815022e-13
-9.524170427832922639e-14
-8.928644528226132976e-14
-8.348099821031588179e-14
-7.783309241145868420e-14
-7.235000050458426532e-14
-6.703851765923088210e-14
-6.190494180204806607e-14
-5.695505480348994426e-14
-5.219410469695917371e-14
-4.762678898150797582e-14
-4.325723905640907851e-14
-3.908900583471615569e-14
-3.512504657977305706e-14
-3.136771300726848678e-14
-2.781874069195592970e-14
-2.447923981663732715e-14
-2.134968729722994147e-14
-1.842992031610745604e-14
-1.571913129179435727e-14
-1.321586431137723849e-14
-1.091801304766102932e-14
-8.822820181204876983e-15
-6.926878342908417116e-15
-5.226132590777809664e-15
-3.715884429818246385e-15
-2.390797382045819443e-15
-1.244904108618070334e-15
-2.716150840941770169e-16
5.362711821101845998e-16
1.186556384202609691e-15
1.687629130519277089e-15
2.048450140256111937e-15
2.278535945737372037e-15
2.387941121613722367e-15
2.387239067325331883e-15
2.287501371431807338e-15
2.100275791151700092e-15
1.837562882653041479e-15
1.511791322365700195e-15
1.135791961648496542e-15
7.227706616698929969e-16
2.862799574773317834e-16
-1.598103956519728852e-16
-6.013439382621134979e-16
-1.023909026159219154e-15
-1.412871292059425902e-15
-1.753406984843915171e-15
-2.030537119824364244e-15
-2.229162370377092952e-15
-2.334098629331213638e-15
-2.330113166031285487e-15
-2.201961303005839850e-15
-1.934423534222095721e-15
-1.512343005109568134e-15
-9.206632729672997609e-16
-1.444662648273548481e-16
8.309896512286811163e-16
2.020231566738743514e-15
3.437533991370011717e-15
5.096880956486783432e-15
7.011928350783466508e-15
9.195966576166229127e-15
1.166188361132360548e-14
1.442212857132219732e-14
1.748867585033856962e-14
2.087298993519736590e-14
2.458599097569060275e-14
2.863802119791861382e-14
3.303881224462913965e-14
3.779745352661340420e-14
4.292236166628983656e-14
4.842125111454583372e-14
5.430110601837552009e-14
6.056815341654772584e-14
6.722783783651553733e-14
7.428479736515552247e-14
8.174284126149638415e-14
8.960492917861256772e-14
9.787315205708170144e-14
1.065487147510655969e-13
1.156319204429252193e-13
1.251221569006980480e-13
1.350178846272022945e-13
1.453166269477073203e-13
1.560149620772666274e-13
1.671085172066522393e-13
1.785919646397810365e-13
1.904590200131172579e-13
2.027024426212386022e-13
2.153140378701231128e-13
2.282846618733253913e-13
2.416042282032632995e-13
2.552617168034170766e-13
2.692451850640790992e-13
2.835417810578694705e-13
2.981377589278007345e-13
3.130184964143760685e-13
3.281685145045195958e-13
3.435714991792976664e-13
3.592103252326547224e-13
3.750670821288668978e-13
3.911231018608491398e-13
4.073589887671754834e-13
4.237546512604254402e-13
4.402893354149466268e-13
4.569416603573629250e-13
4.736896553984824631e-13
4.905107988409326087e-13
5.073820583921005997e-13
5.242799331082012919e-13
5.411804967903709075e-13
5.580594427506028770e-13
5.748921298603508138e-13
5.916536297921657452e-13
6.083187753597398352e-13
6.248622098599647125e-13
6.412584373156266140e-13
6.574818735163547507e-13
6.735068977504209849e-13
6.893079051199117654e-13
7.048593593266632701e-13
7.201358458172092932e-13
7.351121251699402782e-13
7.497631866093657390e-13
7.640643015273694485e-13
7.779910768940910454e-13
7.915195084359675074e-13
8.046260334623645301e-13
8.172875832170370732e-13
8.294816346356458530e-13
8.411862613854914935e-13
8.523801840694310347e-13
8.630428194712260033e-13
8.731543287262073746e-13
8.826956642965783165e-13
8.916486156383252121e-13
8.999958534422859966e-13
9.077209723404800864e-13
9.148085319646246531e-13
9.212440962531108961e-13
9.270142708988697736e-13
9.321067388406968899e-13
9.365102936968564557e-13
9.402148710510374094e-13
9.432115774968191094e-13
9.454927173591347734e-13
9.470518170073710994e-13
9.478836466877390936e-13
9.479842397991176025e-13
9.473509095498976239e-13
9.459822629304270138e-13
9.438782119494402074e-13
9.410399820799822286e-13
9.374701178749098688e-13
9.331724857091664676e-13
9.281522736210110973e-13
9.224159882217586321e-13
9.159714486589140576e-13
9.088277776150430570e-13
9.009953893402725527e-13
8.924859747140485147e-13
8.833124833473765410e-13
8.734891027346457083e-13
8.630312344797283304e-13
8.519554676192314266e-13
8.402795490810353306e-13
8.280223513147573206e-13
8.152038371457333402e-13
8.018450219028170937e-13
7.879679328848053922e-13
7.735955662292679788e-13
7.587518412615324707e-13
7.434615524006666875e-13
7.277503187127656503e-13
7.116445312009504469e-13
6.951712979344164131e-13
6.783583871178933748e-13
6.612341682151978294e-13
6.438275512395057055e-13
6.261679243345414370e-13
6.082850897697944229e-13
5.902091984835345985e-13
5.719706833062941865e-13
5.536001910071383516e-13
5.351285133039521172e-13
5.165865169874059811e-13
4.980050733074015633e-13
4.794149867776768744e-13
4.608469235536586868e-13
4.423313395442873289e-13
4.238984084175053031e-13
4.055779496639691373e-13
3.873993568821047035e-13
3.693915264511422004e-13
3.515827867574873068e-13
3.340008281416770638e-13
3.166726337318025601e-13
2.996244113301029826e-13
2.828815265174299910e-13
2.664684371401425378e-13
2.504086293416678795e-13
2.347245552994430447e-13
2.194375728254524946e-13
2.045678869857894861e-13
1.901344938919626640e-13
1.761551268124438681e-13
1.626462047500669175e-13
1.496227836260322218e-13
1.370985102065362499e-13
1.250855789042132976e-13
1.135946915796281779e-13
1.026350204645215193e-13
9.221417432012109187e-14
8.233816794047531489e-14
7.301139510110212151e-14
6.423660504952134135e-14
5.601488262405220245e-14
4.834563208298049425e-14
4.122656471534244358e-14
3.465369029998470005e-14
2.862131246809954019e-14
2.312202801956197187e-14
1.814673023133260428e-14
1.368461619123325011e-14
9.723198177754343586e-15
6.248319101370131384e-15
3.244172010061324125e-15
6.933236563191118332e-16
-1.423257890326046431e-15
-3.126171606383125386e-15
-4.437547887690074932e-15
-5.381008972867215574e-15
-5.981625470250821637e-15
-6.265869046943871172e-15
-6.261561351835921192e-15
-5.997819250001656846e-15
-5.504996458352099508e-15
-4.814621678365111629e-15
-3.959333333604238994e-15
-2.972811025385167347e-15
-1.889703831617201164e-15
-7.455555793409270633e-16
4.232727679959487827e-16
1.579683461485868258e-15
2.685924899543423060e-15
3.703676980527424528e-15
4.594138704302472995e-15
5.318117846805029041e-15
5.836122523804732352e-15
6.108454455184972181e-15
6.095303734372114427e-15
5.756844903006500161e-15
5.053334125541953419e-15
3.945207254132691382e-15
2.393178570314494615e-15
3.583399857734100031e-16
-2.197739517748672801e-15
-5.312914433229216094e-15
-9.024363482437664545e-15
-1.336849080731409849e-14
-1.838082782602583288e-14
-2.409593598382736296e-14
-3.054731062684781877e-14
-3.776728622910478555e-14
-4.578694319946704664e-14
-5.463601649694687058e-14
-6.434280627762128763e-14
-7.493409079747554200e-14
-8.643504178901892852e-14
-9.886914252968172995e-14
-1.122581088123370328e-13
-1.266218130276654304e-13
-1.419782115589810487e-13
-1.583432756890029105e-13
-1.757309262074602670e-13
-1.941529719066509269e-13
-2.136190521403448392e-13
-2.341365836187422462e-13
-2.557107115994777246e-13
-2.783442656313030032e-13
-3.020377199931557670e-13
-3.267891589674048684e-13
-3.525942470712302160e-13
-3.794462043653407113e-13
-4.073357869437794524e-13
-4.362512727030449125e-13
-4.661784524726502041e-13
-4.971006265831355718e-13
-5.289986069308632178e-13
-5.618507245922243822e-13
-5.956328430229207455e-13
-6.303183768705407737e-13
-6.658783164117002827e-13
-7.022812576168285495e-13
-7.394934378288893921e-13
-7.774787770334819043e-13
-8.161989246812715995e-13
-8.556133120142748592e-13
-8.956792098315050709e-13
-9.363517916194410029e-13
-9.775842019575650883e-13
-1.019327630098550557e-12
-1.061531388608334794e-12
-1.104142996940243257e-12
-1.147108269803990423e-12
-1.190371410178845689e-12
-1.233875106808331759e-12
-1.277560636001700882e-12
-1.321367967556917267e-12
-1.365235874607813990e-12
-1.409102047188695316e-12
-1.452903209297674096e-12
-1.496575239231246156e-12
-1.540053292954222533e-12
-1.583271930255858031e-12
-1.626165243440280241e-12
-1.668666988285373736e-12
-1.710710717002309233e-12
-1.752229912914910692e-12
-1.793158126577975794e-12
-1.833429113040911585e-12
-1.872976969965124310e-12
-1.911736276290706254e-12
-1.949642231153029670e-12
-1.986630792736461251e-12
-2.022638816760311021e-12
-2.057604194278854607e-12
-2.091465988487554575e-12
-2.124164570214663548e-12
-2.155641751790342460e-12
-2.185840918972481524e-12
-2.214707160624090422e-12
-2.242187395824542391e-12
-2.268230498114982819e-12
-2.292787416566242670e-12
-2.315811293377948200e-12
-2.337257577705908412e-12
-2.357084135437810313e-12
-2.375251354626117409e-12
-2.391722246311993345e-12
-2.406462540463847182e-12
-2.419440776781163491e-12
-2.430628390104299391e-12
-2.439999790200417525e-12
-2.447532435686148787e-12
-2.453206901878950892e-12
-2.457006942360294870e-12
-2.458919544066826862e-12
-2.458934975717309327e-12
-2.457046829418029915e-12
-2.453252055281321064e-12
-2.447550988928392053e-12
-2.439947371739656325e-12
-2.430448363754322335e-12
-2.419064549112899881e-12
-2.405809933975712777e-12
-2.390701936843805263e-12
-2.373761371247602750e-12
-2.355012420763507115e-12
-2.334482606357485875e-12
-2.312202746049995435e-12
-2.288206906936195626e-12
-2.262532349590478749e-12
-2.235219464924226394e-12
-2.206311703561220027e-12
-2.175855497834742673e-12
-2.143900176505858357e-12
-2.110497872341808986e-12
-2.075703422689325978e-12
-2.039574263215611799e-12
-2.002170314986375996e-12
-1.963553865087345283e-12
-1.923789440991726369e-12
-1.882943678912184789e-12
-1.841085186372604759e-12
-1.798284399268147513e-12
-1.754613433680030755e-12
-1.710145932742256859e-12
-1.664956908855261922e-12
-1.619122581570818191e-12
-1.572720211469593580e-12
-1.525827930379815678e-12
-1.478524568282904332e-12
-1.430889477276155148e-12
-1.383002352959430298e-12
-1.334943053635027338e-12
-1.286791417706036901e-12
-1.238627079677768435e-12
-1.190529285163099426e-12
-1.142576705308356535e-12
-1.094847251052584454e-12
-1.047417887645480982e-12
-1.000364449845061089e-12
-9.537614582256265829e-13
-9.076819370214511087e-13
-8.621972339382011994e-13
-8.173768423582854743e-13
-7.732882263693385503e-13
-7.299966490392829362e-13
-6.875650043604361601e-13
-6.460536532788565504e-13
-6.055202642215365090e-13
-5.660196585262031857e-13
-5.276036611718016717e-13
-4.903209572001110633e-13
-4.542169542078727880e-13
-4.193336512811670375e-13
-3.857095147295846129e-13
-3.533793609693211489e-13
-3.223742468870359692e-13
-2.927213680075472101e-13
-2.644439647680544656e-13
-2.375612371922681700e-13
-2.120882682350108441e-13
-1.880359560573359207e-13
-1.654109554678167412e-13
-1.442156287537614114e-13
-1.244480060999886199e-13
-1.061017557803261149e-13
-8.916616427850640523e-14
-7.362612648270099759e-14
-5.946214606827014162e-14
-4.665034616692193528e-14
-3.516249039721873351e-14
-2.496601430413183688e-14
-1.602406724030226052e-14
-8.295564688711323322e-15
-1.735251012486299813e-15
3.706227415614760041e-15
8.082238766338933996e-15
1.145007208510553373e-14
1.387083351140400357e-14
1.540933253001008737e-14
1.613395841231646349e-14
1.611654703875853655e-14
1.543223830810907792e-14
1.415932437180263069e-14
1.237908894514869313e-14
1.017563797909715677e-14
7.635721990030255766e-15
4.848550374418102472e-15
1.905598049486234612e-15
-1.099595211759708703e-15
-4.071632368931786709e-15
-6.913473218842112444e-15
-9.526654595375027885e-15
-1.181151622159256716e-14
-1.366743175788241825e-14
-1.499304457024658247e-14
-1.568650773069715719e-14
-1.564572774506183401e-14
-1.476861149189202816e-14
-1.295331584308908344e-14
-1.009849942567902348e-14
-6.103575975121835235e-15
-8.689687200891085754e-16
5.703634767223990468e-15
1.371102782967871930e-14
2.324823066991557629e-14
3.440823756541793814e-14
4.728176593739464081e-14
6.195700786226967366e-14
7.851938461008729049e-14
9.705130479838257544e-14
1.176319267412276094e-13
1.403369255761937015e-13
1.652382657390768793e-13
1.924039793581832052e-13
2.218979511227815073e-13
2.537797101805668223e-13
2.881042295988121144e-13
3.249217339218579845e-13
3.642775153338693491e-13
4.062117589323385146e-13
4.507593775905576008e-13
4.979498568822022994e-13
5.478071105105516796e-13
6.003493466780883912e-13
6.555889457989899230e-13
7.135323499480112476e-13
7.741799644038151665e-13
8.375260716336356453e-13
9.035587580288239657e-13
9.722598536876443300e-13
1.043604885502444356e-12
1.117563043793488451e-12
1.194097162690896068e-12
1.273163714449583442e-12
1.354712817840055890e-12
1.438688260740021188e-12
1.525027537008593735e-12
1.613661897705495996e-12
1.704516416674633372e-12
1.797510070489938392e-12
1.892555832718846164e-12
1.989560782435887104e-12
2.088426226877039680e-12
2.189047838100936831e-12
2.291315803482782954e-12
2.395114989840934393e-12
2.500325120957128627e-12
2.606820968224923627e-12
2.714472554123688923e-12
2.823145368187900172e-12
2.932700595107504717e-12
3.042995354566043040e-12
3.153882952392472069e-12
3.265213142572943774e-12
3.376832399641655537e-12
3.488584200939073013e-12
3.600309318203386535e-12
3.711846117929103781e-12
3.823030869909079982e-12
3.933698063343836288e-12
4.043680729889114833e-12
4.152810772979972837e-12
4.260919302762205656e-12
4.367836975928820801e-12
4.473394339757482788e-12
4.577422179611567600e-12
4.679751869171916432e-12
4.780215722632768584e-12
4.878647348105958045e-12
4.974882001444378363e-12
5.068756939712261582e-12
5.160111773497268621e-12
5.248788817282339476e-12
5.334633437063106288e-12
5.417494394426310304e-12
5.497224186274138800e-12
5.573679379407094891e-12
5.646720939174348998e-12
5.716214551390429759e-12
5.782030936759245915e-12
5.844046157015450165e-12
5.902141912046182811e-12
5.956205827227603989e-12
6.006131730269209328e-12
6.051819916830986326e-12
6.093177404243592252e-12
6.130118172634566666e-12
6.162563392834425452e-12
6.190441640411243749e-12
6.213689095257119879e-12
6.232249726127337788e-12
6.246075459612178574e-12
6.255126332999988158e-12
6.259370630574151006e-12
6.258785002866252891e-12
6.253354568476003509e-12
6.243072998049524361e-12
6.227942580099454263e-12
6.207974268332172102e-12
6.183187710243314290e-12
6.153611256724937166e-12
6.119281952526183406e-12
6.080245507393435932e-12
6.036556247815217421e-12
5.988277049282867447e-12
5.935479249078841936e-12
5.878242539590756001e-12
5.816654842250684681e-12
5.750812162187124028e-12
5.680818423777372853e-12
5.606785287277262928e-12
5.528831946805303564e-12
5.447084909947100767e-12
5.361677759344903883e-12
5.272750896627836512e-12
5.180451269132469988e-12
5.084932079857591297e-12
4.986352481186391579e-12
4.884877252903520787e-12
4.780676465122779857e-12
4.673925126732250367e-12
4.564802820049819324e-12
4.453493322374439213e-12
4.340184215195723252e-12
4.225066481820705022e-12
4.108334094247039284e-12
3.990183590106978768e-12
3.870813640572553724e-12
3.750424610105848425e-12
3.629218108998582716e-12
3.507396539637722075e-12
3.385162637487513526e-12
3.262719007769616904e-12
3.140267658870545710e-12
3.018009533494365077e-12
2.896144038619512749e-12
2.774868575307202131e-12
2.654378069438993529e-12
2.534864504451874887e-12
2.416516457159145467e-12
2.299518637735057327e-12
2.184051434953657962e-12
2.070290467759840295e-12
1.958406144254599084e-12
1.848563229163360971e-12
1.740920420851063653e-12
1.635629938933045107e-12
1.532837123517932172e-12
1.432680047101559476e-12
1.335289140110449904e-12
1.240786831074650024e-12
1.149287202380389566e-12
1.060895662533656894e-12
9.757086358282406288e-13
8.938132702899026059e-13
8.152871647253316603e-13
7.401981156792660967e-13
6.686038850530999058e-13
6.005519891131996364e-13
5.360795095586538802e-13
4.752129272919559428e-13
4.179679794728037475e-13
3.643495404058084416e-13
3.143515267449602621e-13
2.679568274676251560e-13
2.251372589967939510e-13
1.858535458198047731e-13
1.500553268736089160e-13
1.176811879350800520e-13
8.865872017251321567e-14
6.290460498344148116e-14
4.032472515836431909e-14
2.081430237704386384e-14
4.258060958942491169e-15
-9.469582246121244223e-15
-2.050430202538168121e-14
-2.899162326416775977e-14
-3.508665401943709880e-14
-3.895379356249955864e-14
-4.076641583066490507e-14
-4.070652876390514965e-14
-3.896441008508247305e-14
-3.573822011871021827e-14
-3.123359231962606093e-14
-2.566320222783319529e-14
-1.924631562324279017e-14
-1.220831671585049949e-14
-4.780217246701225778e-15
2.801852557979088534e-15
1.029717020356197126e-14
1.746096327442190995e-14
2.404496684103823531e-14
2.979799479747243087e-14
3.446652397042745206e-14
3.779528979049504306e-14
3.952789228750428612e-14
3.940741113011745519e-14
3.717702840253422280e-14
3.258065777769368939e-14
2.536357872105538672e-14
1.527307433563664892e-14
2.059071434592745713e-15
-1.452521858596309271e-14
-3.472265952214588799e-14
-5.877155223921248632e-14
-8.690500012061902533e-14
-1.193502795558569129e-13
-1.563282169479486734e-13
-1.980525737062306756e-13
-2.447294407023375386e-13
-2.965566436416862744e-13
-3.537231608108339180e-13
-4.164085546273259562e-13
-4.847824184204235195e-13
-5.590038398301685277e-13
-6.392208822092384831e-13
-7.255700853603544239e-13
-8.181759869374364641e-13
-9.171506657761731793e-13
-1.022593308411709180e-12
-1.134589799969731370e-12
-1.253212340605595089e-12
-1.378519088586184822e-12
-1.510553831093384227e-12
-1.649345683741499071e-12
-1.794908819779386082e-12
-1.947242229856788304e-12
-2.106329513207025857e-12
-2.272138701001719868e-12
-2.444622112601966313e-12
-2.623716245328703789e-12
-2.809341698339388063e-12
-3.001403131093240898e-12
-3.199789256847002072e-12
-3.404372871515726243e-12
-3.615010918188686351e-12
-3.831544587481897217e-12
-4.053799453859699902e-12
-4.281585647949269464e-12
-4.514698064818788227e-12
-4.752916608083047350e-12
-4.996006469642066646e-12
-5.243718444754482320e-12
-5.495789282085833839e-12
-5.751942068270574930e-12
-6.011886646462414918e-12
-6.275320068250837498e-12
-6.541927078254049469e-12
-6.811380630607830533e-12
-7.083342436499987693e-12
-7.357463541815222790e-12
-7.633384933884105924e-12
-7.910738176252623302e-12
-8.189146070315506810e-12
-8.468223342589201200e-12
-8.747577356324548098e-12
-9.026808846102749578e-12
-9.305512673981089511e-12
-9.583278605709793443e-12
-9.859692105462371556e-12
-1.013433514749103179e-11
-1.040678704303651677e-11
-1.067662528080642179e-11
-1.094342637925231367e-11
-1.120676674887432559e-11
-1.146622356269970194e-11
-1.172137563309304240e-11
-1.197180429297568200e-11
-1.221709427955659351e-11
-1.245683461859918816e-11
-1.269061950728845076e-11
-1.291804919368396289e-11
-1.313873085080483723e-11
-1.335227944331052113e-11
-1.355831858481989152e-11
-1.375648138383201253e-11
-1.394641127630412745e-11
-1.412776284286703579e-11
-1.430020260876600038e-11
-1.446340982454170717e-11
-1.461707722558993060e-11
-1.476091176866810343e-11
-1.489463534355516299e-11
-1.501798545800538178e-11
-1.513071589428681540e-11
-1.523259733553684112e-11
-1.532341796032764618e-11
-1.540298400377939807e-11
-1.547112028373780020e-11
-1.552767069047368381e-11
-1.557249863855881638e-11
-1.560548747951946459e-11
-1.562654087404806645e-11
-1.563558312259171463e-11
-1.563255945317440038e-11
-1.561743626551006785e-11
-1.559020133041249509e-11
-1.555086394374269219e-11
-1.549945503408926356e-11
-1.543602722361608526e-11
-1.536065484146875719e-11
-1.527343388937679496e-11
-1.517448195904973889e-11
-1.506393810121330861e-11
-1.494196264609607848e-11
-1.480873697542998573e-11
-1.466446324599103418e-11
-1.450936406496323664e-11
-1.434368211737532471e-11
-1.416767974611138146e-11
-1.398163848496905605e-11
-1.378585854548739246e-11
-1.358065825823949944e-11
-1.336637346953041614e-11
-1.314335689441648086e-11
-1.291197742719752223e-11
-1.267261941051620222e-11
-1.242568186442287573e-11
-1.217157767674717710e-11
-1.191073275633561587e-11
-1.164358515069586377e-11
-1.137058412979564641e-11
-1.109218923774632835e-11
-1.080886931429609242e-11
-1.052110148803972013e-11
-1.022937014343127934e-11
-9.934165863671108722e-12
-9.635984351699365414e-12
-9.335325331513052621e-12
-9.032691432170215181e-12
-8.728587056825760707e-12
-8.423517239272517249e-12
-8.117986490443030887e-12
-7.812497637436187066e-12
-7.507550657611063123e-12
-7.203641510383305249e-12
-6.901260969333034269e-12
-6.600893457305407674e-12
-6.303015887158474558e-12
-6.008096510862659614e-12
-5.716593779626458867e-12
-5.428955217753635697e-12
-5.145616312901986687e-12
-4.866999425425404118e-12
-4.593512719441170832e-12
-4.325549118253368493e-12
-4.063485286724124973e-12
-3.807680643149354547e-12
-3.558476403151145696e-12
-3.316194658048638297e-12
-3.081137490115127164e-12
-2.853586127062628117e-12
-2.633800138035942379e-12
-2.422016673310601044e-12
-2.218449749831049128e-12
-2.023289584612356223e-12
-1.836701977972040926e-12
-1.658827748427449709e-12
-1.489782221031197530e-12
-1.329654770772511750e-12
-1.178508422603873137e-12
-1.036379509495350429e-12
-9.032773898432939975e-13
-7.791842253939464160e-13
-6.640548207606560843e-13
-5.578165254375961675e-13
-4.603691991271340456e-13
-3.715852410110094208e-13
-2.913096835117984256e-13
-2.193603508906881679e-13
-1.555280829434321782e-13
-9.957702385525482451e-14
-5.124497617957231256e-14
-1.024381970878557006e-14
2.374000509407883596e-14
5.104494963543611283e-14
7.203374633214340070e-14
8.709273518496173407e-14
9.663112871184290003e-14
1.010802163719500710e-13
1.008925097021744027e-13
9.654082958879087995e-14
8.851733718693585528e-14
7.733251019575472254e-14
6.351406628301534718e-14
4.760583564024869678e-14
3.016658473541472896e-14
1.176879350291184598e-14
-7.002611702836208275e-15
-2.555156690742671299e-14
-4.327221850095065586e-14
-5.955030769797049512e-14
-7.376458868132300815e-14
-8.528827751496014081e-14
-9.349052883184754581e-14
-9.773793719970800873e-14
-9.739605999258720307e-14
-9.183095851159424789e-14
-8.041075403132306468e-14
-6.250719538322888989e-14
-3.749723462676584588e-14
-4.764607315360474348e-15
3.629858618306618827e-14
8.629030188809819997e-14
1.457969795246159933e-13
2.153919795876598815e-13
2.956340337726366472e-13
3.870657124212884782e-13
4.902119125950559788e-13
6.055783704126427227e-13
7.336502012252902856e-13
8.748904712174963159e-13
1.029738803935908851e-12
1.198610025254321378e-12
1.381892850170192927e-12
1.579948614828910207e-12
1.793110057032503623e-12
2.021680148481775831e-12
2.265930981840906830e-12
2.526102715691942825e-12
2.802402580269846237e-12
3.095003946833557762e-12
3.404045463335307446e-12
3.729630259002480726e-12
4.071825220235865074e-12
4.430660340171309326e-12
4.806128144023046523e-12
5.198183192261369334e-12
5.606741663435211439e-12
6.031681018372167065e-12
6.472839747236796671e-12
6.930017200839276502e-12
7.402973507326122914e-12
7.891429575284375836e-12
8.395067184026616187e-12
8.913529161711323078e-12
9.446419651687750414e-12
9.993304467331117662e-12
1.055371153536732073e-11
1.112713142755566708e-11
1.171301798033251731e-11
1.231078900187991226e-11
1.291982706582247171e-11
1.353948039060932043e-11
1.416906380338692533e-11
1.480785978701097081e-11
1.545511960860989465e-11
1.611006452794556179e-11
1.677188708359678659e-11
1.743975245481796284e-11
1.811279989672126938e-11
1.879014424625456635e-11
1.947087749626197172e-11
2.015407043473213797e-11
2.083877434618042340e-11
2.152402277192318235e-11
2.220883332586659558e-11
2.289220956224855648e-11
2.357314289165813951e-11
2.425061454147348485e-11
2.492359755677537858e-11
2.559105883760940104e-11
2.625196120841795965e-11
2.690526551527637917e-11
2.754993274655656938e-11
2.818492617244677553e-11
2.880921349878760221e-11
2.942176903048786151e-11
3.002157583985428105e-11
3.060762793497290116e-11
3.117893242338857714e-11
3.173451166614092554e-11
3.227340541735400053e-11
3.279467294440035090e-11
3.329739512383322164e-11
3.378067650811238464e-11
3.424364735836087333e-11
3.468546563822052474e-11
3.510531896413830301e-11
3.550242650723756723e-11
3.587604084224095898e-11
3.622544973873613211e-11
3.654997789042469549e-11
3.684898857783070502e-11
3.712188526032484048e-11
3.736811309316737401e-11
3.758716036568739647e-11
3.777855985656789004e-11
3.794189010265584032e-11
3.807677657757560504e-11
3.818289277690504004e-11
3.825996120653721077e-11
3.830775427136484318e-11
3.832609506129414113e-11
3.831485803213008064e-11
3.827396957876114712e-11
3.820340849862143346e-11
3.810320634330375391e-11
3.797344765677209271e-11
3.781427009851289995e-11
3.762586445056957759e-11
3.740847450729094260e-11
3.716239684724390191e-11
3.688798048664221772e-11
3.658562641425784910e-11
3.625578700769810834e-11
3.589896533154532811e-11
3.551571431779207497e-11
3.510663582955216995e-11
3.467237960916766081e-11
3.421364211202307304e-11
3.373116522789649491e-11
3.322573489163016775e-11
3.269817958549269649e-11
3.214936873554387420e-11
3.158021100490280426e-11
3.099165248675001592e-11
3.038467480046388026e-11
2.976029309423386650e-11
2.911955395802481649e-11
2.846353325072560890e-11
2.779333384580993163e-11
2.711008329979550243e-11
2.641493144826085038e-11
2.570904793412635136e-11
2.499361967335209678e-11
2.426984826314663858e-11
2.353894733819168825e-11
2.280213988032622237e-11
2.206065548750257691e-11
2.131572760776298616e-11
2.056859074431273478e-11
1.982047763769528634e-11
1.907261643135767376e-11
1.832622782681814532e-11
1.758252223488384236e-11
1.684269692928695920e-11
1.610793320928881725e-11
1.537939357771788851e-11
1.465821894104289929e-11
1.394552583798267955e-11
1.324240370324637120e-11
1.254991217288742417e-11
1.186907843779042608e-11
1.120089465170375639e-11
1.054631540019891514e-11
9.906255236837339387e-12
9.281586292732325424e-12
8.673135965591066947e-12
8.081684694173697859e-12
7.507963823997460365e-12
6.952653569918002154e-12
6.416381081098567976e-12
5.899718613636124326e-12
5.403181815985639582e-12
4.927228132035026844e-12
4.472255326544272590e-12
4.038600137337035580e-12
3.626537058479488163e-12
3.236277258322069512e-12
2.867967636113272290e-12
2.521690020504357731e-12
2.197460513086627465e-12
1.895228979679963750e-12
1.614878691909299918e-12
1.356226121158183023e-12
1.119020886790184441e-12
9.029458600643107862e-13
7.076174249735023473e-13
5.325858967368695314e-13
3.773360984831793178e-13
2.412880961559982808e-13
1.237980914618546685e-13
2.415947217528671238e-14
-5.839598109921458814e-14
-1.246967331182637197e-13
-1.756299787712775074e-13
-2.121399765685613592e-13
-2.352262331973054859e-13
-2.459415419946377125e-13
-2.453898784148527480e-13
-2.347241560384607354e-13
-2.151438469027263069e-13
-1.878924703882608456e-13
-1.542549551181462936e-13
-1.155548787667220504e-13
-7.315159088404012919e-14
-2.843722425999308431e-14
1.716639945143039172e-14
6.221096373213859164e-14
1.052249445297821071e-13
1.447169842617449077e-13
1.791793456642628222e-13
2.070914383465187371e-13
2.269234107366942640e-13
2.371397998486383909e-13
2.362032311360263261e-13
2.225781604883585932e-13
1.947346502771961575e-13
1.511521712013524282e-13
9.032342154529773706e-14
1.075815536377124788e-14
-8.901298901387333922e-14
-2.104346688141319552e-13
-3.549230337363223087e-13
-5.238619486992971257e-13
-7.185992512409532366e-13
-9.404430523264175263e-13
-1.190658089380420845e-12
-1.470462140225557088e-12
-1.781022506663966992e-12
-2.123452576231252360e-12
-2.498808470689230896e-12
-2.908085789563364044e-12
-3.352216457040898365e-12
-3.832065680229667443e-12
-4.348429026757039182e-12
-4.902029629348805994e-12
-5.493515524904136354e-12
-6.123457135337878121e-12
-6.792344897122851478e-12
-7.500587046342019484e-12
-8.248507565592605122e-12
-9.036344298963952954e-12
-9.864247240797463544e-12
-1.073227700378918097e-11
-1.164040347144744743e-11
-1.258850463974574708e-11
-1.357636565222530381e-11
-1.460367803261238758e-11
-1.567003911839781113e-11
-1.677495169861068826e-11
-1.791782385838944054e-11
-1.909796903270217949e-11
-2.031460627093276210e-11
-2.156686071377249586e-11
-2.285376428321587429e-11
-2.417425658615659333e-11
-2.552718603144173498e-11
-2.691131115991513271e-11
-2.832530218635282825e-11
-2.976774275184435600e-11
-3.123713188455833661e-11
-3.273188616646674058e-11
-3.425034210300275453e-11
-3.579075869225083158e-11
-3.735132018969418758e-11
-3.893013906415310169e-11
-4.052525914000821360e-11
-4.213465892040037284e-11
-4.375625508560250703e-11
-4.538790616033658385e-11
-4.702741634337452995e-11
-4.867253949231856237e-11
-5.032098325608375606e-11
-5.197041334715317109e-11
-5.361845794536588353e-11
-5.526271222453840997e-11
-5.690074299297829103e-11
-5.853009343848831264e-11
-6.014828796828603832e-11
-6.175283713380296149e-11
-6.334124263024058370e-11
-6.491100236028182000e-11
-6.645961555137314744e-11
-6.798458791550177465e-11
-6.948343684050034809e-11
-7.095369660142854670e-11
-7.239292358076599829e-11
-7.379870148569335213e-11
-7.516864655099967971e-11
-7.650041271570899016e-11
-7.779169676187562764e-11
-7.904024340356053191e-11
-8.024385031445816249e-11
-8.140037308220368430e-11
-8.250773007795466684e-11
-8.356390722941138927e-11
-8.456696268609685783e-11
-8.551503136529947622e-11
-8.640632936783454822e-11
-8.723915825237928590e-11
-8.801190915797279352e-11
-8.872306676388971923e-11
-8.937121307702887429e-11
-8.995503103657796508e-11
-9.047330792674036978e-11
-9.092493858794962850e-11
-9.130892841808482528e-11
-9.162439615488294634e-11
-9.187057643188664782e-11
-9.204682209996587129e-11
-9.215260630767437023e-11
-9.218752433340884531e-11
-9.215129516363053353e-11
-9.204376281111932406e-11
-9.186489736859555468e-11
-9.161479579275443113e-11
-9.129368241517957383e-11
-9.090190917631900277e-11
-9.043995558017564744e-11
-8.990842836709630651e-11
-8.930806090352050810e-11
-8.863971228732540457e-11
-8.790436616888515698e-11
-8.710312928774353103e-11
-8.623722972630548520e-11
-8.530801488173505249e-11
-8.431694915875860597e-11
-8.326561138586418799e-11
-8.215569195887993251e-11
-8.098898971573414296e-11
-7.976740854764527979e-11
-7.849295375184287361e-11
-7.716772813231932353e-11
-7.579392785497083355e-11
-7.437383806484899843e-11
-7.290982827311030140e-11
-7.140434752255068767e-11
-6.985991934048852023e-11
-6.827913648900344620e-11
-6.666465552239554817e-11
-6.501919116292952324e-11
-6.334551050578200161e-11
-6.164642706511162589e-11
-5.992479467340756851e-11
-5.818350124653553791e-11
-5.642546242777066040e-11
-5.465361512394300407e-11
-5.287091094770845593e-11
-5.108030957978109892e-11
-4.928477206575635300e-11
-4.748725406195994472e-11
-4.569069904541676735e-11
-4.389803150287344709e-11
-4.211215011431499472e-11
-4.033592094625195315e-11
-3.857217067045341711e-11
-3.682367982361282696e-11
-3.509317612370234335e-11
-3.338332785858578464e-11
-3.169673736259431252e-11
-3.003593459655997501e-11
-2.840337084682923825e-11
-2.680141255853255548e-11
-2.523233531830034719e-11
-2.369831800134890660e-11
-2.220143709764106255e-11
-2.074366123156094175e-11
-1.932684588918107318e-11
-1.795272836691770452e-11
-1.662292295491630163e-11
-1.533891636816801256e-11
-1.410206343782047206e-11
-1.291358307477510396e-11
-1.177455451702294314e-11
-1.068591387176283662e-11
-9.648450962633708313e-12
-8.662806491945786319e-12
-7.729469526987692706e-12
-6.848775319040723439e-12
-6.020903462817193777e-12
-5.245876403596327455e-12
-4.523558298317784428e-12
-3.853654236466755959e-12
-3.235709825477528432e-12
-2.669111144944358107e-12
-2.153085072795078236e-12
-1.686699986092536300e-12
-1.268866837984382322e-12
-8.983406118067809819e-13
-5.737221521689831130e-13
-2.934603723360871102e-13
-5.585483601361803340e-14
1.409412888587008423e-13
2.989179079390593976e-13
4.202043140563728688e-13
5.070651418828249568e-13
5.618959695492623118e-13
5.872185742554549339e-13
5.856758494357067282e-13
5.600263921846685575e-13
5.131387701781378982e-13
4.479854784061174194e-13
3.676365965581584639e-13
2.752531589517678896e-13
1.740802493510371966e-13
6.743983406200577275e-14
-4.127665290039039954e-14
-1.486159578170475909e-13
-2.510708732803631575e-13
-3.450883062104141555e-13
-4.270775314611734674e-13
-4.934186138701341498e-13
-5.404709812139300778e-13
-5.645821299349583414e-13
-5.620964451129298694e-13
-5.293641156888235991e-13
-4.627501255927931433e-13
-3.586433010798995481e-13
-2.134653942628906174e-13
-2.368018260259740507e-14
2.141974361358238424e-13
5.035923740755619868e-13
8.478603293777595565e-13
1.250278829131099446e-12
1.714038359940396121e-12
2.242233606986765986e-12
2.837854822465542461e-12
3.503779343980911896e-12
4.242763283568706067e-12
5.057433407534228129e-12
5.950279227349610491e-12
6.923645321227026081e-12
7.979723905982465923e-12
9.120547678050727945e-12
1.034798294245397598e-11
1.166372304764456165e-11
1.306928214401680780e-11
1.456598928289901929e-11
1.615498287263872119e-11
1.783720550730300871e-11
1.961339918325434399e-11
2.148410091767453155e-11
2.344963878278671592e-11
2.551012836823896004e-11
2.766546968374176373e-11
2.991534451267741148e-11
3.225921422696442616e-11
3.469631807203941904e-11
3.722567193029747664e-11
3.984606756987897560e-11
4.255607238510531475e-11
4.535402963338969809e-11
4.823805917271539305e-11
5.120605870253421611e-11
5.425570550973410098e-11
5.738445872049001187e-11
6.058956205731933849e-11
6.386804709989262991e-11
6.721673704664636758e-11
7.063225097343336901e-11
7.411100858398673702e-11
7.764923544610472353e-11
8.124296870605743713e-11
8.488806327282611559e-11
8.858019846243100843e-11
9.231488509167853219e-11
9.608747300940559572e-11
9.989315905232759889e-11
1.037269954114506523e-10
1.075838983940161689e-10
1.114586575649124163e-10
1.153459452504742828e-10
1.192403263867030985e-10
1.231362686928832308e-10
1.270281531508643148e-10
1.309102847691913735e-10
1.347769036107086881e-10
1.386221960612040076e-10
1.424403063162432556e-10
1.462253480622959009e-10
1.499714163280408479e-10
1.536725994806607005e-10
1.573229913419417639e-10
1.609167033979088893e-10
1.644478770759643066e-10
1.679106960623799966e-10
1.712993986334793866e-10
1.746082899727384924e-10
1.778317544467184368e-10
1.809642678116711592e-10
1.840004093235678862e-10
1.869348737232425862e-10
1.897624830694713756e-10
1.924781983917929831e-10
1.950771311362175359e-10
1.975545543759774580e-10
1.999059137610562569e-10
2.021268381792712622e-10
2.042131501034407266e-10
2.061608755983113788e-10
2.079662539628584816e-10
2.096257469827034060e-10
2.111360477696365330e-10
2.124940891643182747e-10
2.136970516806968327e-10
2.147423709698369415e-10
2.156277447834504939e-10
2.163511394166496592e-10
2.169107956122222762e-10
2.173052339079520899e-10
2.175332594114940220e-10
2.175939659865591908e-10
2.174867398372738200e-10
2.172112624768830231e-10
2.167675130702130005e-10
2.161557701386112312e-10
2.153766126194646969e-10
2.144309202717465810e-10
2.133198734224563811e-10
2.120449520482579119e-10
2.106079341900817555e-10
2.090108936979070969e-10
2.072561973064671200e-10
2.053465010421021846e-10
2.032847459645014998e-10
2.010741532466188816e-10
1.987182185995360411e-10
1.962207060486142342e-10
1.935856410707558773e-10
1.908173031021554297e-10
1.879202174293612008e-10
1.848991464760502368e-10
1.817590805012708953e-10
1.785052277245066932e-10
1.751430038961587229e-10
1.716780213316721644e-10
1.681160774306226665e-10
1.644631427017151088e-10
1.607253483176356492e-10
1.569089732232741671e-10
1.530204308236616648e-10
1.490662552775949362e-10
1.450530874254937820e-10
1.409876603796855840e-10
1.368767848076821833e-10
1.327273339386246614e-10
1.285462283252294306e-10
1.243404203932009672e-10
1.201168788119068408e-10
1.158825727197977733e-10
1.116444558395955157e-10
1.074094505179410143e-10
1.031844317254698428e-10
9.897621105290939999e-11
9.479152073980729672e-11
9.063699777207154107e-11
8.651916808527390722e-11
8.244443091016502589e-11
7.841904329732130416e-11
7.444910485736231203e-11
7.054054275324212897e-11
6.669909698083166803e-11
6.293030597343393623e-11
5.923949256577530354e-11
5.563175035223663510e-11
5.211193047362914720e-11
4.868462886608461271e-11
4.535417400485773718e-11
4.212461517506623093e-11
3.899971130034034521e-11
3.598292035954245462e-11
3.307738942036836205e-11
3.028594531786936459e-11
2.761108600423608456e-11
2.505497259541334298e-11
2.261942213821951282e-11
2.030590112073982636e-11
1.811551974675684595e-11
1.604902699394816833e-11
1.410680647342966317e-11
1.228887310715385304e-11
1.059487063729257319e-11
9.024069980716024347e-12
7.575368439084204524e-12
6.247289774024488699e-12
5.037985154198895260e-12
3.945234979940328723e-12
2.966451588381438344e-12
2.098682840898028595e-12
1.338616591807006922e-12
6.825860361609760966e-13
1.265759315751499624e-13
-3.337703120878876825e-13
-7.031426842977954383e-13
-9.865557769136120422e-13
-1.189339151832716363e-12
-1.317126887496165286e-12
-1.375846321321520887e-12
-1.371706006283040105e-12
-1.311182902590842700e-12
-1.201008826561239264e-12
-1.048156181366364345e-12
-8.598229955163186641e-13
-6.434172973173085323e-13
-4.065408547505311637e-13
-1.569723124111294635e-13
9.735024172686923399e-14
3.483472448620797598e-13
5.878161273761101340e-13
8.074502425433693625e-13
9.988582192335224378e-13
1.153583697218879167e-12
1.263125403845009996e-12
1.318957529402612316e-12
1.312550357710818026e-12
1.235391107335218436e-12
1.079004938063735472e-12
8.349760765220236347e-13
4.949690140476148350e-13
5.074972952339960207e-14
-5.057931107793568772e-13
-1.182627024421331100e-12
-1.987554703724859159e-12
-2.928193174799866803e-12
-4.011953173551224560e-12
-5.246018787018643894e-12
-6.637327408680964943e-12
-8.192550055584225120e-12
-9.918072095276147586e-12
-1.181997442943094633e-11
-1.390401518109275430e-11
-1.617561193098569730e-11
-1.863982454829095785e-11
-2.130133865951654393e-11
-2.416444979888686731e-11
-2.723304828160551417e-11
-3.051060484102139878e-11
-3.400015706839760583e-11
-3.770429669347917217e-11
-4.162515774150152764e-11
-4.576440560163911893e-11
-5.012322703907517744e-11
-5.470232118213090008e-11
-5.950189151284704335e-11
-6.452163888852050366e-11
-6.976075561848933168e-11
-7.521792061942515548e-11
-8.089129566903154653e-11
-8.677852277688231499e-11
-9.287672268765264110e-11
-9.918249453069324987e-11
-1.056919166263541297e-10
-1.124005484580160708e-10
-1.193034338151938886e-10
-1.263951051115352851e-10
-1.336695888779012696e-10
-1.411204124290706344e-10
-1.487406116990265207e-10
-1.565227402379749229e-10
-1.644588793607974673e-10
-1.725406494346801413e-10
-1.807592222903371974e-10
-1.891053347392101756e-10
-1.975693031758188297e-10
-2.061410392423539001e-10
-2.148100665295469970e-10
-2.235655382857391054e-10
-2.323962561031063610e-10
-2.412906895481602148e-10
-2.502369967005174482e-10
-2.592230455622087396e-10
-2.682364362971290470e-10
-2.772645242583271950e-10
-2.862944437583660746e-10
-2.953131325363732848e-10
-3.043073568729294447e-10
-3.132637373026852301e-10
-3.221687748721584685e-10
-3.310088778892417708e-10
-3.397703891085870928e-10
-3.484396132964997276e-10
-3.570028451166177475e-10
-3.654463972776413856e-10
-3.737566288819089004e-10
-3.819199739142343039e-10
-3.899229698078814912e-10
-3.977522860256760847e-10
-4.053947525917964287e-10
-4.128373885113742836e-10
-4.200674300126289342e-10
-4.270723585483959655e-10
-4.338399284915125117e-10
-4.403581944612033357e-10
-4.466155382152850256e-10
-4.526006950461648080e-10
-4.583027796164043861e-10
-4.637113111732585447e-10
-4.688162380794630564e-10
-4.736079616017243027e-10
-4.780773588962638471e-10
-4.822158051354968809e-10
-4.860151947178201982e-10
-4.894679615077652550e-10
-4.925670980517684816e-10
-4.953061737204300086e-10
-4.976793517263227139e-10
-4.996814049724361999e-10
-5.013077306845710756e-10
-5.025543637875195808e-10
-5.034179889830450729e-10
-5.038959514946632943e-10
-5.039862664424942578e-10
-5.036876268187018633e-10
-5.029994100324185298e-10
-5.019216830005852619e-10
-5.004552057596656019e-10
-4.986014335808034284e-10
-4.963625175697634062e-10
-4.937413037407301332e-10
-4.907413305518415857e-10
-4.873668248982961424e-10
-4.836226965576842239e-10
-4.795145310902773469e-10
-4.750485811958243135e-10
-4.702317565366159936e-10
-4.650716120353983700e-10
-4.595763346648565450e-10
-4.537547287443727497e-10
-4.476161997677685049e-10
-4.411707367847021465e-10
-4.344288933663729435e-10
-4.274017671851929544e-10
-4.201009782456987607e-10
-4.125386458032117789e-10
-4.047273640140569115e-10
-3.966801763603437777e-10
-3.884105488994006525e-10
-3.799323423871082949e-10
-3.712597833311238146e-10
-3.624074340291640077e-10
-3.533901616538277930e-10
-3.442231064446008400e-10
-3.349216490736052005e-10
-3.255013772507725469e-10
-3.159780516394953704e-10
-3.063675711529440646e-10
-2.966859377061444036e-10
-2.869492204978659137e-10
-2.771735199008270939e-10
-2.673749310375932519e-10
-2.575695071233680190e-10
-2.477732226557582096e-10
-2.380019365347319265e-10
-2.282713551948435734e-10
-2.185969958342629366e-10
-2.089941498239690881e-10
-1.994778463822012088e-10
-1.900628165980759696e-10
-1.807634578893317358e-10
-1.715937989777850577e-10
-1.625674654666153924e-10
-1.536976461020496288e-10
-1.449970598018073436e-10
-1.364779235311678522e-10
-1.281519211065379246e-10
-1.200301730048193491e-10
-1.121232072552177305e-10
-1.044409314885578188e-10
-9.699260621674273464e-11
-8.978681941332855524e-11
-8.283146246325958480e-11
-7.613370754791744611e-11
-6.969998652818773453e-11
-6.353597138624851201e-11
-5.764655628274874945e-11
-5.203584128394911162e-11
-4.670711780910029511e-11
-4.166285584540729339e-11
-3.690469297446183060e-11
-3.243342524942224943e-11
-2.824899995971409777e-11
-2.435051031451859251e-11
-2.073619207383902687e-11
-1.740342215008173801e-11
-1.434871920057784363e-11
-1.156774622539347837e-11
-9.055315182043488024e-12
-6.805393622602545047e-12
-4.811113355886839644e-12
-3.064781130987208031e-12
-1.557891335805433176e-12
-2.811406976078373921e-13
7.755550300713051275e-13
1.623042416288901905e-12
2.272909762300696041e-12
2.737464603299383710e-12
3.029709336318168571e-12
3.163315014869936113e-12
3.152593353366154467e-12
3.012466990671651862e-12
2.758438064775472285e-12
2.406555156325926564e-12
1.973378661598686005e-12
1.475944660797805819e-12
9.317273502861261301e-13
3.586001123827293475e-13
-2.252047010547249044e-13
-8.011371905472563832e-13
-1.350372453099516873e-12
-1.853854161186987902e-12
-2.292339087046245171e-12
-2.646442478998963469e-12
-2.896684194536152303e-12
-3.023535491824482551e-12
-3.007466379400693589e-12
-2.828993421441038454e-12
-2.468727894192169153e-12
-1.907424187583755227e-12
-1.126028344331130582e-12
-1.057266280206200880e-13
1.172005989858413779e-12
2.725357534014790613e-12
4.572131031971623619e-12
6.729696933978730644e-12
9.214946057904294152e-12
1.204424316955346540e-11
1.523338130950071117e-11
1.879753697547443631e-11
2.275122626974778444e-11
2.710826211823304691e-11
3.188171266803138926e-11
3.708386096676161030e-11
4.272616602679353761e-11
4.881922537330231714e-11
5.537273917459196784e-11
6.239547604830681617e-11
6.989524063634486663e-11
7.787884303578796062e-11
8.635207017211777450e-11
9.531965919489652556e-11
1.047852729746627074e-10
1.147514777732972120e-10
1.252197231582307429e-10
1.361903242240343757e-10
1.476624461826508243e-10
1.596340913763080468e-10
1.721020887646289520e-10
1.850620859297774915e-10
1.985085436407829970e-10
2.124347330101866214e-10
2.268327352731437646e-10
2.416934442110070199e-10
2.570065712380601934e-10
2.727606531618911163e-10
2.889430626243007214e-10
3.055400212213908502e-10
3.225366152976599831e-10
3.399168144007888431e-10
3.576634923796940041e-10
3.757584511004717038e-10
3.941824467505449713e-10
4.129152186936006885e-10
4.319355208334076884e-10
4.512211554372464777e-10
4.707490093649642285e-10
4.904950926427843179e-10
5.104345793160958545e-10
5.305418505091394696e-10
5.507905396143927423e-10
5.711535795287941458e-10
5.916032518487989266e-10
6.121112379311045635e-10
6.326486717208390964e-10
6.531861942445653140e-10
6.736940096602042890e-10
6.941419427526606251e-10
7.144994977583464436e-10
7.347359183996659838e-10
7.548202490046937514e-10
7.747213965862395916e-10
7.944081937486999750e-10
8.138494622909660528e-10
8.330140773680082559e-10
8.518710320746770407e-10
8.703895023097468427e-10
8.885389117792451473e-10
9.062889969960742411e-10
9.236098721292779971e-10
9.404720935601063239e-10
9.568467239962713855e-10
9.727053960008485312e-10
9.880203747869786396e-10
1.002764620135788587e-09
1.016911847289561909e-09
1.030436586679795579e-09
1.043314242344585601e-09
1.055521148898355117e-09
1.067034626912142355e-09
1.077833036572204370e-09
1.087895829480180028e-09
1.097203598468693064e-09
1.105738125301888013e-09
1.113482426142162214e-09
1.120420794660124999e-09
1.126538842677681169e-09
1.131823538229935829e-09
1.136263240945658852e-09
1.139847734641834817e-09
1.142568257042897158e-09
1.144417526531187932e-09
1.145389765851033605e-09
1.145480722684973013e-09
1.144687687037335954e-09
1.143009505356563165e-09
1.140446591344953526e-09
1.137000933401135595e-09
1.132676098658039310e-09
1.127477233576128006e-09
1.121411061069547763e-09
1.114485874139903465e-09
1.106711526010678500e-09
1.098099416752350222e-09
1.088662476407005069e-09
1.078415144618160885e-09
1.067373346790411051e-09
1.055554466800704444e-09
1.042977316301560404e-09
1.029662100654126970e-09
1.015630381547245445e-09
1.000905036356190448e-09
9.855102143128125385e-10
9.694712895565148910e-10
9.528148111529256445e-10
9.355684501648250724e-10
9.177609438769949031e-10
8.994220372742634555e-10
8.805824218883102353e-10
8.612736721265598379e-10
8.415281792120436173e-10
8.213790828606301791e-10
8.008602008367676617e-10
7.800059565265632173e-10
7.588513046804106463e-10
7.374316554751837633e-10
7.157827970582241202e-10
6.939408167332897607e-10
6.719420209592221723e-10
6.498228543302909352e-10
6.276198177163565479e-10
6.053693857389860982e-10
5.831079237676448434e-10
5.608716046178517208e-10
5.386963251397001326e-10
5.166176228828867347e-10
4.946705930294107001e-10
4.728898057825460165e-10
4.513092244043763233e-10
4.299621240913750160e-10
4.088810118796321705e-10
3.880975477684048760e-10
3.676424672512151064e-10
3.475455054405443365e-10
3.278353229712959510e-10
3.085394338647890809e-10
2.896841355324281306e-10
2.712944410949768512e-10
2.533940141889782972e-10
2.360051064283788480e-10
2.191484976838478859e-10
2.028434393383268699e-10
1.871076006705681530e-10
1.719570185140905704e-10
1.574060503310673661e-10
1.434673308358951864e-10
1.301517322943128547e-10
1.174683286187905003e-10
1.054243633707164764e-10
9.402522177514279459e-11
8.327440684199674624e-11
7.317351968286179072e-11
6.372224410019875645e-11
5.491833552003994461e-11
4.675761432672971907e-11
3.923396365227392138e-11
3.233933165947912332e-11
2.606373835212062899e-11
2.039528693145451079e-11
1.532017971223689203e-11
1.082273859720104738e-11
6.885430102716294860e-12
3.488894913871422338e-12
6.119819409039590814e-13
-1.768213165222335208e-12
-3.676305088226173807e-12
-5.138571573747547260e-12
-6.182901881486175730e-12
-6.838741042255576646e-12
-7.137030013887076006e-12
-7.110141836211199376e-12
-6.791813898784366956e-12
-6.217076441222560713e-12
-5.422177419054347686e-12
-4.444503873725758266e-12
-3.322499957914476219e-12
-2.095581772839086027e-12
-8.040491856468343435e-13
5.110051993638145189e-13
1.807789731889066858e-12
3.043909879748010284e-12
4.176466667718328637e-12
5.162157187686152675e-12
5.957376968765602809e-12
6.518323991682382209e-12
6.801104124795267273e-12
6.761837755233986646e-12
6.356767383325710476e-12
5.542365944709561238e-12
4.275445621084050060e-12
2.513266897037888926e-12
2.136476183691756861e-13
-2.664928195188566850e-12
-6.163202030850056147e-12
-1.032103330708115393e-11
-1.517729279012866956e-11
-2.076975725332712093e-11
-2.713500562664792251e-11
-3.430831688521680580e-11
-4.232356992095122305e-11
-5.121314564183077886e-11
-6.100783153730912509e-11
-7.173672894802906409e-11
-8.342716327037272054e-11
-9.610459732540537660e-11
-1.097925481125471380e-10
-1.245125071667721981e-10
-1.402838647272595600e-10
-1.571238379234022496e-10
-1.750474031716026886e-10
-1.940672329737710662e-10
-2.141936372945964057e-10
-2.354345096913510614e-10
-2.577952783552246545e-10
-2.812788622189658872e-10
-3.058856322698595858e-10
-3.316133782022483780e-10
-3.584572805271214164e-10
-3.864098882507691601e-10
-4.154611022171256135e-10
-4.455981642022403780e-10
-4.768056518314010264e-10
-5.090654793825577602e-10
-5.423569045214619975e-10
-5.766565410064236672e-10
-6.119383773821404299e-10
-6.481738016740335630e-10
-6.853316320759782570e-10
-7.233781536158089800e-10
-7.622771607646604847e-10
-8.019900059471234145e-10
-8.424756538912523293e-10
-8.836907417480482843e-10
-9.255896448925713410e-10
-9.681245483089958788e-10
-1.011245523445361207e-09
-1.054900610413437045e-09
-1.099035905393658375e-09
-1.143595653094336384e-09
-1.188522344100168476e-09
-1.233756816933922284e-09
-1.279238364642570579e-09
-1.324904845707569902e-09
-1.370692799068061525e-09
-1.416537563034020152e-09
-1.462373397857133032e-09
-1.508133611715401773e-09
-1.553750689860087268e-09
-1.599156426661719395e-09
-1.644282060286657485e-09
-1.689058409723705449e-09
-1.733416013877279881e-09
-1.777285272431664907e-09
-1.820596588190237396e-09
-1.863280510581544158e-09
-1.905267880026086427e-09
-1.946489972845560489e-09
-1.986878646400970709e-09
-2.026366484134012478e-09
-2.064886940193345514e-09
-2.102374483315623774e-09
-2.138764739641002980e-09
-2.173994634131186069e-09
-2.208002530270857527e-09
-2.240728367721780763e-09
-2.272113797614157475e-09
-2.302102315148906795e-09
-2.330639389202279942e-09
-2.357672588613617526e-09
-2.383151704857522722e-09
-2.407028870791190234e-09
-2.429258675191242851e-09
-2.449798272784055338e-09
-2.468607489496084884e-09
-2.485648922653198090e-09
-2.500888035861056625e-09
-2.514293248324105415e-09
-2.525836018351866296e-09
-2.535490920832380128e-09
-2.543235718444231217e-09
-2.549051426411298381e-09
-2.552922370596735456e-09
-2.554836238766979805e-09
-2.554784124849213880e-09
-2.552760566041931709e-09
-2.548763572630945314e-09
-2.542794650401112595e-09
-2.534858815526609924e-09
-2.524964601862316244e-09
-2.513124060551411825e-09
-2.499352751904519363e-09
-2.483669729499670090e-09
-2.466097516492214994e-09
-2.446662074118468396e-09
-2.425392762417139548e-09
-2.402322293187585674e-09
-2.377486675243887174e-09
-2.350925152019448527e-09
-2.322680131616590552e-09
-2.292797109390884806e-09
-2.261324583200099094e-09
-2.228313961442712581e-09
-2.193819464050168949e-09
-2.157898016592396827e-09
-2.120609137694594358e-09
-2.082014819958259118e-09
-2.042179404616702506e-09
-2.001169450150734081e-09
-1.959053595125479743e-09
-1.915902415504547578e-09
-1.871788276731895835e-09
-1.826785180866447176e-09
-1.780968609086498659e-09
-1.734415359876044817e-09
-1.687203383234282696e-09
-1.639411611244857568e-09
-1.591119785368001855e-09
-1.542408280813714155e-09
-1.493357928377906245e-09
-1.444049834118603883e-09
-1.394565197269851711e-09
-1.344985126785744619e-09
-1.295390456925099167e-09
-1.245861562281085368e-09
-1.196478172675466375e-09
-1.147319188330469766e-09
-1.098462495743235634e-09
-1.049984784681228624e-09
-1.001961366724778389e-09
-9.544659957766545167e-10
-9.075706909631234787e-10
-8.613455623430654953e-10
-8.158586398444163781e-10
-7.711757058377711241e-10
-7.273601317567079916e-10
-6.844727191644369807e-10
-6.425715456627362189e-10
-6.017118160289568504e-10
-5.619457189591293414e-10
-5.233222897859665763e-10
-4.858872795281004354e-10
-4.496830306181157754e-10
-4.147483596415706715e-10
-3.811184474088515564e-10
-3.488247366647807445e-10
-3.178948377293839220e-10
-2.883524423433909958e-10
-2.602172459807526258e-10
-2.335048788677337687e-10
-2.082268459362705316e-10
-1.843904759146071075e-10
-1.619988797461654467e-10
-1.410509185002431043e-10
-1.215411809261827425e-10
-1.034599707738975079e-10
-8.679330399050651196e-11
-7.152291587348980043e-11
-5.762627824689113951e-11
-4.507662669676219099e-11
-3.384299788809543461e-11
-2.389027695420572320e-11
-1.517925493548637056e-11
-7.666696212500642874e-12
-1.305415864882746200e-12
3.955633145344659400e-12
8.171263080475017010e-12
1.139994497084751014e-11
1.370369275612693903e-11
1.514793821589285329e-11
1.580139689528570213e-11
1.573592526162842151e-11
1.502636934173022785e-11
1.375040511791156761e-11
1.198837097568441067e-11
9.823092521361930968e-12
7.339700102713631001e-12
4.625439390374589730e-12
1.769475390172471735e-12
-1.137309719293812250e-12
-4.002524518669859787e-12
-6.732481622303847742e-12
-9.232415857179031451e-12
-1.140670689060024890e-11
-1.315910583876433030e-11
-1.439296537544749660e-11
-1.501147284769630894e-11
-1.491788589543682222e-11
-1.401577006136374727e-11
-1.220923786993503677e-11
-9.403188845769837308e-12
-5.503549935711622464e-12
-4.175157945682874288e-13
5.946211611934839839e-12
1.367718463279557217e-11
2.286297333730669195e-11
3.358893124844000103e-11
4.593796395485610044e-11
5.999030114649268192e-11
7.582327261943619679e-11
9.351108878661518741e-11
1.131246262303958319e-10
1.347312188197236068e-10
1.583944549137026522e-10
1.841739811554712713e-10
2.121253133584087232e-10
2.422996549657628853e-10
2.747437235607240591e-10
3.094995858801627492e-10
3.466045017800342170e-10
3.860907775727999147e-10
4.279856291512512841e-10
4.723110552824828418e-10
5.190837214478495439e-10
5.683148545721872451e-10
6.200101489760019542e-10
6.741696838492286090e-10
7.307878525344687343e-10
7.898533038704376788e-10
8.513488958343297289e-10
9.152516616830256907e-10
9.815327887794884312e-10
1.050157610250997538e-09
1.121085609610764568e-09
1.194270438434075082e-09
1.269659947163580642e-09
1.347196229077694256e-09
1.426815677438405307e-09
1.508449055793867698e-09
1.592021581392600392e-09
1.677453021625793761e-09
1.764657803394022045e-09
1.853545135256114572e-09
1.944019142195990372e-09
2.035979012806496194e-09
2.129319158666410551e-09
2.223929385651723447e-09
2.319695076898786731e-09
2.416497387103802277e-09
2.514213447819501044e-09
2.612716583378978742e-09
2.711876537052293746e-09
2.811559707014391987e-09
2.911629391677353307e-09
3.011946043916770371e-09
3.112367533696110606e-09
3.212749418573647385e-09
3.312945221550132773e-09
3.412806715700730621e-09
3.512184215007826807e-09
3.610926870801475535e-09
3.708882973187185126e-09
3.805900256835846159e-09
3.901826210483620068e-09
3.996508389489794946e-09
4.089794730773895267e-09
4.181533869458529026e-09
4.271575456518742034e-09
4.359770476748721726e-09
4.445971566331378985e-09
4.530033329312730439e-09
4.611812652257267570e-09
4.691169016383263843e-09
4.767964806451775951e-09
4.842065615711253336e-09
4.913340546175394038e-09
4.981662503545989604e-09
5.046908486068563982e-09
5.108959866648687411e-09
5.167702667533398238e-09
5.223027826908711028e-09
5.274831456740319395e-09
5.323015091237304137e-09
5.367485925296157113e-09
5.408157042339133714e-09
5.444947630940498866e-09
5.477783189695402344e-09
5.506595719766726743e-09
5.531323904611061130e-09
5.551913276366468375e-09
5.568316368455366165e-09
5.580492853937555190e-09
5.588409669223205975e-09
5.592041122739307117e-09
5.591368988220002185e-09
5.586382582276084455e-09
5.577078825980276829e-09
5.563462290188773579e-09
5.545545224404971630e-09
5.523347568976371942e-09
5.496896950493742217e-09
5.466228660278871412e-09
5.431385615871232329e-09
5.392418305500785559e-09
5.349384715521835577e-09
5.302350240872971088e-09
5.251387578615269848e-09
5.196576604690239815e-09
5.138004234027593961e-09
5.075764264221127698e-09
5.009957202979889487e-09
4.940690079649476602e-09
4.868076241087126056e-09
4.792235132260091531e-09
4.713292061926682360e-09
4.631377953841323320e-09
4.546629083916377270e-09
4.459186803852791810e-09
4.369197251740872034e-09
4.276811050210675626e-09
4.182182992700155342e-09
4.085471718482153527e-09
3.986839377080876295e-09
3.886451282777127664e-09
3.784475559889633650e-09
3.681082779584886696e-09
3.576445588953888658e-09
3.470738333155401790e-09
3.364136671410347680e-09
3.256817187685795169e-09
3.148956996894087064e-09
3.040733347477986631e-09
2.932323221239905621e-09
2.823902931312580703e-09
2.715647719154142893e-09
2.607731351482670031e-09
2.500325718052142013e-09
2.393600431193969183e-09
2.287722428035866154e-09
2.182855576325264403e-09
2.079160284769504067e-09
1.976793118814146840e-09
1.875906422766062360e-09
1.776647949165596684e-09
1.679160496301745972e-09
1.583581554751369386e-09
1.490042963811490797e-09
1.398670578676278157e-09
1.309583949194545656e-09
1.222896011021833577e-09
1.138712789960837868e-09
1.057133120259544554e-09
9.782483776107115775e-10
9.021422275694121330e-10
8.288903900756013084e-10
7.585604207366074623e-10
6.912115094946963949e-10
6.268942972658745494e-10
5.656507111042434815e-10
5.075138184056997344e-10
4.525077006273189004e-10
4.006473469579613961e-10
3.519385683330465173e-10
3.063779321452403540e-10
2.639527179568324252e-10
2.246408944765423164e-10
1.884111180148661525e-10
1.552227525884632092e-10
1.250259117932812568e-10
9.776152252040122424e-11
7.336141053791312787e-11
5.174840791502758812e-11
3.283648221200814047e-11
1.653088731363435514e-11
2.728335730772161655e-12
-8.682807853783670945e-12
-1.782231206810861029e-11
-2.481784368667627281e-11
-2.980471219049391377e-11
-3.292559447241003310e-11
-3.433024015770305223e-11
-3.417515805522711589e-11
-3.262328430330066912e-11
-2.984363281800960948e-11
-2.601092869883196501e-11
-2.130522528707692356e-11
-1.591150561795622652e-11
-1.001926904557583846e-11
-3.822103861643595283e-12
2.482753234959644681e-12
8.694869922756164793e-12
1.461108236783345312e-11
2.002596969761016613e-11
2.473233784581779944e-11
2.852171174684919135e-11
3.118483483117216735e-11
3.251217474872443207e-11
3.229443422494452293e-11
3.032306593328735780e-11
2.639079025156827731e-11
2.029211475218530735e-11
1.182385426551680280e-11
7.856503434252316311e-13
-1.301951105622727205e-11
-2.978478485067322870e-11
-4.969895626524120705e-11
-7.294593560743115511e-11
-9.970425956656243106e-11
-1.301466002189404518e-10
-1.644392829102900486e-10
-2.027418141762800883e-10
-2.452064208484115475e-10
-2.919776014770438618e-10
-3.431916911831810142e-10
-3.989764410304797013e-10
-4.594506129845183962e-10
-5.247235914984892650e-10
-5.948950127372455797e-10
-6.700544124182980656e-10
-7.502808932147590263e-10
-8.356428126288631468e-10
-9.261974922051323562e-10
-1.021990948912032084e-09
-1.123057649476638197e-09
-1.229420288412252384e-09
-1.341089590430823996e-09
-1.458064137883077789e-09
-1.580330223817812629e-09
-1.707861731199171993e-09
-1.840620038765640528e-09
-1.978553953959249932e-09
-2.121599673295255715e-09
-2.269680770484523816e-09
-2.422708212560201223e-09
-2.580580404200406523e-09
-2.743183260375688971e-09
-2.910390307388604716e-09
-3.082062812308597718e-09
-3.258049940742334707e-09
-3.438188942815459273e-09
-3.622305367177157577e-09
-3.810213302775097520e-09
-4.001715648083977942e-09
-4.196604407406359229e-09
-4.394661013801447422e-09
-4.595656678134318454e-09
-4.799352763675061167e-09
-5.005501185616071235e-09
-5.213844834815017589e-09
-5.424118025011086156e-09
-5.636046962703953225e-09
-5.849350238827708990e-09
-6.063739341296781331e-09
-6.278919187446335019e-09
-6.494588675338611758e-09
-6.710441252855476512e-09
-6.926165503449957845e-09
-7.141445747383221447e-09
-7.355962657230333123e-09
-7.569393886395914324e-09
-7.781414709343407198e-09
-7.991698672204638257e-09
-8.199918252400511443e-09
-8.405745525881339097e-09
-8.608852840557135858e-09
-8.808913494469121574e-09
-9.005602417232510127e-09
-9.198596853260446419e-09
-9.387577045263831253e-09
-9.572226916510380254e-09
-9.752234750317721524e-09
-9.927293865248254380e-09
-1.009710328447508469e-08
-1.026136839778524046e-08
-1.041980161469596666e-08
-1.057212300716426569e-08
-1.071806094038582449e-08
-1.085735269019019295e-08
-1.098974504556211821e-08
-1.111499489483963603e-08
-1.123286979416349326e-08
-1.134314851678540583e-08
-1.144562158187102715e-08
-1.154009176147278804e-08
-1.162637456438434375e-08
-1.170429869563180249e-08
-1.177370649040195120e-08
-1.183445432125600016e-08
-1.188641297752910992e-08
-1.192946801586945420e-08
-1.196352008092810162e-08
-1.198848519527035367e-08
-1.200429501764185091e-08
-1.201089706878577986e-08
-1.200825492407701666e-08
-1.199634837230504240e-08
-1.197517354001081432e-08
-1.194474298085452378e-08
-1.190508572956640525e-08
-1.185624732010805081e-08
-1.179828976775031959e-08
-1.173129151485241625e-08
-1.165534734020647754e-08
-1.157056823189240133e-08
-1.147708122367050963e-08
-1.137502919502061292e-08
-1.126457063501889047e-08
-1.114587937032625437e-08
-1.101914425764555572e-08
-1.088456884108686940e-08
-1.074237097496094539e-08
-1.059278241260566616e-08
-1.043604836192734685e-08
-1.027242700842116820e-08
-1.010218900651374864e-08
-9.925616940146073803e-09
-9.743004753593741411e-09
-9.554657153593700325e-09
-9.360888983920553135e-09
-9.162024573624476787e-09
-8.958397060212325408e-09
-8.750347689118308939e-09
-8.538225090874613671e-09
-8.322384537452475122e-09
-8.103187179301907813e-09
-7.880999264673194912e-09
-7.656191342855453924e-09
-7.429137453013753012e-09
-7.200214300353613530e-09
-6.969800421381854298e-09
-6.738275340069167957e-09
-6.506018716756200808e-09
-6.273409491672891057e-09
-6.040825024966338071e-09
-5.808640235157412290e-09
-5.577226737959150770e-09
-5.346951987408505594e-09
-5.118178421268407223e-09
-4.891262612663731435e-09
-4.666554429915277128e-09
-4.444396206530497987e-09
-4.225121923303174816e-09
-4.009056404460150727e-09
-3.796514529775369458e-09
-3.587800464552375204e-09
-3.383206909345885456e-09
-3.183014371267020234e-09
-2.987490458677728600e-09
-2.796889201043777442e-09
-2.611450395669892959e-09
-2.431398982993666834e-09
-2.256944452062782104e-09
-2.088280277763700832e-09
-1.925583391311406237e-09
-1.769013685442818993e-09
-1.618713555693129483e-09
-1.474807479059376054e-09
-1.337401631283090902e-09
-1.206583543905450374e-09
-1.082421802166673083e-09
-9.649657847372141997e-10
-8.542454461830682445e-10
-7.502711429741489305e-10
-6.530335037561480077e-10
-5.625033445104166963e-10
-4.786316291277140072e-10
-4.013494758274356455e-10
-3.305682097488525754e-10
-2.661794619432117422e-10
-2.080553148895279031e-10
-1.560484945557690212e-10
-1.099926089158296939e-10
-6.970243273951238973e-11
-3.497423835092016944e-11
-5.586171959409890862e-12
1.870132495034487429e-11
3.814504977868325592e-11
5.301852924392086615e-11
6.361146690888683187e-11
7.022914872796858155e-11
7.319180764187081424e-11
7.283394834883513110e-11
6.950363347797983128e-11
6.356173248806780319e-11
5.538113470855523767e-11
4.534592803107790473e-11
3.385054485057353428e-11
2.129887693672577032e-11
8.103361005692018504e-12
-5.315963164677787735e-12
-1.853242015216855010e-11
-3.111368984723492140e-11
-4.262281988573742863e-11
-5.261925743231936119e-11
-6.065989812616148980e-11
-6.630014994904682696e-11
-6.909500972093565441e-11
-6.860014988623422848e-11
-6.437301320994042410e-11
-5.597391296804574662e-11
-4.296713618637574971e-11
-2.492204745429474492e-11
-1.414190822358295040e-12
2.797361272485494486e-11
6.365017473504457483e-11
1.060148582161354219e-10
1.554565085415139682e-10
2.123523988445705568e-10
2.770671923987444698e-10
3.499519244611574984e-10
4.313430060327283027e-10
5.215612519573740183e-10
6.209109357464021943e-10
7.296788734733429092e-10
8.481335390346919068e-10
9.765242130225493835e-10
1.115080167393348720e-09
1.264009888055466078e-09
1.423500337428281166e-09
1.593716258951578394e-09
1.774799525445213179e-09
1.966868533134359104e-09
2.170017643067610625e-09
2.384316671560953246e-09
2.609810431205105124e-09
2.846518323868456723e-09
3.094433987025981941e-09
3.353524994631023510e-09
3.623732613637571103e-09
3.904971617160397927e-09
4.197130155143679131e-09
4.500069683284665529e-09
4.813624950835007081e-09
5.137604047773686157e-09
5.471788511717369602e-09
5.815933494801884611e-09
6.169767990636064488e-09
6.532995121295362623e-09
6.905292484187485766e-09
7.286312558486723597e-09
7.675683170698300048e-09
8.073008018777466233e-09
8.477867254092805049e-09
8.889818120388247267e-09
9.308395648763807620e-09
9.733113407562902368e-09
1.016346430592088986e-08
1.059892144960221389e-08
1.103893904762420994e-08
1.148295336804124278e-08
1.193038374114001455e-08
1.238063360817880868e-08
1.283309161368546095e-08
1.328713273921729235e-08
1.374211947637913294e-08
1.419740303678787415e-08
1.465232459657509542e-08
1.510621657292169270e-08
1.555840393003011133e-08
1.600820551185218244e-08
1.645493539881234072e-08
1.689790428569130182e-08
1.733642087776645123e-08
1.776979330224312019e-08
1.819733053195444224e-08
1.861834381825811490e-08
1.903214813001384207e-08
1.943806359548983627e-08
1.983541694401725244e-08
2.022354294418568993e-08
2.060178583536092827e-08
2.096950074929450825e-08
2.132605511859344311e-08
2.167083006882622597e-08
2.200322179105065664e-08
2.232264289157315154e-08
2.262852371577282456e-08
2.292031364286270946e-08
2.319748234850176078e-08
2.345952103220603145e-08
2.370594360660742530e-08
2.393628784561051976e-08
2.415011648861702889e-08
2.434701829804605094e-08
2.452660906746480738e-08
2.468853257773675822e-08
2.483246149868981554e-08
2.495809823391538028e-08
2.506517570641364865e-08
2.515345808292222008e-08
2.522274143488061880e-08
2.527285433411876399e-08
2.530365838148050781e-08
2.531504866673980807e-08
2.530695415830146949e-08
2.527933802133146875e-08
2.523219786310942132e-08
2.516556590454903089e-08
2.507950907699458608e-08
2.497412904355797837e-08
2.484956214443074454e-08
2.470597926576399172e-08
2.454358563188736415e-08
2.436262052079894793e-08
2.416335690303974217e-08
2.394610100422868022e-08
2.371119179171742196e-08
2.345900038599055014e-08
2.318992939761498206e-08
2.290441219071206555e-08
2.260291207410139596e-08
2.228592142143203123e-08
2.195396072179034770e-08
2.160757756243679368e-08
2.124734554549021303e-08
2.087386314053971142e-08
2.048775247532223779e-08
2.008965806675878269e-08
1.968024549479131188e-08
1.926020002160992076e-08
1.883022515900383318e-08
1.839104118669771378e-08
1.794338362467715724e-08
1.748800166262137542e-08
1.702565654968796623e-08
1.655711994800186746e-08
1.608317225330976665e-08
1.560460088635815382e-08
1.512219855864484898e-08
1.463676151627797218e-08
1.414908776575262627e-08
1.365997528552254922e-08
1.317022022730610108e-08
1.268061511111386231e-08
1.219194701803143280e-08
1.170499578482198510e-08
1.122053220444140382e-08
1.073931623657091149e-08
1.026209523228384526e-08
9.789602176955657271e-09
9.322553955520506884e-09
8.861649644149838107e-09
8.407568832406937706e-09
7.960969979883020094e-09
7.522488811277029158e-09
7.092736753823849024e-09
6.672299420901605472e-09
6.261735145583121089e-09
5.861573567798764893e-09
5.472314278693894775e-09
5.094425525654760165e-09
4.728342981368006051e-09
4.374468580157402517e-09
4.033169424713556726e-09
3.704776766196015550e-09
3.389585060544880820e-09
3.087851103683544230e-09
2.799793248140828554e-09
2.525590703452280450e-09
2.265382922527731674e-09
2.019269075998812640e-09
1.787307616369181122e-09
1.569515933608095491e-09
1.365870103628895311e-09
1.176304730895980470e-09
1.000712886200900896e-09
8.389461404424576204e-10
6.908146950319228058e-10
5.560876093329072630e-10
4.344931253305112627e-10
3.257190895053937816e-10
2.294134716651075023e-10
1.451849802749114494e-10
7.260377359519707330e-11
1.120226572290393003e-11
-3.952397359080225173e-11
-8.011522669690172173e-11
-1.111465449427596844e-10
-1.332265764853580497e-10
-1.469963070254261915e-10
-1.531277156630853479e-10
-1.523223482957805118e-10
-1.453098111769604942e-10
-1.328461874516323569e-10
-1.157123796842085477e-10
-9.471238158154684785e-11
-7.067148229539989938e-11
-4.443440686615034410e-11
-1.686339654778648876e-11
1.116376709969809537e-11
3.875579029032559946e-11
6.500994306720743247e-11
8.901417899348615957e-11
1.098492940112253775e-10
1.265911198721188591e-10
1.383127474415528377e-10
1.440867750687259099e-10
1.429875771228754367e-10
1.340935877195492496e-10
1.164895945820458591e-10
8.926903792939378174e-11
5.153630922783845907e-11
2.409044606795114079e-12
-5.897959228463771802e-11
-1.334786432261287028e-10
-2.219171094189352109e-10
-3.251017317651248425e-10
-4.438148026457141012e-10
-5.788120143849699882e-10
-7.308203495397805642e-10
-9.005360181011683649e-10
-1.088622446624806211e-09
-1.295708324228108294e-09
-1.522385710303558607e-09
-1.769208208690412847e-09
-2.036689212938984216e-09
-2.325300227168943143e-09
-2.635469266897095445e-09
-2.967579344051119696e-09
-3.321967040237796542e-09
-3.698921172162477930e-09
-4.098681552917369481e-09
-4.521437852670973010e-09
-4.967328562093514148e-09
-5.436440061647422993e-09
-5.928805799656269054e-09
-6.444405581845039837e-09
-6.983164974813396780e-09
-7.544954825666770413e-09
-8.129590899784869476e-09
-8.736833638458550575e-09
-9.366388037868022943e-09
-1.001790365061666050e-08
-1.069097471076546098e-08
-1.138514038304664627e-08
-1.209988513665860881e-08
-1.283463924376981833e-08
-1.358877940258049177e-08
-1.436162948450908510e-08
-1.515246140479075594e-08
-1.596049611549255980e-08
-1.678490471966776968e-08
-1.762480970509168831e-08
-1.847928629574142259e-08
-1.934736391890459714e-08
-2.022802778552727062e-08
-2.112022058114076911e-08
-2.202284426443867471e-08
-2.293476197031349380e-08
-2.385480001390375463e-08
-2.478174999195392439e-08
-2.571437097753894641e-08
-2.665139180397355468e-08
-2.759151343349074991e-08
-2.853341140605610715e-08
-2.947573836346610052e-08
-3.041712664368209556e-08
-3.135619094014808053e-08
-3.229153102066661953e-08
-3.322173450022562281e-08
-3.414537966201287118e-08
-3.506103832070329449e-08
-3.596727872196719223e-08
-3.686266847201991349e-08
-3.774577749092699949e-08
-3.861518098327415008e-08
-3.946946241973058968e-08
-4.030721652296049173e-08
-4.112705225128268504e-08
-4.192759577343472090e-08
-4.270749342776862685e-08
-4.346541465919526371e-08
-4.420005492719467903e-08
-4.491013857822483862e-08
-4.559442167589649455e-08
-4.625169478232662265e-08
-4.688078568414619110e-08
-4.748056205671244856e-08
-4.804993406017609479e-08
-4.858785686115032476e-08
-4.909333307385774446e-08
-4.956541511476879940e-08
-5.000320746489076172e-08
-5.040586883403691988e-08
-5.077261422158401435e-08
-5.110271686841416306e-08
-5.139551009495460536e-08
-5.165038902043172925e-08
-5.186681215870641609e-08
-5.204430288628432467e-08
-5.218245077836249219e-08
-5.228091280903167617e-08
-5.233941441203912026e-08
-5.235775039879533178e-08
-5.233578573061917475e-08
-5.227345614247401295e-08
-5.217076861587830108e-08
-5.202780169882656066e-08
-5.184470567103120770e-08
-5.162170255305298560e-08
-5.135908595825953766e-08
-5.105722078687776171e-08
-5.071654276177124246e-08
-5.033755780591418768e-08
-4.992084126189680339e-08
-4.946703695414951503e-08
-4.897685609493075717e-08
-4.845107603548842985e-08
-4.789053886415077518e-08
-4.729614985346916679e-08
-4.666887575888532116e-08
-4.600974297174214099e-08
-4.531983552981166572e-08
-4.460029298885225871e-08
-4.385230815904048123e-08
-4.307712471046152617e-08
-4.227603465215958938e-08
-4.145037568956246256e-08
-4.060152846541645751e-08
-3.973091368964135698e-08
-3.883998916382850908e-08
-3.793024670636021859e-08
-3.700320898440846700e-08
-3.606042625931894169e-08
-3.510347305212199569e-08
-3.413394473614744241e-08
-3.315345406392482705e-08
-3.216362763575864376e-08
-3.116610231753446921e-08
-3.016252161549868117e-08
-2.915453201588954901e-08
-2.814377929743942722e-08
-2.713190482488184474e-08
-2.612054183169984637e-08
-2.511131170042790790e-08
-2.410582024889155221e-08
-2.310565403080418033e-08
-2.211237665917502270e-08
-2.112752516098974858e-08
-2.015260637160356667e-08
-1.918909337727026523e-08
-1.823842201417267417e-08
-1.730198743225348696e-08
-1.638114073205439662e-08
-1.547718568267251982e-08
-1.459137552880442443e-08
-1.372490989472080417e-08
-1.287893179282876477e-08
-1.205452474431853738e-08
-1.125271001917787656e-08
-1.047444400264397292e-08
-9.720615694927083030e-09
-8.992044350785342274e-09
-8.289477265269651280e-09
-7.613587711654212646e-09
-6.964973037295237360e-09
-6.344152922813661510e-09
-5.751567809692847352e-09
-5.187577501026311956e-09
-4.652459939788582170e-09
-4.146410168652914129e-09
-3.669539474972052012e-09
-3.221874724169666193e-09
-2.803357884371837506e-09
-2.413845744708193284e-09
-2.053109829284346106e-09
-1.720836508404745988e-09
-1.416627308190335934e-09
-1.139999419297352973e-09
-8.903864049964103205e-10
-6.671391084261047330e-10
-4.695267583860570654e-10
-2.967382725762185500e-10
-1.478837567436177487e-10
-2.199619773949895084e-11
8.196665195792576375e-11
1.651202011536016242e-10
2.286507616168002518e-10
2.738131083212833282e-10
3.019278624570345346e-10
3.143787018707121271e-10
3.126094040003848574e-10
2.981207267925966235e-10
2.724671334916846441e-10
2.372533675891423500e-10
1.941308845907475772e-10
1.447941476550663455e-10
9.097679448268311595e-11
3.444768320972026554e-11
-2.299317463892230204e-11
-7.951878574517886731e-11
-1.332794424743277797e-10
-1.824070772715006903e-10
-2.250196947671837098e-10
-2.592258721274471690e-10
-2.831293179767970825e-10
-2.948334800054746920e-10
-2.924461912005511162e-10
-2.740843444805997154e-10
-2.378785853646403563e-10
-1.819780122078648180e-10
-1.045548734270245002e-10
-3.809251076617588811e-12
1.220262799074253472e-10
2.746820275145293362e-10
4.558466042142314154e-10
6.671624049557130202e-10
9.102211522368302148e-10
1.186559518810587296e-09
1.497654838490020199e-09
1.844920915392197261e-09
2.229703941823427883e-09
2.653278534823672753e-09
3.116843901210212142e-09
3.621520140729554197e-09
4.168344696699857429e-09
4.758268963248740140e-09
5.392155057978888436e-09
6.070772768578252975e-09
6.794796681567014099e-09
7.564803501022387435e-09
8.381269564754001837e-09
9.244568565014039503e-09
1.015496948041491658e-08
1.111263472531055149e-08
1.211761852244261162e-08
1.316986550420737638e-08
1.426920954741250961e-08
1.541537284591539533e-08
1.660796522502464648e-08
1.784648370103846252e-08
1.913031228876407672e-08
2.045872205932757281e-08
2.183087145004432857e-08
2.324580682755825313e-08
2.470246330490807837e-08
2.619966581261001675e-08
2.773613042327815570e-08
2.931046592873223805e-08
3.092117566796870877e-08
3.256665960380089532e-08
3.424521664539304438e-08
3.595504721334986974e-08
3.769425604345422167e-08
3.946085522457671914e-08
4.125276746573490592e-08
4.306782958671946723e-08
4.490379622617253142e-08
4.675834376046726632e-08
4.862907442621896068e-08
5.051352063875580152e-08
5.240914949837169430e-08
5.431336747571980161e-08
5.622352526723011205e-08
5.813692281099630904e-08
6.005081445314449478e-08
6.196241425429321604e-08
6.386890142532253241e-08
6.576742588130669522e-08
6.765511390212075963e-08
6.952907388790474885e-08
7.138640219729000472e-08
7.322418905599561946e-08
7.503952452318671752e-08
7.682950450273975086e-08
7.859123678639408478e-08
8.032184711558309551e-08
8.201848524862684077e-08
8.367833101983602888e-08
8.529860037702531659e-08
8.687655138387440869e-08
8.840949017355378032e-08
8.989477684006627995e-08
9.132983125377802622e-08
9.271213878769756232e-08
9.403925594117140593e-08
9.530881584779597893e-08
9.651853365450771080e-08
9.766621175902763383e-08
9.874974489304436453e-08
9.976712503879322167e-08
1.007164461669690172e-07
1.015959087842269786e-07
1.024038242788727916e-07
1.031386190537187524e-07
1.037988384354779916e-07
1.043831503504984258e-07
1.048903487570917331e-07
1.053193568251943990e-07
1.056692298545952193e-07
1.059391579234808408e-07
1.061284682596296797e-07
1.062366273271103174e-07
1.062632426219658585e-07
1.062080641709562770e-07
1.060709857280526338e-07
1.058520456640335221e-07
1.055514275451744035e-07
1.051694603977042113e-07
1.047066186553740510e-07
1.041635217881855996e-07
1.035409336110154443e-07
1.028397612716028281e-07
1.020610539180633271e-07
1.012060010468160835e-07
1.002759305325467150e-07
9.927230634254252145e-08
9.819672593845706209e-08
9.705091736930365514e-08
9.583673606016274685e-08
9.455616130184836148e-08
9.321129244744293136e-08
9.180434482228973497e-08
9.033764535486660459e-08
8.881362793640729842e-08
8.723482851798233730e-08
8.560387995434584222e-08
8.392350660446053754e-08
8.219651869927156014e-08
8.042580648785265536e-08
7.861433417365427338e-08
7.676513365311569151e-08
7.488129806944299331e-08
7.296597519483767671e-08
7.102236065496546822e-08
6.905369100987496974e-08
6.706323670601178729e-08
6.505429491435531365e-08
6.303018227007151966e-08
6.099422752938414352e-08
5.894976415968149250e-08
5.690012287911750889e-08
5.484862416219623100e-08
5.279857072801349282e-08
5.075324002798933188e-08
4.871587675003635014e-08
4.668968535616950474e-08
4.467782267064369706e-08
4.268339053566241594e-08
4.070942855168833608e-08
3.875890691932127973e-08
3.683471939955764880e-08
3.493967640914029608e-08
3.307649826748048895e-08
3.124780861142122500e-08
2.945612799384156784e-08
2.770386768178972830e-08
2.599332366950258751e-08
2.432667092127354617e-08
2.270595785873458945e-08
2.113310110663790820e-08
1.960988051077819468e-08
1.813793444112578120e-08
1.671875539273499557e-08
1.535368589637580460e-08
1.404391475022967664e-08
1.279047358334962302e-08
1.159423376090806418e-08
1.045590364053735755e-08
9.376026188378496995e-09
8.354976962659045836e-09
7.392962471874937744e-09
6.490018913847248250e-09
5.646011301106136549e-09
4.860632977222094687e-09
4.133405527867120829e-09
3.463679089498959803e-09
2.850633057715978234e-09
2.293277196426280006e-09
1.790453148064094542e-09
1.340836344238335449e-09
9.429383152158516366e-10
5.951093957985051754e-10
2.955418242040876496e-10
4.227322966884892726e-11
-1.668094964259422165e-10
-3.339659519912161439e-10
-4.615976052200407653e-10
-5.522428130016965339e-10
-6.085714854923528895e-10
-6.333794064551600814e-10
-6.295822197946003789e-10
-6.002090935664902490e-10
-5.483960735237238108e-10
-4.773791390612933702e-10
-3.904869751709137438e-10
-2.911334747552938959e-10
-1.828099863691259540e-10
-6.907732310510913731e-11
4.644245096283707856e-11
1.600744398089589672e-10
2.680995223458942640e-10
3.667631290586153869e-10
4.522841697539878822e-10
5.208640932860419016e-10
5.686960597424080328e-10
5.919742051405532789e-10
5.869029783598776020e-10
5.497065297158679132e-10
4.766381303313750298e-10
3.639896012310241753e-10
2.081007309315418598e-10
5.368660152657335845e-12
-2.477427877769701309e-10
-5.546938523001588738e-10
-9.188596782409659863e-10
-1.343521277031963304e-09
-1.831856627829442091e-09
-2.386931939619571473e-09
-3.011693095212634844e-09
-3.708957297757536881e-09
-4.481404940102367671e-09
-5.331571716974733150e-09
-6.261840999536573579e-09
-7.274436491440924468e-09
-8.371415185003512605e-09
-9.554660635568418461e-09
-1.082587657155809691e-08
-1.218658085707406491e-08
-1.363809982323092726e-08
-1.518156298372612759e-08
-1.681789814932042670e-08
-1.854782695523637950e-08
-2.037186081452237062e-08
-2.229029730966147639e-08
-2.430321703376140548e-08
-2.641048089175702842e-08
-2.861172787108358822e-08
-3.090637329030335259e-08
-3.329360753315323269e-08
-3.577239527444415530e-08
-3.834147520319290884e-08
-4.099936024727923612e-08
-4.374433830283792247e-08
-4.657447347048489317e-08
-4.948760779934930355e-08
-5.248136353875863316e-08
-5.555314589628859915e-08
-5.870014629973386773e-08
-6.191934615942395997e-08
-6.520752112615272642e-08
-6.856124583884836200e-08
-7.197689915498001774e-08
-7.545066985555237369e-08
-7.897856281543740867e-08
-8.255640562866518160e-08
-8.617985567722773437e-08
-8.984440763085007608e-08
-9.354540136415563076e-08
-9.727803027660437496e-08
-1.010373499995868919e-07
-1.048182874740808348e-07
-1.086156503813313995e-07
-1.124241369080995676e-07
-1.162383458271528250e-07
-1.200527868728260941e-07
-1.238618913906792059e-07
-1.276600232395314648e-07
-1.314414899234125212e-07
-1.352005539303238813e-07
-1.389314442540708787e-07
-1.426283680748508291e-07
-1.462855225737540493e-07
-1.498971068558873759e-07
-1.534573339563745371e-07
-1.569604429031582098e-07
-1.604007108102037049e-07
-1.637724649744652769e-07
-1.670700949497716612e-07
-1.702880645706644035e-07
-1.734209238991585477e-07
-1.764633210673533167e-07
-1.794100139889042002e-07
-1.822558819124574605e-07
-1.849959367903078163e-07
-1.876253344358070622e-07
-1.901393854433054130e-07
-1.925335658447857216e-07
-1.948035274777568967e-07
-1.969451080394421842e-07
-1.989543408028476971e-07
-2.008274639708628256e-07
-2.025609296452215675e-07
-2.041514123878419325e-07
-2.055958173528256265e-07
-2.068912879682224559e-07
-2.080352131475190213e-07
-2.090252340117558470e-07
-2.098592501041008855e-07
-2.105354250797793123e-07
-2.110521918552738441e-07
-2.114082572018334876e-07
-2.116026057694832846e-07
-2.116345035288888009e-07
-2.115035006196760415e-07
-2.112094335950353560e-07
-2.107524270537529695e-07
-2.101328946520961551e-07
-2.093515394893575650e-07
-2.084093538621871412e-07
-2.073076183842536740e-07
-2.060479004691666801e-07
-2.046320521760042935e-07
-2.030622074182308874e-07
-2.013407785381891355e-07
-1.994704522508431665e-07
-1.974541849618324292e-07
-1.952951974663766611e-07
-1.929969690369841164e-07
-1.905632309093481795e-07
-1.879979591772178451e-07
-1.853053671084548515e-07
-1.824898968958378291e-07
-1.795562108575442198e-07
-1.765091821035993897e-07
-1.733538846858390911e-07
-1.700955832502639437e-07
-1.667397222118543422e-07
-1.632919144731672782e-07
-1.597579297091604688e-07
-1.561436822418401186e-07
-1.524552185293919336e-07
-1.486987042954883290e-07
-1.448804113254411687e-07
-1.410067039567865213e-07
-1.370840252927849816e-07
-1.331188831680691656e-07
-1.291178358965164422e-07
-1.250874778319517343e-07
-1.210344247731758299e-07
-1.169652992450480493e-07
-1.128867156880546656e-07
-1.088052655891751365e-07
-1.047275025871578424e-07
-1.006599275856270944e-07
-9.660897390764524494e-08
-9.258099252545107647e-08
-8.858223739919552875e-08
-8.461885095842884093e-08
-8.069684976001012501e-08
-7.682211035595602720e-08
-7.300035540444245223e-08
-6.923714005689890038e-08
-6.553783865368975821e-08
-6.190763176042392009e-08
-5.835149357635584559e-08
-5.487417974571651711e-08
-5.148021560212534891e-08
-4.817388487544716497e-08
-4.495921888958077121e-08
-4.183998627880276562e-08
-3.881968324927772770e-08
-3.590152441126500888e-08
-3.308843420650756983e-08
-3.038303895402661579e-08
-2.778765953636906298e-08
-2.530430474704367287e-08
-2.293466531849376077e-08
-2.068010864861204680e-08
-1.854167424228857673e-08
-1.652006988304658508e-08
-1.461566854818501622e-08
-1.282850607937262848e-08
-1.115827961893044308e-08
-9.604346820417878957e-09
-8.165725840442648918e-09
-6.841096116926638110e-09
-5.628799937267737633e-09
-4.526844798148798671e-09
-3.532906556932112771e-09
-2.644333372782779951e-09
-1.858150433938069266e-09
-1.171065465655193356e-09
-5.794750116628700705e-10
-7.947148007866063630e-11
3.331490569581403179e-10
6.628783225344881717e-10
9.144865673727640859e-10
1.093012591448193376e-09
1.203753072583598690e-09
1.252251221426135424e-09
1.244284783905315468e-09
1.185853413839694117e-09
1.083165439999554199e-09
9.426240533416188508e-10
7.708129417641644005e-10
5.744814010163009808e-10
3.605289518788132424e-10
1.359894949754130770e-10
-9.198496414597195337e-11
-3.161409857917469350e-10
-5.291407278603267808e-10
-7.235793024986006610e-10
-8.920024207174846212e-10
-1.026924287071408492e-09
-1.120845705699718809e-09
-1.166272358304273865e-09
-1.155733213936224898e-09
-1.081799029927935558e-09
-9.371009028322127311e-10
-7.143488277755916797e-10
-4.063502244109554496e-10
-6.028387360919141543e-12
4.935591810107320596e-10
1.099202597736892461e-09
1.817521628439533875e-09
2.654947960559563933e-09
3.617707762358377395e-09
4.711804569075389601e-09
5.943002537149135248e-09
7.316810106909153574e-09
8.838464113478069490e-09
1.051291438488769021e-08
1.234480886562872913e-08
1.433847930288592695e-08
1.649792753175539914e-08
1.882681239460948913e-08
2.132843732862693056e-08
2.400573865421332081e-08
2.686127459571799332e-08
2.989721506442302179e-08
3.311533223225014990e-08
3.651699192311291301e-08
4.010314584712540792e-08
4.387432470123537995e-08
4.783063215799954557e-08
5.197173976244812130e-08
5.629688275503204007e-08
6.080485683672588105e-08
6.549401589036081879e-08
7.036227067019117378e-08
7.540708846965221068e-08
8.062549377509834067e-08
8.601406991119989240e-08
9.156896168146120192e-08
9.728587900513959697e-08
1.031601015496028875e-07
1.091864843549684575e-07
1.153594644455117321e-07
1.216730684203116605e-07
1.281209210130458865e-07
1.346962546088940005e-07
1.413919197040929052e-07
1.482003962915847633e-07
1.551138061539527177e-07
1.621239260427071093e-07
1.692222017208503625e-07
1.763997628435545286e-07
1.836474386497406607e-07
1.909557744353529188e-07
1.983150487771522011e-07
2.057152914739955440e-07
2.131463021706953553e-07
2.205976696278167886e-07
2.280587915990678905e-07
2.355188952763053196e-07
2.429670582606592287e-07
2.503922300167999955e-07
2.577832537659949932e-07
2.651288887723587165e-07
2.724178329754565066e-07
2.796387459213600172e-07
2.867802719432714623e-07
2.938310635419288964e-07
3.007798049151970777e-07
3.076152355856519445e-07
3.143261740742981047e-07
3.209015415682078590e-07
3.273303855294565524e-07
3.336019031925531318e-07
3.397054648974554678e-07
3.456306372052372344e-07
3.513672057436707093e-07
3.569051977301928307e-07
3.622349041200937440e-07
3.673469013283189688e-07
3.722320724737883462e-07
3.768816280959820149e-07
3.812871262942866143e-07
3.854404922416362921e-07
3.893340370250177924e-07
3.929604757666363606e-07
3.963129449808361663e-07
3.993850191232465913e-07
4.021707262902427683e-07
4.046645630283133010e-07
4.068615082148065455e-07
4.087570359731803530e-07
4.103471275879762575e-07
4.116282823866368202e-07
4.125975275574279402e-07
4.132524268749249849e-07
4.135910883067422508e-07
4.136121704776032788e-07
4.133148879691350024e-07
4.126990154363737025e-07
4.117648905244014126e-07
4.105134155711718274e-07
4.089460580851769052e-07
4.070648499893291428e-07
4.048723856251137769e-07
4.023718185137921860e-07
3.995668568742656397e-07
3.964617578999621952e-07
3.930613207998519128e-07
3.893708786116605507e-07
3.853962887979640950e-07
3.811439226388076549e-07
3.766206534372049826e-07
3.718338435566386920e-07
3.667913303124755609e-07
3.615014107418880813e-07
3.559728252795673613e-07
3.502147403691080529e-07
3.442367300426075181e-07
3.380487565034496230e-07
3.316611497497903147e-07
3.250845862785836928e-07
3.183300669123868796e-07
3.114088937933344615e-07
3.043326465909079609e-07
2.971131579721370223e-07
2.897624883848421612e-07
2.822929002064315178e-07
2.747168313124755430e-07
2.670468681209618833e-07
2.592957181696500360e-07
2.514761822853941393e-07
2.436011264055169631e-07
2.356834531126039072e-07
2.277360729449425626e-07
2.197718755459767259e-07
2.118037007166131723e-07
2.038443094351240986e-07
1.959063549096677195e-07
1.880023537289086457e-07
1.801446571763206308e-07
1.723454227739027377e-07
1.646165861208816118e-07
1.569698330926696248e-07
1.494165724651104530e-07
1.419679090283227488e-07
1.346346172538889421e-07
1.274271155782207817e-07
1.203554413639850192e-07
1.134292266002802212e-07
1.066576744011343922e-07
1.000495363602439432e-07
9.361309081850043212e-08
8.735612209907625008e-08
8.128590076303882951e-08
7.540916493650188407e-08
6.973210275821278595e-08
6.426033599426728988e-08
5.899890486438936730e-08
5.395225412163302517e-08
4.912422042493728636e-08
4.451802104125007315e-08
4.013624391118297187e-08
3.598083910928899646e-08
3.205311172720500429e-08
2.835371620473536334e-08
2.488265213099427737e-08
2.163926153446678480e-08
1.862222767769585006e-08
1.582957536888377860e-08
1.325867279959355131e-08
1.090623491408304337e-08
8.768328312618261324e-09
6.840377687552237072e-09
5.117173787581844753e-09
3.592882901997074352e-09
2.261057853483495977e-09
1.114650484283916012e-09
1.460256173624087468e-10
-6.530235294581867657e-10
-1.291258501693969614e-09
-1.777977367441678395e-09
-2.122995109766640088e-09
-2.336622687511093703e-09
-2.429644803168073805e-09
-2.413296419452810209e-09
-2.299238069468806839e-09
-2.099530008228264669e-09
-1.826605256315535245e-09
-1.493241589174837248e-09
-1.112532528425483400e-09
-6.978573939841817630e-10
-2.628504784738815433e-10
1.786305923193204226e-10
6.125372469444330624e-10
1.024663035543777194e-09
1.400677306781580833e-09
1.726159422455962378e-09
1.986633436152506087e-09
2.167603160776432518e-09
2.254587548359483929e-09
2.233156304436640114e-09
2.088965658116969426e-09
1.807794208202922365e-09
1.375578764951910924e-09
7.784501065295867037e-10
2.768568924298041094e-12
-9.648406121475889422e-10
-2.137452288783938582e-09
-3.527806799111862230e-09
-5.148275857069263618e-09
-7.010829014027522353e-09
-9.127000771865309172e-09
-1.150785842609356536e-08
-1.416397071661253052e-08
-1.710537736229208951e-08
-2.034155955421409032e-08
-2.388141148067022280e-08
-2.773321295525119247e-08
-3.190460321734612242e-08
-3.640255597222967662e-08
-4.123335573556650840e-08
-4.640257554469141443e-08
-5.191505609641561962e-08
-5.777488636821317923e-08
-6.398538577687344036e-08
-7.054908792543982578e-08
-7.746772598618216749e-08
-8.474221976393804143e-08
-9.237266448072972579e-08
-1.003583213189491222e-07
-1.086976097567553248e-07
-1.173881017255236501e-07
-1.264265176153077808e-07
-1.358087241503254518e-07
-1.455297341524193385e-07
-1.555837082063716085e-07
-1.659639582367576693e-07
-1.766629530018197841e-07
-1.876723255055979654e-07
-1.989828823252618143e-07
-2.105846148462672084e-07
-2.224667123936723169e-07
-2.346175772435969259e-07
-2.470248414945031640e-07
-2.596753857736759711e-07
-2.725553597500251222e-07
-2.856502044200502749e-07
-2.989446761296746268e-07
-3.124228722904681680e-07
-3.260682587447569893e-07
-3.398636987300734681e-07
-3.537914833895155916e-07
-3.678333637707916727e-07
-3.819705842529387281e-07
-3.961839173361912009e-07
-4.104536997269348429e-07
-4.247598696462618405e-07
-4.390820052876604941e-07
-4.533993643461006195e-07
-4.676909245377925914e-07
-4.819354250274022177e-07
-4.961114086767422529e-07
-5.101972650265728340e-07
-5.241712739209618506e-07
-5.380116496815625044e-07
-5.516965857373858526e-07
-5.652042996139388332e-07
-5.785130781842167011e-07
-5.916013230827552365e-07
-6.044475961829903021e-07
-6.170306650373311148e-07
-6.293295481788014416e-07
-6.413235601827250424e-07
-6.529923563868512191e-07
-6.643159771683830298e-07
-6.752748916766680377e-07
-6.858500409209655860e-07
-6.960228801134088969e-07
-7.057754201683658706e-07
-7.150902682605354751e-07
-7.239506673457871767e-07
-7.323405345502635556e-07
-7.402444983352969078e-07
-7.476479343478525800e-07
-7.545369998684209511e-07
-7.608986667711558640e-07
-7.667207529134942236e-07
-7.719919518757773307e-07
-7.767018609743654885e-07
-7.808410074753145462e-07
-7.844008729390683142e-07
-7.873739156305258231e-07
-7.897535909326624070e-07
-7.915343697059889525e-07
-7.927117545404680256e-07
-7.932822938506935324e-07
-7.932435937699389053e-07
-7.925943278030797772e-07
-7.913342442033551097e-07
-7.894641710427226140e-07
-7.869860189506198251e-07
-7.839027815009161752e-07
-7.802185332321608848e-07
-7.759384252912286705e-07
-7.710686786959823069e-07
-7.656165752176797510e-07
-7.595904458893760851e-07
-7.529996571517658108e-07
-7.458545946535037730e-07
-7.381666447281930607e-07
-7.299481735757480257e-07
-7.212125041811235051e-07
-7.119738910086220228e-07
-7.022474925153641071e-07
-6.920493415325513702e-07
-6.813963135682743179e-07
-6.703060930906653878e-07
-6.587971378551093406e-07
-6.468886413438614799e-07
-6.346004933913281825e-07
-6.219532390725836603e-07
-6.089680359371564043e-07
-5.956666096744229526e-07
-5.820712083008434032e-07
-5.682045549632573240e-07
-5.540897994561614072e-07
-5.397504685542621528e-07
-5.252104152650531785e-07
-5.104937671090897640e-07
-4.956248735385042488e-07
-4.806282526070620498e-07
-4.655285370071535113e-07
-4.503504195915769066e-07
-4.351185984995496361e-07
-4.198577220082264343e-07
-4.045923332321773336e-07
-3.893468147945736682e-07
-3.741453335944162331e-07
-3.590117857948306772e-07
-3.439697421577920665e-07
-3.290423938503383201e-07
-3.142524988473520740e-07
-2.996223290552554103e-07
-2.851736182800458217e-07
-2.709275111621672921e-07
-2.569045131989460596e-07
-2.431244419740522465e-07
-2.296063797110126079e-07
-2.163686272658096528e-07
-2.034286596711203459e-07
-1.908030833416052390e-07
-1.785075950470193144e-07
-1.665569427562767304e-07
-1.549648884521629184e-07
-1.437441730125510022e-07
-1.329064832499198413e-07
-1.224624211966106079e-07
-1.124214757188867758e-07
-1.027919965380119390e-07
-9.358117073162810022e-08
-8.479500178374701586e-08
-7.643829124611648329e-08
-6.851462306846044271e-08
-6.102635064927868537e-08
-5.397458665329247662e-08
-4.735919563533771519e-08
-4.117878950494669731e-08
-3.543072585922567860e-08
-3.011110920554564961e-08
-2.521479508936113416e-08
-2.073539713568845201e-08
-1.666529700655134263e-08
-1.299565727017340333e-08
-9.716437170813032525e-09
-6.816411282039351299e-09
-4.283191019186258143e-09
-2.103248980470178307e-09
-2.619460795434251205e-10
1.256438574122642422e-09
2.468675097296166492e-09
3.392547613761807051e-09
4.046816456842710165e-09
4.451177862475066573e-09
4.626221227916265113e-09
4.593384017111768851e-09
4.374904399511560204e-09
3.993771714644289012e-09
3.473674860534029249e-09
2.838948708898967024e-09
2.114518655631168751e-09
1.325843419514136833e-09
4.988562070839956526e-10
-3.400956342539479575e-10
-1.164312348315465924e-09
-1.946804757311450885e-09
-2.660358369960586581e-09
-3.277598473359182475e-09
-3.771056068028490771e-09
-4.113234503044696800e-09
-4.276676665388672413e-09
-4.234032575764381166e-09
-3.958127240908610721e-09
-3.422028611225767756e-09
-2.599115491094160998e-09
-1.463145248454343122e-09
1.167883032897115964e-11
1.850640694558515949e-09
4.078445346250000558e-09
6.719153473788175621e-09
9.796117054908824525e-09
1.333191608064678402e-08
1.734829655029272132e-08
2.186610988559501592e-08
2.690525391018365701e-08
3.248461553777826922e-08
3.862201530964462808e-08
4.533415391875025410e-08
5.263656085444755154e-08
6.054354529761030004e-08
6.906814939204020453e-08
7.822210401345191947e-08
8.801578715252669890e-08
9.845818502345061339e-08
1.095568560040624230e-07
1.213178975079945884e-07
1.337459158833671085e-07
1.468439994264249838e-07
1.606136945921420059e-07
1.750549854771645759e-07
1.901662766437084378e-07
2.059443793459482993e-07
2.223845012132571201e-07
2.394802394372984850e-07
2.572235775024067154e-07
2.756048854910696722e-07
2.946129239885147442e-07
3.142348516025020494e-07
3.344562361064882374e-07
3.552610692062158681e-07
3.766317849217528118e-07
3.985492815687605659e-07
4.209929473147317770e-07
4.439406892777146292e-07
4.673689661268623911e-07
4.912528241361529579e-07
5.155659366344827133e-07
5.402806467874126592e-07
5.653680136379380250e-07
5.907978613258989897e-07
6.165388313980202344e-07
6.425584381130393026e-07
6.688231266390789340e-07
6.952983340332419443e-07
7.219485528865230702e-07
7.487373975103164401e-07
7.756276725343336254e-07
8.025814437795400626e-07
8.295601112636677019e-07
8.565244841911523168e-07
8.834348577740464541e-07
9.102510917251675925e-07
9.369326902601794873e-07
9.634388834406621952e-07
9.897287096863064184e-07
1.015761099280466903e-06
1.041494958690095136e-06
1.066889255518027342e-06
1.091903103902920615e-06
1.116495850180151632e-06
1.140627158614924298e-06
1.164257097017752251e-06
1.187346222051256513e-06
1.209855664036981620e-06
1.231747211070050733e-06
1.252983392251576418e-06
1.273527559847224888e-06
1.293343970182993224e-06
1.312397863090683244e-06
1.330655539717235520e-06
1.348084438514945783e-06
1.364653209232279332e-06
1.380331784728299719e-06
1.395091450437945150e-06
1.408904911318849774e-06
1.421746356115612055e-06
1.433591518782156009e-06
1.444417736908056436e-06
1.454204007000876059e-06
1.462931036482249034e-06
1.470581292262151885e-06
1.477139045762798784e-06
1.482590414270326710e-06
1.486923398500452126e-06
1.490127916271673298e-06
1.492195832187866828e-06
1.493120983240491855e-06
1.492899200249163626e-06
1.491528325068182315e-06
1.489008223495885410e-06
1.485340793832611208e-06
1.480529971042803365e-06
1.474581726486406156e-06
1.467504063194039313e-06
1.459307006670934746e-06
1.450002591224037954e-06
1.439604841817002491e-06
1.428129751467729860e-06
1.415595254213427513e-06
1.402021193677979349e-06
1.387429287286814976e-06
1.371843086184325545e-06
1.355287930918954955e-06
1.337790902970990032e-06
1.319380772207868391e-06
1.300087940361483098e-06
1.279944380631461016e-06
1.258983573527851827e-06
1.237240439075496931e-06
1.214751265511652930e-06
1.191553634616785781e-06
1.167686343827013500e-06
1.143189325284758972e-06
1.118103561992069168e-06
1.092471001238247147e-06
1.066334465481064148e-06
1.039737560867145805e-06
1.012724583583839462e-06
9.853404242406846340e-07
9.576304704843520116e-07
9.296405080559108927e-07
9.014166205042262221e-07
8.730050877734687436e-07
8.444522838862405582e-07
8.158045739479095466e-07
7.871082106995298659e-07
7.584092308501624551e-07
7.297533514203280953e-07
7.011858663303100599e-07
6.727515434674228742e-07
6.444945224669216859e-07
6.164582134408210178e-07
5.886851968881358065e-07
5.612171250189596601e-07
5.340946247225881157e-07
5.073572024080598955e-07
4.810431509420260675e-07
4.551894589059566165e-07
4.298317223905151481e-07
4.050040595404609595e-07
3.807390280587439331e-07
3.570675458727758092e-07
3.340188151600012005e-07
3.116202499236222326e-07
2.898974073023411967e-07
2.688739227906909470e-07
2.485714495387840229e-07
2.290096018921002542e-07
2.102059033235833828e-07
1.921757389007599714e-07
1.749323124221059400e-07
1.584866083462916220e-07
1.428473586286488583e-07
1.280210145682695370e-07
1.140117237590053425e-07
1.008213122263954626e-07
8.844927182132117327e-08
7.689275293034107226e-08
6.614656255039573843e-08
5.620316776428794047e-08
4.705270464126551257e-08
3.868299257501305479e-08
3.107955405922626534e-08
2.422563988886989512e-08
1.810225976275138104e-08
1.268821825090990210e-08
7.960156078214828696e-09
3.892596662982595730e-09
4.579978376703815807e-10
-2.373191333683680197e-09
-4.632468738302365236e-09
-6.353212506785394613e-09
-7.570609534877931588e-09
-8.321579367356700106e-09
-8.644693586491651491e-09
-8.580090859761629291e-09
-8.169387811459755010e-09
-7.455585893172161125e-09
-6.482974438700584797e-09
-5.297030097821414601e-09
-3.944312853552293307e-09
-2.472358835751470644e-09
-9.295701526420604466e-10
6.348980299032532267e-10
2.171252924255372866e-09
3.629181827717441585e-09
4.957971848956223553e-09
6.106631397347591254e-09
7.024013172423914937e-09
7.658938386053345611e-09
7.960321945086618993e-09
7.877298318865442839e-09
7.359347812158486234e-09
6.356422961988946487e-09
4.819074774212402729e-09
2.698578514699144179e-09
-5.294123099118657147e-11
-3.482386515886254432e-09
-7.635563293577765862e-09
-1.255706026857186711e-08
-1.829012961828574920e-08
-2.487656986702100569e-08
-3.235661118975973394e-08
-4.076880341966986479e-08
-5.014990702899823503e-08
-6.053478734812160845e-08
-7.195631228204954995e-08
-8.444525377738683184e-08
-9.803019328609171445e-08
-1.127374314651282649e-07
-1.285909023429906180e-07
-1.456120921756740344e-07
-1.638199632057625855e-07
-1.832308825284344514e-07
-2.038585562584724777e-07
-2.257139691814518997e-07
-2.488053300613319777e-07
-2.731380227653667892e-07
-2.987145633548513653e-07
-3.255345632783126456e-07
-3.535946987907850631e-07
-3.828886867096152526e-07
-4.134072666041145151e-07
-4.451381895022713962e-07
-4.780662131840515435e-07
-5.121731041162130228e-07
-5.474376460694792750e-07
-5.838356554438175043e-07
-6.213400033131136052e-07
-6.599206441853265234e-07
-6.995446514593811320e-07
-7.401762595448034223e-07
-7.817769125950275940e-07
-8.243053197903125647e-07
-8.677175170909964151e-07
-9.119669353668797532e-07
-9.570044747937285650e-07
-1.002778585393079283e-06
-1.049235353576997224e-06
-1.096318594545150082e-06
-1.143969950367446939e-06
-1.192128993571681404e-06
-1.240733336042171492e-06
-1.289718743022171117e-06
-1.339019252000142059e-06
-1.388567296247642666e-06
-1.438293832764499249e-06
-1.488128474375717923e-06
-1.537999625713497300e-06
-1.587834622807327943e-06
-1.637559875995299107e-06
-1.687101015860474184e-06
-1.736383041887419486e-06
-1.785330473526155249e-06
-1.833867503343010959e-06
-1.881918151931586763e-06
-1.929406424250646911e-06
-1.976256467050618462e-06
-2.022392727045726106e-06
-2.067740109484900776e-06
-2.112224136771704367e-06
-2.155771106780718078e-06
-2.198308250516981319e-06
-2.239763888763617998e-06
-2.280067587363338849e-06
-2.319150310780001431e-06
-2.356944573588241564e-06
-2.393384589541651449e-06
-2.428406417873012928e-06
-2.461948106484265152e-06
-2.493949831689090933e-06
-2.524354034175828202e-06
-2.553105550865741126e-06
-2.580151742348283800e-06
-2.605442615583220061e-06
-2.628930941568155656e-06
-2.650572367679498625e-06
-2.670325524404977807e-06
-2.688152126196837463e-06
-2.704017066186596845e-06
-2.717888504512831512e-06
-2.729737950030722003e-06
-2.739540335179467729e-06
-2.747274083802305423e-06
-2.752921171726756992e-06
-2.756467179928322960e-06
-2.757901340115911042e-06
-2.757216572594115707e-06
-2.754409516273141070e-06
-2.749480550715158875e-06
-2.742433810121897177e-06
-2.733277189187070080e-06
-2.722022340754041524e-06
-2.708684665238190920e-06
-2.693283291791004855e-06
-2.675841051201732131e-06
-2.656384440551049546e-06
-2.634943579649764660e-06
-2.611552159314282581e-06
-2.586247381549258240e-06
-2.559069891726525497e-06
-2.530063702867944888e-06
-2.499276112158163182e-06
-2.466757609831650514e-06
-2.432561780596143129e-06
-2.396745197772628526e-06
-2.359367310349267279e-06
-2.320490323163894737e-06
-2.280179070446240980e-06
-2.238500882967447426e-06
-2.195525449060182831e-06
-2.151324669788157453e-06
-2.105972508558001214e-06
-2.059544835481607734e-06
-2.012119266809526730e-06
-1.963774999769792638e-06
-1.914592643158237136e-06
-1.864654044038046672e-06
-1.814042110917114323e-06
-1.762840633781556872e-06
-1.711134101373413360e-06
-1.659007516107900847e-06
-1.606546207034624802e-06
-1.553835641252261936e-06
-1.500961234193139915e-06
-1.448008159198129688e-06
-1.395061156807048238e-06
-1.342204344192018051e-06
-1.289521025163548332e-06
-1.237093501180476903e-06
-1.185002883794511464e-06
-1.133328908959710200e-06
-1.082149753635189097e-06
-1.031541855106567429e-06
-9.815797334481053271e-07
-9.323358175423614060e-07
-8.838802750690393684e-07
-8.362808468673428053e-07
-7.896026860696039057e-07
-7.439082023940469117e-07
-6.992569119764414704e-07
-6.557052931091900229e-07
-6.133066482455206467e-07
-5.721109726143042769e-07
-5.321648297780090425e-07
-4.935112344527834799e-07
-4.561895428947195161e-07
-4.202353511416928163e-07
-3.856804013832966712e-07
-3.525524967157093482e-07
-3.208754245199174745e-07
-2.906688886844094351e-07
-2.619484508747179829e-07
-2.347254810328315565e-07
-2.090071172699633905e-07
-1.847962352962228416e-07
-1.620914275095506747e-07
-1.408869918464567035e-07
-1.211729304743141314e-07
-1.029349583848181933e-07
-8.615452192526446264e-08
-7.080882728312913046e-08
-5.687087891652185702e-08
-4.430952790121451069e-08
-3.308953014243308621e-08
-2.317161437728330772e-08
-1.451255987140458227e-08
-7.065283690864428065e-09
-7.789374086094950615e-10
4.400986917045786118e-09
8.532541676947115438e-09
1.167719976373382786e-08
1.389972197003246182e-08
1.526801597952772315e-08
1.585298721859573052e-08
1.572838185644405171e-08
1.497062226001157379e-08
1.365863522958753708e-08
1.187367335853615179e-08
9.699129877666468970e-09
7.220347362503752482e-09
4.524420696450681099e-09
1.699994698921829720e-09
-1.162943158569214044e-09
-3.973274511868444565e-09
-6.638965889747971273e-09
-9.067288064828580040e-09
-1.116503849838327227e-08
-1.283876639712739199e-08
-1.399499989243013989e-08
-1.454047484367376552e-08
-1.438236476149991881e-08
-1.342851134075650936e-08
-1.158765508843671335e-08
-8.769665529105179706e-09
-4.885770467134469340e-09
1.512162151623547342e-10
6.426668744827386215e-09
1.402392615107044036e-08
2.302407198102813423e-08
3.350571755291070384e-08
4.554478925559390321e-08
5.921432039857179618e-08
7.458424810864130708e-08
9.172121576192232590e-08
1.106883814302461742e-07
1.315452328107908150e-07
1.543474090962795620e-07
1.791465302303380088e-07
2.059900339791597845e-07
2.349210212357879393e-07
2.659781099577634728e-07
2.991952981219757842e-07
3.346018360631660872e-07
3.722221085437100294e-07
4.120755268830071690e-07
4.541764314544237844e-07
4.985340048365522616e-07
5.451521958836807834e-07
5.940296549576683095e-07
6.451596805404156415e-07
6.985301774214011700e-07
7.541236266310362139e-07
8.119170672649995335e-07
8.718820903192990292e-07
9.339848446295475486e-07
9.981860549819774184e-07
1.064441052436537248e-06
1.132699816875694788e-06
1.202907031765259691e-06
1.275002151086196550e-06
1.348919478369008259e-06
1.424588257734677366e-06
1.501932776818877428e-06
1.580872481428665369e-06
1.661322101753757151e-06
1.743191789927501777e-06
1.826387268706004053e-06
1.910809991007335639e-06
1.996357310027150371e-06
2.082922659621110338e-06
2.170395744620029625e-06
2.258662740718696461e-06
2.347606503556389853e-06
2.437106786583222185e-06
2.527040467284675546e-06
2.617281781315393773e-06
2.707702564071950701e-06
2.798172499215716032e-06
2.888559373637106500e-06
2.978729338335854360e-06
3.068547174674586519e-06
3.157876565447837633e-06
3.246580370194298046e-06
3.334520904166734651e-06
3.421560220362381551e-06
3.507560394005699046e-06
3.592383808866225689e-06
3.675893444786244538e-06
3.757953165786023808e-06
3.838428008109770726e-06
3.917184467570659688e-06
3.994090785551841477e-06
4.069017233018527646e-06
4.141836391897161489e-06
4.212423433179323104e-06
4.280656391111782344e-06
4.346416432838303326e-06
4.409588122865809125e-06
4.470059681734858204e-06
4.527723238283773495e-06
4.582475074905974331e-06
4.634215865213712220e-06
4.682850903532103531e-06
4.728290325665367737e-06
4.770449320391403198e-06
4.809248331159057258e-06
4.844613247481377765e-06
4.876475585538331446e-06
4.904772657523992636e-06
4.929447729295341330e-06
4.950450165904060961e-06
4.967735564617563822e-06
4.981265875061010984e-06
4.991009506139324761e-06
4.996941419425928793e-06
4.999043208733815928e-06
4.997303165613473711e-06
4.991716330553983842e-06
4.982284529692347606e-06
4.969016396870313606e-06
4.951927380907727706e-06
4.931039737996041641e-06
4.906382509147435528e-06
4.877991482668865439e-06
4.845909141664312344e-06
4.810184596602307069e-06
4.770873503016442232e-06
4.728037964450730322e-06
4.681746420780783789e-06
4.632073522087385388e-06
4.579099988288208338e-06
4.522912454766293768e-06
4.463603304268514574e-06
4.401270485378250275e-06
4.336017317899856145e-06
4.267952285522173864e-06
4.197188816161433791e-06
4.123845050411364895e-06
4.048043598559063773e-06
3.969911286653362633e-06
3.889578892138899933e-06
3.807180869596068630e-06
3.722855067152319101e-06
3.636742434153606706e-06
3.548986720708598889e-06
3.459734169738694740e-06
3.369133202188754531e-06
3.277334096069982671e-06
3.184488660026735019e-06
3.090749902132106938e-06
2.996271694633690792e-06
2.901208435383336682e-06
2.805714706694745602e-06
2.709944932384966763e-06
2.614053033760707878e-06
2.518192085320106739e-06
2.422513970942206582e-06
2.327169041341425179e-06
2.232305773564601115e-06
2.138070433307485787e-06
2.044606740825899656e-06
1.952055541212163008e-06
1.860554479801726600e-06
1.770237683467246681e-06
1.681235448548616824e-06
1.593673936155330371e-06
1.507674875565851045e-06
1.423355276433716416e-06
1.340827150494091002e-06
1.260197243446031535e-06
1.181566777668566407e-06
1.105031206404430833e-06
1.030679980025962985e-06
9.585963249720851068e-07
8.888570359200251356e-07
8.215322817292710031e-07
7.566854256668502547e-07
6.943728603936948673e-07
6.346438581609836833e-07
5.775404366346846614e-07
5.230972407319901624e-07
4.713414408216690417e-07
4.222926476034937413e-07
3.759628439480346143e-07
3.323563339400829893e-07
2.914697093335481332e-07
2.532918335862292187e-07
2.178038436055730723e-07
1.849791692971227293e-07
1.547835709687177204e-07
1.271751946029097019e-07
1.021046449715872818e-07
7.951507652557657728e-08
5.934230195287805490e-08
4.151491825902244880e-08
2.595445018246107432e-08
1.257551071955850934e-08
1.285978492897097973e-09
-8.012808341031972138e-09
-1.542584198833979529e-08
-2.106421909932064111e-08
-2.504489945381729838e-08
-2.749044970512889640e-08
-2.852877267380197130e-08
-2.829282271702925531e-08
-2.692030773345785038e-08
-2.455337839664668896e-08
-2.133830524128908778e-08
-1.742514425770589483e-08
-1.296739167940045026e-08
-8.121628675855940231e-09
-3.047156689702791101e-09
2.094375817003272655e-09
7.139354420429487481e-09
1.192258678635202374e-08
1.627769688559291213e-08
2.003752452505747405e-08
2.303452932901324217e-08
2.510119829080583414e-08
2.607045600125315972e-08
2.577607664981682990e-08
2.405309688430631236e-08
2.073822860860431972e-08
1.567027079162370210e-08
8.690519358315300617e-09
-3.568257686077831400e-10
-1.162425740597302626e-08
-2.526056255423447556e-08
-4.141042947012461971e-08
-6.021406128396937911e-08
-8.180679706788117149e-08
-1.063187412503462264e-07
-1.338744022593699330e-07
-1.645923412616758093e-07
-1.985848318485346541e-07
-2.359575314978696018e-07
-2.768091656248484664e-07
-3.212312250064963939e-07
-3.693076773433048426e-07
-4.211146936936288424e-07
-4.767203904883630745e-07
-5.361845878025364444e-07
-5.995585845299004785e-07
-6.668849510718416949e-07
-7.381973401179615853e-07
-8.135203160582963309e-07
-8.928692035298406496e-07
-9.762499555604346039e-07
-1.063659041732433465e-06
-1.155083356746742064e-06
-1.250500149725378415e-06
-1.349876974545940789e-06
-1.453171661457070544e-06
-1.560332310177970316e-06
-1.671297304638764649e-06
-1.785995349470776778e-06
-1.904345528308654683e-06
-2.026257383917662866e-06
-2.151631020111077517e-06
-2.280357225373513960e-06
-2.412317618057466030e-06
-2.547384812970965219e-06
-2.685422609125414143e-06
-2.826286198364025601e-06
-2.969822394542705923e-06
-3.115869882887168660e-06
-3.264259489102439458e-06
-3.414814467764528518e-06
-3.567350809476816552e-06
-3.721677566229718746e-06
-3.877597194356713241e-06
-4.034905914436953981e-06
-4.193394087453068388e-06
-4.352846606470699532e-06
-4.513043303068155542e-06
-4.673759367705920359e-06
-4.834765783189073778e-06
-4.995829770341828492e-06
-5.156715244979469018e-06
-5.317183285232341060e-06
-5.476992608247301124e-06
-5.635900055264693134e-06
-5.793661084043699251e-06
-5.950030267586260718e-06
-6.104761798088791179e-06
-6.257609995031945811e-06
-6.408329816303975420e-06
-6.556677371237616053e-06
-6.702410434430310452e-06
-6.845288959208787477e-06
-6.985075589591665759e-06
-7.121536169601203382e-06
-7.254440248773236732e-06
-7.383561582715914468e-06
-7.508678627572418377e-06
-7.629575027248510061e-06
-7.746040092275472259e-06
-7.857869269191453151e-06
-7.964864599337449224e-06
-8.066835165982138065e-06
-8.163597528709482841e-06
-8.254976144024849850e-06
-8.340803771159913108e-06
-8.420921862084917620e-06
-8.495180934765109694e-06
-8.563440928731966335e-06
-8.625571542072258210e-06
-8.681452548976491813e-06
-8.730974097026235450e-06
-8.774036983440804612e-06
-8.810552909547711133e-06
-8.840444712785477027e-06
-8.863646575594464881e-06
-8.880104210601170338e-06
-8.889775021549804762e-06
-8.892628239489228277e-06
-8.888645033775070825e-06
-8.877818597502003774e-06
-8.860154207037811451e-06
-8.835669255386972002e-06
-8.804393259169890395e-06
-8.766367839062854455e-06
-8.721646673603070376e-06
-8.670295426323217555e-06
-8.612391646240633898e-06
-8.548024641785999209e-06
-8.477295328319166376e-06
-8.400316049438003222e-06
-8.317210372349200027e-06
-8.228112857628256611e-06
-8.133168803757274482e-06
-8.032533966887182663e-06
-7.926374256330658618e-06
-7.814865406348899226e-06
-7.698192624851309376e-06
-7.576550219685189898e-06
-7.450141203243217573e-06
-7.319176876171917752e-06
-7.183876391014564270e-06
-7.044466296671169199e-06
-6.901180064606687971e-06
-6.754257597784911647e-06
-6.603944723344062368e-06
-6.450492670086255267e-06
-6.294157531872128858e-06
-6.135199718065333526e-06
-5.973883392200291519e-06
-5.810475900078809564e-06
-5.645247188532392646e-06
-5.478469216112848793e-06
-5.310415356999730353e-06
-5.141359799433005771e-06
-4.971576939999787147e-06
-4.801340775118655218e-06
-4.630924291078050824e-06
-4.460598853996356473e-06
-4.290633601075817357e-06
-4.121294834528831825e-06
-3.952845419553393929e-06
-3.785544187733377533e-06
-3.619645347234499694e-06
-3.455397901154405101e-06
-3.293045075379726768e-06
-3.132823757280433961e-06
-2.974963946561088361e-06
-2.819688219561493075e-06
-2.667211208279619188e-06
-2.517739095358802830e-06
-2.371469126255070100e-06
-2.228589139763479314e-06
-2.089277118050234830e-06
-1.953700757297031715e-06
-1.822017060022544346e-06
-1.694371950104593670e-06
-1.570899911478108024e-06
-1.451723651437529722e-06
-1.336953789419122964e-06
-1.226688572089566206e-06
-1.121013615508269202e-06
-1.020001675076900231e-06
-9.237124439300920174e-07
-8.321923803608430701e-07
-7.454745648123012645e-07
-6.635785869054676553e-07
-5.865104629054774371e-07
-5.142625839668251112e-07
-4.468136954276118501e-07
-3.841289073580537357e-07
-3.261597364982445249e-07
-2.728441796529114902e-07
-2.241068185400133199e-07
-1.798589560208766046e-07
-1.399987835699085580e-07
-1.044115797713327164e-07
-7.296993956114343379e-08
-4.553403386197064780e-08
-2.195189919108329865e-08
-2.059756750066402468e-09
1.431763955931940355e-08
2.736662681983279964e-08
3.728422917348563716e-08
4.427772704248437693e-08
4.856420031674480239e-08
5.037004638833482301e-08
4.993047397659277718e-08
4.748897374475803073e-08
4.329676676639992249e-08
3.761223195522671926e-08
3.070031362493855347e-08
2.283191039533220339e-08
1.428324670991406121e-08
5.335228276533581956e-09
-3.727217217104141075e-09
-1.261581271697994684e-08
-2.103961631654200446e-08
-2.870571620336112727e-08
-3.531993454291874445e-08
-4.058753877421836628e-08
-4.421395876787619755e-08
-4.590550827478268568e-08
-4.537010907581481582e-08
-4.231801622867117590e-08
-3.646254279458019369e-08
-2.752078242323815917e-08
-1.521432816553216987e-08
7.300141136121580987e-10
2.057951934860347209e-08
4.459484553353525068e-08
7.302934623906171797e-08
1.061283949831334690e-07
1.441287230349564218e-07
1.872577722127526420e-07
2.357330642099006716e-07
2.897615879581961301e-07
3.495392065060002478e-07
4.152500848544155306e-07
4.870661401574524733e-07
5.651465156516989563e-07
6.496370796365966421e-07
7.406699507801054908e-07
8.383630509731317980e-07
9.428196869058157041e-07
1.054128161478529758e-06
1.172361416106833300e-06
1.297576704913314822e-06
1.429815301739186570e-06
1.569102240839820264e-06
1.715446092059736400e-06
1.868838771212666613e-06
2.029255386317759691e-06
2.196654120269849539e-06
2.370976150439651528e-06
2.552145605630808132e-06
2.740069560729121239e-06
2.934638069306048418e-06
3.135724234352493532e-06
3.343184317235688816e-06
3.556857884887602750e-06
3.776567995148185477e-06
4.002121420100688886e-06
4.233308907151117453e-06
4.469905477516940435e-06
4.711670761705444883e-06
4.958349371475300760e-06
5.209671307691509717e-06
5.465352403397869628e-06
5.725094801349175489e-06
5.988587465162356193e-06
6.255506723165683463e-06
6.525516843944651628e-06
6.798270642507135361e-06
7.073410115913289838e-06
7.350567107143238126e-06
7.629363995903756314e-06
7.909414415006822338e-06
8.190323990886307486e-06
8.471691106756496409e-06
8.753107686855229080e-06
9.034160000158054230e-06
9.314429481894752908e-06
9.593493571150800878e-06
9.870926562787673953e-06
1.014630047187516319e-05
1.041918590878550218e-05
1.068915296306888985e-05
1.095577209419371727e-05
1.121861502721021073e-05
1.147725565137256274e-05
1.173127091973397849e-05
1.198024174771797648e-05
1.222375390865413628e-05
1.246139892426632128e-05
1.269277494809423243e-05
1.291748763983741673e-05
1.313515102861499744e-05
1.334538836314864876e-05
1.354783294689220266e-05
1.374212895615315595e-05
1.392793223927679749e-05
1.410491109499573049e-05
1.427274702807901173e-05
1.443113548046094575e-05
1.457978653606552818e-05
1.471842559759927917e-05
1.484679403363082159e-05
1.496464979433815995e-05
1.507176799436162293e-05
1.516794146126909265e-05
1.525298124820723430e-05
1.532671710938570604e-05
1.538899793712060309e-05
1.543969215923965844e-05
1.547868809573892639e-05
1.550589427366715019e-05
1.552123969930187985e-05
1.552467408677612952e-05
1.551616804241080219e-05
1.549571320410173350e-05
1.546332233521534379e-05
1.541902937254505503e-05
1.536288942798406232e-05
1.529497874367861544e-05
1.521539460052597860e-05
1.512425517999329555e-05
1.502169937933799417e-05
1.490788658041691983e-05
1.478299637238370141e-05
1.464722822867386853e-05
1.450080113879082367e-05
1.434395319550681534e-05
1.417694113820063383e-05
1.400003985315533170e-05
1.381354183174244024e-05
1.361775658751808309e-05
1.341301003335602110e-05
1.319964381983614141e-05
1.297801463620160509e-05
1.274849347528908657e-05
1.251146486392192389e-05
1.226732606034280814e-05
1.201648622034353332e-05
1.175936553382601703e-05
1.149639433360544500e-05
1.122801217833482771e-05
1.095466691149857741e-05
1.067681369848576866e-05
1.039491404381000194e-05
1.010943479059978184e-05
9.820847104532213500e-06
9.529625444426890806e-06
9.236246521758697850e-06
8.941188251384056480e-06
8.644928695803755101e-06
8.347945005315202807e-06
8.050712356420942540e-06
7.753702890882832035e-06
7.457384657815378998e-06
7.162220561218128934e-06
6.868667315347100658e-06
6.577174410313010466e-06
6.288183090293201787e-06
6.002125346712230120e-06
5.719422928730548961e-06
5.440486373352165230e-06
5.165714057424837849e-06
4.895491273766495331e-06
4.630189333606457274e-06
4.370164697482102616e-06
4.115758136670592826e-06
3.867293927178534965e-06
3.625079078246124425e-06
3.389402597250958181e-06
3.160534792822577476e-06
2.938726617900633842e-06
2.724209054384620426e-06
2.517192540939390725e-06
2.317866445425952975e-06
2.126398583338419868e-06
1.942934783526515820e-06
1.767598502384984407e-06
1.600490487590760455e-06
1.441688492358995086e-06
1.291247041086933623e-06
1.149197247141892219e-06
1.015546683438913941e-06
8.902793063429727186e-07
7.733554333136762995e-07
6.647117745965985549e-07
5.642615191483681996e-07
4.718944748644726169e-07
3.874772630634634114e-07
3.108535670574008054e-07
2.418444345260036925e-07
1.802486332866309271e-07
1.258430599387273868e-07
7.838320073994215357e-08
3.760364395138334898e-08
3.218642779280562495e-09
-2.507727208567472654e-08
-4.760863143598916399e-08
-6.471831924529967281e-08
-7.676681843005791387e-08
-8.413141211590151637e-08
-8.720534196077632836e-08
-8.639692518590289548e-08
-8.212863207099644437e-08
-7.483612576720846904e-08
-6.496726637375418871e-08
-5.298108131759390418e-08
-3.934670416056839605e-08
-2.454228403892951534e-08
-9.053868022278674296e-09
6.625741254700947140e-09
2.199815026109375455e-08
3.656055905407700600e-08
4.980696303544467803e-08
6.122936938498706282e-08
7.031902553249286784e-08
7.656765698701390062e-08
7.946871181108492749e-08
7.851860899854328957e-08
7.321798799241844339e-08
6.307295656474580825e-08
4.759633426945629354e-08
2.630888867543606451e-08
-1.259438408656753289e-09
-3.556831750255590692e-08
-7.706583357989786659e-08
-1.261873065016572104e-07
-1.833541324784309871e-07
-2.489726492516292020e-07
-3.234330276484680961e-07
-4.071081921194652125e-07
-5.003527728229866354e-07
-6.035020917632354342e-07
-7.168711854329428355e-07
-8.407538663451252711e-07
-9.754218257686820669e-07
-1.121123779909711605e-06
-1.278084661698035233e-06
-1.446504860255324202e-06
-1.626559510030187510e-06
-1.818397831492053401e-06
-2.022142525175671326e-06
-2.237889220763956869e-06
-2.465705982789083881e-06
-2.705632874418903543e-06
-2.957681580678985594e-06
-3.221835092339061823e-06
-3.498047451569369702e-06
-3.786243560342497664e-06
-4.086319052426606689e-06
-4.398140229679877353e-06
-4.721544063218162534e-06
-5.056338259890083565e-06
-5.402301394347441595e-06
-5.759183106858865338e-06
-6.126704366864171062e-06
-6.504557802123271643e-06
-6.892408093162935144e-06
-7.289892432575424996e-06
-7.696621048576595065e-06
-8.112177792078068415e-06
-8.536120786383711974e-06
-8.967983138469357870e-06
-9.407273710661762537e-06
-9.853477951386058068e-06
-1.030605878350902146e-05
-1.076445754866536871e-05
-1.122809500582222812e-05
-1.169637238219096985e-05
-1.216867247447909280e-05
-1.264436079833997351e-05
-1.312278678375907363e-05
-1.360328501399732921e-05
-1.408517650560004412e-05
-1.456777002687118440e-05
-1.505036345211257144e-05
-1.553224514882918766e-05
-1.601269539501228657e-05
-1.649098782352794180e-05
-1.696639089055883303e-05
-1.743816936497736295e-05
-1.790558583546079238e-05
-1.836790223210270739e-05
-1.882438135922211614e-05
-1.927428843602600162e-05
-1.971689264174693901e-05
-2.015146866184204543e-05
-2.057729823181897704e-05
-2.099367167523934707e-05
-2.139988943243758873e-05
-2.179526357649545873e-05
-2.217911931301581923e-05
-2.255079646025380709e-05
-2.290965090618329603e-05
-2.325505603910689450e-05
-2.358640414845136971e-05
-2.390310779243441376e-05
-2.420460112934276253e-05
-2.449034120921472947e-05
-2.475980922279389125e-05
-2.501251170468892992e-05
-2.524798168776025748e-05
-2.546577980584279407e-05
-2.566549534201182923e-05
-2.584674721970303278e-05
-2.600918493411222480e-05
-2.615248942141911229e-05
-2.627637386350603469e-05
-2.638058442597896684e-05
-2.646490092743741221e-05
-2.652913743808884306e-05
-2.657314280595527434e-05
-2.659680110908323934e-05
-2.660003203232967582e-05
-2.658279116746884002e-05
-2.654507023553942773e-05
-2.648689723053199762e-05
-2.640833648369473002e-05
-2.630948864792603174e-05
-2.619049060190561576e-05
-2.605151527380789682e-05
-2.589277138462813850e-05
-2.571450311134492790e-05
-2.551698967033378331e-05
-2.530054482162803016e-05
-2.506551629482284423e-05
-2.481228513759136642e-05
-2.454126498797399485e-05
-2.425290127177764864e-05
-2.394767032659638446e-05
-2.362607845414246144e-05
-2.328866090273987497e-05
-2.293598078199735496e-05
-2.256862791183890263e-05
-2.218721760821866184e-05
-2.179238940800162338e-05
-2.138480573562723971e-05
-2.096515051431865664e-05
-2.053412772472423670e-05
-2.009245991401065014e-05
-1.964088665854540447e-05
-1.918016298341750238e-05
-1.871105774216210655e-05
-1.823435196014793481e-05
-1.775083714519042646e-05
-1.726131356903854233e-05
-1.676658852346934995e-05
-1.626747455479809850e-05
-1.576478768068317741e-05
-1.525934559316431620e-05
-1.475196585192630026e-05
-1.424346407182702167e-05
-1.373465210876286360e-05
-1.322633624797135598e-05
-1.271931539889017284e-05
-1.221437930069966804e-05
-1.171230674266825539e-05
-1.121386380341531253e-05
-1.071980211317421751e-05
-1.023085714310803040e-05
-9.747746525684639757e-06
-9.271168410058169807e-06
-8.801799856339108432e-06
-8.340295272556649096e-06
-7.887284898027435313e-06
-7.443373336746469395e-06
-7.009138144308171583e-06
-6.585128471749136590e-06
-6.171863769575665096e-06
-5.769832555109291650e-06
-5.379491246141056950e-06
-5.001263063738376651e-06
-4.635537006894615560e-06
-4.282666901558269028e-06
-3.942970526407434923e-06
-3.616728817582482810e-06
-3.304185154405759480e-06
-3.005544727958598198e-06
-2.720973994201241239e-06
-2.450600213156660986e-06
-2.194511075486110048e-06
-1.952754417623350916e-06
-1.725338026438557346e-06
-1.512229534230721067e-06
-1.313356404660285086e-06
-1.128606010050892146e-06
-9.578258003038471882e-07
-8.008235634808370472e-07
-6.573677779218143617e-07
-5.271880555779354337e-07
-4.099756760412496117e-07
-3.053842105696788090e-07
-2.130302351968849483e-07
-1.324941318386329154e-07
-6.332097609070287606e-08
-5.021510233588779287e-09
4.292680024945620604e-08
8.107862853251949734e-08
1.100195687623901589e-07
1.303648411144645868e-07
1.427579220570889306e-07
1.478691024873970895e-07
1.463939765821596296e-07
1.390518643882099993e-07
1.265841713535665890e-07
1.097526881636492370e-07
8.933783440940175054e-08
6.613684976059838343e-08
4.096193646687090798e-08
1.463835713401726979e-08
-1.199750815350610149e-08
-3.810014117745461905e-08
-6.281689711914584758e-08
-8.529004390811309052e-08
-1.046588249377622406e-07
-1.200615406369016546e-07
-1.306376443258337892e-07
-1.355298477482085785e-07
-1.338862316365925376e-07
-1.248623566456240147e-07
-1.076233699804174080e-07
-8.134610304047277844e-08
-4.522115541550408278e-08
1.545039419649953474e-09
5.972817133314912463e-08
1.300840382775352893e-07
2.133465630891802221e-07
3.102258468415122630e-07
4.214062631908886249e-07
5.475445980842364155e-07
6.892682391300239995e-07
8.471734188499310103e-07
1.021823515942808411e-06
1.213747418599000713e-06
1.423437953798686350e-06
1.651350386420439624e-06
1.897900991868943323e-06
2.163465705804346848e-06
2.448378854424717020e-06
2.752931968611047729e-06
3.077372685095712056e-06
3.421903737656681893e-06
3.786682041176171487e-06
4.171817871224833616e-06
4.577374141653846442e-06
5.003365782483794720e-06
5.449759220181233486e-06
5.916471962208357991e-06
6.403372287515608777e-06
6.910279044427745221e-06
7.436961557143847689e-06
7.983139641842061681e-06
8.548483733134440801e-06
9.132615121380658862e-06
9.735106301112364917e-06
1.035548143057541148e-05
1.099321690213623567e-05
1.164774202304571687e-05
1.231843980579229932e-05
1.300464786701886688e-05
1.370565943371842585e-05
1.442072445516541552e-05
1.514905081878558625e-05
1.588980566791078002e-05
1.664211681911899500e-05
1.740507427661198796e-05
1.817773184084230727e-05
1.895910880836968251e-05
1.974819175969410321e-05
2.054393643159554172e-05
2.134526967029436501e-05
2.215109146154237534e-05
2.296027703355826439e-05
2.377167902853433160e-05
2.458412973826368803e-05
2.539644339927165368e-05
2.620741854267757186e-05
2.701584039386977754e-05
2.782048331693991425e-05
2.862011329870232622e-05
2.941349046701061411e-05
3.019937163798713515e-05
3.097651288667800261e-05
3.174367213560147310e-05
3.249961175555211477e-05
3.324310117299160861e-05
3.397291947830759256e-05
3.468785802919222022e-05
3.538672304336171800e-05
3.606833817483415857e-05
3.673154706797651583e-05
3.737521588354563253e-05
3.799823579096174521e-05
3.859952542108817625e-05
3.917803327382766624e-05
3.973274007490341085e-05
4.026266107624280768e-05
4.076684829447225979e-05
4.124439268210129976e-05
4.169442622608050982e-05
4.211612396852659399e-05
4.250870594452884721e-05
4.287143903208828218e-05
4.320363870939422494e-05
4.350467071480688426e-05
4.377395260509420828e-05
4.401095520766984545e-05
4.421520396278871850e-05
4.438628015188573751e-05
4.452382200848530741e-05
4.462752570836856576e-05
4.469714623595627594e-05
4.473249812416024452e-05
4.473345606524654900e-05
4.469995539057723173e-05
4.463199241741480102e-05
4.452962466131316766e-05
4.439297091295571018e-05
4.422221117864740209e-05
4.401758648402962398e-05
4.377939854092269148e-05
4.350800927757114721e-05
4.320384023290359173e-05
4.286737181577209477e-05
4.249914243047412689e-05
4.209974747019357404e-05
4.166983818031081322e-05
4.121012039385700011e-05
4.072135314167160442e-05
4.020434714011652811e-05
3.965996315947402552e-05
3.908911027640605347e-05
3.849274401410714938e-05
3.787186437401418826e-05
3.722751376314903610e-05
3.656077482139603098e-05
3.587276815319585501e-05
3.516464996834812247e-05
3.443760963677850736e-05
3.369286716232234501e-05
3.293167058073051144e-05
3.215529328728508265e-05
3.136503129956581262e-05
3.056220046107466351e-05
2.974813359158637151e-05
2.892417759023900581e-05
2.809169049754320271e-05
2.725203852262342462e-05
2.640659304216059035e-05
2.555672757762410914e-05
2.470381475752358471e-05
2.384922327150990420e-05
2.299431482326460578e-05
2.214044108919474568e-05
2.128894069001932210e-05
2.044113618237246326e-05
1.959833107756699116e-05
1.876180689466419528e-05
1.793282025494831485e-05
1.711260002485317261e-05
1.630234451429476162e-05
1.550321873723285927e-05
1.471635174114968808e-05
1.394283401194576434e-05
1.318371496054583876e-05
1.244000049729060844e-05
1.171265069992655038e-05
1.100257758074429876e-05
1.031064295812690606e-05
9.637656437476422485e-06
8.984373506179341585e-06
8.351493746960390914e-06
7.739659173668331666e-06
7.149452693222975634e-06
6.581396697154450933e-06
6.035951785860735622e-06
5.513515628434821151e-06
5.014421960620244793e-06
4.538939723199674530e-06
4.087272342861410130e-06
3.659557157333906309e-06
3.255864986361746034e-06
2.876199849841623234e-06
2.520498834231486114e-06
2.188632108103546497e-06
1.880403087505071246e-06
1.595548751538612302e-06
1.333740108359463894e-06
1.094582811522266199e-06
8.776179263573636111e-07
6.823228457871625227e-07
5.081123546835074971e-07
3.543398415967303049e-07
2.202986563152242666e-07
1.052236114163458317e-07
8.292625585742000254e-09
-7.137149387905922259e-08
-1.346991323374009199e-07
-1.826718162133279249e-07
-2.163200322776924240e-07
-2.367209219527641763e-07
-2.449958551648163416e-07
-2.423078886618063952e-07
-2.298591140678914480e-07
-2.088879013158741460e-07
-1.806660434150588315e-07
-1.464958088270693158e-07
-1.077069079988742635e-07
-6.565338085874161705e-08
-2.171041229093452856e-08
2.272891719895066976e-08
6.625693826411500664e-08
1.074547494562129060e-07
1.448956163420241345e-07
1.771484053585831719e-07
2.027810447238945484e-07
2.203640047186561193e-07
2.284737896549028863e-07
2.256964338837336347e-07
2.106309942425401619e-07
1.818930313866159659e-07
1.381180725328922660e-07
7.796504820781034768e-08
1.196956755007073159e-10
-9.670207819701626993e-08
-2.137508817960162963e-07
-3.522405784145006700e-07
-5.133450876901794852e-07
-6.981952557341338163e-07
-9.078758007680813357e-07
-1.143422341000486805e-06
-1.405818511379943269e-06
-1.695993175769063629e-06
-2.014817740977606192e-06
-2.363103578981323602e-06
-2.741599563529166829e-06
-3.150989727205502571e-06
-3.591891044862047017e-06
-4.064851349163075285e-06
-4.570347383803230897e-06
-5.108782999747850429e-06
-5.680487499617510464e-06
-6.285714135092212182e-06
-6.924638761933410878e-06
-7.597358656940599852e-06
-8.303891500833665391e-06
-9.044174530731896065e-06
-9.818063865536978829e-06
-1.062533400717116667e-05
-1.146567752022351924e-05
-1.233870489216900391e-05
-1.324394457590601605e-05
-1.418084321594110823e-05
-1.514876605911408214e-05
-1.614699755032273517e-05
-1.717474211326188295e-05
-1.823112511574461351e-05
-1.931519401872767611e-05
-2.042591970771244871e-05
-2.156219800474654854e-05
-2.272285135880872133e-05
-2.390663071191342261e-05
-2.511221753784097780e-05
-2.633822604996375539e-05
-2.758320557422092538e-05
-2.884564308287302056e-05
-3.012396588426861303e-05
-3.141654446345200374e-05
-3.272169546806615975e-05
-3.403768483362685241e-05
-3.536273104188909712e-05
-3.669500850569016416e-05
-3.803265107332133208e-05
-3.937375564517910320e-05
-4.071638589515959170e-05
-4.205857608898789753e-05
-4.339833499143176362e-05
-4.473364985412708753e-05
-4.606249047553608137e-05
-4.738281332438288028e-05
-4.869256571775841926e-05
-4.998969004495356261e-05
-5.127212802796156371e-05
-5.253782500951299864e-05
-5.378473425943421798e-05
-5.501082129006048594e-05
-5.621406817142144384e-05
-5.739247783688054610e-05
-5.854407836991847226e-05
-5.966692726275658296e-05
-6.075911563752884139e-05
-6.181877242074739604e-05
-6.284406846183019572e-05
-6.383322058650625185e-05
-6.478449557595671786e-05
-6.569621406259425883e-05
-6.656675433345415243e-05
-6.739455603221641681e-05
-6.817812375093271573e-05
-6.891603050270321649e-05
-6.960692106650402959e-05
-7.024951519558328200e-05
-7.084261068094463887e-05
-7.138508626158876871e-05
-7.187590437337489297e-05
-7.231411372858645686e-05
-7.269885171853563896e-05
-7.302934663185309857e-05
-7.330491968143249232e-05
-7.352498683341417531e-05
-7.368906043201038062e-05
-7.379675061448102177e-05
-7.384776651109264825e-05
-7.384191722549230861e-05
-7.377911259155329484e-05
-7.365936370341075255e-05
-7.348278321613598842e-05
-7.324958541519662782e-05
-7.296008605363967056e-05
-7.261470195666234529e-05
-7.221395039403123641e-05
-7.175844822154890624e-05
-7.124891079351354539e-05
-7.068615064883109074e-05
-7.007107597410992469e-05
-6.940468884770476324e-05
-6.868808326925099524e-05
-6.792244297975768424e-05
-6.710903907779102210e-05
-6.624922743767432077e-05
-6.534444593597375176e-05
-6.439621149282344218e-05
-6.340611693485150014e-05
-6.237582768666886197e-05
-6.130707829798697796e-05
-6.020166881356970695e-05
-5.906146099327735385e-05
-5.788837438955659356e-05
-5.668438228980215141e-05
-5.545150753110339518e-05
-5.419181819501439547e-05
-5.290742319013265617e-05
-5.160046773046449473e-05
-5.027312871779886867e-05
-4.892761003659801305e-05
-4.756613777025376066e-05
-4.619095534795840624e-05
-4.480431863185232110e-05
-4.340849095459289972e-05
-4.200573811797985883e-05
-4.059832336374125366e-05
-3.918850232813238287e-05
-3.777851799241744251e-05
-3.637059564176725189e-05
-3.496693784548073579e-05
-3.356971947173109682e-05
-3.218108275025852503e-05
-3.080313239654646086e-05
-2.943793081101261729e-05
-2.808749336663990786e-05
-2.675378379820245132e-05
-2.543870970591466854e-05
-2.414411818580627288e-05
-2.287179159855808749e-05
-2.162344348781192706e-05
-2.040071465820606511e-05
-1.920516942253174927e-05
-1.803829202651018767e-05
-1.690148325878129210e-05
-1.579605725278745412e-05
-1.472323848631792786e-05
-1.368415898367169137e-05
-1.267985572458538557e-05
-1.171126826338970437e-05
-1.077923656124925387e-05
-9.884499033849520857e-06
-9.027690816505894362e-06
-8.209342248383840872e-06
-7.429877577377524366e-06
-6.689613887084657082e-06
-5.988760247359926801e-06
-5.327417089987581617e-06
-4.705575811139142868e-06
-4.123118602432030738e-06
-3.579818512546941706e-06
-3.075339741472096852e-06
-2.609238169521942349e-06
-2.180962123257088357e-06
-1.789853380352466167e-06
-1.435148415234032666e-06
-1.115979886998477649e-06
-8.313783706617803703e-07
-5.802743322032879456e-07
-3.615003471680942071e-07
-1.737935617462667547e-07
-1.579839432797204072e-08
1.139305255005941296e-07
2.169251846497050261e-07
2.948007861621883452e-07
3.492521272043585242e-07
3.820497629903510742e-07
3.950359652921889880e-07
3.901204852711279550e-07
3.692761313118406086e-07
3.345341734149699793e-07
2.879795864332014440e-07
2.317461450385428968e-07
1.680113837993732830e-07
9.899143601075195449e-08
2.693576514079622027e-08
-4.587819722390681566e-08
-1.171504931563289319e-07
-1.845641463007518967e-07
-2.457907226272322959e-07
-2.984959311258933318e-07
-3.403452519487688886e-07
-3.690095799658729949e-07
-3.821708721850842431e-07
-3.775277879116202541e-07
-3.528013109687816746e-07
-3.057403436738783531e-07
-2.341272625679250695e-07
-1.357834261645357289e-07
-8.574625137307927103e-09
1.495835345207393404e-07
3.407203248276290176e-07
5.668046751296569590e-07
8.297400470081940666e-07
1.131359414548820843e-06
1.473420359910933113e-06
1.857600294358139525e-06
2.285491815116518731e-06
2.758598208613561024e-06
3.278329110822710345e-06
3.845996335546616667e-06
4.462809881540420172e-06
5.129874129350905705e-06
5.848184238673294600e-06
6.618622756833069187e-06
7.441956448754921134e-06
8.318833358414140630e-06
9.249780111343166398e-06
1.023519946723813795e-05
1.127536813113033400e-05
1.237043483092404656e-05
1.352041866840997636e-05
1.472520775009961320e-05
1.598455810345439970e-05
1.729809288329093225e-05
1.866530187232220525e-05
2.008554127900537330e-05
2.155803383506574682e-05
2.308186919428588366e-05
2.465600463340422455e-05
2.627926605522987999e-05
2.795034929338237000e-05
2.966782171739022961e-05
3.143012413622642661e-05
3.323557299773784965e-05
3.508236288079998088e-05
3.696856927644053117e-05
3.889215165356071458e-05
4.085095680430530401e-05
4.284272246351790523e-05
4.486508119610970949e-05
4.691556454555469375e-05
4.899160743607459034e-05
5.109055282044136812e-05
5.320965656464776781e-05
5.534609256003921796e-05
5.749695805281451717e-05
5.965927918013501634e-05
6.183001670142687200e-05
6.400607191281203277e-05
6.618429273200069664e-05
6.836147994040758444e-05
7.053439356873505571e-05
7.269975941180637793e-05
7.485427565804710060e-05
7.699461961868526018e-05
7.911745454151935435e-05
8.121943649393719583e-05
8.329722129979669676e-05
8.534747151479692802e-05
8.736686342503734918e-05
8.935209405361849828e-05
9.129988816033569020e-05
9.320700521977387651e-05
9.507024636337262384e-05
9.688646127134006045e-05
9.865255500056646339e-05
1.003654947349603478e-04
1.020223164448881358e-04
1.036201314425429400e-04
1.051561328202477006e-04
1.066276017587330607e-04
1.080319136924137713e-04
1.093665443186417373e-04
1.106290754377124198e-04
1.118172006102328969e-04
1.129287306181529598e-04
1.139615987154983100e-04
1.149138656545119826e-04
1.157837244726112416e-04
1.165695050253378755e-04
1.172696782502536544e-04
1.178828601466627653e-04
1.184078154560930110e-04
1.188434610286370064e-04
1.191888688606586164e-04
1.194432687899285079e-04
1.196060508350776903e-04
1.196767671672581976e-04
1.196551337031744868e-04
1.195410313101369912e-04
1.193345066153814475e-04
1.190357724140220946e-04
1.186452076716793593e-04
1.181633571202496321e-04
1.175909304473851045e-04
1.169288010824913465e-04
1.161780045842843932e-04
1.153397366370266335e-04
1.144153506645792235e-04
1.134063550731425241e-04
1.123144101351391031e-04
1.111413245279135333e-04
1.098890515418859167e-04
1.085596849733998069e-04
1.071554547177649606e-04
1.056787220779282935e-04
1.041319748038011791e-04
1.025178218765990257e-04
1.008389880516111220e-04
9.909830817169006296e-05
9.729872126252334195e-05
9.544326441943388627e-05
9.353506649419836305e-05
9.157734158920114646e-05
8.957338236525258328e-05
8.752655316869239967e-05
8.544028298296069493e-05
8.331805820981063313e-05
8.116341528568086605e-05
7.897993313956475417e-05
7.677122549992100998e-05
7.454093305981819865e-05
7.229271551151236254e-05
7.003024346398099603e-05
6.775719025949614128e-05
6.547722370803332281e-05
6.319399776107763301e-05
6.091114414906725552e-05
5.863226400925194358e-05
5.636091953295010450e-05
5.410062566304388272e-05
5.185484187385542708e-05
4.962696406636038889e-05
4.742031661179460587e-05
4.523814457619721520e-05
4.308360615724111437e-05
4.095976536280103474e-05
3.886958495827122370e-05
3.681591970657634437e-05
3.480150992135530439e-05
3.282897534999189813e-05
3.090080939910911620e-05
2.901937371108883636e-05
2.718689309616908816e-05
2.540545082089253726e-05
2.367698425031178170e-05
2.200328083844471267e-05
2.038597445919354865e-05
1.882654206835405618e-05
1.732630068648288393e-05
1.588640469230380079e-05
1.450784341700879864e-05
1.319143903119387594e-05
1.193784471818079080e-05
1.074754313001938052e-05
9.620845125437804614e-06
8.557888792191121810e-06
7.558638759558782160e-06
6.622885809977847258e-06
5.750246801752769469e-06
4.940164917380973658e-06
4.191910254052725023e-06
3.504580774273530028e-06
2.877103635137830159e-06
2.308236914629964718e-06
1.796571752225541053e-06
1.340534919229611418e-06
9.383918315750899477e-07
5.882500144464743367e-07
2.880630240788731250e-07
3.563482763396690703e-08
-1.713753627388706786e-07
-3.354478104570497663e-07
-4.591965433990158758e-07
-5.453632295629484941e-07
-5.968106622537276352e-07
-6.165158814162835053e-07
-6.075629609501875969e-07
-5.731354943017824555e-07
-5.165088123314003065e-07
-4.410419683009302947e-07
-3.501695248548130362e-07
-2.473931770671845133e-07
-1.362732441572860811e-07
-2.042006029398251374e-08
9.651470776664994101e-08
2.108467914836775627e-07
3.188680784061794152e-07
4.168553790949991998e-07
5.010791884216818567e-07
5.678124296706714467e-07
6.133391726727691788e-07
6.339633195150079065e-07
6.260172531744995119e-07
5.858704456193113331e-07
5.099380224717039103e-07
3.946892812789663125e-07
2.366561597119482580e-07
3.244164878323640483e-08
-2.212718555851919033e-07
-5.277142714797223376e-07
-8.900196316393612306e-07
-1.311217979723189252e-06
-1.794227378749196100e-06
-2.341846050854340023e-06
-2.956744669927754063e-06
-3.641458830811216307e-06
-4.398381720464029075e-06
-5.229757017782041517e-06
-6.137672049511771645e-06
-7.124051229921552485e-06
-8.190649811537728214e-06
-9.339047973400815280e-06
-1.057064527188211246e-05
-1.188665547728647862e-05
-1.328810181722834485e-05
-1.477581264524935980e-05
-1.635041755040414537e-05
-1.801234392068465544e-05
-1.976181397027492647e-05
-2.159884223782357056e-05
-2.352323356025415999e-05
-2.553458152423728587e-05
-2.763226739529148871e-05
-2.981545952270865714e-05
-3.208311321707150516e-05
-3.443397109608986714e-05
-3.686656389382288038e-05
-3.937921172804153598e-05
-4.197002582048875213e-05
-4.463691066507671106e-05
-4.737756663952034334e-05
-5.018949305652324584e-05
-5.306999165129048444e-05
-5.601617050277994528e-05
-5.902494838665678047e-05
-6.209305955827561880e-05
-6.521705896417244832e-05
-6.839332788038780548e-05
-7.161807997548480303e-05
-7.488736779528340872e-05
-7.819708966516202443e-05
-8.154299700420717897e-05
-8.492070204362217687e-05
-8.832568593961400685e-05
-9.175330726853250427e-05
-9.519881088944306838e-05
-9.865733715655377527e-05
-1.021239314611976673e-04
-1.055935540803414670e-04
-1.090610903060796222e-04
-1.125213608282334512e-04
-1.159691323401867155e-04
-1.193991283364817410e-04
-1.228060400695214207e-04
-1.261845376320473310e-04
-1.295292811319116136e-04
-1.328349319260190432e-04
-1.360961638811986703e-04
-1.393076746311420469e-04
-1.424641968003458189e-04
-1.455605091681619605e-04
-1.485914477485322349e-04
-1.515519167635995365e-04
-1.544368994921047793e-04
-1.572414689761515813e-04
-1.599607985723941722e-04
-1.625901723359468099e-04
-1.651249952271073226e-04
-1.675608031323465720e-04
-1.698932726917437054e-04
-1.721182309251812338e-04
-1.742316646490779143e-04
-1.762297296741664623e-04
-1.781087597729739014e-04
-1.798652754031364125e-04
-1.814959921696665979e-04
-1.829978290058454531e-04
-1.843679160486957794e-04
-1.856036021811718483e-04
-1.867024622094076182e-04
-1.876623036398878167e-04
-1.884811730182854356e-04
-1.891573617893385238e-04
-1.896894116354613054e-04
-1.900761192511945998e-04
-1.903165405110222505e-04
-1.904099939897887519e-04
-1.903560637978166711e-04
-1.901546016970579237e-04
-1.898057284699651798e-04
-1.893098345193079592e-04
-1.886675796846195891e-04
-1.878798922692588125e-04
-1.869479672808059328e-04
-1.858732638966253102e-04
-1.846575021753710201e-04
-1.833026590438668305e-04
-1.818109635967294225e-04
-1.801848917530045097e-04
-1.784271603197494103e-04
-1.765407205165282908e-04
-1.745287510171640328e-04
-1.723946505654957648e-04
-1.701420302204106720e-04
-1.677747052820086407e-04
-1.652966869453392058e-04
-1.627121737216379288e-04
-1.600255426581758550e-04
-1.572413403789409559e-04
-1.543642739582547240e-04
-1.513992016293303703e-04
-1.483511233199591873e-04
-1.452251709984762223e-04
-1.420265988054194596e-04
-1.387607729402333357e-04
-1.354331612684390757e-04
-1.320493226131948348e-04
-1.286148956962219027e-04
-1.251355876969597420e-04
-1.216171624053156882e-04
-1.180654279524962234e-04
-1.144862241157683575e-04
-1.108854092063365061e-04
-1.072688465641299851e-04
-1.036423906988153223e-04
-1.000118731319407601e-04
-9.638308801021866240e-05
-9.276177757368908670e-05
-8.915361757446612658e-05
-8.556420275101264379e-05
-8.199903246915344972e-05
-7.846349664374230998e-05
-7.496286205388414618e-05
-7.150225915967873722e-05
-6.808666951971444764e-05
-6.472091389626605414e-05
-6.140964111968499092e-05
-5.815731776539541663e-05
-5.496821867703135026e-05
-5.184641834819224063e-05
-4.879578315415994026e-05
-4.581996440445886920e-05
-4.292239216831143583e-05
-4.010626980880454894e-05
-3.737456914847814152e-05
-3.473002617992780827e-05
-3.217513723021712187e-05
-2.971215548766527735e-05
-2.734308780409414031e-05
-2.506969169455442671e-05
-2.289347246970911082e-05
-2.081568045268667209e-05
-1.883730825174758240e-05
-1.695908808142572663e-05
-1.518148914720121940e-05
-1.350471513088782107e-05
-1.192870183488566052e-05
-1.045311506226479153e-05
-9.077348825192460156e-06
-7.800523985995158868e-06
-6.621487442211658307e-06
-5.538811969281385959e-06
-4.550796831530561697e-06
-3.655469264197643577e-06
-2.850586916436073995e-06
-2.133641328283399635e-06
-1.501862493993243930e-06
-9.522245409537525778e-07
-4.814525285531020574e-07
-8.603034586745528637e-08
2.377903378497900580e-07
4.939801392678484491e-07
6.867211338233277027e-07
8.203952427884811723e-07
8.995719551830151785e-07
9.289955136678959043e-07
9.135716970757862173e-07
8.583543307481931396e-07
7.685316495171665140e-07
6.494126273297601338e-07
5.064133728259135002e-07
3.450436723076708518e-07
1.708937414402485590e-07
-1.037877441376570554e-08
-1.930615330384131413e-07
-3.713999641745238121e-07
-5.396094965252384840e-07
-6.918875819502198212e-07
-8.224255695846275998e-07
-9.254204924216888633e-07
-9.950868346540039874e-07
-1.025668349482147927e-06
-1.011449994170066480e-06
-9.467700421700293112e-07
-8.260324214638896504e-07
-6.437193144572114933e-07
-3.944040385007743170e-07
-7.276420815038153040e-08
3.264048385183438087e-07
8.081763860728478451e-07
1.377478514900442325e-06
2.039080172376323775e-06
2.797577227163479252e-06
3.657378603130261715e-06
4.622692597452174934e-06
5.697513491971929650e-06
6.885608567785739139e-06
8.190505630203714880e-06
9.615481145040864460e-06
1.116354907779500561e-05
1.283745051524288805e-05
1.463964413476230487e-05
1.657229757092770352e-05
1.863727971237854193e-05
2.083615394494707970e-05
2.317017234087001944e-05
2.564027077835172159e-05
2.824706496218071098e-05
3.099084730443430374e-05
3.387158461519171408e-05
3.688891654677182470e-05
4.004215473153571053e-05
4.333028255270023814e-05
4.675195548989435879e-05
5.030550198609215289e-05
5.398892478981942892e-05
5.779990273576290542e-05
6.173579293767862957e-05
6.579363337927204305e-05
6.997014590102468322e-05
7.426173959320116181e-05
7.866451461697039323e-05
8.317426648621864440e-05
8.778649085177586740e-05
9.249638883701006545e-05
9.729887297875608563e-05
1.021885738301235867e-04
1.071598472816777560e-04
1.122067826548057268e-04
1.173232116157922194e-04
1.225027179513452124e-04
1.277386482363088312e-04
1.330241234123236875e-04
1.383520512826701197e-04
1.437151399138258479e-04
1.491059119189356175e-04
1.545167195828410359e-04
1.599397607731753879e-04
1.653670955676619155e-04
1.707906635148306266e-04
1.762023014341696490e-04
1.815937616527774361e-04
1.869567305691700507e-04
1.922828474312825631e-04
1.975637232150697460e-04
2.027909594925231143e-04
2.079561671833570554e-04
2.130509850929315991e-04
2.180670981499538603e-04
2.229962552707921524e-04
2.278302867923772735e-04
2.325611214322382864e-04
2.371808027515095009e-04
2.416815051142616618e-04
2.460555491534717346e-04
2.502954167697361691e-04
2.543937657028266667e-04
2.583434437276521862e-04
2.621375025346800620e-04
2.657692113598993187e-04
2.692320704304658756e-04
2.725198242893237931e-04
2.756264750549197793e-04
2.785462956609634981e-04
2.812738431061303362e-04
2.838039717251548836e-04
2.861318464713816646e-04
2.882529561774480010e-04
2.901631267359946575e-04
2.918585341172864607e-04
2.933357171164198310e-04
2.945915897002634727e-04
2.956234528048679944e-04
2.964290054184924410e-04
2.970063547747621891e-04
2.973540254755399170e-04
2.974709673645147012e-04
2.973565619805769596e-04
2.970106274350988351e-04
2.964334215788827780e-04
2.956256433525775813e-04
2.945884322478982062e-04
2.933233658450840552e-04
2.918324554334042129e-04
2.901181397646130397e-04
2.881832770325392311e-04
2.860311352134544327e-04
2.836653809399518398e-04
2.810900671137780841e-04
2.783096194889026344e-04
2.753288224734678894e-04
2.721528044073033602e-04
2.687870225691512869e-04
2.652372481547523165e-04
2.615095514432149771e-04
2.576102873354539006e-04
2.535460814059107681e-04
2.493238165588193924e-04
2.449506203250677522e-04
2.404338527773882490e-04
2.357810949830746396e-04
2.310001378571323706e-04
2.260989712279654182e-04
2.210857728846971483e-04
2.159688973428393333e-04
2.107568640451947808e-04
2.054583447093133908e-04
2.000821495425228957e-04
1.946372120708024609e-04
1.891325723682070069e-04
1.835773585279820773e-04
1.779807662829152950e-04
1.723520367582097497e-04
1.667004324225647557e-04
1.610352113871090895e-04
1.553656002852735294e-04
1.497007660439414760e-04
1.440497869240109417e-04
1.384216232629285263e-04
1.328250883896538214e-04
1.272688202012464817e-04
1.217612538882105873e-04
1.163105962722343765e-04
1.109248021751171545e-04
1.056115531731563993e-04
1.003782390093801519e-04
9.523194184004968668e-05
9.017942338635797392e-05
8.522711495166431926e-05
8.038111015457606839e-05
7.564716012380608991e-05
7.103067080744107761e-05
6.653670197196125949e-05
6.216996740890959284e-05
5.793483583337557310e-05
5.383533194992344968e-05
4.987513717979456167e-05
4.605758958724944077e-05
4.238568261144457742e-05
3.886206229982927139e-05
3.548902284595068180e-05
3.226850035323707710e-05
2.920206487124622533e-05
2.629091087567988274e-05
2.353584648173972105e-05
2.093728178624884817e-05
1.849521682169585652e-05
1.620922967033495919e-05
1.407846532521653325e-05
1.210162589519923646e-05
1.027696273179337218e-05
8.602271007977815007e-06
7.074887204693122376e-06
5.691689863676569512e-06
4.449103849558790370e-06
3.343108236264307774e-06
2.369247798216900649e-06
1.522647952834690117e-06
7.980328736813660603e-07
1.897463796390429571e-07
-3.082248897391657795e-07
-7.022265744270144768e-07
-9.989105767195838313e-07
-1.205208550024889651e-06
-1.328305504422968136e-06
-1.375614098568590887e-06
-1.354750120353828787e-06
-1.273509569231365406e-06
-1.139847645722314347e-06
-9.618598341636506218e-07
-7.477651389428834308e-07
-5.058914088604203670e-07
-2.446625647395745940e-07
2.741256206331906590e-08
3.017501630975920867e-07
5.697006104216245348e-07
8.225573357319865989e-07
1.051565947685522453e-06
1.247934096813756372e-06
1.402842564715083389e-06
1.507457997684481780e-06
1.552947628036052863e-06
1.530496232899484923e-06
1.431325474923556060e-06
1.246715657290804838e-06
9.680298119965153326e-07
5.867399306533994512e-07
9.445504614325647465e-08
-5.170492144995673221e-07
-1.255800056747779003e-06
-2.129596427384917361e-06
-3.145977938480040089e-06
-4.312194348019514176e-06
-5.635176125283996977e-06
-7.121506594948240164e-06
-8.777396101177508631e-06
-1.060865856437927827e-05
-1.262069072218132958e-05
-1.481845425631822748e-05
-1.720646091251336720e-05
-1.978876062509187000e-05
-2.256893256595018409e-05
-2.555007895213108539e-05
-2.873482137097422252e-05
-3.212529931912076688e-05
-3.572317060363711680e-05
-3.952961322159639982e-05
-4.354532831914176153e-05
-4.777054383245442305e-05
-5.220501843038144696e-05
-5.684804541055215151e-05
-6.169845624580755036e-05
-6.675462353352036712e-05
-7.201446316440195138e-05
-7.747543559700487690e-05
-8.313454619653475844e-05
-8.898834466904442678e-05
-9.503292369202830895e-05
-1.012639169072771916e-04
-1.076764964996064738e-04
-1.142653706338467382e-04
-1.210247810606569866e-04
-1.279485012288116182e-04
-1.350298352559456503e-04
-1.422616181123744611e-04
-1.496362173625777542e-04
-1.571455367874737647e-04
-1.647810221782471064e-04
-1.725336695505112761e-04
-1.803940359773351868e-04
-1.883522531827374995e-04
-1.963980439754079766e-04
-2.045207415374825956e-04
-2.127093115170163376e-04
-2.209523768073765959e-04
-2.292382448337948562e-04
-2.375549371086790494e-04
-2.458902207645923357e-04
-2.542316417285382006e-04
-2.625665591646551096e-04
-2.708821807858358588e-04
-2.791655986187698978e-04
-2.874038248024047464e-04
-2.955838270067866528e-04
-3.036925630780646897e-04
-3.117170145455057883e-04
-3.196442186674102468e-04
-3.274612987435671844e-04
-3.351554924815354909e-04
-3.427141782705641487e-04
-3.501248992890429695e-04
-3.573753854465452321e-04
-3.644535732377517426e-04
-3.713476236602452534e-04
-3.780459384188535597e-04
-3.845371747033021260e-04
-3.908102588808434188e-04
-3.968543994889004345e-04
-4.026590999423637195e-04
-4.082141713843068166e-04
-4.135097461057750368e-04
-4.185362919395180844e-04
-4.232846279931914740e-04
-4.277459420303593093e-04
-4.319118097334451092e-04
-4.357742159932148423e-04
-4.393255782671888661e-04
-4.425587719373759053e-04
-4.454671574799279245e-04
-4.480446091399842572e-04
-4.502855446886965202e-04
-4.521849557314535110e-04
-4.537384379413411488e-04
-4.549422205150618404e-04
-4.557931940942404271e-04
-4.562889363672451948e-04
-4.564277345683908412e-04
-4.562086041248768534e-04
-4.556313027676587787e-04
-4.546963395204795867e-04
-4.534049781092030855e-04
-4.517592344883492386e-04
-4.497618683580724788e-04
-4.474163687368037457e-04
-4.447269338549740330e-04
-4.416984458351177101e-04
-4.383364408146054117e-04
-4.346470753399210162e-04
-4.306370900069339709e-04
-4.263137714316707631e-04
-4.216849137033865211e-04
-4.167587804907917711e-04
-4.115440689389771554e-04
-4.060498764078319012e-04
-4.002856709630709178e-04
-3.942612663425519343e-04
-3.879868018891210178e-04
-3.814727276760505425e-04
-3.747297947629841803e-04
-3.677690502223351292e-04
-3.606018362824317579e-04
-3.532397926593327402e-04
-3.456948609091684585e-04
-3.379792894408276669e-04
-3.301056376978390040e-04
-3.220867779575921916e-04
-3.139358932135812193e-04
-3.056664697045225203e-04
-2.972922828331311007e-04
-2.888273754712880853e-04
-2.802860279689069005e-04
-2.716827195570062966e-04
-2.630320812450919919e-04
-2.543488407392634166e-04
-2.456477603287879276e-04
-2.369435690831929074e-04
-2.282508910471447246e-04
-2.195841713958503834e-04
-2.109576027023094263e-04
-2.023850535551314882e-04
-1.938800017433770699e-04
-1.854554740894388007e-04
-1.771239947651804170e-04
-1.688975435791588908e-04
-1.607875252887880433e-04
-1.528047504905823953e-04
-1.449594280991871548e-04
-1.372611688690493449e-04
-1.297189988713923041e-04
-1.223413813431808962e-04
-1.151362449019247794e-04
-1.081110157961737449e-04
-1.012726516560972498e-04
-9.462767413613774165e-05
-8.818219790960023794e-05
-8.194195368261347832e-05
-7.591230323391425698e-05
-7.009824494132811711e-05
-6.450440880301688742e-05
-5.913504057263626305e-05
-5.399397527014983879e-05
-4.908460096865260863e-05
-4.440981435675024120e-05
-3.997197010183047109e-05
-3.577282646149101579e-05
-3.181348988371067275e-05
-2.809436148298941467e-05
-2.461508826979391014e-05
-2.137452184333702828e-05
-1.837068694044545017e-05
-1.560076178290852611e-05
-1.306107160587931295e-05
-1.074709611125603769e-05
-8.653490907525445428e-06
-6.774122308625133291e-06
-5.102114207480981947e-06
-3.629905150816702828e-06
-2.349313253457697435e-06
-1.251606229203401887e-06
-3.275736010968907761e-07
4.324019021897490897e-07
1.038276652763367779e-06
1.500284763300852714e-06
1.828885293678369297e-06
2.034719744637052867e-06
2.128580958113954307e-06
2.121393889408716153e-06
2.024208043983654796e-06
1.848200717571620925e-06
1.604689577783391609e-06
1.305152609299589146e-06
9.612530400279604760e-07
5.848665914696415906e-07
1.881082658430679210e-07
-2.166441006089582269e-07
-6.167321275707088074e-07
-9.992073390771813716e-07
-1.350831676168882460e-06
-1.658089478202839621e-06
-1.907211771690076851e-06
-2.084213105963950904e-06
-2.174940572280773134e-06
-2.165134067533326932e-06
-2.040496343381605452e-06
-1.786770940349188512e-06
-1.389825763843600116e-06
-8.357398284729424899e-07
-1.108905862443502288e-07
7.979607354400968251e-07
1.903588233522418645e-06
3.218227081328133190e-06
4.753507823458371453e-06
6.520400707067923140e-06
8.529171095024420254e-06
1.078934652939416158e-05
1.330969553112683282e-05
1.609821775555255645e-05
1.916214469353365120e-05
2.250794973245769985e-05
2.614136608346700655e-05
3.006741085168645835e-05
3.429041338076481166e-05
3.881404594344789666e-05
4.364135487443706463e-05
4.877479034440080990e-05
5.421623314634023703e-05
5.996701709606186778e-05
6.602794592449827253e-05
7.239930384688750633e-05
7.908085931803126439e-05
8.607186180983819742e-05
9.337103176399349201e-05
1.009765441670216411e-04
1.088860064573647272e-04
1.170964316962708987e-04
1.256042081108683266e-04
1.344050662452037786e-04
1.434940450321763169e-04
1.528654581270769586e-04
1.625128618244836500e-04
1.724290258188423020e-04
1.826059079706045631e-04
1.930346341103400510e-04
2.037054837598191383e-04
2.146078824781635561e-04
2.257304013598391038e-04
2.370607640254873368e-04
2.485858612623155950e-04
2.602917732926969714e-04
2.721637994819025175e-04
2.841864951417646858e-04
2.963437149486631162e-04
3.086186623732042238e-04
3.209939444161531859e-04
3.334516308606384305e-04
3.459733171844476683e-04
3.585401902276373187e-04
3.711330956795309746e-04
3.837326064343180368e-04
3.963190908656473205e-04
4.088727800879355572e-04
4.213738333045837620e-04
4.338024003916397700e-04
4.461386809296240502e-04
4.583629789765275835e-04
4.704557529717537357e-04
4.823976602738669632e-04
4.941695959644242181e-04
5.057527256949583818e-04
5.171285125131211890e-04
5.282787377747107625e-04
5.391855164281325391e-04
5.498313071423460360e-04
5.601989179341669697e-04
5.702715081293710606e-04
5.800325876586919643e-04
5.894660148364424829e-04
5.985559938890483911e-04
6.072870735856506766e-04
6.156441483654437807e-04
6.236124633505748735e-04
6.311776245733251517e-04
6.383256156284742222e-04
6.450428217844224885e-04
6.513160623501266719e-04
6.571326318030244447e-04
6.624803498415152538e-04
6.673476201438137889e-04
6.717234972049258238e-04
6.755977601999617940e-04
6.789609924019773726e-04
6.818046642849709361e-04
6.841212180872181976e-04
6.859041513169034359e-04
6.871480964703387175e-04
6.878488941203029887e-04
6.880036565324703897e-04
6.876108190928460241e-04
6.866701770831572845e-04
6.851829057253697045e-04
6.831515619237147046e-04
6.805800667501050831e-04
6.774736684269606424e-04
6.738388863338501270e-04
6.696834373695274411e-04
6.650161468023334634e-04
6.598468465003968619e-04
6.541862641074629647e-04
6.480459072808693365e-04
6.414379474973635727e-04
6.343751081289531217e-04
6.268705614691428467e-04
6.189378391351957505e-04
6.105907597798154989e-04
6.018433773240004043e-04
5.927099519928034563e-04
5.832049453308518283e-04
5.733430391411618041e-04
5.631391769849859556e-04
5.526086255672872129e-04
5.417670520819613212e-04
5.306306124747547578e-04
5.192160446698990432e-04
5.075407601618125205e-04
4.956229270488019065e-04
4.834815376197785716e-04
4.711364540184741125e-04
4.586084263032561481e-04
4.459190783729383178e-04
4.330908586974707838e-04
4.201469545126327101e-04
4.071111700275839031e-04
3.940077711556161811e-04
3.808613012043342858e-04
3.676963737396582378e-04
3.545374503590691399e-04
3.414086122726176648e-04
3.283333353103742901e-04
3.153342781888463214e-04
3.024330935400112498e-04
2.896502703291816403e-04
2.770050148884136711e-04
2.645151759302161393e-04
2.521972166719686271e-04
2.400662347112392291e-04
2.281360276836822364e-04
2.164192001585984657e-04
2.049273048372149441e-04
1.936710090645121307e-04
1.826602760813139138e-04
1.719045494395496159e-04
1.614129286587419928e-04
1.511943245555300778e-04
1.412575837292320174e-04
1.316115733894071733e-04
1.222652199790682278e-04
1.132274977552142622e-04
1.045073664802709425e-04
9.611366047755316234e-05
8.805493432176200166e-05
8.033927318546478698e-05
7.297407816918895923e-05
6.596583865717840832e-05
5.931990474737293309e-05
5.304027303025250051e-05
4.712939841298336579e-05
4.158804332819587829e-05
3.641517360719160012e-05
3.160790765528726502e-05
2.716152250182562937e-05
2.306951699549725056e-05
1.932372907978100534e-05
1.591450092004663658e-05
1.283088285868803440e-05
1.006086492124850063e-05
7.591623024049577644e-06
5.409766238987374441e-06
3.501571501449731640e-06
1.853192998484024387e-06
4.508350910426706207e-07
-7.191200969166589239e-07
-1.670036491647865664e-06
-2.415002211663730186e-06
-2.966861671679045461e-06
-3.338298038338472412e-06
-3.541959429660736766e-06
-3.590619674606307860e-06
-3.497362444722870513e-06
-3.275776247032154178e-06
-2.940147193907200247e-06
-2.505636661912180892e-06
-1.988431891406999810e-06
-1.405859191472073531e-06
-7.764515914068861947e-07
-1.199653815714375776e-07
5.426571492294338005e-07
1.189378515909864885e-06
1.797207238622046303e-06
2.342383668350362744e-06
2.800602409787583174e-06
3.147261560931393856e-06
3.357727814798940900e-06
3.407605919079197764e-06
3.273001072430608591e-06
2.930763522716618657e-06
2.358705861248178056e-06
1.535785189031155283e-06
4.422443553988693402e-07
-9.402912876507273122e-07
-2.628762841180545838e-06
-4.638671460011857158e-06
-6.984113402508428021e-06
-9.677851466976841632e-06
-1.273141623443902142e-05
-1.615522942948173374e-05
-1.995874104793081758e-05
-2.415057169192870510e-05
-2.873865178460063130e-05
-3.373034997049909745e-05
-3.913258398828506839e-05
-4.495190855828638923e-05
-5.119457627895185662e-05
-5.786656908796715773e-05
-6.497359943078579987e-05
-7.252108181074324428e-05
-8.051407679883016213e-05
-8.895721079681569437e-05
-9.785457582769778190e-05
-1.072096143410905550e-04
-1.170249944515956247e-04
-1.273024811752641655e-04
-1.380428091057933279e-04
-1.492455616043457628e-04
-1.609090610005849413e-04
-1.730302735612046559e-04
-1.856047321243547597e-04
-1.986264783742946365e-04
-2.120880257900881975e-04
-2.259803433922172506e-04
-2.402928595733118302e-04
-2.550134845687679298e-04
-2.701286495272882501e-04
-2.856233596985083777e-04
-3.014812589745655700e-04
-3.176847029055779705e-04
-3.342148373478396077e-04
-3.510516800836214818e-04
-3.681742030516829732e-04
-3.855604132223687183e-04
-4.031874306119944133e-04
-4.210315624261338650e-04
-4.390683728226714216e-04
-4.572727482597061443e-04
-4.756189588185460700e-04
-4.940807162414423892e-04
-5.126312296830882412e-04
-5.312432603295006144e-04
-5.498891760836589586e-04
-5.685410074532427655e-04
-5.871705056087774249e-04
-6.057492033231493770e-04
-6.242484791717705034e-04
-6.426396249907043428e-04
-6.608939161795496144e-04
-6.789826840281683751e-04
-6.968773888640505954e-04
-7.145496924938717943e-04
-7.319715281663615467e-04
-7.491151661442924017e-04
-7.659532729490681766e-04
-7.824589624534526375e-04
-7.986058372401393882e-04
-8.143680190252714770e-04
-8.297201674431930367e-04
-8.446374870973778108e-04
-8.590957234620345698e-04
-8.730711489529070866e-04
-8.865405412196063553e-04
-8.994811564216975783e-04
-9.118707008733281877e-04
-9.236873049533993055e-04
-9.349095035163254661e-04
-9.455162271885333720e-04
-9.554868088445001321e-04
-9.648010092275087794e-04
-9.734390650807108825e-04
-9.813817623137977269e-04
-9.886105356421166085e-04
-9.951075948590722229e-04
-1.000856076459870608e-03
-1.005840217815022995e-03
-1.010045549540089212e-03
-1.013459100235247377e-03
-1.016069606431542656e-03
-1.017867719499105468e-03
-1.018846200498475362e-03
-1.019000093596722110e-03
-1.018326868752831779e-03
-1.016826524977063094e-03
-1.014501646569241624e-03
-1.011357406365687465e-03
-1.007401512103647898e-03
-1.002644094497979988e-03
-9.970975384050479329e-04
-9.907762614006891417e-04
-9.836964470728755145e-04
-9.758757431589172885e-04
-9.673329371692680799e-04
-9.580876241627502834e-04
-9.481598827119946038e-04
-9.375699756863923240e-04
-9.263380921796939655e-04
-9.144841456606915379e-04
-9.020276412193612607e-04
-8.889876216655558843e-04
-8.753826983196643166e-04
-8.612311677808391977e-04
-8.465512109863805677e-04
-8.313611657512014717e-04
-8.156798589934500816e-04
-7.995269803258980975e-04
-7.829234749322659713e-04
-7.658919309434052526e-04
-7.484569351259851011e-04
-7.306453707812292147e-04
-7.124866334280814933e-04
-6.940127431262055726e-04
-6.752583370902523908e-04
-6.562605323640449727e-04
-6.370586554694593340e-04
-6.176938437380062163e-04
-5.982085310236636561e-04
-5.786458381874307316e-04
-5.590488956278554401e-04
-5.394601307155386148e-04
-5.199205568348606605e-04
-5.004691024913334764e-04
-4.811420183723248158e-04
-4.619723972580100173e-04
-4.429898363291605171e-04
-4.242202639327331457e-04
-4.056859436243009064e-04
-3.874056578285557423e-04
-3.693950623763526280e-04
-3.516671921950074195e-04
-3.342330882820511808e-04
-3.171025074951156343e-04
-3.002846702825899571e-04
-2.837889977813108492e-04
-2.676257890741047898e-04
-2.518067919906827063e-04
-2.363456265919874444e-04
-2.212580291201526612e-04
-2.065618952325795176e-04
-1.922771140924398980e-04
-1.784251985406340338e-04
-1.650287302170048705e-04
-1.521106511957514076e-04
-1.396934445568637120e-04
-1.277982545387829668e-04
-1.164440018863244285e-04
-1.056465513072586318e-04
-9.541798542646510290e-05
-8.576603337996000192e-05
-7.669369260106023625e-05
-6.819907002707882365e-05
-6.027545472284519474e-05
-5.291161873412150311e-05
-4.609232790152311174e-05
-3.979903042132764394e-05
-3.401067911663243753e-05
-2.870463450158333561e-05
-2.385759041736122349e-05
-1.944646265483740083e-05
-1.544918366135445973e-05
-1.184535295541850949e-05
-8.616702792948235579e-06
-5.747351230225903401e-06
-3.223829139422093759e-06
-1.034882934669855852e-06
8.289302792461334326e-07
2.375824752907175868e-06
3.613503471163732100e-06
4.549960481798316441e-06
5.194312751375115062e-06
5.557604864366176384e-06
5.653532404094000726e-06
5.499035926076526334e-06
5.114726561439923105e-06
4.525115797396902392e-06
3.758635035671669209e-06
2.847444226312425313e-06
1.827042276266543565e-06
7.357041683108890259e-07
-3.862199850592471210e-07
-1.497100994046479488e-06
-2.554874042423003124e-06
-3.517880266458643365e-06
-4.345658809923319843e-06
-4.999646275655103539e-06
-5.443747618924356693e-06
-5.644751643882376842e-06
-5.572574713878445039e-06
-5.200327348276458526e-06
-4.504209330559506524e-06
-3.463249112280667756e-06
-2.058912066736288295e-06
-2.746090466384540773e-07
1.904858606562288791e-06
4.493879146629120833e-06
7.506597248193818523e-06
1.095743160707024221e-05
1.486151175564820414e-05
1.923500859475189855e-05
2.409534041203355859e-05
2.946124414085334473e-05
3.535270980820156455e-05
4.179078403918510209e-05
4.879725568986033053e-05
5.639424279929013622e-05
6.460370480212031653e-05
7.344690713718581758e-05
8.294386693861206664e-05
9.311280841414276916e-05
1.039696549014202916e-04
1.155275816238629841e-04
1.277966490828002111e-04
1.407835321038098633e-04
1.544913541096191317e-04
1.689196305329864595e-04
1.840643197127760609e-04
1.999179744118387096e-04
2.164699824947301080e-04
2.337068814986838087e-04
2.516127289611391890e-04
2.701695085157705700e-04
2.893575509648921057e-04
3.091559497572301412e-04
3.295429514776262851e-04
3.504963039815839907e-04
3.719935475442102631e-04
3.940122376791924705e-04
4.165300919450719698e-04
4.395250569144379155e-04
4.629752953611805731e-04
4.868590974560581112e-04
5.111547232018032313e-04
5.358401863567253997e-04
5.608929925844690538e-04
5.862898464479495298e-04
6.120063430843209439e-04
6.380166609295816107e-04
6.642932717056257083e-04
6.908066830637236110e-04
7.175252278430536675e-04
7.444149119169440757e-04
7.714393301461284916e-04
7.985596571338049541e-04
8.257347163893727967e-04
8.529211282706360576e-04
8.800735338071118911e-04
9.071448883294576555e-04
9.340868158598441889e-04
9.608500125668300272e-04
9.873846853615344567e-04
1.013641009996843001e-03
1.039569591913818694e-03
1.065121912607780615e-03
1.090250744513156711e-03
1.114910518334033237e-03
1.139057628383692046e-03
1.162650663790854629e-03
1.185650556339942112e-03
1.208020639129592537e-03
1.229726614065990327e-03
1.250736430293611845e-03
1.271020079872080613e-03
1.290549321132527464e-03
1.309297344032386845e-03
1.327238395254161114e-03
1.344347383607264086e-03
1.360599488286315991e-03
1.375969793596840910e-03
1.390432973724545912e-03
1.403963049952580526e-03
1.416533240353649512e-03
1.428115918459770461e-03
1.438682692786380501e-03
1.448204613541958152e-03
1.456652506554990132e-03
1.463997427700641264e-03
1.470211224179537261e-03
1.475267182285889883e-03
1.479140735129863115e-03
1.481810198577039649e-03
1.483257499752576973e-03
1.483468860205981472e-03
1.482435395462865409e-03
1.480153594437839774e-03
1.476625646082707806e-03
1.471859586712100185e-03
1.465869249472308549e-03
1.458674007153817334e-03
1.450298310518094349e-03
1.440771036024575229e-03
1.430124668614786432e-03
1.418394356384844067e-03
1.405616883769525600e-03
1.391829617604347681e-03
1.377069485417896063e-03
1.361372047042201747e-03
1.344770718676898931e-03
1.327296202769169238e-03
1.308976167473949095e-03
1.289835206390861026e-03
1.269895093248304529e-03
1.249175328080426913e-03
1.227693952195826280e-03
1.205468590108176637e-03
1.182517658837063798e-03
1.158861669935745946e-03
1.134524538479781200e-03
1.109534807134555500e-03
1.083926693120134017e-03
1.057740871876080386e-03
1.031024923558017999e-03
1.003833386783130896e-03
9.762273874345915462e-04
9.482738375485254539e-04
9.200442286748110364e-04
8.916130736691467136e-04
8.630560785198139809e-04
8.344481493989023245e-04
8.058613576597922464e-04
7.773629952907821659e-04
7.490138541500615315e-04
7.208668535110626273e-04
6.929661220846441982e-04
6.653466135325057608e-04
6.380343000438801464e-04
6.110469489715561388e-04
5.843954455013655389e-04
5.580855829051153917e-04
5.321202042805364641e-04
5.065015488854768049e-04
4.812336349406605603e-04
4.563245012181533838e-04
4.317881331620104508e-04
4.076459160560739234e-04
3.839274871803621857e-04
3.606708992623519757e-04
3.379220561660729806e-04
3.157334352232629812e-04
2.941621649171316478e-04
2.732675775677637954e-04
2.531084001289323100e-04
2.337397785241667435e-04
2.152103492231429382e-04
1.975595741173521123e-04
1.808155405469066021e-04
1.649933982243730437e-04
1.500945607638102272e-04
1.361067446972712570e-04
1.230048573365310496e-04
1.107526813377997368e-04
9.930524332778994988e-05
8.861170127432219101e-05
7.861854470270324244e-05
6.927287671927847093e-05
6.052553924709986845e-05
5.233385364636084224e-05
4.466377724885573332e-05
3.749132012236181650e-05
3.080312218360574503e-05
2.459615421229162117e-05
1.887657237607414968e-05
1.365781936815012121e-05
8.958121200482390849e-06
4.797572770596544693e-06
1.195034167586736284e-06
-1.834928768804794125e-06
-4.284832572557127484e-06
-6.156589562689260031e-06
-7.463181923931810500e-06
-8.229582429527001507e-06
-8.492866044307910555e-06
-8.301517902477172607e-06
-7.714002625978586331e-06
-6.796713092418054942e-06
-5.621459684699532494e-06
-4.262690748830351238e-06
-2.794649594912093558e-06
-1.288672245280870039e-06
1.891861270779947887e-07
1.580037789923552506e-06
2.833444150165012300e-06
3.908022290852472453e-06
4.771357203627042863e-06
5.399251262753205985e-06
5.774389025385678278e-06
5.884534611483788403e-06
5.720408186210736027e-06
5.273405772601970605e-06
4.533332022972158116e-06
3.486308873674801374e-06
2.113005260332765738e-06
3.873060749247306884e-07
-1.724495345139892698e-06
-4.263934994387291041e-06
-7.280039490863535335e-06
-1.082844219349302951e-05
-1.497001964642311852e-05
-1.976914211875079885e-05
-2.529165282693963081e-05
-3.160270289300335685e-05
-3.876457290015242462e-05
-4.683460736806720285e-05
-5.586337639216148792e-05
-6.589316033741779563e-05
-7.695683038976768953e-05
-8.907717169961284847e-05
-1.022666685736917834e-04
-1.165277444205029602e-04
-1.318534244595249007e-04
-1.482283678775608566e-04
-1.656301991186253676e-04
-1.840310559842251771e-04
-2.033992654721575441e-04
-2.237010567630578822e-04
-2.449022241295174839e-04
-2.669696602098262463e-04
-2.898726912851832226e-04
-3.135841600324819475e-04
-3.380812167440429110e-04
-3.633457962641852826e-04
-3.893647739997613722e-04
-4.161298095280816130e-04
-4.436368998932485879e-04
-4.718856761472302319e-04
-5.008784857138456198e-04
-5.306193095527321577e-04
-5.611125668483819308e-04
-5.923618611526613488e-04
-6.243687207845294296e-04
-6.571313831409587728e-04
-6.906436677577168590e-04
-7.248939768694871028e-04
-7.598644552523467401e-04
-7.955303336694555857e-04
-8.318594726305708620e-04
-8.688121157185389742e-04
-9.063408546762004173e-04
-9.443908019710095959e-04
-9.828999607879652153e-04
-1.021799777414530638e-03
-1.061015856796646657e-03
-1.100468818643633414e-03
-1.140075268797375359e-03
-1.179748858591202036e-03
-1.219401403538281732e-03
-1.258944031838846135e-03
-1.298288332827753078e-03
-1.337347475561117410e-03
-1.376037268251759007e-03
-1.414277130218713008e-03
-1.451990949450997648e-03
-1.489107800854310749e-03
-1.525562502816346991e-03
-1.561295992962246802e-03
-1.596255507938040353e-03
-1.630394556800563843e-03
-1.663672683120736347e-03
-1.696055017193793396e-03
-1.727511626715305670e-03
-1.758016681784494795e-03
-1.787547457932087440e-03
-1.816083208769612945e-03
-1.843603947488563818e-03
-1.870089183419338654e-03
-1.895516665767193630e-03
-1.919861191041635556e-03
-1.943093533132073548e-03
-1.965179555084557370e-03
-1.986079559015391672e-03
-2.005747925061295359e-03
-2.024133081636660548e-03
-2.041177837632550049e-03
-2.056820092700820980e-03
-2.070993924876125478e-03
-2.083631036036979241e-03
-2.094662515941194021e-03
-2.104020865688041933e-03
-2.111642202618692604e-03
-2.117468551987470009e-03
-2.121450117499505336e-03
-2.123547414113836039e-03
-2.123733143466530800e-03
-2.121993695636371392e-03
-2.118330171362066330e-03
-2.112758836323293775e-03
-2.105310943521730357e-03
-2.096031890338250110e-03
-2.084979712346503658e-03
-2.072222954671129776e-03
-2.057838001559752529e-03
-2.041905983393796191e-03
-2.024509415043877162e-03
-2.005728747547314006e-03
-1.985639034104753290e-03
-1.964306919109368773e-03
-1.941788153770637564e-03
-1.918125822885247481e-03
-1.893349434469266887e-03
-1.867474978166199125e-03
-1.840506001620822183e-03
-1.812435689252939706e-03
-1.783249859001522246e-03
-1.752930724121320614e-03
-1.721461204046541684e-03
-1.688829515691598346e-03
-1.655033739177134630e-03
-1.620086033859661134e-03
-1.584016184748988183e-03
-1.546874187388420051e-03
-1.508731630928427042e-03
-1.469681712324849955e-03
-1.429837805447980656e-03
-1.389330611636033740e-03
-1.348304025768524723e-03
-1.306909956071424265e-03
-1.265302428103056960e-03
-1.223631375392956284e-03
-1.182036563813202313e-03
-1.140642108371401784e-03
-1.099552016582301889e-03
-1.058847131488556718e-03
-1.018583752497116473e-03
-9.787940892626622105e-04
-9.394885615143718253e-04
-9.006598068938666615e-04
-8.622881119317280007e-04
-8.243478510975477038e-04
-7.868144176241050492e-04
-7.496710679382645372e-04
-7.129150865665647352e-04
-6.765627141076731863e-04
-6.406523667183732429e-04
-6.052458064276152469e-04
-5.704270879867396173e-04
-5.362992966626377702e-04
-5.029792864409666185e-04
-4.705908122166361845e-04
-4.392566055768084904e-04
-4.090900564047315001e-04
-3.801872197721257204e-04
-3.526198621043018255e-04
-3.264301905987597062e-04
-3.016277795124034690e-04
-2.781890261586377855e-04
-2.560592532982697246e-04
-2.351573419073375913e-04
-2.153825500392334447e-04
-1.966229708398536068e-04
-1.787649250575783742e-04
-1.617024862015977588e-04
-1.453463100848122116e-04
-1.296309886295000870e-04
-1.145202673479273737e-04
-1.000096468891457631e-04
-8.612611558843389313e-05
-7.292501170046887873e-05
-6.048426799472898043e-05
-4.889652429770633199e-05
-3.825978387823815875e-05
-2.866741970101487682e-05
-2.019839453844558667e-05
-1.290853950516307735e-05
-6.823640773432150889e-06
-1.934923060370511376e-06
1.802693930304630866e-06
4.469433852610259621e-06
6.176717620538459320e-06
7.060792846264468149e-06
7.274502885477049552e-06
6.977910866340073522e-06
6.328580111750650994e-06
5.472326874408643392e-06
4.535204688083362724e-06
3.617358715819803946e-06
2.789215659787264251e-06
2.090266758322062290e-06
1.530477400324728896e-06
1.094136907496494906e-06
7.457649551856493496e-07
4.375329997001660641e-07
1.175519648466208338e-07
-2.616716841066231912e-07
-7.352988113006605928e-07
-1.319360132253075689e-06
-2.005604566693657468e-06
-2.758349033112017367e-06
-3.513512933768984915e-06
-4.179841715178136964e-06
-4.642153454472583534e-06
-4.766293750475619154e-06
-4.405367991806195615e-06
-3.406743685875704057e-06
-1.619282589548290091e-06
1.099727250771245089e-06
4.878419356910459699e-06
9.825373087765547825e-06
1.602610296909445502e-05
2.354117923819523632e-05
3.240601891941737798e-05
4.263226541062650174e-05
5.421056733808824276e-05
6.711448119622309412e-05
8.130516172085631944e-05
9.673647146711407787e-05
1.133601367756491957e-04
1.311305992825838437e-04
1.500092566537285092e-04
1.699678483558012790e-04
1.909908162193595018e-04
2.130765492548727079e-04
2.362375017171085680e-04
2.604992474593374459e-04
2.858985976852834059e-04
3.124809599605910156e-04
3.402971516049985590e-04
3.693998994636972272e-04
3.998402607582013206e-04
4.316641875363580309e-04
4.649094322290815229e-04
4.996029567007399287e-04
5.357589649699864062e-04
5.733776337015075242e-04
6.124445677046497487e-04
6.529309629105668452e-04
6.947944190576996627e-04
7.379803105838720484e-04
7.824235983665998396e-04
8.280509478208957592e-04
8.747830106880711588e-04
9.225367283918282490e-04
9.712275233867389678e-04
1.020771260408789545e-03
1.071085880625746852e-03
1.122092636851777358e-03
1.173716885630845998e-03
1.225888420502317493e-03
1.278541358605907131e-03
1.331613618560410078e-03
1.385046050048644502e-03
1.438781293774808604e-03
1.492762463691055946e-03
1.546931751138529935e-03
1.601229052606465645e-03
1.655590719237284500e-03
1.709948517296078566e-03
1.764228875107462036e-03
1.818352474174121701e-03
1.872234221241319716e-03
1.925783615002699296e-03
1.978905497097147720e-03
2.031501153229095004e-03
2.083469707877720102e-03
2.134709736327265912e-03
2.185121001749291188e-03
2.234606213775630536e-03
2.283072699216168178e-03
2.330433875865961166e-03
2.376610427013046804e-03
2.421531087306780499e-03
2.465132969762903747e-03
2.507361388199319530e-03
2.548169158312087700e-03
2.587515392599489678e-03
2.625363837822551269e-03
2.661680836814725622e-03
2.696433027229111143e-03
2.729584916194476366e-03
2.761096489849779005e-03
2.790921028508597419e-03
2.819003300240266723e-03
2.845278296854296916e-03
2.869670656100499831e-03
2.892094882452434044e-03
2.912456436961394484e-03
2.930653715967976389e-03
2.946580881318037505e-03
2.960131444224925468e-03
2.971202444718571041e-03
2.979699012827742056e-03
2.985539050553025035e-03
2.988657739509244671e-03
2.989011561670568314e-03
2.986581523057286157e-03
2.981375294571041688e-03
2.973428031204921208e-03
2.962801699814619598e-03
2.949582833926051115e-03
2.933878737508409384e-03
2.915812272234429708e-03
2.895515477229150276e-03
2.873122378172986505e-03
2.848761435054154596e-03
2.822548145944889664e-03
2.794578360037043834e-03
2.764922850332980197e-03
2.733623650892465055e-03
2.700692574193295104e-03
2.666112193415735680e-03
2.629839408237789194e-03
2.591811520801890183e-03
2.551954543733443628e-03
2.510193260083648167e-03
2.466462372803837708e-03
2.420717936241154663e-03
2.372948170127173791e-03
2.323182730905534038e-03
2.271499564748605694e-03
2.218028594481490871e-03
2.162951695282223918e-03
2.106498680976389912e-03
2.048939336440010889e-03
1.990571868634377108e-03
1.931708481035339028e-03
1.872659073425864823e-03
1.813714301092016028e-03
1.755129367676068648e-03
1.697109953576930990e-03
1.639801585050652214e-03
1.583283526931668437e-03
1.527567945144997930e-03
1.472604656779168348e-03
1.418291299278608098e-03
1.364488248451073806e-03
1.311037144667343132e-03
1.257781495496074426e-03
1.204587554537454603e-03
1.151363564670834262e-03
1.098075520313177315e-03
1.044757851914987230e-03
9.915178528937420958e-04
9.385332223623575523e-04
8.860427381753826614e-04
8.343307436791712935e-04
7.837067614106892803e-04
7.344820713734785851e-04
6.869454514562440281e-04
6.413404283070555214e-04
5.978463037642568799e-04
5.565649037144635661e-04
5.175144670456029898e-04
4.806313999583148667e-04
4.457798326498242408e-04
4.127681117021849257e-04
3.813706275099019126e-04
3.513527923322504621e-04
3.224966179131304633e-04
2.946242372777173346e-04
2.676168910497073606e-04
2.414273419004982061e-04
2.160843492416291193e-04
1.916886619014364368e-04
1.684008824187776968e-04
1.464224264808124728e-04
1.259715499424728308e-04
1.072569608072357518e-04
9.045181306840845007e-05
7.567086067856200200e-05
6.295323309320999500e-05
5.225271171969240471e-05
4.343660148055514329e-05
3.629338832681915951e-05
3.054844961792220492e-05
2.588623949968690374e-05
2.197669625443576983e-05
1.850318435373507597e-05
1.518913494998701998e-05
1.182069759920802583e-05
8.263143442440975053e-06
4.469416491040487048e-06
4.800419788826251437e-07
-3.585519260925129600e-06
-7.545127108948129351e-06
-1.117614538030383527e-05
-1.424131510332390769e-05
-1.651576694283476119e-05
-1.781257160299003629e-05
-1.800443701380948424e-05
-1.703960084951885204e-05
-1.495058353577997477e-05
-1.185519160035915175e-05
-7.949917329079511378e-06
-3.496592006148859816e-06
1.196251318423752476e-06
5.795416600756344198e-06
9.966362494059120031e-06
1.339565396460749775e-05
1.581058232646526961e-05
1.699434098409943286e-05
1.679562676386966690e-05
1.513209598279326538e-05
1.198768352185381626e-05
7.404337416693648599e-06
1.469183345063339524e-06
-5.701523447305679361e-06
-1.398009938046047344e-05
-2.324517489793823946e-05
-3.339795624918748506e-05
-4.437569974427295647e-05
-5.616140258254682764e-05
-6.878908756837183295e-05
-8.234445777073678638e-05
-9.696108593373668446e-05
-1.128126507131650902e-04
-1.301020125775783243e-04
-1.490481193096119541e-04
-1.698718359246057809e-04
-1.927818062375999527e-04
-2.179613805499106167e-04
-2.455574992639143707e-04
-2.756722233044412080e-04
-3.083573689624400163e-04
-3.436124577131497468e-04
-3.813859499831955512e-04
-4.215795126034210783e-04
-4.640548860431748510e-04
-5.086427787472286082e-04
-5.551531269016083238e-04
-6.033860196635382938e-04
-6.531425995057461549e-04
-7.042352991936922778e-04
-7.564968631285821183e-04
-8.097877122223627556e-04
-8.640013383981060696e-04
-9.190675478292046089e-04
-9.749535024800593799e-04
-1.031662630110542767e-03
-1.089231577866161356e-03
-1.147725469924787065e-03
-1.207231793071380718e-03
-1.267853274885409349e-03
-1.329700138129081806e-03
-1.392882113814906302e-03
-1.457500576962798746e-03
-1.523641136493010962e-03
-1.591366967475980280e-03
-1.660713123562994331e-03
-1.731682013053841658e-03
-1.804240166595255743e-03
-1.878316370279641467e-03
-1.953801186765748502e-03
-2.030547840221382655e-03
-2.108374399166479916e-03
-2.187067154980878395e-03
-2.266385062910078723e-03
-2.346065086579945513e-03
-2.425828265914258593e-03
-2.505386311509788955e-03
-2.584448515608504717e-03
-2.662728760591319584e-03
-2.739952400406155206e-03
-2.815862788742627774e-03
-2.890227230507950822e-03
-2.962842140875299526e-03
-3.033537209634520893e-03
-3.102178388580022466e-03
-3.168669546969569289e-03
-3.232952675261543170e-03
-3.295006560669601955e-03
-3.354843909411951708e-03
-3.412506949187129549e-03
-3.468061610079473198e-03
-3.521590450803467696e-03
-3.573184567250945083e-03
-3.622934788363585314e-03
-3.670922526523778210e-03
-3.717210701644916952e-03
-3.761835195456855827e-03
-3.804797310721789397e-03
-3.846057705314323387e-03
-3.885532240058845767e-03
-3.923090119870817002e-03
-3.958554619521821409e-03
-3.991706569491688429e-03
-4.022290637175187158e-03
-4.050024279612051553e-03
-4.074609073500964733e-03
-4.095743956108590517e-03
-4.113139747966245395e-03
-4.126534187147673505e-03
-4.135706597930999262e-03
-4.140491255675652141e-03
-4.140788505083543847e-03
-4.136572748272855822e-03
-4.127896546193209407e-03
-4.114890271197834543e-03
-4.097757004141082057e-03
-4.076762674641829648e-03
-4.052221781074478481e-03
-4.024479375394824678e-03
-3.993890331179908090e-03
-3.960797203077117030e-03
-3.925508203855463188e-03
-3.888276945339373594e-03
-3.849285590454062846e-03
-3.808632931642643837e-03
-3.766328642030239513e-03
-3.722294547459478482e-03
-3.676373259915263932e-03
-3.628343928236096947e-03
-3.577944243733229349e-03
-3.524897238175700442e-03
-3.468940885917613792e-03
-3.409858126691357912e-03
-3.347504711101117504e-03
-3.281832275648110392e-03
-3.212904300054775664e-03
-3.140903087059241337e-03
-3.066126610302433338e-03
-2.988974951230458262e-03
-2.909927020599507863e-03
-2.829509245674028013e-03
-2.748258801734727603e-03
-2.666684675876048599e-03
-2.585230281878667970e-03
-2.504241427126519415e-03
-2.423943126800310287e-03
-2.344428065719011793e-03
-2.265658465771543551e-03
-2.187481810646303790e-03
-2.109659430721335608e-03
-2.031905507697697334e-03
-1.953932781888058877e-03
-1.875500291078967350e-03
-1.796457971154628071e-03
-1.716782996103964967e-03
-1.636603363476340752e-03
-1.556205410089498342e-03
-1.476023573780530819e-03
-1.396612640740550661e-03
-1.318604728167593193e-03
-1.242655116787373020e-03
-1.169382536737006897e-03
-1.099310422752555229e-03
-1.032815847189279745e-03
-9.700922479588844176e-04
-9.111307216706583580e-04
-8.557226740623533013e-04
-8.034842198551064851e-04
-7.539001762270054838e-04
-7.063831048220841615e-04
-6.603409284829941939e-04
-6.152454387007369203e-04
-5.706936965308895444e-04
-5.264549853227224862e-04
-4.824975491945853422e-04
-4.389916783957108215e-04
-3.962885108983006189e-04
-3.548768675469724746e-04
-3.153231564997303329e-04
-2.782015217228347493e-04
-2.440226864864485947e-04
-2.131701781456395368e-04
-1.858517685694709035e-04
-1.620721194047003227e-04
-1.416300075197242478e-04
-1.241404508675174074e-04
-1.090789467462954435e-04
-9.584227099103781835e-05
-8.381822311641275863e-05
-7.245560384466037359e-05
-6.132571736320331765e-05
-5.016779680641780559e-05
-3.891281078564312840e-05
-2.768285166968272170e-05
-1.676637709673318497e-05
-6.572580907659768214e-06
2.429271773159666313e-06
9.777914981939479858e-06
1.508710822469709045e-05
1.810341035579354424e-05
1.874774250671325078e-05
1.713586116908297173e-05
1.357549382716534213e-05
8.540733483530621079e-06
2.626990434633141279e-06
-3.507964965899231761e-06
-9.209821180333951704e-06
-1.389272329629057444e-05
-1.709605309500369507e-05
-1.852673171978865753e-05
-1.808260399108219953e-05
-1.585472151647521568e-05
-1.210875747164522184e-05
-7.248074281745539226e-06
-1.762872442357132463e-06
3.828820435633467346e-06
9.041923301871107656e-06
1.348052634917791473e-05
1.688401054078176837e-05
1.915880732026887593e-05
2.039321555433560730e-05
2.085453144326154663e-05
2.096954706351950043e-05
2.129104916720392159e-05
2.245415567030465193e-05
2.512706810546842381e-05
2.996105616333161135e-05
3.754424264326130313e-05
4.836308911946334601e-05
6.277449624077962101e-05
8.099025176870855132e-05
1.030743152426416386e-04
1.289522446244826658e-04
1.584310528852585383e-04
1.912270097567279274e-04
2.269984227185313595e-04
2.653802562325440905e-04
3.060175638487039004e-04
3.485950737268523063e-04
3.928608260177840960e-04
4.386424415782932918e-04
4.858553341036385702e-04
5.345028942618463902e-04
5.846693167261151789e-04
6.365062642509672526e-04
6.902149378196355094e-04
7.460253348357925429e-04
8.041745297584559091e-04
8.648857174682835934e-04
9.283495429279963688e-04
9.947089316618298958e-04
1.064048267874948949e-03
1.136387374313248353e-03
1.211680361566802675e-03
1.289819061205366071e-03
1.370640458023598225e-03
1.453937306298958183e-03
1.539470961438675449e-03
1.626985383550641397e-03
1.716221269891070409e-03
1.806929340910781896e-03
1.898881928719650279e-03
1.991882184016160757e-03
2.085770413817575070e-03
2.180427273500159992e-03
2.275773749418349458e-03
2.371768070729704005e-03
2.468399870912320587e-03
2.565682072722889461e-03
2.663641089130212337e-03
2.762306013278374023e-03
2.861697511068609159e-03
2.961817130596085430e-03
3.062637705212849486e-03
3.164095454590875375e-03
3.266084285231363529e-03
3.368452663804187477e-03
3.471003289702667954e-03
3.573495634092348390e-03
3.675651248768390267e-03
3.777161586859596742e-03
3.877697926393946625e-03
3.976922854456020617e-03
4.074502661153456447e-03
4.170119915333741004e-03
4.263485453390468416e-03
4.354349012847364211e-03
4.442507786294791483e-03
4.527812259492156911e-03
4.610168828538916720e-03
4.689538861197023456e-03
4.765934070301528803e-03
4.839408293833082769e-03
4.910046015351575421e-03
4.977948196693849844e-03
5.043216217140496227e-03
5.105934903824729809e-03
5.166155781179769708e-03
5.223881747961139736e-03
5.279054396342595067e-03
5.331545109779697519e-03
5.381150910434120797e-03
5.427595774311562253e-03
5.470537800765594601e-03
5.509582227500816644e-03
5.544299844429369239e-03
5.574249907737660950e-03
5.599006222434179704e-03
5.618184683835906329e-03
5.631470282996770514e-03
5.638641422792973167e-03
5.639589389484789446e-03
5.634330999317973751e-03
5.623012799129491895e-03
5.605905737073486883e-03
5.583389910909935389e-03
5.555929806061800022e-03
5.524041296946623908e-03
5.488252532617445695e-03
5.449061582388592916e-03
5.406894297209282989e-03
5.362066171424979648e-03
5.314752003948013635e-03
5.264966816316557149e-03
5.212560775703111750e-03
5.157229816935675511e-03
5.098542320535617324e-03
5.035980682794399810e-03
4.968995040915066830e-03
4.897064946586294175e-03
4.819763580373170875e-03
4.736818325583374775e-03
4.648161306968672316e-03
4.553963935757897666e-03
4.454650616447521604e-03
4.350888518352335685e-03
4.243552574482572018e-03
4.133667446231195815e-03
4.022330828160855173e-03
3.910624868185569140e-03
3.799524342416132211e-03
3.689811277106462215e-03
3.582005744707966819e-03
3.476321469557682332e-03
3.372652680147388352e-03
3.270595497743566688e-03
3.169503349693952778e-03
3.068571848536004020e-03
2.966944766993499967e-03
2.863829664907255150e-03
2.758609841691737549e-03
2.650938939910605328e-03
2.540805884394668323e-03
2.428560868030450650e-03
2.314897523038733640e-03
2.200791765137920589e-03
2.087403420086344878e-03
1.975951898694658718e-03
1.867581142708120380e-03
1.763231194940595437e-03
1.663533636413559898e-03
1.568745651563082646e-03
1.478732829257889316e-03
1.393004507859177659e-03
1.310798325701603446e-03
1.231203618625605544e-03
1.153307430862426800e-03
1.076343085742440496e-03
9.998201590140115991e-04
9.236166046611527869e-04
8.480185625295457016e-04
7.737004532499372521e-04
7.016463899423709249e-04
6.330225116678647734e-04
5.690172986358306949e-04
5.106721090550384295e-04
4.587262286328453072e-04
4.134992384487932689e-04
3.748286041321365254e-04
3.420727144398856296e-04
3.141802390385600545e-04
2.898170081492222844e-04
2.675330940831173020e-04
2.459467029484444412e-04
2.239188158720658228e-04
2.006936949898459441e-04
1.759852459726720568e-04
1.499970913034018175e-04
1.233738792896460306e-04
9.709137415859131265e-05
7.230173051656253605e-05
5.015672180305664107e-05
3.163462771766108970e-05
1.739558365240173368e-05
7.685640679342159402e-06
2.302316619503053082e-06
6.252070253788905752e-07
1.705680856876274900e-06
4.401239203580319540e-06
7.533994710606448346e-06
1.004977831608759974e-05
1.115494109767140747e-05
1.041179871619138539e-05
7.780183086823672957e-06
3.600674183147898459e-06
-1.476454702675900713e-06
-6.604970177787399283e-06
-1.088184602539522232e-05
-1.349164352514102076e-05
-1.383586864451202817e-05
-1.162987762284821600e-05
-6.955000066930111139e-06
-2.601097909658026336e-07
7.686084652508039987e-06
1.588422506072180099e-05
2.322199229388082921e-05
2.860413812476925424e-05
3.107779353764135953e-05
2.993733874498687259e-05
2.479640791486159175e-05
1.561927239020060589e-05
2.709210218124773295e-06
-1.334319685930712582e-05
-3.174425570100720869e-05
-5.160282695083674459e-05
-7.204454495035864570e-05
-9.232140944150873214e-05
-1.119048357295782922e-04
-1.305527773584785108e-04
-1.483449219915490135e-04
-1.656837478827870780e-04
-1.832629564883556225e-04
-2.020080622082097964e-04
-2.229964136446334561e-04
-2.473654517835827539e-04
-2.762185148222356273e-04
-3.105370302058654223e-04
-3.511066418465730245e-04
-3.984629225983132112e-04
-4.528600727877305117e-04
-5.142636631018760807e-04
-5.823662793726669959e-04
-6.566230586661335336e-04
-7.363027043203242703e-04
-8.205487036070415992e-04
-9.084451566813105247e-04
-9.990818181499427301e-04
-1.091613571009419177e-03
-1.185310488172636179e-03
-1.279595768059134863e-03
-1.374070036996871734e-03
-1.468521683021501096e-03
-1.562923932847749700e-03
-1.657420240178863937e-03
-1.752300178850078232e-03
-1.847968413438206160e-03
-1.944909459914971432e-03
-2.043650874800709456e-03
-2.144727260975209677e-03
-2.248647097600233770e-03
-2.355863938895550423e-03
-2.466753028855536364e-03
-2.581593888422993675e-03
-2.700558983025460116e-03
-2.823708197730386612e-03
-2.950988551464750476e-03
-3.082238378510989210e-03
-3.217195094517798920e-03
-3.355505638248192958e-03
-3.496738726669930929e-03
-3.640398163451965055e-03
-3.785936581165480052e-03
-3.932769156639712507e-03
-4.080286999030732081e-03
-4.227870055232715862e-03
-4.374899494216203354e-03
-4.520769611180792610e-03
-4.664899328461709349e-03
-4.806743361478337320e-03
-4.945803067229861787e-03
-5.081636906359709993e-03
-5.213870337355553004e-03
-5.342204835557639274e-03
-5.466425604713493272e-03
-5.586407440373641030e-03
-5.702118127870074715e-03
-5.813618727374818794e-03
-5.921060126580433326e-03
-6.024675336603293151e-03
-6.124767172834963067e-03
-6.221691198508503585e-03
-6.315834107262369330e-03
-6.407588068338251376e-03
-6.497321933992245002e-03
-6.585350587423466004e-03
-6.671904060214960824e-03
-6.757098337345330066e-03
-6.840909960503985428e-03
-6.923156604137371828e-03
-7.003485705368746317e-03
-7.081372959203717163e-03
-7.156132035833325834e-03
-7.226936243561474585e-03
-7.292852071135297147e-03
-7.352883637162721184e-03
-7.406026108854484036e-03
-7.451325200248383809e-03
-7.487939005255768790e-03
-7.515197753557301130e-03
-7.532656686040266683e-03
-7.540137209694856672e-03
-7.537751868576240966e-03
-7.525909487454910535e-03
-7.505298100620738828e-03
-7.476844918989007140e-03
-7.441654516847285260e-03
-7.400928493152445289e-03
-7.355871901030363105e-03
-7.307593536977142687e-03
-7.257008523653388568e-03
-7.204752305809460251e-03
-7.151115044233351779e-03
-7.096004336704636768e-03
-7.038942201559789114e-03
-6.979099413558393153e-03
-6.915366776778605895e-03
-6.846459052933612406e-03
-6.771043419606364439e-03
-6.687880949429369538e-03
-6.595967125833835862e-03
-6.494656247256590763e-03
-6.383755021635470830e-03
-6.263572862722265391e-03
-6.134920316302901709e-03
-5.999052392145057255e-03
-5.857559860147344005e-03
-5.712218102799742486e-03
-5.564809093318657043e-03
-5.416936650927539967e-03
-5.269857552654988800e-03
-5.124350792655144385e-03
-4.980644017363919547e-03
-4.838410052647070317e-03
-4.696838019296557462e-03
-4.554773741358598450e-03
-4.410914231067930569e-03
-4.264032390070594813e-03
-4.113202075807691552e-03
-3.957991479286459592e-03
-3.798595035191725065e-03
-3.635880920518109408e-03
-3.471341986302575386e-03
-3.306951427176959852e-03
-3.144938798053962658e-03
-2.987514996724785748e-03
-2.836584406765305533e-03
-2.693486748572715677e-03
-2.558809209904166528e-03
-2.432300945372895939e-03
-2.312907922759009291e-03
-2.198928230845195991e-03
-2.088269001738629876e-03
-1.978769083095486235e-03
-1.868539465044594637e-03
-1.756268548150215171e-03
-1.641442886913980961e-03
-1.524445940558529639e-03
-1.406516040687678503e-03
-1.289567400865093867e-03
-1.175900850207952557e-03
-1.067850130108151645e-03
-9.674215574441988666e-04
-8.759872426011922281e-04
-7.940840698584524871e-04
-7.213533407661028253e-04
-6.566321116838607112e-04
-5.981808828125675373e-04
-5.440080766228001319e-04
-4.922340994368546146e-04
-4.414300643663344537e-04
-3.908700923884413287e-04
-3.406510420911940031e-04
-2.916570316171130783e-04
-2.453740550159999741e-04
-2.035873107388538113e-04
-1.680155380103800177e-04
-1.399486594077922405e-04
-1.199550646924895238e-04
-1.077128473991358619e-04
-1.019973578855085068e-04
-1.008295415362699484e-04
-1.017607656870880758e-04
-1.022454316286794342e-04
-1.000370228436753880e-04
-9.353912560397607259e-05
-8.205100968300448397e-05
-6.586599211688073539e-05
-4.620655185178409568e-05
-2.500832868807813689e-05
-4.590706426875615396e-06
1.272978108195632048e-05
2.501852530734326841e-05
3.103250412106936247e-05
3.041184477873602965e-05
2.372559463724211953e-05
1.236889437049268346e-05
-1.666845158439843866e-06
-1.610932968936723504e-05
-2.875274913364018353e-05
-3.778071311599994701e-05
-4.201481002881916812e-05
-4.105303680382815470e-05
-3.528150318954418024e-05
-2.576353916052630103e-05
-1.402920478349455666e-05
-1.802338048468000359e-06
9.290230580894536224e-06
1.798252323832555627e-05
2.356823924170934465e-05
2.600847342666359700e-05
2.593730786840734153e-05
2.456988489082704386e-05
2.353138912377565704e-05
2.463549387894062997e-05
2.964610224027751709e-05
4.005629885358789725e-05
5.691377258447583444e-05
8.071365502650712661e-05
1.113692336572056686e-04
1.482599765904648865e-04
1.903462824645884861e-04
2.363325750879198442e-04
2.848555936162800286e-04
3.346732915331734285e-04
3.848314895587890447e-04
4.347897804349211024e-04
4.844943446509491374e-04
5.343923680953565659e-04
5.853897282251031191e-04
6.387597315203726251e-04
6.960153432047683393e-04
7.587601990653919165e-04
8.285346298888693816e-04
9.066720892972528287e-04
9.941790611859889840e-04
1.091648155305332581e-03
1.199210152063057491e-03
1.316526695600783075e-03
1.442821566464986844e-03
1.576945310522038374e-03
1.717465669850996119e-03
1.862774853591642231e-03
2.011204199282533994e-03
2.161137120887492765e-03
2.311112270011167653e-03
2.459910366880556365e-03
2.606619989940758397e-03
2.750679557394664510e-03
2.891894623909817361e-03
3.030431317764394755e-03
3.166788163366526711e-03
3.301749616095966001e-03
3.436325361724754807e-03
3.571679812746919157e-03
3.709056303631209223e-03
3.849700296778721127e-03
3.994785519482635557e-03
4.145346419752318247e-03
4.302219712138804879e-03
4.465997132848298530e-03
4.636990875777859643e-03
4.815212566183377230e-03
5.000366064488837026e-03
5.191853887812051052e-03
5.388796592131115358e-03
5.590064069333268784e-03
5.794317373428825406e-03
6.000059391125451766e-03
6.205692407383920500e-03
6.409580383279848623e-03
6.610113562622622896e-03
6.805772861333050754e-03
6.995191380553008806e-03
7.177210335996966201e-03
7.350926730436041327e-03
7.515730232788390107e-03
7.671326984587293653e-03
7.817748447382741328e-03
7.955343941632051982e-03
8.084756208459062746e-03
8.206880138932604735e-03
8.322805736519767877e-03
8.433747368636118277e-03
8.540962369934157125e-03
8.645663017996513613e-03
8.748926736013518113e-03
8.851610006183882606e-03
8.954271821090247635e-03
9.057112484906957445e-03
9.159933143474156478e-03
9.262120537472889534e-03
9.362660132676357827e-03
9.460179020858628177e-03
9.553017882212784181e-03
9.639328977793190992e-03
9.717194762620463486e-03
9.784759475736041351e-03
9.840364193212686184e-03
9.882674549486171120e-03
9.910789849120917386e-03
9.924322771577965760e-03
9.923440414015669356e-03
9.908860029490994953e-03
9.881796397997150844e-03
9.843862094687148845e-03
9.796926654355478728e-03
9.742945333747239298e-03
9.683772332754707682e-03
9.620976418218778886e-03
9.555678400916691947e-03
9.488429451338617135e-03
9.419146576268791135e-03
9.347116719099173368e-03
9.271074165481573565e-03
9.189347790313414158e-03
9.100065992321762151e-03
9.001398948843913894e-03
8.891811203684237344e-03
8.770293654748705092e-03
8.636543620026949919e-03
8.491065361463162250e-03
8.335171277748059521e-03
8.170875402179733279e-03
8.000684727631062268e-03
7.827308568969796460e-03
7.653319645067530215e-03
7.480810689370123549e-03
7.311095254830406870e-03
7.144499578768357360e-03
6.980283371338233921e-03
6.816711702430425929e-03
6.651279435831159749e-03
6.481066577499850628e-03
6.303180882444550832e-03
6.115226780206026169e-03
5.915730482029443391e-03
5.704452419988606006e-03
5.482530835084408957e-03
5.252423414029682922e-03
5.017644479942479779e-03
4.782328823619311393e-03
4.550684241208008581e-03
4.326417512639491557e-03
4.112228120677560717e-03
3.909457602518474212e-03
3.717959857773230330e-03
3.536221836608504244e-03
3.361720419685831993e-03
3.191457584177834986e-03
3.022580426372403501e-03
2.852972693378809290e-03
2.681705121900355201e-03
2.509254366703073981e-03
2.337441629578236764e-03
2.169095247149202803e-03
2.007496521933214203e-03
1.855713957671580212e-03
1.715957894251961919e-03
1.589088739967505458e-03
1.474385917430644623e-03
1.369635254307098723e-03
1.271528995581645187e-03
1.176307541355041441e-03
1.080519070157300379e-03
9.817441321211791208e-04
8.791342620996510674e-04
7.736474762467199316e-04
6.679231352652609689e-04
5.658122166454387404e-04
4.716512179651885560e-04
3.894231929919644386e-04
3.219755038486706369e-04
2.704545036580236492e-04
2.340738912386653944e-04
2.102647319393551723e-04
1.951756218051023492e-04
1.844182410675562116e-04
1.739024459052479498e-04
1.605871915198172977e-04
1.429928300715023264e-04
1.213724256248019531e-04
9.751323924250109444e-05
7.421840868620176949e-05
5.458599597605385466e-05
4.124367555586623676e-05
3.570393839870371350e-05
3.797598620045126717e-05
4.651334362186146089e-05
5.850347288222040003e-05
7.043321172352188793e-05
7.880704415457677036e-05
8.086561033191084406e-05
7.515485875526972724e-05
6.183015045018769079e-05
4.263632596174401595e-05
2.057170839032105604e-05
-6.928633914474549389e-07
-1.752224389187559384e-05
-2.701320553388065977e-05
-2.754618426616219421e-05
-1.909227379661425258e-05
-3.225254559980227475e-06
1.715435414979806178e-05
3.832327357357254014e-05
5.636860769931938673e-05
6.783278919462734310e-05
7.025696101607260098e-05
6.253357110081837549e-05
4.501738076813115630e-05
1.938878855428752572e-05
-1.169408757351861382e-05
-4.508502939161089615e-05
-7.769277065137313455e-05
-1.069867843901703246e-04
-1.313878902479604814e-04
-1.504901859526359975e-04
-1.650916997421692867e-04
-1.770428456894875989e-04
-1.889490650435659614e-04
-2.037830821883301674e-04
-2.244708998410722305e-04
-2.535137990072134436e-04
-2.926976616369258771e-04
-3.429235796776571358e-04
-4.041732655987325903e-04
-4.756025822721434153e-04
-5.557394324792899829e-04
-6.427503224786040251e-04
-7.347341612416806141e-04
-8.300022913721300227e-04
-9.273095278802099975e-04
-1.026010659715644469e-03
-1.126128687504423511e-03
-1.228333246420871411e-03
-1.333838629439456887e-03
-1.444239403100661947e-03
-1.561307088537548012e-03
-1.686773541060152112e-03
-1.822125707094085067e-03
-1.968432903103058042e-03
-2.126222392128172042e-03
-2.295412660524740953e-03
-2.475307227051994768e-03
-2.664645745485993891e-03
-2.861704121145138262e-03
-3.064431689592583396e-03
-3.270611348819818173e-03
-3.478027870176154512e-03
-3.684630278228520888e-03
-3.888675931817277276e-03
-4.088846452823705763e-03
-4.284328618057946410e-03
-4.474856454650013964e-03
-4.660713803441468225e-03
-4.842699336403607883e-03
-5.022058291871479493e-03
-5.200386943193999884e-03
-5.379517012464436927e-03
-5.561387894130809424e-03
-5.747914707777166538e-03
-5.940859919828563734e-03
-6.141715635263043406e-03
-6.351602739641074545e-03
-6.571191942117300504e-03
-6.800650497364633083e-03
-7.039617025274457623e-03
-7.287205449847668388e-03
-7.542037683579573722e-03
-7.802303326716244353e-03
-8.065843365651303998e-03
-8.330253675398089155e-03
-8.593003093810848078e-03
-8.851559979721691090e-03
-9.103520536383457110e-03
-9.346731820455365589e-03
-9.579402309407141283e-03
-9.800193206227974380e-03
-1.000828434951090383e-02
-1.020340968427750107e-02
-1.038585872802369123e-02
-1.055644230516872804e-02
-1.071642295824300206e-02
-1.086741277994701833e-02
-1.101124381741959944e-02
-1.114981852000791578e-02
-1.128494975241409008e-02
-1.141820148231331017e-02
-1.155074218314409464e-02
-1.168322309695848590e-02
-1.181569264669699894e-02
-1.194755640106441585e-02
-1.207758908710935067e-02
-1.220400132111021038e-02
-1.232455919781304428e-02
-1.243674995833147362e-02
-1.253798205928469307e-02
-1.262580357285836112e-02
-1.269811947528607689e-02
-1.275338653031458762e-02
-1.279076456931805411e-02
-1.281020529765937097e-02
-1.281246440379571819e-02
-1.279902954985330348e-02
-1.277196533450042533e-02
-1.273368581340973346e-02
-1.268667466297547508e-02
-1.263318143030113180e-02
-1.257492831883044206e-02
-1.251286449709415084e-02
-1.244700312822679886e-02
-1.237636976836181853e-02
-1.229907961139793844e-02
-1.221254606837126472e-02
-1.211380583953729217e-02
-1.199992803452654307e-02
-1.186845948266567613e-02
-1.171784771107439380e-02
-1.154777943180391835e-02
-1.135937736285452457e-02
-1.115521233325310335e-02
-1.093911006130383196e-02
-1.071576045676090987e-02
-1.049016814578955861e-02
-1.026701154123874776e-02
-1.004999921147017514e-02
-9.841322010221810815e-03
-9.641294202251942530e-03
-9.448255547259221468e-03
-9.258770542596470726e-03
-9.068115143955586890e-03
-8.870992115842826070e-03
-8.662372113975061808e-03
-8.438327290206102879e-03
-8.196714843791655380e-03
-7.937583690468229258e-03
-7.663218138829313783e-03
-7.377793093528457226e-03
-7.086686198222116699e-03
-6.795560587846998478e-03
-6.509383624489966345e-03
-6.231570004628570608e-03
-5.963424402397651813e-03
-5.704008617175426211e-03
-5.450478112866911917e-03
-5.198837185769934581e-03
-4.944970001581964515e-03
-4.685736786654586331e-03
-4.419897598927712869e-03
-4.148649784066950168e-03
-3.875638267245274347e-03
-3.606407604513269579e-03
-3.347388927420724605e-03
-3.104625948949065774e-03
-2.882515226080668066e-03
-2.682847386762794457e-03
-2.504381239133791296e-03
-2.343070280009444065e-03
-2.192914421136676981e-03
-2.047262074476464706e-03
-1.900274855842579939e-03
-1.748218508753795770e-03
-1.590274432725899412e-03
-1.428672624622819368e-03
-1.268105876499196413e-03
-1.114559219531604476e-03
-9.738347445186351387e-04
-8.501321865921340759e-04
-7.450374844238316033e-04
-6.571742613275302061e-04
-5.826091669214765239e-04
-5.159116250930227817e-04
-4.516001655764504720e-04
-3.856051292713054304e-04
-3.163689034039087323e-04
-2.452937951754644800e-04
-1.764125441634144199e-04
-1.153554329333973661e-04
-6.786966868334298741e-05
-3.826389916276431492e-05
-2.817270122652777231e-05
-3.595673183394709353e-05
-5.689443200767847850e-05
-8.412212718217908670e-05
-1.100923959839194579e-04
-1.281933682725335867e-04
-1.341357775963729685e-04
-1.267777009703766695e-04
-1.082010149315884394e-04
-8.304047271012198633e-05
-5.724792692513368351e-05
-3.660537847185196835e-05
-2.535031407589925307e-05
-2.523590227492318339e-05
-3.523079588811726514e-05
-5.190079851051738661e-05
-7.034925621335002903e-05
-8.546508079763870337e-05
-9.316580945032216577e-05
-9.133926881871952310e-05
-8.027303158499139930e-05
-6.249158518332865553e-05
-4.206348008116784018e-05
-2.356071559990862574e-05
-1.092389220639104676e-05
-6.496054778873495539e-06
-1.043770649188123272e-05
-2.064066023169059682e-05
-3.314341940195446778e-05
-4.294233093575492463e-05
-4.501381738116502860e-05
-3.532814920625890469e-05
-1.164829426881998877e-05
2.603825634085989242e-05
7.552572513301674892e-05
1.328162460289348114e-04
1.928690606947488140e-04
2.505215629495700122e-04
3.014095364097074377e-04
3.427259339473002434e-04
3.736974349353214112e-04
3.957156216094095502e-04
4.121227465897481495e-04
4.277090380892043919e-04
4.480202001700133601e-04
4.785949523112695476e-04
5.242520746960812510e-04
5.885272182091678961e-04
6.733271726494614992e-04
7.788302286100067884e-04
9.036226219612392141e-04
1.045028629816078993e-03
1.199569667527822020e-03
1.363477534300963374e-03
1.533188513537511559e-03
1.705756418760667314e-03
1.879140854855664618e-03
2.052348445721797424e-03
2.225426194228620133e-03
2.399324694729569000e-03
2.575662672478194054e-03
2.756432296434615202e-03
2.943686827571474068e-03
3.139249093685822327e-03
3.344472209163450258e-03
3.560074336836450536e-03
3.786058609348649361e-03
4.021718931929510639e-03
4.265723344992583890e-03
4.516259660279468152e-03
4.771223572681141008e-03
5.028427445109339387e-03
5.285808259797985555e-03
5.541615435947781082e-03
5.794562834362045230e-03
6.043933773240490331e-03
6.289632756837925526e-03
6.532182425656005327e-03
6.772668617811784288e-03
7.012640130094596226e-03
7.253972625200790468e-03
7.498708076813999368e-03
7.748882175993684375e-03
8.006352293967211251e-03
8.272637997772221835e-03
8.548784857958333094e-03
8.835260493632745085e-03
9.131889593642637457e-03
9.437832155382089305e-03
9.751606512389498355e-03
1.007115599294263614e-02
1.039395537691249413e-02
1.071715080998602264e-02
1.103772460712231993e-02
1.135267454602630934e-02
1.165919593053674555e-02
1.195485400125277826e-02
1.223773428151293807e-02
1.250655924376823172e-02
1.276076130400881359e-02
1.300050459495334654e-02
1.322665117115408469e-02
1.344067113529686525e-02
1.364450044914494384e-02
1.384035463933282022e-02
1.403051089949887593e-02
1.421707485083886779e-02
1.440175105481776574e-02
1.458563788606407480e-02
1.476906723198470779e-02
1.495150744505837313e-02
1.513154393170049877e-02
1.530694579819729534e-02
1.547481938352308559e-02
1.563184081313793300e-02
1.577455064855547151e-02
1.589968520697350104e-02
1.600451221881989128e-02
1.608713422526854980e-02
1.614672242608200525e-02
1.618364724744849464e-02
1.619947998958432694e-02
1.619685229291255302e-02
1.617917598723925612e-02
1.615024370046202681e-02
1.611374839507587892e-02
1.607277538235312234e-02
1.602933082662034991e-02
1.598397400803621207e-02
1.593561498647610639e-02
1.588152412172678246e-02
1.581757578941545353e-02
1.573871770884430893e-02
1.563962314954071842e-02
1.551545066693504719e-02
1.536261032562991416e-02
1.517942184245137105e-02
1.496655288292947014e-02
1.472714701097797493e-02
1.446658985205246696e-02
1.419191497149503364e-02
1.391091071962695207e-02
1.363104632587207668e-02
1.335837918754913256e-02
1.309662565880245766e-02
1.284656755097242017e-02
1.260592357108744795e-02
1.236974267544471880e-02
1.213128483039206326e-02
1.188325943830251773e-02
1.161921133234646540e-02
1.133479710225749303e-02
1.102869459987883098e-02
1.070294169297349683e-02
1.036260184930838484e-02
1.001478773750032712e-02
9.667214090453695244e-03
9.326567025670215103e-03
8.997039805428791448e-03
8.679374265669522956e-03
8.370657300975052270e-03
8.064965617319220376e-03
7.754759883912019924e-03
7.432744313665515246e-03
7.093775698661477710e-03
6.736364981879892390e-03
6.363383494642895453e-03
5.981757650401071415e-03
5.601175274821883036e-03
5.232077618635364198e-03
4.883408612086621511e-03
4.560680413995943545e-03
4.264859757766728023e-03
3.992387042944564590e-03
3.736352121187955146e-03
3.488540006462143364e-03
3.241811241169921965e-03
2.992169186299601866e-03
2.739930409833825527e-03
2.489646936207227067e-03
2.248773131555364610e-03
2.025431786734153798e-03
1.825908737775443821e-03
1.652607838088402878e-03
1.503089455442775278e-03
1.370518249817845487e-03
1.245440125930267518e-03
1.118410974082648113e-03
9.827308833438282241e-04
8.364827328831796454e-04
6.832572674866263214e-04
5.313198537485221140e-04
3.914292857600327655e-04
2.739201940211987720e-04
1.858849567667020361e-04
1.292674906341749648e-04
1.004139892698444574e-04
9.119385528358437223e-05
9.133849760225754726e-05
9.128827368716585045e-05
8.469746718274823573e-05
6.986544428691835416e-05
4.970056689554793513e-05
3.027590784474184688e-05
1.846215942361892264e-05
1.939325611786941436e-05
3.455440841444903092e-05
6.107488267387316608e-05
9.242762758227012930e-05
1.203045924723493307e-04
1.370830391567135181e-04
1.381288751123524862e-04
1.232435198363860806e-04
9.682591400773940342e-05
6.670569275210868091e-05
4.199003113624731051e-05
3.054245949763847919e-05
3.680181656975240330e-05
6.053579293307412252e-05
9.684790503200595157e-05
1.374046066865918208e-04
1.725224183495003725e-04
1.935417649046774211e-04
1.948657203143279448e-04
1.751605341062051422e-04
1.374577693041672264e-04
8.819233516878251082e-05
3.547618645421347547e-05
-1.292205600035148899e-05
-5.138144765966145742e-05
-7.759661473542087270e-05
-9.287436485247542656e-05
-1.015513125916755029e-04
-1.097344716617578038e-04
-1.237103280107623975e-04
-1.484178772271809495e-04
-1.863352021296062493e-04
-2.370077689234720026e-04
-2.972851526793513096e-04
-3.621716910621110177e-04
-4.260710082515018924e-04
-4.841376473003682979e-04
-5.334487586077199962e-04
-5.737673981568932897e-04
-6.077676715882251871e-04
-6.407062044421249058e-04
-6.796299220188527137e-04
-7.322876814615030894e-04
-8.059518330367963996e-04
-9.063532110751619476e-04
-1.036895219872675323e-03
-1.198250970948783493e-03
-1.388375738476564257e-03
-1.602898796391779516e-03
-1.835804715971085061e-03
-2.080281058410746089e-03
-2.329599217679287262e-03
-2.577906050260007562e-03
-2.820830993082844122e-03
-3.055850107058240891e-03
-3.282388072552913129e-03
-3.501675582133786588e-03
-3.716408341881296748e-03
-3.930272413384939406e-03
-4.147408192693275396e-03
-4.371882817098912515e-03
-4.607230249922276803e-03
-4.856102389096064557e-03
-5.120056102385819874e-03
-5.399482696955872074e-03
-5.693670059641534401e-03
-6.000974981395276742e-03
-6.319074750842360554e-03
-6.645263099077678565e-03
-6.976755638331839059e-03
-7.310973355407306140e-03
-7.645778599458192930e-03
-7.979645389667649330e-03
-8.311753859318213658e-03
-8.642006471836995510e-03
-8.970970681551795889e-03
-9.299758538056051085e-03
-9.629858092306268352e-03
-9.962934250141388184e-03
-1.030061795189169370e-02
-1.064430234269906142e-02
-1.099496310611259610e-02
-1.135301756998075354e-02
-1.171823378507206269e-02
-1.208969675799164041e-02
-1.246583462795396342e-02
-1.284450304920712813e-02
-1.322312161479707177e-02
-1.359885207078116373e-02
-1.396880455960420285e-02
-1.433025542830469387e-02
-1.468085845887149785e-02
-1.501883091513278243e-02
-1.534309670006746285e-02
-1.565337126256787642e-02
-1.595017668105110434e-02
-1.623478047397249047e-02
-1.650905791166568451e-02
-1.677528456416315511e-02
-1.703587301808324322e-02
-1.729307451851796670e-02
-1.754867204208906267e-02
-1.780369525597359434e-02
-1.805818927299022991e-02
-1.831106750382549900e-02
-1.856007387606833231e-02
-1.880187118192495205e-02
-1.903226066068532812e-02
-1.924652387979083543e-02
-1.943986275305271613e-02
-1.960789872426686037e-02
-1.974717962929162934e-02
-1.985563451093472209e-02
-1.993291453765469456e-02
-1.998056358068579785e-02
-2.000197561812504243e-02
-2.000211764689391325e-02
-1.998702469703563314e-02
-1.996310512275291035e-02
-1.993632574354060882e-02
-1.991137300660072995e-02
-1.989090329453805511e-02
-1.987499847317972246e-02
-1.986092875912028044e-02
-1.984329312261247369e-02
-1.981455963785791821e-02
-1.976596942596794970e-02
-1.968870595397614887e-02
-1.957517640342730861e-02
-1.942021428766275981e-02
-1.922200206722318380e-02
-1.898253562257939259e-02
-1.870751045499481624e-02
-1.840559734344072301e-02
-1.808718108096773677e-02
-1.776274229318272960e-02
-1.744114836603772450e-02
-1.712816478738212259e-02
-1.682548725905713347e-02
-1.653052155150266933e-02
-1.623700849503478469e-02
-1.593642542048013394e-02
-1.561992394897737495e-02
-1.528042481894789466e-02
-1.491441959798968722e-02
-1.452305250561335311e-02
-1.411218052214286388e-02
-1.369132025165848039e-02
-1.327164584223957181e-02
-1.286344644467792356e-02
-1.247362155918302351e-02
-1.210383568493156835e-02
-1.174984327727256368e-02
-1.140224157726743223e-02
-1.104856283604832047e-02
-1.067626122921135415e-02
-1.027587923970863827e-02
-9.843577413487696395e-03
-9.382326174741224822e-03
-8.901378247777211664e-03
-8.414093571434053814e-03
-7.934656330027822779e-03
-7.474569439021253731e-03
-7.039921504543526082e-03
-6.630241418695980056e-03
-6.239317186997089988e-03
-5.857773199948979395e-03
-5.476645248836569009e-03
-5.090843317129101903e-03
-4.701376004474806108e-03
-4.315556940589203652e-03
-3.945035138107857130e-03
-3.602201697221414471e-03
-3.296093985707685987e-03
-3.029145235372413848e-03
-2.795914107707169610e-03
-2.584320845084901990e-03
-2.379098831181615352e-03
-2.166411863018370774e-03
-1.938152797729357892e-03
-1.694494645908296414e-03
-1.443813275350826078e-03
-1.199970491290823418e-03
-9.778445362983014064e-04
-7.886069391997736896e-04
-6.363456541243168530e-04
-5.171757495198783805e-04
-4.211116381827369626e-04
-3.360015354642646138e-04
-2.520933117759937485e-04
-1.655779427114632309e-04
-7.982835724211602500e-05
-3.887932875849578712e-06
5.123666169444075823e-05
7.712219782938358273e-05
7.164880641458914675e-05
4.052050297199991064e-05
-3.996043799261914979e-06
-4.669849780952431444e-05
-7.418107207750467718e-05
-7.902326485062503879e-05
-6.198793885433009595e-05
-3.149148590368924697e-05
-5.650477012640004951e-07
1.761539776604628663e-05
1.409025083661578657e-05
-1.308678071427826465e-05
-5.848934411234156262e-05
-1.114105192198531396e-04
-1.595914122371763853e-04
-1.932564114847339760e-04
-2.080848609185032981e-04
-2.061728028996463085e-04
-1.947588917074471473e-04
-1.832474646951218894e-04
-1.796039426586467193e-04
-1.873565836670892286e-04
-2.041851380677293796e-04
-2.225189994595991750e-04
-2.319037393161231791e-04
-2.223433456378555852e-04
-1.875517741284425492e-04
-1.271172629280990752e-04
-4.695051892743147797e-05
4.207919013513124662e-05
1.268883090413796947e-04
1.955028473758809837e-04
2.400432869059221212e-04
2.585971203762048309e-04
2.555497003639878219e-04
2.403748247797113922e-04
2.252801432672940087e-04
2.223592741495350131e-04
2.409705453811611224e-04
2.859448976478386542e-04
3.569730077777693807e-04
4.492118359438887422e-04
5.548651615512291890e-04
6.652958736461020688e-04
7.731542708758770309e-04
8.740570887342198657e-04
9.674985169819936854e-04
1.056871713698838118e-03
1.148677593643490993e-03
1.251154816256238363e-03
1.372654227337251733e-03
1.520094308362595487e-03
1.697780168937288500e-03
1.906768045745421431e-03
2.144836536461236336e-03
2.407010625397395989e-03
2.686495131086900998e-03
2.975822385929396876e-03
3.268007695506176813e-03
3.557530684793967779e-03
3.841010981697277893e-03
4.117510302459644576e-03
4.388457544730403267e-03
4.657248813897860683e-03
4.928613647494970926e-03
5.207859051553785992e-03
5.500104727203908653e-03
5.809609069138391493e-03
6.139260782815299244e-03
6.490280500220476333e-03
6.862145501487420217e-03
7.252722609072908937e-03
7.658572322263480434e-03
8.075372800842034113e-03
8.498405685265950429e-03
8.923046295018872628e-03
9.345207156246647037e-03
9.761694401115570893e-03
1.017044959601473564e-02
1.057066335823078282e-02
1.096276033547333509e-02
1.134826670597069605e-02
1.172958061214993998e-02
1.210967249399618785e-02
1.249174603655507296e-02
1.287889149778578476e-02
1.327376179467685754e-02
1.367829824862848084e-02
1.409352772933058356e-02
1.451944651707496627e-02
1.495499896057811071e-02
1.539815137430136996e-02
1.584605402727125995e-02
1.629527695428853798e-02
1.674209909719966832e-02
1.718282537605923463e-02
1.761410309183026462e-02
1.803320792156546185e-02
1.843827095445276301e-02
1.882842188734779043e-02
1.920382964938868037e-02
1.956563015713178033e-02
1.991574118548735187e-02
2.025657579929985436e-02
2.059067750879416819e-02
2.092031116555189210e-02
2.124705234518257241e-02
2.157142327964220105e-02
2.189262413085116266e-02
2.220840364214915486e-02
2.251510252925626593e-02
2.280788656980023074e-02
2.308116517092332828e-02
2.332916701013925537e-02
2.354661971216431837e-02
2.372945862453327420e-02
2.387547409398730822e-02
2.398480062653902609e-02
2.406015770234052817e-02
2.410677236012152488e-02
2.413194775114625365e-02
2.414428730887107494e-02
2.415263628836977067e-02
2.416485438373368669e-02
2.418657662850392728e-02
2.422014609598016968e-02
2.426390331999929081e-02
2.431198876220193317e-02
2.435475516875898819e-02
2.437980077530390449e-02
2.437353233276999889e-02
2.432306433801939213e-02
2.421817652949937241e-02
2.405300488288502833e-02
2.382714776097269102e-02
2.354593671278627093e-02
2.321974783315423896e-02
2.286239886552796433e-02
2.248886137701651411e-02
2.211267972311672589e-02
2.174359038295760674e-02
2.138584427395295168e-02
2.103763403628064119e-02
2.069182400257162449e-02
2.033790463988338279e-02
1.996480093518653715e-02
1.956392455472052636e-02
1.913174026696660285e-02
1.867116609069939190e-02
1.819135562884495461e-02
1.770578542775780306e-02
1.722900996961718861e-02
1.677284105522070315e-02
1.634294116266276492e-02
1.593680441907079776e-02
1.554380571942525803e-02
1.514747756787950851e-02
1.472955029793528506e-02
1.427473860580151348e-02
1.377495238208736525e-02
1.323167575181054961e-02
1.265571671578170389e-02
1.206427886567175943e-02
1.147613656603154418e-02
1.090634345936838771e-02
1.036213839705081574e-02
9.841413968043132010e-03
9.334331946445987085e-03
8.827632192847368470e-03
8.310226509561043085e-03
7.778141886199278592e-03
7.237003553370997128e-03
6.701035398988566295e-03
6.188767988532666714e-03
5.716866510261679399e-03
5.294265905464670512e-03
4.918802991635729156e-03
4.577710308026350546e-03
4.251944811983853108e-03
3.922868624296469917e-03
3.578842633953448812e-03
3.219241572363966842e-03
2.854321150762484903e-03
2.500946562777238424e-03
2.175825113549573978e-03
1.888916320177650484e-03
1.639675694498391682e-03
1.417688746328894149e-03
1.207481600983618172e-03
9.955628523026674274e-04
7.767790159270574271e-04
5.572824547583334022e-04
3.527596528720833963e-04
1.825136775144748941e-04
6.173511180079203084e-05
-4.904346494303548749e-06
-2.569426488951299513e-05
-1.931916836379937903e-05
-8.281055646256990267e-06
-1.094340598229163515e-05
-3.537310670741511566e-05
-7.738544218658098984e-05
-1.234430584540489916e-04
-1.570664811671015546e-04
-1.660168441278766789e-04
-1.472822164852064875e-04
-1.079065681957402478e-04
-6.149341084257629745e-05
-2.202541358654827597e-05
2.287116294870610227e-06
1.250490377770228513e-05
1.835717451296589375e-05
3.383082015943817322e-05
7.081653939035545430e-05
1.334447206011690182e-04
2.154246805717526295e-04
3.014645909702115003e-04
3.722245882253503112e-04
4.108982366405536510e-04
4.089435879393659118e-04
3.688766002686269291e-04
3.031965293483561527e-04
2.299569904263283995e-04
1.666745118840927951e-04
1.247644390347022022e-04
1.063794552403789012e-04
1.045718425943252029e-04
1.064945627034137316e-04
9.834063578040314762e-05
7.022967002272898472e-05
1.940542978463348175e-05
-4.920281827362604353e-05
-1.250599759570125355e-04
-1.958892011262694825e-04
-2.519549240110709252e-04
-2.893698919126452894e-04
-3.114410614601013060e-04
-3.277447530447951253e-04
-3.513285764134220740e-04
-3.949611586438071722e-04
-4.675573015907458761e-04
-5.717722844053382695e-04
-7.033617483591351896e-04
-8.523837531741539726e-04
-1.005832380251720859e-03
-1.150962270026579604e-03
-1.278455898187473138e-03
-1.384698381333322086e-03
-1.472700898664342775e-03
-1.551564675417036387e-03
-1.634710162210037442e-03
-1.737337094050023885e-03
-1.873690316156354473e-03
-2.054679901716627809e-03
-2.286268913738802224e-03
-2.568843613165100633e-03
-2.897569562081434794e-03
-3.263556841029266117e-03
-3.655537971750100461e-03
-4.061715113590007656e-03
-4.471454469219401755e-03
-4.876579421069453420e-03
-5.272117236879321489e-03
-5.656463983402203882e-03
-6.031028948641006804e-03
-6.399490067176927081e-03
-6.766829421475882220e-03
-7.138323287253225784e-03
-7.518639827596641095e-03
-7.911157803094120977e-03
-8.317570887318404341e-03
-8.737792992320907171e-03
-9.170137231491889973e-03
-9.611709223473355670e-03
-1.005893639382514533e-02
-1.050814867468391131e-02
-1.095613086751100369e-02
-1.140058027305109779e-02
-1.184042195023485636e-02
-1.227595514611966830e-02
-1.270882543438390556e-02
-1.314183588015894327e-02
-1.357862572580581517e-02
-1.402325589156343949e-02
-1.447974675764504907e-02
-1.495161539863533451e-02
-1.544145712005120727e-02
-1.595061042048588271e-02
-1.647893608190124926e-02
-1.702473071991518483e-02
-1.758478355008813096e-02
-1.815457307703563852e-02
-1.872858860830885208e-02
-1.930075064090437317e-02
-1.986489495993064291e-02
-2.041527839912777448e-02
-2.094706026761568307e-02
-2.145671298405412222e-02
-2.194231887134031472e-02
-2.240371753134092273e-02
-2.284247963328714381e-02
-2.326169784999958245e-02
-2.366560319810222246e-02
-2.405903389344012794e-02
-2.444680233760183202e-02
-2.483302201016791486e-02
-2.522046769766568899e-02
-2.561004754110556350e-02
-2.600046205446649231e-02
-2.638811241772666058e-02
-2.676729779193203970e-02
-2.713071017107581209e-02
-2.747019779942158971e-02
-2.777772827176325579e-02
-2.804644513820962401e-02
-2.827168296282735541e-02
-2.845179122231457011e-02
-2.858862222971660788e-02
-2.868756562004559640e-02
-2.875706215506546037e-02
-2.880759933602378142e-02
-2.885027315120076985e-02
-2.889508304316263515e-02
-2.894919693433761418e-02
-2.901546510806793724e-02
-2.909146281785414401e-02
-2.916929326413194787e-02
-2.923628411393524446e-02
-2.927657070508236231e-02
-2.927339633968557495e-02
-2.921180229011955884e-02
-2.908126002002623528e-02
-2.887774751584474761e-02
-2.860481423006604532e-02
-2.827332315880612401e-02
-2.789979113134504612e-02
-2.750353359155847596e-02
-2.710310240493757697e-02
-2.671271835871375303e-02
-2.633948147704056122e-02
-2.598204990859961580e-02
-2.563120575585846675e-02
-2.527231305047077797e-02
-2.488920302252508113e-02
-2.446860973596249461e-02
-2.400404512520424791e-02
-2.349803837607964199e-02
-2.296200163774430106e-02
-2.241357123950490568e-02
-2.187197692607157143e-02
-2.135261924859122376e-02
-2.086238647293543746e-02
-2.039717001591381459e-02
-1.994250544194687419e-02
-1.947738157127541087e-02
-1.898026317855902242e-02
-1.843557731061378976e-02
-1.783861198151024188e-02
-1.719713340850381050e-02
-1.652900076029404502e-02
-1.585637681129904025e-02
-1.519836788817600405e-02
-1.456461940093636484e-02
-1.395222867997329350e-02
-1.334728324638916920e-02
-1.273069506728611439e-02
-1.208634831469530650e-02
-1.140855105942831585e-02
-1.070584569794949016e-02
-9.999466198621615939e-03
-9.316742001512503049e-03
-8.681787038745433782e-03
-8.107040164038939803e-03
-7.589063629573606848e-03
-7.110419659408465966e-03
-6.647002024187574631e-03
-6.177890237321750910e-03
-5.693630138625583974e-03
-5.199408389137743711e-03
-4.711732193834064844e-03
-4.250078074743439752e-03
-3.827281687688256686e-03
-3.443120451185588925e-03
-3.084195098763370391e-03
-2.730369871750256902e-03
-2.364944022956620880e-03
-1.983842712063315413e-03
-1.599380606388888610e-03
-1.236535008064210952e-03
-9.231195822190917544e-04
-6.781675283682316816e-04
-5.038015216495343425e-04
-3.843637989629968693e-04
-2.932581549949095563e-04
-2.043683819849371358e-04
-1.027809930582908608e-04
1.010205043576330216e-05
1.192755312515500607e-04
2.051357350410309781e-04
2.542618059718168306e-04
2.666810568558495675e-04
2.561204917497410596e-04
2.432208268931591887e-04
2.451365994108202061e-04
2.666904233127015520e-04
2.974652188955878660e-04
3.163206861417433916e-04
3.012410947244179775e-04
2.398914547795195961e-04
1.359638675416341381e-04
8.420951310106555173e-06
-1.159303223149252477e-04
-2.130709438344703687e-04
-2.708076443817998427e-04
-2.923188065099114968e-04
-2.929401942561478942e-04
-2.919950946877846029e-04
-3.035764631677883110e-04
-3.304308042015638956e-04
-3.634769712861422278e-04
-3.868504549804749511e-04
-3.859258833053177398e-04
-3.545911242974857363e-04
-2.985538834719642727e-04
-2.333242886995821755e-04
-1.778502437923729941e-04
-1.465738916158311554e-04
-1.432237004703597425e-04
-1.588250414910692590e-04
-1.746397097710170585e-04
-1.688043391331822218e-04
-1.240953334772738274e-04
-3.396471207465386180e-05
9.522025695091738441e-05
2.463287626232078332e-04
3.970451154566659877e-04
5.268226763572633059e-04
6.228730323381107296e-04
6.833706475848384939e-04
7.171149739563064795e-04
7.400821569598099291e-04
7.702177462320890493e-04
8.222140535137289694e-04
9.038284647192386433e-04
1.014667405946010443e-03
1.147535146515164242e-03
1.291696962268426563e-03
1.436937464202479951e-03
1.577198583376488534e-03
1.712829493434885096e-03
1.850954219426998414e-03
2.004002535660695875e-03
2.186906504579238814e-03
2.413736577819168474e-03
2.694600096430652212e-03
3.033475179765773334e-03
3.427371500061817278e-03
3.866881735264453453e-03
4.337893485984861512e-03
4.824028354758063374e-03
5.309289256119942117e-03
5.780425512766084427e-03
6.228641885687179885e-03
6.650444096563588869e-03
7.047589534893256361e-03
7.426264096976245739e-03
7.795712314392014806e-03
8.166598854667398225e-03
8.549377444040624080e-03
8.952899015720000228e-03
9.383419721221071194e-03
9.844087544224075156e-03
1.033490785298752865e-02
1.085312382244942898e-02
1.139390334355271268e-02
1.195120169755341070e-02
1.251866737084794678e-02
1.309047305412317126e-02
1.366198003136487663e-02
1.423017651016656067e-02
1.479386416079487947e-02
1.535359835072311850e-02
1.591141355802374452e-02
1.647038462991696345e-02
1.703408632081090598e-02
1.760601807205641051e-02
1.818905899998225426e-02
1.878501058629811205e-02
1.939427282241113978e-02
2.001568479638626136e-02
2.064654415224216610e-02
2.128280266618368805e-02
2.191941848644583454e-02
2.255083043715815083e-02
2.317150721217015735e-02
2.377651524720927542e-02
2.436204443436457839e-02
2.492583135804129005e-02
2.546742587689865625e-02
2.598825880132731372e-02
2.649148581826910043e-02
2.698160483843666316e-02
2.746386910724103389e-02
2.794354461519541963e-02
2.842508488102618580e-02
2.891131596710394894e-02
2.940273639332527389e-02
2.989703745627207351e-02
3.038893705989526017e-02
3.087039346445090773e-02
3.133122501055110587e-02
3.176011060376391498e-02
3.214588852770938060e-02
3.247901506157893636e-02
3.275299803790272107e-02
3.296559309090482670e-02
3.311955031685831496e-02
3.322273233284055161e-02
3.328749303218045408e-02
3.332930579283353151e-02
3.336475011315102185e-02
3.340908993672467298e-02
3.347378378752757094e-02
3.356433289471928011e-02
3.367887769534206460e-02
3.380788169231863788e-02
3.393509295752309557e-02
3.403976161450606580e-02
3.409984712073689528e-02
3.409571694816171394e-02
3.401367069456398551e-02
3.384857026202459790e-02
3.360495161219531624e-02
3.329624322955131166e-02
3.294209118261785113e-02
3.256422356088357895e-02
3.218168205400674664e-02
3.180649905881665490e-02
3.144091447680266715e-02
3.107696166392223680e-02
3.069872931973741809e-02
3.028692518590888824e-02
2.982469327811160253e-02
2.930316424287851551e-02
2.872512058222639886e-02
2.810552541516045388e-02
2.746845758805703530e-02
2.684103699348047364e-02
2.624591896649029407e-02
2.569455580383211285e-02
2.518340590236228110e-02
2.469452936837737353e-02
2.420069383144946018e-02
2.367360470564688554e-02
2.309268067813325179e-02
2.245139225357942886e-02
2.175882028533828241e-02
2.103566496120007692e-02
2.030595793926613310e-02
1.958746839879356438e-02
1.888452495525748051e-02
1.818628678491599621e-02
1.747150719394915952e-02
1.671822174378816139e-02
1.591459444506491960e-02
1.506635610232922098e-02
1.419736503615107691e-02
1.334252792214501125e-02
1.253559653571427630e-02
1.179678663019016575e-02
1.112556380544575153e-02
1.050194287953503877e-02
9.895975920438724802e-03
9.281348864827721618e-03
8.646945095478971582e-03
8.000980466326992196e-03
7.365699693758061273e-03
6.765158259827244204e-03
6.212114691163095857e-03
5.700702440357482449e-03
5.208843531647114680e-03
4.709505234433625405e-03
4.185281824126672184e-03
3.638825999473041702e-03
3.093520897864164305e-03
2.583673407716980275e-03
2.138965624501031233e-03
1.771039277878078480e-03
1.469138144509884135e-03
1.207064165337665964e-03
9.577208538782638978e-04
7.074332844991617925e-04
4.623218348678674052e-04
2.433110876932393501e-04
7.259230003865315545e-05
-4.088000468820126519e-05
-1.086489464248763427e-04
-1.584809961442140865e-04
-2.206112284802890021e-04
-3.118521691275121205e-04
-4.262074907711346219e-04
-5.372000613712883069e-04
-6.108407508350008081e-04
-6.224754929243935149e-04
-5.687481085435316898e-04
-4.686425040745343003e-04
-3.534593387751332498e-04
-2.513892236551437502e-04
-1.749482649070551875e-04
-1.176521625393359041e-04
-6.110057024402983333e-05
1.196003488733027411e-05
1.060207515747521318e-04
2.089716303304922174e-04
2.979484435246278055e-04
3.515151381456189114e-04
3.615404034069332221e-04
3.384295975872317146e-04
3.069466935522279622e-04
2.947187610672515577e-04
3.191357047049392186e-04
3.789971065857987301e-04
4.547679172900854334e-04
5.170831699387623851e-04
5.393233125549432710e-04
5.084426727843896227e-04
4.293765463322353959e-04
3.215323564378751164e-04
2.094736977618494712e-04
1.122807501986327098e-04
3.627832184577196460e-05
-2.602081816677090671e-05
-9.080763815881245536e-05
-1.743658073215872419e-04
-2.848780472286404513e-04
-4.180943205790072816e-04
-5.584742708396224237e-04
-6.851072870992500931e-04
-7.798876723541779167e-04
-8.347306777531304182e-04
-8.551916492915803995e-04
-8.593368786565682262e-04
-8.724673485102036946e-04
-9.196650263018816369e-04
-1.018691910404979657e-03
-1.175439224280131921e-03
-1.383124380882276355e-03
-1.625176483101265033e-03
-1.880664806559037214e-03
-2.130514467018550587e-03
-2.362729457385676253e-03
-2.575322828667653274e-03
-2.776422777608426613e-03
-2.981823866084976505e-03
-3.210864888212182095e-03
-3.481810917989981886e-03
-3.807876140322879587e-03
-4.194715887922746515e-03
-4.639763638751110038e-03
-5.133324917260340473e-03
-5.660973857210886175e-03
-6.206593201222968675e-03
-6.755368491201148642e-03
-7.296164417028973802e-03
-7.822922383879046121e-03
-8.334961992168005845e-03
-8.836290869043987931e-03
-9.334189185921258972e-03
-9.837419363052031171e-03
-1.035441865622586770e-02
-1.089177716664919103e-02
-1.145320862868541914e-02
-1.203911016578774161e-02
-1.264670121157225081e-02
-1.327064637048777640e-02
-1.390401073877667835e-02
-1.453937130846327634e-02
-1.516991164381954922e-02
-1.579035284238328868e-02
-1.639761411177644360e-02
-1.699114328201901253e-02
-1.757290439305828761e-02
-1.814705090061195097e-02
-1.871934557466951518e-02
-1.929641006367785114e-02
-1.988489801798049364e-02
-2.049068631446934394e-02
-2.111817069680249973e-02
-2.176973681824154530e-02
-2.244545717446421590e-02
-2.314304067338181226e-02
-2.385803647110092129e-02
-2.458426897912176570e-02
-2.531445830136205138e-02
-2.604096139087394915e-02
-2.675655542662896957e-02
-2.745517765217883599e-02
-2.813253629826071439e-02
-2.878651595966672666e-02
-2.941731809706260234e-02
-3.002730265114377309e-02
-3.062052867766224679e-02
-3.120202805181983285e-02
-3.177688328769327081e-02
-3.234921417174747155e-02
-3.292120347923127577e-02
-3.349230473371114097e-02
-3.405877058152876474e-02
-3.461361604862580460e-02
-3.514708605904610927e-02
-3.564763333816800550e-02
-3.610333676019265858e-02
-3.650361028120285845e-02
-3.684098063574548637e-02
-3.711266142354469055e-02
-3.732163527784449625e-02
-3.747698498865944389e-02
-3.759329383645747258e-02
-3.768906214061956694e-02
-3.778424869046988210e-02
-3.789721998733711766e-02
-3.804154665135131563e-02
-3.822319044259617216e-02
-3.843864476228779636e-02
-3.867450367504886299e-02
-3.890873438934086548e-02
-3.911363420053062812e-02
-3.926010918808926775e-02
-3.932258454950243037e-02
-3.928362328604565606e-02
-3.913726457128752917e-02
-3.889024480270521222e-02
-3.856063892413761490e-02
-3.817400682436127707e-02
-3.775774239494845974e-02
-3.733485276801306457e-02
-3.691868448929224583e-02
-3.651003809397709160e-02
-3.609762797767264442e-02
-3.566201743219897524e-02
-3.518217344626153181e-02
-3.464291311035420928e-02
-3.404104305752388843e-02
-3.338814301352232422e-02
-3.270877029147204601e-02
-3.203420333401632569e-02
-3.139333085838801052e-02
-3.080343969031167084e-02
-3.026400163784724248e-02
-2.975585847799037259e-02
-2.924654984015770051e-02
-2.870039420638838268e-02
-2.809005725478994769e-02
-2.740548577308409700e-02
-2.665672831279225150e-02
-2.586925179378557135e-02
-2.507323576130268336e-02
-2.429089036556079939e-02
-2.352697602611742225e-02
-2.276673767122962613e-02
-2.198257455334480873e-02
-2.114701028252201354e-02
-2.024651021087891037e-02
-1.928988808570582941e-02
-1.830707145434163838e-02
-1.733819748165402533e-02
-1.641759133571900689e-02
-1.555993971894725596e-02
-1.475536663632095492e-02
-1.397612940177900102e-02
-1.319199457958427323e-02
-1.238678893584033158e-02
-1.156762289063864753e-02
-1.076167875911402706e-02
-1.000178928308071043e-02
-9.308119748563744092e-03
-8.675775008293166654e-03
-8.075440809559391447e-03
-7.467376126290478471e-03
-6.821725702453750387e-03
-6.134322537759492530e-03
-5.429259421571652235e-03
-4.746637555803259918e-03
-4.122190766079620282e-03
-3.570178741102092261e-03
-3.079152841882897961e-03
-2.622742635225619456e-03
-2.178735614105902635e-03
-1.744707643328962440e-03
-1.340457509251842278e-03
-9.954953820967271921e-04
-7.291033014894855464e-04
-5.353524417698855451e-04
-3.827934764978426266e-04
-2.297763756144819043e-04
-4.676827761066505029e-05
1.674710288731128948e-04
3.855488171800958239e-04
5.672284999746927481e-04
6.820072267977384580e-04
7.251734530643904383e-04
7.181557605728367509e-04
6.936088242185990422e-04
6.748782479460970971e-04
6.626235705865393764e-04
6.366452383901857661e-04
5.714096912858750502e-04
4.553398834410727638e-04
3.017526529591851143e-04
1.445597671130222973e-04
2.115049034012546960e-05
-4.746358539221295111e-05
-6.766052508923032886e-05
-6.914150133995808085e-05
-8.835105319400160724e-05
-1.489460700177698007e-04
-2.501238494937078438e-04
-3.687075000017513930e-04
-4.729486639972505738e-04
-5.396915190194662062e-04
-5.652654211379974300e-04
-5.645940794817063410e-04
-5.598698671768181489e-04
-5.657902442778337893e-04
-5.798158335816156438e-04
-5.827144455309477651e-04
-5.488528541861845220e-04
-4.605351705706596283e-04
-3.187914128142170186e-04
-1.451089683712637854e-04
2.668706492027027769e-05
1.643942409921004058e-04
2.506560511755745544e-04
2.895592906705140223e-04
3.040424598865062371e-04
3.257479098761795915e-04
3.820592447976642585e-04
4.858474350700094503e-04
6.318315997759143881e-04
8.004045508131080178e-04
9.667132227702184086e-04
1.110956848037238489e-03
1.225834230264722735e-03
1.318606205364015018e-03
1.407538543775420153e-03
1.514585848453846610e-03
1.657328837325096425e-03
1.843109024536777451e-03
2.067220034920374139e-03
2.315437963262919133e-03
2.569707611996249318e-03
2.814909630775410190e-03
3.044511029579173925e-03
3.263465660142041407e-03
3.487702771450943134e-03
3.740570381925207959e-03
4.047384377753420782e-03
4.429598932560585046e-03
4.900033477966482184e-03
5.460164664160575484e-03
6.099887477974776963e-03
6.799547190517290715e-03
7.533584614253417515e-03
8.274898669945442153e-03
8.999022160196136488e-03
9.687384700651315017e-03
1.032922598642875209e-02
1.092204139896556757e-02
1.147072147554035852e-02
1.198574200296445569e-02
1.248085452427017024e-02
1.297072356731277833e-02
1.346887901434100539e-02
1.398622977348482586e-02
1.453024869171670730e-02
1.510481374855669051e-02
1.571059417924275392e-02
1.634581070366573213e-02
1.700717712929469827e-02
1.769084114257397228e-02
1.839317657288379315e-02
1.911132802248006676e-02
1.984346216954269507e-02
2.058873049986505513e-02
2.134699005625400464e-02
2.211835858337794086e-02
2.290269676616992628e-02
2.369911331263947415e-02
2.450557980746391126e-02
2.531872373770471113e-02
2.613384250147345392e-02
2.694515140971704900e-02
2.774624759714398869e-02
2.853074224419750032e-02
2.929298832709550243e-02
3.002881279292884606e-02
3.073615280456967053e-02
3.141549722137861739e-02
3.207004777782642563e-02
3.270553955470779928e-02
3.332969619766890795e-02
3.395133946270850744e-02
3.457922116456734613e-02
3.522069323012138459e-02
3.588037202728135838e-02
3.655897966610129751e-02
3.725255108144167465e-02
3.795217627049214670e-02
3.864439942538688139e-02
3.931232182504726391e-02
3.993735866709473975e-02
4.050149183608862252e-02
4.098975575103541713e-02
4.139260998790937618e-02
4.170780934486115893e-02
4.194139611956369806e-02
4.210752117088691765e-02
4.222695042234574786e-02
4.232431940075490756e-02
4.242443350402310548e-02
4.254813648860158309e-02
4.270843670735960385e-02
4.290764264908861897e-02
4.313617998963225481e-02
4.337352776564721429e-02
4.359133961002581437e-02
4.375836209467008631e-02
4.384631419037528233e-02
4.383555772510238507e-02
4.371927381296597526e-02
4.350503826730840740e-02
4.321317353492511865e-02
4.287197926424249350e-02
4.251075984848360495e-02
4.215226694321958650e-02
4.180653699213759261e-02
4.146795878915029293e-02
4.111670232133460279e-02
4.072448926099425659e-02
4.026336601392701414e-02
3.971504454486701752e-02
3.907790335711907453e-02
3.836915881471907736e-02
3.762103594433804238e-02
3.687167849466647246e-02
3.615345423742579584e-02
3.548253194544379735e-02
3.485356154820799107e-02
3.424179433114110660e-02
3.361239236992198676e-02
3.293385875526722711e-02
3.219058335957301897e-02
3.138937647167520245e-02
3.055686992819300202e-02
2.972824090514388992e-02
2.893150681988213360e-02
2.817398529141848865e-02
2.743715054305577786e-02
2.668286153474001138e-02
2.586895155889795683e-02
2.496762408486391874e-02
2.397825574958340270e-02
2.292828671808075022e-02
2.186127610018823164e-02
2.081752263078531784e-02
1.981672063665835051e-02
1.885156982946685489e-02
1.789592758445610055e-02
1.692342405564705235e-02
1.592646615089065090e-02
1.492474603489167377e-02
1.395767248961050401e-02
1.306405563277076264e-02
1.226003130508028852e-02
1.152800719379531817e-02
1.082380039296072446e-02
1.009888422012731289e-02
9.325598641627385818e-03
8.510888808310509979e-03
7.690462370162755822e-03
6.906813690106236407e-03
6.184449114592719711e-03
5.517569734631430287e-03
4.877835024247398864e-03
4.237108985243054522e-03
3.590285927208524287e-03
2.962908004255761316e-03
2.397932546834707045e-03
1.929679338637787416e-03
1.561748038305189488e-03
1.263542565232411968e-03
9.880862248907908846e-04
6.998142654770169889e-04
3.943522697059722855e-04
9.756797656922722758e-05
-1.549668802313559099e-04
-3.438371508921331471e-04
-4.792226367103968768e-04
-5.927842252931431449e-04
-7.137489680290259137e-04
-8.459287618801481856e-04
-9.619517422317666686e-04
-1.019365843726139026e-03
-9.883967523738924638e-04
-8.731117870328956518e-04
-7.119524897359144362e-04
-5.571264813840667417e-04
-4.460571746295244658e-04
-3.829076004837933707e-04
-3.411877563221889166e-04
-2.845894489197583772e-04
-1.917579356699760968e-04
-6.901648092350105997e-05
5.626371996848012467e-05
1.560380459864514624e-04
2.214777435998116972e-04
2.691230932592369399e-04
3.294842766363554839e-04
4.257200362792041247e-04
5.561634749037843014e-04
6.917520790990655272e-04
7.900120343580191266e-04
8.172476888291370714e-04
7.660261841445888467e-04
6.582708419516833647e-04
5.328758909414431626e-04
4.254065883479686235e-04
3.512644798910967534e-04
3.009618851558694798e-04
2.489508010205395100e-04
1.701107297782974265e-04
5.446107598173977255e-05
-8.758434806916786915e-05
-2.315177032820950353e-04
-3.525446972635342823e-04
-4.393227914804429457e-04
-5.006234738675721966e-04
-5.618625967725625683e-04
-6.535088168727970709e-04
-7.970538410971273174e-04
-9.949728069396418430e-04
-1.228917300757165643e-03
-1.466569057272405600e-03
-1.673967421098307212e-03
-1.828190011579668584e-03
-1.925581123769308598e-03
-1.982859262527762560e-03
-2.031316095612959848e-03
-2.106754424959001760e-03
-2.238977836172285560e-03
-2.444320508931978851e-03
-2.723243153048917915e-03
-3.063104111649084162e-03
-3.444555375504902098e-03
-3.849103914887689899e-03
-4.265374536526355190e-03
-4.692350921972545698e-03
-5.138999403942587710e-03
-5.620794671788964005e-03
-6.154453595583866780e-03
-6.752486910397835496e-03
-7.419009140949398701e-03
-8.147739972065092678e-03
-8.922479054770894938e-03
-9.719728578909113750e-03
-1.051270896480505958e-02
-1.127582482704595629e-02
-1.198868325013284844e-02
-1.263898628829679578e-02
-1.322393198782785030e-02
-1.375008075762332825e-02
-1.423191192333161589e-02
-1.468947063708217482e-02
-1.514557698834893308e-02
-1.562304822326740852e-02
-1.614229645734600524e-02
-1.671953873295088655e-02
-1.736572283481682341e-02
-1.808615390556962688e-02
-1.888071823879815953e-02
-1.974454787767484717e-02
-2.066895192271540199e-02
-2.164245184872182551e-02
-2.265178996607971826e-02
-2.368282296080437971e-02
-2.472125744920210255e-02
-2.575322460332951299e-02
-2.676572120502434399e-02
-2.774696225862597482e-02
-2.868669486893127979e-02
-2.957651552092904756e-02
-3.041021555926975636e-02
-3.118415587648521239e-02
-3.189764547188946031e-02
-3.255327376384656995e-02
-3.315712735978745135e-02
-3.371881202246857639e-02
-3.425120266583533968e-02
-3.476986010202761518e-02
-3.529208321447095675e-02
-3.583560776263940845e-02
-3.641701468665468205e-02
-3.704996614670197363e-02
-3.774343941344339426e-02
-3.850016869921924628e-02
-3.931552430633805661e-02
-4.017704914455667159e-02
-4.106482913489218484e-02
-4.195279456785840771e-02
-4.281093774053988665e-02
-4.360829807288973958e-02
-4.431642576261484584e-02
-4.491291070476462893e-02
-4.538447979479706684e-02
-4.572914709999931215e-02
-4.595696640445079417e-02
-4.608909204393352860e-02
-4.615509368659091727e-02
-4.618876689576614097e-02
-4.622298839190970565e-02
-4.628442321996953379e-02
-4.638903598834458880e-02
-4.653933410349298666e-02
-4.672404603754736624e-02
-4.692051979959593888e-02
-4.709957195213503728e-02
-4.723192944732221982e-02
-4.729492284995329837e-02
-4.727785402928275094e-02
-4.718458628896451956e-02
-4.703243018842905021e-02
-4.684726071997914743e-02
-4.665582553136939092e-02
-4.647712533062515333e-02
-4.631527261791644479e-02
-4.615612600032177604e-02
-4.596916563490843072e-02
-4.571464800574810000e-02
-4.535440949000267563e-02
-4.486329177331494639e-02
-4.423756681585918477e-02
-4.349729862049121765e-02
-4.268129861872407838e-02
-4.183578346482878102e-02
-4.100023473578327110e-02
-4.019536252205212212e-02
-3.941777616786185795e-02
-3.864380975691959069e-02
-3.784152574517871820e-02
-3.698646407598030206e-02
-3.607469129524585455e-02
-3.512723365937545777e-02
-3.418319301271000726e-02
-3.328367493499875818e-02
-3.245309677887178029e-02
-3.168633531865776287e-02
-3.094825645176749879e-02
-3.018686561765223861e-02
-2.935482120998676725e-02
-2.842949906356298864e-02
-2.742176647621284019e-02
-2.636867421895088687e-02
-2.531330414266980827e-02
-2.428200813488263360e-02
-2.327128210244459872e-02
-2.225189199070270671e-02
-2.118856205741424109e-02
-2.006445831915456071e-02
-1.889619713396167855e-02
-1.772979387119238970e-02
-1.661877449643808444e-02
-1.559655634824908856e-02
-1.465944269004627529e-02
-1.377095624594598666e-02
-1.288551018041914423e-02
-1.197716017282831474e-02
-1.105535010783541619e-02
-1.015726008679462486e-02
-9.321304037811157725e-03
-8.559033818703813690e-03
-7.844505518804662306e-03
-7.129172592778487347e-03
-6.373355566954773746e-03
-5.573663014267959612e-03
-4.767740407857681134e-03
-4.012639080540692307e-03
-3.351038179200381290e-03
-2.788026874702550281e-03
-2.293883402236469859e-03
-1.830031165488038829e-03
-1.378945476178736109e-03
-9.561121935937419046e-04
-5.953980814250399087e-04
-3.189497074560962127e-04
-1.145427343720108090e-04
6.174211523510224190e-05
2.581290406677336203e-04
4.941287534383054887e-04
7.457440208490780055e-04
9.600757753980749707e-04
1.089512299429338691e-03
1.121696529142611389e-03
1.084689947390828990e-03
1.024736391713859315e-03
9.735493738730503430e-04
9.289329775541565895e-04
8.620854955947518253e-04
7.451260930258513798e-04
5.778056630037967491e-04
3.933981080760952636e-04
2.392265528255879496e-04
1.456557469337913891e-04
1.054974229256951395e-04
7.823126190746148819e-05
1.608583615377452477e-05
-1.057226629143232768e-04
-2.744336373581117428e-04
-4.494271102194442131e-04
-5.883640572629227766e-04
-6.718018122829137566e-04
-7.105962815762978391e-04
-7.327825551153595686e-04
-7.602581119554428389e-04
-7.915361784182913365e-04
-8.018495325027468531e-04
-7.599875494750709662e-04
-6.504901492168119626e-04
-4.868403658313342412e-04
-3.073486844264044799e-04
-1.561597045336803990e-04
-6.048545724508285539e-05
-1.688372776442988716e-05
6.244146880693973118e-06
5.195502941510218972e-05
1.532565296537866475e-04
3.179560752666641473e-04
5.268649494122893892e-04
7.450566447655242999e-04
9.395077546175099881e-04
1.094059524806913512e-03
1.214893671507289536e-03
1.324932935325420650e-03
1.450906048308362589e-03
1.609781471427989760e-03
1.800856660689656615e-03
2.006645865598789737e-03
2.201587855816855392e-03
2.364382540645133205e-03
2.488660614274751468e-03
2.587831598330410030e-03
2.692563571742865973e-03
2.842208297362843264e-03
3.073501794780988169e-03
3.410452087110362341e-03
3.858501981385444556e-03
4.404336130054978954e-03
5.020802725972887265e-03
5.674974897601386611e-03
6.336748529153667618e-03
6.985599152449510803e-03
7.613974463178249143e-03
8.226920029606296994e-03
8.838565656676056898e-03
9.466784305892870718e-03
1.012756906810506619e-02
1.083049155688153506e-02
1.157613849289329186e-02
1.235584187029742549e-02
1.315347835501174019e-02
1.394872465094851473e-02
1.472096655774982749e-02
1.545306429986474661e-02
1.613433053939704667e-02
1.676231673502040151e-02
1.734326425948015324e-02
1.789130759205384905e-02
1.842668564333575787e-02
1.897331124270538322e-02
1.955607175936366696e-02
2.019820036466587684e-02
2.091898732025964866e-02
2.173201383873265072e-02
2.264400424277319274e-02
2.365431706103477208e-02
2.475503864935126724e-02
2.593160542520516268e-02
2.716386077306869040e-02
2.842744586442141203e-02
2.969542495835706883e-02
3.094005040634760159e-02
3.213457684902042838e-02
3.325503576493342439e-02
3.428188010381505446e-02
3.520140530057541683e-02
3.600684992058563599e-02
3.669907979398441544e-02
3.728676733019106043e-02
3.778599602241301814e-02
3.821925124883062547e-02
3.861380305401932583e-02
3.899954322807722834e-02
3.940640378844805641e-02
3.986155043921162100e-02
4.038660397477633612e-02
4.099518458033878099e-02
4.169108786328437621e-02
4.246737781359388036e-02
4.330661458195150110e-02
4.418232315185854214e-02
4.506165896544229998e-02
4.590905286288481796e-02
4.669044295526217359e-02
4.737755431133614664e-02
4.795160044230396823e-02
4.840578275450671542e-02
4.874607535460556001e-02
4.899000654108405517e-02
4.916346678606952486e-02
4.929594327703834544e-02
4.941493818596707360e-02
4.954059293153966620e-02
4.968163563882607714e-02
4.983363545830182123e-02
4.998016719048942180e-02
5.009690096601600307e-02
5.015793529356620678e-02
5.014304160989205283e-02
5.004406433051006992e-02
4.986868415468385940e-02
4.964019584934924179e-02
4.939284992566315285e-02
4.916349419748620303e-02
4.898143204220991448e-02
4.885922714295560382e-02
4.878730020949158946e-02
4.873440447671303910e-02
4.865450950305690719e-02
4.849863451999286007e-02
4.822835470994041307e-02
4.782672879554636380e-02
4.730277200288125761e-02
4.668743191049005287e-02
4.602188345121673713e-02
4.534191730767413858e-02
4.466409902646109598e-02
4.397927490251299365e-02
4.325660419016404135e-02
4.245724728407838933e-02
4.155262734310274236e-02
4.053965023563686071e-02
3.944582272762254399e-02
3.832106656007658319e-02
3.721886169620793744e-02
3.617464832592236917e-02
3.519149835907951773e-02
3.424043990178939761e-02
3.327617277729798262e-02
3.226115649772408334e-02
3.118613397430135964e-02
3.007607883701087989e-02
2.897754040658987590e-02
2.793325470290879131e-02
2.695744047895871215e-02
2.602580313546406718e-02
2.508681061427761594e-02
2.408884753003067911e-02
2.300813075231567320e-02
2.186094200506989368e-02
2.069242485754715574e-02
1.954835621059208481e-02
1.844737454539189039e-02
1.737167942307362226e-02
1.628295985763572942e-02
1.515377849487386901e-02
1.399355478052482886e-02
1.285065917785615207e-02
1.178738692429479040e-02
1.084311160890738014e-02
1.000999345965342124e-02
9.238188721892458613e-03
8.467794431020525536e-03
7.666132137127821232e-03
6.844880007838126217e-03
6.045643484138733294e-03
5.305255758163691590e-03
4.626972119208218846e-03
3.979401519078099546e-03
3.324129192699550213e-03
2.650869274443610774e-03
1.992543165488849886e-03
1.407373858041443626e-03
9.402168414150714184e-04
5.917403959002843399e-04
3.187580444513345265e-04
6.561881778882891817e-05
-1.970816464385116262e-04
-4.557004466513223367e-04
-6.707639886216940593e-04
-8.137844590116948777e-04
-8.940547672277412202e-04
-9.538614979031932511e-04
-1.035575722906065255e-03
-1.146426923547414628e-03
-1.248936474709560259e-03
-1.285349078248285756e-03
-1.218326701398199548e-03
-1.057836814208425657e-03
-8.548072945654972823e-04
-6.671345356171240037e-04
-5.236928975691264180e-04
-4.121889137788778325e-04
-2.977160064187439614e-04
-1.557840843736643167e-04
6.148751356212419393e-06
1.544643490951132670e-04
2.568695405578211711e-04
3.097135374624625909e-04
3.439637954198229708e-04
4.049483013471436629e-04
5.202624008291921714e-04
6.785422215894292832e-04
8.338010188638461488e-04
9.321729770819484366e-04
9.430463981705662982e-04
8.745530973715362087e-04
7.646581123022759682e-04
6.552507562120608690e-04
5.668087999038113993e-04
4.894016840705849936e-04
3.942419120190161167e-04
2.568207470094298968e-04
7.616431538686591323e-05
-1.217632536133693525e-04
-2.980726906226892196e-04
-4.234474238732206211e-04
-4.957254875938426090e-04
-5.426669388078543977e-04
-6.087209167042680362e-04
-7.332367421570608074e-04
-9.315256559492610501e-04
-1.187938179130462995e-03
-1.463537092717390404e-03
-1.713802220047052575e-03
-1.907615043677667911e-03
-2.039112689771596654e-03
-2.128082397055367208e-03
-2.210015096758063870e-03
-2.321156383677983482e-03
-2.485266700017900281e-03
-2.707207572025427562e-03
-2.975044323983069578e-03
-3.268774154759164583e-03
-3.571479293604170289e-03
-3.878332916364195856e-03
-4.200255062721079159e-03
-4.561327172444579886e-03
-4.991346650265049076e-03
-5.516365846102826327e-03
-6.150372666980978564e-03
-6.890541251331008116e-03
-7.717129763558470447e-03
-8.597651976322905759e-03
-9.493840933391051867e-03
-1.036940198846892681e-02
-1.119664429272568089e-02
-1.196063667301804252e-02
-1.266031884346619299e-02
-1.330677159036271900e-02
-1.391942916699786398e-02
-1.452131234460559382e-02
-1.513436828602645820e-02
-1.577578598115349576e-02
-1.645580933295821141e-02
-1.717719323661640388e-02
-1.793612134603280936e-02
-1.872417753975481533e-02
-1.953085441465813449e-02
-2.034608315690658933e-02
-2.116235433072550728e-02
-2.197613531352081429e-02
-2.278844450973314256e-02
-2.360458811142082322e-02
-2.443318350058879332e-02
-2.528467464224259942e-02
-2.616958677378316070e-02
-2.709677363087777471e-02
-2.807188694132363091e-02
-2.909625293007646329e-02
-3.016628205339634897e-02
-3.127347319759852390e-02
-3.240500801630633726e-02
-3.354486964138657379e-02
-3.467536645158980635e-02
-3.577889904447850711e-02
-3.683977975768609053e-02
-3.784590144754477331e-02
-3.879005778556170181e-02
-3.967074243037629205e-02
-4.049229931897856127e-02
-4.126435961093211785e-02
-4.200057899622231666e-02
-4.271677613417519670e-02
-4.342866035123443824e-02
-4.414941357998214411e-02
-4.488744567905939009e-02
-4.564466157685552472e-02
-4.641555294018106376e-02
-4.718735034561957059e-02
-4.794134487379623361e-02
-4.865531982969383690e-02
-4.930684261300447707e-02
-4.987698133221111357e-02
-5.035386479263218029e-02
-5.073543399585641461e-02
-5.103076930284745211e-02
-5.125953799196760613e-02
-5.144938927153142744e-02
-5.163149838903163119e-02
-5.183487062948141655e-02
-5.208037865514636433e-02
-5.237573065908329023e-02
-5.271256824334588642e-02
-5.306661972163374125e-02
-5.340128955520515031e-02
-5.367432129002583374e-02
-5.384637454898245218e-02
-5.388970316766311663e-02
-5.379481895388914248e-02
-5.357323413332168438e-02
-5.325514672893827406e-02
-5.288216272919056549e-02
-5.249656653212690649e-02
-5.212986176185904763e-02
-5.179388539345339965e-02
-5.147743492327403608e-02
-5.114997363333514263e-02
-5.077186131035278660e-02
-5.030829098838967423e-02
-4.974247743703874569e-02
-4.908335726816115407e-02
-4.836448031622180010e-02
-4.763366218366679034e-02
-4.693645429301803590e-02
-4.629927033308666590e-02
-4.571881658648145608e-02
-4.516263039980410871e-02
-4.458138776089838606e-02
-4.392864892086858347e-02
-4.317998709723687434e-02
-4.234290938951396077e-02
-4.145238092773453897e-02
-4.055306794105268536e-02
-3.967596048890762589e-02
-3.882057436621243196e-02
-3.795221966746205322e-02
-3.701700864645472711e-02
-3.596826735832178018e-02
-3.479138310027640041e-02
-3.351381793575946427e-02
-3.219401817272547067e-02
-3.089416419160828653e-02
-2.965114532151011742e-02
-2.846205244289130853e-02
-2.729288458554328736e-02
-2.610568081646693836e-02
-2.488766839210475312e-02
-2.366378730332563754e-02
-2.248348504092990280e-02
-2.138892766764770303e-02
-2.038465807139017150e-02
-1.942929664066073842e-02
-1.845658210219624368e-02
-1.741373384717247522e-02
-1.629261425466866503e-02
-1.513277170260960564e-02
-1.399386267318286463e-02
-1.291614674389389775e-02
-1.189666381177875015e-02
-1.089808458554473308e-02
-9.883726371926967319e-03
-8.852593389268362950e-03
-7.847491383701259843e-03
-6.928865940370940169e-03
-6.133035432290647945e-03
-5.446167062725254700e-03
-4.814232255302224560e-03
-4.181960990576025043e-03
-3.531264264049476832e-03
-2.889700373706237217e-03
-2.302958623706229807e-03
-1.793973777090879414e-03
-1.342243505990623441e-03
-9.008584543072640496e-04
-4.380449640435988656e-04
3.063831203014847135e-05
4.467804481277160076e-04
7.485996167863142627e-04
9.154677096283489164e-04
9.829525920012484146e-04
1.016914529028902772e-03
1.067337218917127498e-03
1.137880641677968974e-03
1.193514328921363356e-03
1.197523498634864986e-03
1.146110126307396497e-03
1.072156349416266427e-03
1.016040093286616234e-03
9.887140067391313007e-04
9.583894814302290448e-04
8.726711511751705742e-04
6.991940394982253159e-04
4.530013662125835549e-04
1.894500125759966918e-04
-3.171251222721540686e-05
-1.837559686710045655e-04
-2.844840390799519437e-04
-3.751420254557477738e-04
-4.846289934965076866e-04
-6.067740068838192811e-04
-7.070057413761425763e-04
-7.518272779957726115e-04
-7.377279284899876735e-04
-6.974329421860350287e-04
-6.786907870797452601e-04
-7.107625941064491318e-04
-7.821519640355760038e-04
-8.448165375921184691e-04
-8.419055037518754971e-04
-7.408514599160474648e-04
-5.511673591736639859e-04
-3.170926212062598185e-04
-9.127815357442505722e-05
9.347477971813912794e-05
2.378718035741567193e-04
3.688688961816213776e-04
5.180252833021591584e-04
6.996184209457628886e-04
9.013424956928850311e-04
1.091979113378438448e-03
1.240480423934214307e-03
1.335080646521035483e-03
1.391961933557618516e-03
1.449312178196941487e-03
1.550388783293369169e-03
1.724351591925050477e-03
1.973979851844291124e-03
2.275423991860637835e-03
2.589297991230080608e-03
2.877591695801411803e-03
3.119034185786623194e-03
3.316998469663447278e-03
3.497677470427045226e-03
3.700262169254799581e-03
3.963590004606418020e-03
4.314383384908641178e-03
4.760894807478522305e-03
5.293343156152780643e-03
5.890029057320038224e-03
6.526321056169865492e-03
7.183218565761199069e-03
7.852842832417718591e-03
8.539557260491348681e-03
9.256920509561762656e-03
1.002185423182769090e-02
1.084798940706150315e-02
1.174010097698467876e-02
1.269099536151707674e-02
1.368142256963461589e-02
1.468279398023557628e-02
1.566188820637794479e-02
1.658641818436610085e-02
1.743031865653350831e-02
1.817783232585501799e-02
1.882582777869991689e-02
1.938417170931920966e-02
1.987432008414654824e-02
2.032653655410712051e-02
2.077627291358569855e-02
2.126026362540725870e-02
2.181281960693217184e-02
2.246268831321154846e-02
2.323070967205440041e-02
2.412836647003584536e-02
2.515722041250882321e-02
2.630914930718238412e-02
2.756725702925340998e-02
2.890731109891769499e-02
3.029956486801720431e-02
3.171083374408975586e-02
3.310670978753193355e-02
3.445381066461884745e-02
3.572196419921020577e-02
3.688622821410780100e-02
3.792863899258678423e-02
3.883957441806184380e-02
3.961861473322745436e-02
4.027479029673662614e-02
4.082612651946218585e-02
4.129843463888338562e-02
4.172335406837086869e-02
4.213572557647451977e-02
4.257045881538823462e-02
4.305914346554257088e-02
4.362672817457072250e-02
4.428864131825731992e-02
4.504873810365818410e-02
4.589841774251691986e-02
4.681715560630634460e-02
4.777453968679995500e-02
4.873369982405870160e-02
4.965579478425233284e-02
5.050500951810416722e-02
5.125335303800820919e-02
5.188447772012926007e-02
5.239579784486792652e-02
5.279838675496532907e-02
5.311447068279800954e-02
5.337277423078361227e-02
5.360243688991914168e-02
5.382661623537979972e-02
5.405711687580288388e-02
5.429134453667659732e-02
5.451253324695128771e-02
5.469354871930826034e-02
5.480373241007151924e-02
5.481739573904775842e-02
5.472192941788409787e-02
5.452328314018728417e-02
5.424694984340017873e-02
5.393357226976887298e-02
5.362971177460458538e-02
5.337583555462507151e-02
5.319472999855633794e-02
5.308388665376612137e-02
5.301465482364040721e-02
5.293914675669374181e-02
5.280343782906668504e-02
5.256327296955968370e-02
5.219714602756526933e-02
5.171195117961523147e-02
5.113859857472348447e-02
5.051851677666292784e-02
4.988564849125545764e-02
4.925088841745752649e-02
4.859568754961110515e-02
4.787841271200694165e-02
4.705189937473038680e-02
4.608546616282101910e-02
4.498185892045469120e-02
4.378086346391447253e-02
4.254669584057985121e-02
4.134373478533583807e-02
4.021127492550731486e-02
3.914942835037742846e-02
3.812367188191138900e-02
3.708645898497148902e-02
3.600512624916017701e-02
3.488110308160774498e-02
3.374919934556181583e-02
3.265632712620326894e-02
3.163103229928235227e-02
3.066165525464892988e-02
2.969722512483860544e-02
2.867242861086024761e-02
2.754315930777089666e-02
2.631145896382726043e-02
2.502383967548304014e-02
2.374296839233598286e-02
2.250997286368417588e-02
2.132170698824393043e-02
2.013845089078441369e-02
1.891745128866819184e-02
1.764953321343246812e-02
1.637275961504874866e-02
1.515225939228399647e-02
1.403925196161156380e-02
1.303803939778671456e-02
1.210508710240756208e-02
1.118145358133200255e-02
1.023497110754012854e-02
9.280630757231369404e-03
8.363661507367585110e-03
7.518556975111174122e-03
6.736764134210611495e-03
5.969943920580383749e-03
5.168020679482632218e-03
4.322900861395309428e-03
3.482677233798252021e-03
2.723277534027825943e-03
2.098029457245332696e-03
1.603641617669465756e-03
1.188516790031187743e-03
7.957105166060687244e-04
4.053904384105385512e-04
4.294167782722577257e-05
-2.520494261193710834e-04
-4.679598625836821043e-04
-6.374530843243826107e-04
-8.132542553462055682e-04
-1.023464149121422213e-03
-1.244395462145113113e-03
-1.414752325442334563e-03
-1.480661118092157233e-03
-1.435447720381788578e-03
-1.322506648745998747e-03
-1.200110149949087761e-03
-1.097883866700530373e-03
-1.000417468729766562e-03
-8.699607689403734230e-04
-6.875139669606561334e-04
-4.769180788160141027e-04
-2.913155769826089874e-04
-1.727033774758323465e-04
-1.173626251426568843e-04
-7.526591349029167503e-05
1.531173667114147993e-05
1.839433436879833977e-04
4.073529108602009976e-04
6.259737437932568491e-04
7.839943366566064437e-04
8.630457359108567768e-04
8.864576211171876306e-04
8.939711107130138669e-04
9.079895926927615112e-04
9.167534133794763432e-04
8.856055509028362910e-04
7.864655761498074143e-04
6.231464221463408736e-04
4.341921427540725259e-04
2.713136618767778550e-04
1.681235157808832570e-04
1.196591500698604969e-04
8.531799190812525352e-05
1.257192239811501691e-05
-1.335783929676609622e-04
-3.527093915503120712e-04
-6.117881410235352342e-04
-8.652375421576627684e-04
-1.079527338942061964e-03
-1.248454442497844326e-03
-1.391894992975655550e-03
-1.540531501891042113e-03
-1.716257859348671762e-03
-1.919201531300970603e-03
-2.127759178298405020e-03
-2.310814079220322153e-03
-2.445333619516056132e-03
-2.530533086904067017e-03
-2.592122908723633323e-03
-2.675144389191047405e-03
-2.828945668654276289e-03
-3.090775753895303856e-03
-3.474383425524140388e-03
-3.967409371876798319e-03
-4.537675873770905151e-03
-5.145286514291829393e-03
-5.755837464755258343e-03
-6.350306920370891485e-03
-6.928898500263140116e-03
-7.508426562984263711e-03
-8.114880318159331876e-03
-8.773995064896979862e-03
-9.502799487432751421e-03
-1.030436928287727788e-02
-1.116679328695113944e-02
-1.206609139113846985e-02
-1.297186462427820340e-02
-1.385399047121446334e-02
-1.468871089422841766e-02
-1.546287638226616183e-02
-1.617572205346296671e-02
-1.683817596576541592e-02
-1.747019434258664447e-02
-1.809690768414781367e-02
-1.874443434131756528e-02
-1.943611143980009462e-02
-2.018967130307134511e-02
-2.101562480308398484e-02
-2.191686145634720931e-02
-2.288928081347639532e-02
-2.392315078921841004e-02
-2.500484732877179470e-02
-2.611865392592793711e-02
-2.724836914636246873e-02
-2.837856345316814785e-02
-2.949542317346623421e-02
-3.058720366729700268e-02
-3.164437538023957136e-02
-3.265958058670134778e-02
-3.362752502253734538e-02
-3.454491061986335321e-02
-3.541047902544229575e-02
-3.622518780088474638e-02
-3.699249007338643175e-02
-3.771864175754090914e-02
-3.841292547178254413e-02
-3.908766291434371404e-02
-3.975789202803925448e-02
-4.044061382704409319e-02
-4.115356560180147977e-02
-4.191354852468734404e-02
-4.273442124142469434e-02
-4.362495639225431182e-02
-4.458683105598041513e-02
-4.561307029126344254e-02
-4.668727109231313177e-02
-4.778389080539745953e-02
-4.886978355415774744e-02
-4.990701296643217794e-02
-5.085677236845266569e-02
-5.168402876726879702e-02
-5.236230870145801297e-02
-5.287790330343158929e-02
-5.323272791044776631e-02
-5.344516130869202131e-02
-5.354842633050778400e-02
-5.358644532725397730e-02
-5.360756667664626218e-02
-5.365703514463285306e-02
-5.376946857226370946e-02
-5.396279798074543610e-02
-5.423503774847944492e-02
-5.456483357064994405e-02
-5.491601708104962981e-02
-5.524549166027811070e-02
-5.551287767187116501e-02
-5.568969787717507891e-02
-5.576571603201229549e-02
-5.575050257996320285e-02
-5.566938852955131273e-02
-5.555448647340884699e-02
-5.543302722660215648e-02
-5.531639483269901875e-02
-5.519348384217435954e-02
-5.503109014710494407e-02
-5.478206305367460532e-02
-5.439937824798994626e-02
-5.385195140567636957e-02
-5.313680978331339344e-02
-5.228284630693974533e-02
-5.134390146680488376e-02
-5.038270532681710795e-02
-4.945095673139365128e-02
-4.857295634642769255e-02
-4.773955665439660878e-02
-4.691555538847844847e-02
-4.605816181708063256e-02
-4.513900866730800876e-02
-4.415982460609989974e-02
-4.315388797666373788e-02
-4.217145013042918056e-02
-4.125504345207546553e-02
-4.041629465652950282e-02
-3.962628989725933831e-02
-3.882569565398719807e-02
-3.795098984701094497e-02
-3.696415383514655567e-02
-3.587016323853092770e-02
-3.471209135674839519e-02
-3.354551218905502119e-02
-3.240595703773782588e-02
-3.128823471524133648e-02
-3.015058082407026316e-02
-2.894225808734570207e-02
-2.763849990055027711e-02
-2.626096095990525930e-02
-2.486975455981766531e-02
-2.353083783310744651e-02
-2.227903869450091612e-02
-2.110105229606117766e-02
-1.995036470863777514e-02
-1.878451070655480157e-02
-1.759884627203773741e-02
-1.643221824776969556e-02
-1.533908755464386854e-02
-1.434713247415959382e-02
-1.343134837167690894e-02
-1.252523961742008085e-02
-1.156313045501281347e-02
-1.052402618651812789e-02
-9.445086830353726856e-03
-8.394655864681251078e-03
-7.425149983584341390e-03
-6.541579004615181991e-03
-5.709240000799632037e-03
-4.893002966238753533e-03
-4.095055074034612864e-03
-3.358980375742595583e-03
-2.735628170799031533e-03
-2.238371271038467995e-03
-1.825423178770069340e-03
-1.425707081336049890e-03
-9.890947717294104515e-04
-5.211492692449701172e-04
-7.453386025677694558e-05
2.954158583386203843e-04
5.740836768897955968e-04
7.943470439266720222e-04
1.002216713817234489e-03
1.211587363612158259e-03
1.387478708818776826e-03
1.472949936278609854e-03
1.437820960952783953e-03
1.308671512524583721e-03
1.154851894135667991e-03
1.041353858101816670e-03
9.860924850593614285e-04
9.546372452894082931e-04
8.942907580561108892e-04
7.780072928700472717e-04
6.225584054538463308e-04
4.683956604461689223e-04
3.407051231278876175e-04
2.257101131164505111e-04
8.235581258518476114e-05
-1.203423495685920303e-04
-3.710600629103437517e-04
-6.156027391702499976e-04
-7.894643870573095183e-04
-8.593752893817852489e-04
-8.433571380347089710e-04
-7.955252567442811602e-04
-7.679168453355965504e-04
-7.772714223556201557e-04
-7.993207516965123924e-04
-7.921804015589725646e-04
-7.299657958169926625e-04
-6.220833625512927527e-04
-5.054303861012971648e-04
-4.163669390201433173e-04
-3.628108976416420379e-04
-3.156858318726652184e-04
-2.252552296254041377e-04
-5.157429356114492057e-05
2.100659259331305725e-04
5.238175376528042115e-04
8.304652717981283409e-04
1.076496607898260512e-03
1.238665474517725582e-03
1.331572689982161517e-03
1.396024568675032895e-03
1.476155779097819290e-03
1.598108251859400300e-03
1.760710336951856140e-03
1.941322906447005229e-03
2.112166166696291276e-03
2.257934842944856781e-03
2.385994156146070688e-03
2.524925186734862294e-03
2.712983334424766500e-03
2.982350423233874094e-03
3.346254044262366670e-03
3.794091518538530560e-03
4.295934357804362912e-03
4.814005012110465082e-03
5.316380681313050138e-03
5.787920129777746059e-03
6.234962647151964105e-03
6.682846913276478847e-03
7.167721192467318286e-03
7.725682474740984580e-03
8.382656113343699492e-03
9.147726159668214535e-03
1.001127243795418842e-02
1.094778560882849611e-02
1.192205614463753838e-02
1.289681777757071407e-02
1.383990939897171944e-02
1.472947333672879056e-02
1.555641551362215748e-02
1.632408849836881545e-02
1.704574643497831429e-02
1.774066496346423522e-02
1.842990315783502378e-02
1.913255313531994628e-02
1.986305524865790081e-02
2.062983887085462556e-02
2.143525411027197292e-02
2.227653775666775179e-02
2.314743001741995099e-02
2.404002653241008730e-02
2.494649570836764488e-02
2.586038888341372563e-02
2.677739270720102746e-02
2.769549505745815682e-02
2.861463947877957575e-02
2.953601717549857522e-02
3.046118524616586373e-02
3.139120571503364182e-02
3.232597645793248292e-02
3.326387919620758110e-02
3.420180938875180821e-02
3.513558643162890266e-02
3.606067811815977242e-02
3.697311816817148294e-02
3.787045616855132246e-02
3.875256057646278562e-02
3.962210100878230806e-02
4.048456733038219291e-02
4.134773900942839003e-02
4.222059483724521084e-02
4.311174320104028956e-02
4.402754625176207720e-02
4.497019445127133086e-02
4.593604646746678177e-02
4.691456876662340042e-02
4.788817764948434530e-02
4.883319734017459168e-02
4.972200259983518278e-02
5.052622502588387937e-02
5.122069179623077451e-02
5.178756751638095152e-02
5.222002430914476911e-02
5.252471346506244754e-02
5.272238743187595417e-02
5.284624014900219519e-02
5.293788714328872408e-02
5.304135281365062599e-02
5.319589711751444155e-02
5.342889901741468967e-02
5.375021306517918651e-02
5.414933807569660695e-02
5.459633694299417805e-02
5.504674800139457841e-02
5.544983880578470414e-02
5.575865979931159816e-02
5.593969418931913490e-02
5.597970211528149193e-02
5.588777644502934683e-02
5.569167370599801409e-02
5.542897718032319815e-02
5.513522680111561380e-02
5.483233478584062515e-02
5.452093623137924117e-02
5.417952082936128289e-02
5.377130526864167676e-02
5.325728321851797009e-02
5.261151220996816008e-02
5.183336585763975712e-02
5.095189502768181222e-02
5.001976890333515585e-02
4.909793981988576361e-02
4.823595444971029433e-02
4.745517587709229684e-02
4.674184549980554826e-02
4.605358665675374219e-02
4.533760083315088729e-02
4.455351558891829100e-02
4.369106202493495961e-02
4.277419406090043202e-02
4.184886783356368128e-02
4.095934364304725656e-02
4.012401062290555515e-02
3.932299663229321673e-02
3.850486181430881616e-02
3.761027455706989625e-02
3.660125408150022991e-02
3.548051943366859612e-02
3.428968435833094908e-02
3.308611215814775269e-02
3.191055932204991258e-02
3.076410235218648287e-02
2.960869776068406414e-02
2.839240954443269030e-02
2.708514510468443617e-02
2.570309992954331393e-02
2.430572801337436625e-02
2.296560072071786654e-02
2.172910951655736625e-02
2.059292119755540620e-02
1.951176136967442895e-02
1.843256068834593989e-02
1.733170850183366613e-02
1.622925002058231078e-02
1.516956201157890378e-02
1.418225329158849697e-02
1.325248785942257680e-02
1.232444041416264763e-02
1.133781118582389592e-02
1.027206517776890413e-02
9.165579537909546853e-03
8.094104086674549017e-03
7.123026286695778413e-03
6.268191430520172677e-03
5.494149045033727870e-03
4.750189881150304778e-03
4.015135535734915169e-03
3.314968031491549987e-03
2.699213357381574641e-03
2.195586236944764395e-03
1.780631063836623238e-03
1.391620729553172094e-03
9.714003562545807163e-04
5.105372869720069566e-04
5.283686616197702892e-05
-3.399791515315172250e-04
-6.352881898957811945e-04
-8.499349695670643280e-04
-1.028325017735830672e-03
-1.198251329493905688e-03
-1.343083508887303081e-03
-1.414887067895904266e-03
-1.378138021137507866e-03
-1.247317418772134114e-03
-1.085953399529362247e-03
-9.660373461218334451e-04
-9.191104614275319266e-04
-9.171130447164297771e-04
-8.971628253001592270e-04
-8.097740054031564135e-04
-6.527257092930219360e-04
-4.659580614311724183e-04
-2.947210155113871096e-04
-1.526231853599888653e-04
-1.434995819908821967e-05
1.574479285668090142e-04
3.741376403726223601e-04
6.031688599766615606e-04
7.849034377203815234e-04
8.716874523744869412e-04
8.600217235908984466e-04
7.925396259540429212e-04
7.291635334011746950e-04
7.086773022465120029e-04
7.273595682956184765e-04
7.476837149355604773e-04
7.285055333107149853e-04
6.542561337232111933e-04
5.432673730810922254e-04
4.311852805140568064e-04
3.426209384660529930e-04
2.712221071453839276e-04
1.815703512048856333e-04
3.136724528936522154e-05
-2.005160630897380263e-04
-4.975810485697960582e-04
-8.105555772932935936e-04
-1.080417796517665809e-03
-1.266426173814841393e-03
-1.364163583079110002e-03
-1.405056656733180654e-03
-1.439119399775943674e-03
-1.510918395956084960e-03
-1.641005436149876699e-03
-1.821004517500330114e-03
-2.023057772051118329e-03
-2.217519818442878401e-03
-2.389742028035368553e-03
-2.548328985626604516e-03
-2.721969146458057352e-03
-2.947263626606153562e-03
-3.253523286348284846e-03
-3.651080856999874835e-03
-4.127524054131937251e-03
-4.652694773806259274e-03
-5.189924779819508720e-03
-5.709015473081587369e-03
-6.196383056170531520e-03
-6.659281035159489437e-03
-7.123293277717724845e-03
-7.624472721126975168e-03
-8.198912593232103238e-03
-8.872894514901266683e-03
-9.656161027891156309e-03
-1.053966897820965420e-02
-1.149784353616074145e-02
-1.249425611244855093e-02
-1.348902372733975889e-02
-1.444612570165164714e-02
-1.533916418198159881e-02
-1.615468344589908456e-02
-1.689281739699179455e-02
-1.756559700925329481e-02
-1.819362280616378807e-02
-1.880196091660738325e-02
-1.941607818221161019e-02
-2.005844930182949445e-02
-2.074621642127688279e-02
-2.149002298349856482e-02
-2.229392687777047299e-02
-2.315615022242569973e-02
-2.407035215910608567e-02
-2.502710925316451937e-02
-2.601533838079950200e-02
-2.702347827705202030e-02
-2.804033767771934790e-02
-2.905560317552638092e-02
-3.006006651121695059e-02
-3.104567236415765874e-02
-3.200550198149507142e-02
-3.293379729960344005e-02
-3.382609951558406686e-02
-3.467953210726820029e-02
-3.549320872060893889e-02
-3.626869893527395750e-02
-3.701044699910582825e-02
-3.772601648032937460e-02
-3.842603216009572720e-02
-3.912371203755462407e-02
-3.983392712180094247e-02
-4.057179180187683865e-02
-4.135086680881953913e-02
-4.218114067871378547e-02
-4.306703202033350386e-02
-4.400570991276605420e-02
-4.498604948605525178e-02
-4.598851241259972050e-02
-4.698616065808168540e-02
-4.794687679102373895e-02
-4.883668535889286455e-02
-4.962386785503183212e-02
-5.028336914822949255e-02
-5.080084352902677902e-02
-5.117562306909805014e-02
-5.142194326744545241e-02
-5.156794971887842388e-02
-5.165233020787202839e-02
-5.171883515624040029e-02
-5.180940095969569642e-02
-5.195698571409698707e-02
-5.217946442409751584e-02
-5.247592069174215196e-02
-5.282636006027457282e-02
-5.319526358816357992e-02
-5.353858288707071672e-02
-5.381291056079801766e-02
-5.398485765061698805e-02
-5.403835546402196988e-02
-5.397784130024407823e-02
-5.382613343709702347e-02
-5.361712846404122906e-02
-5.338496446959242747e-02
-5.315255882454002906e-02
-5.292300016576000771e-02
-5.267682750461667729e-02
-5.237671406346135206e-02
-5.197879981219570567e-02
-5.144753623873934284e-02
-5.076925527065016819e-02
-4.995949724741789721e-02
-4.906077155780757398e-02
-4.813057854225147314e-02
-4.722322056913941940e-02
-4.637177678715630885e-02
-4.557728649978334129e-02
-4.481002634882814278e-02
-4.402323540883876923e-02
-4.317434971869010818e-02
-4.224501622699847886e-02
-4.125084580239474219e-02
-4.023571487226966503e-02
-3.925220988080727752e-02
-3.833663169520513253e-02
-3.749042918563134236e-02
-3.667777647728540091e-02
-3.584159899273058753e-02
-3.493091804239876336e-02
-3.392576323720672415e-02
-3.284611019390053926e-02
-3.173908250205399045e-02
-3.065049950693217451e-02
-2.959636054718102482e-02
-2.855113480485187150e-02
-2.746105346774929679e-02
-2.627613959453495990e-02
-2.498276417149124240e-02
-2.361683262434371641e-02
-2.224839250597551721e-02
-2.094583562416044847e-02
-1.974124083372899574e-02
-1.861859489726601022e-02
-1.753242938623924760e-02
-1.644433660708550030e-02
-1.535226268325307931e-02
-1.429174588277913605e-02
-1.330754438555415559e-02
-1.241559204301117061e-02
-1.158346141073935721e-02
-1.074551530559716625e-02
-9.844176552942517783e-03
-8.868845907291684691e-03
-7.864195558535392455e-03
-6.900925085520093205e-03
-6.029574211730596815e-03
-5.250996816553002260e-03
-4.525003546175742318e-03
-3.809816753983113514e-03
-3.101174318517167881e-03
-2.439942121735079114e-03
-1.881617419109453014e-03
-1.451360127774924819e-03
-1.120239918596187918e-03
-8.222039538664047825e-04
-4.992716867822438384e-04
-1.400828200144758147e-04
2.177340381197147680e-04
5.219490760589373191e-04
7.482050285453262011e-04
9.160788758786000833e-04
1.066519323788688717e-03
1.220563676654588944e-03
1.354843229059598869e-03
1.415684626507456327e-03
1.361822431738087501e-03
1.201821657391314614e-03
9.957145984099823478e-04
8.182802817607118815e-04
7.113477423645748468e-04
6.607293238633706739e-04
6.138585752915921455e-04
5.229003095913459112e-04
3.796692886256178854e-04
2.168103332593970269e-04
7.689342117006625415e-05
-2.441446905338238800e-05
-1.116906600030460677e-04
-2.295601059317699114e-04
-4.050343086565813305e-04
-6.213677416892153093e-04
-8.232011956895525289e-04
-9.494127138440522926e-04
-9.703774455085617057e-04
-9.041468053139507105e-04
-8.017800366931582615e-04
-7.134646745312174737e-04
-6.590030314337315051e-04
-6.214086357892420519e-04
-5.654756235741419373e-04
-4.665758984108523289e-04
-3.294955242265659267e-04
-1.853111382646879357e-04
-6.954334582725430630e-05
3.253149603869417778e-06
5.184646399567401358e-05
1.199309273236674381e-04
2.521924827377899415e-04
4.689424620088563809e-04
7.535453738084154241e-04
1.059036920082104651e-03
1.329703309514221983e-03
1.525989088997734694e-03
1.640421039385754187e-03
1.697802107197913732e-03
1.741157549505931114e-03
1.811431145831036982e-03
1.930861684944240294e-03
2.097079168148158548e-03
2.289284773486507853e-03
2.482380662639077900e-03
2.661972890308779687e-03
2.833639319402799991e-03
3.022995590234373638e-03
3.267196791644792243e-03
3.601796514997917132e-03
4.048217285690856176e-03
4.606293118939150215e-03
5.254073249019265007e-03
5.954379305273423822e-03
6.665479924153936732e-03
7.352288082773696110e-03
7.994791111373161785e-03
8.591663356554807632e-03
9.158639794029983794e-03
9.722700571441002942e-03
1.031405165713056120e-02
1.095814096767628969e-02
1.166959572633807438e-02
1.244922131533975768e-02
1.328432935753422195e-02
1.415189602367390199e-02
1.502354171732568112e-02
1.587112495883291619e-02
1.667182787811063299e-02
1.741189574921079772e-02
1.808857526118992295e-02
1.871017975667603819e-02
1.929452366130393615e-02
1.986617417972778854e-02
2.045305788561950847e-02
2.108294797353732486e-02
2.178027299902043912e-02
2.256356252037482885e-02
2.344370899697506214e-02
2.442310131997305761e-02
2.549558738901544844e-02
2.664715672518250603e-02
2.785719801235902321e-02
2.910017501327585854e-02
3.034756968132821045e-02
3.156995546213966358e-02
3.273907997386903829e-02
3.382984981736813362e-02
3.482211901443148933e-02
3.570218672505021118e-02
3.646391168561550350e-02
3.710935387546033387e-02
3.764886254923879155e-02
3.810054809378814189e-02
3.848910631306268204e-02
3.884400907675861908e-02
3.919713373239553517e-02
3.957997137043005320e-02
4.002062407293836832e-02
4.054086412956665192e-02
4.115357247585629819e-02
4.186088740721365803e-02
4.265336742838576889e-02
4.351039701312331420e-02
4.440194013578224047e-02
4.529158076826762108e-02
4.614059842040791476e-02
4.691263564628372212e-02
4.757835575004419615e-02
4.811939818484164966e-02
4.853094864235170391e-02
4.882237210852190951e-02
4.901561318560379577e-02
4.914142691438037197e-02
4.923391588527781249e-02
4.932424182211486013e-02
4.943466364485676889e-02
4.957414297203046466e-02
4.973658962818888751e-02
4.990237788704451893e-02
5.004309670682616229e-02
5.012872145329889256e-02
5.013568543370815894e-02
5.005388702912787202e-02
4.989066758792604084e-02
4.967032896320081048e-02
4.942878674243587206e-02
4.920427773457153320e-02
4.902632258101064650e-02
4.890598458397247411e-02
4.883051072220150751e-02
4.876451762346847157e-02
4.865810831931825092e-02
4.846010954986702118e-02
4.813268319493915759e-02
4.766262257512591388e-02
4.706521923042465000e-02
4.637874028835446694e-02
4.565075524118099998e-02
4.492073637664045771e-02
4.420526443548804252e-02
4.349181305063204439e-02
4.274423863876381652e-02
4.191857276167694490e-02
4.098319870528882580e-02
3.993499506104670332e-02
3.880398377361792689e-02
3.764350296735057694e-02
3.650933860940108744e-02
3.543678500591123520e-02
3.442642180612631025e-02
3.344607157414081211e-02
3.244893537653535665e-02
3.139962162642490756e-02
3.029495744312418054e-02
2.916813651694162915e-02
2.807280857391408063e-02
2.705445304306923135e-02
2.612406179891267610e-02
2.524903637500005085e-02
2.436749705868317128e-02
2.341913138388642540e-02
2.237565082985510517e-02
2.125326739527779590e-02
2.009961490190461178e-02
1.896290566771742861e-02
1.786253536473524431e-02
1.678014364846556680e-02
1.567750373072498982e-02
1.452994609267201434e-02
1.335280265020107743e-02
1.220172668321553230e-02
1.114451684763190925e-02
1.022164159702978331e-02
9.421565001978196921e-03
8.688215363246551762e-03
7.956554164868349238e-03
7.192640971816793849e-03
6.410941669965671344e-03
5.657293344314467433e-03
4.970388108702305900e-03
4.350323824386197885e-03
3.757804927747687707e-03
3.144969783774562242e-03
2.494962070757142207e-03
1.840207266265125353e-03
1.244785519067967416e-03
7.631358351966255815e-04
4.053442959833859945e-04
1.345002613894455596e-04
-1.026364281475321283e-04
-3.356870185097035218e-04
-5.522371760258658856e-04
-7.146767166537676061e-04
-7.982358935280800885e-04
-8.193182631955099604e-04
-8.305687565002654871e-04
-8.850441292106533313e-04
-9.962570286373953650e-04
-1.124784106902784785e-03
-1.202495700252085957e-03
-1.177373113234388017e-03
-1.046745800086862398e-03
-8.558199841529557034e-04
-6.642652876429050836e-04
-5.065834793273562469e-04
-3.750804305293199518e-04
-2.360438784749859138e-04
-6.463091016627192263e-05
1.291723367132608866e-04
3.032645188595514360e-04
4.124668858303637102e-04
4.420548452683882080e-04
4.210692780433717905e-04
4.056547586477844344e-04
4.439513603551252345e-04
5.464162180269036950e-04
6.808543553396822091e-04
7.941021464584207840e-04
8.447778747282827603e-04
8.254656390227659620e-04
7.612008768412294700e-04
6.874305050845886788e-04
6.235418393800313272e-04
5.596409049896442335e-04
4.645210403964864150e-04
3.087929699372833300e-04
8.793819612894828450e-05
-1.692284602940120257e-04
-4.118541329754903373e-04
-5.915381104924295102e-04
-6.862793502615537359e-04
-7.111137475131075990e-04
-7.104582439952375006e-04
-7.369180012362371674e-04
-8.277154344459336814e-04
-9.900866620954022063e-04
-1.201617810520372049e-03
-1.423878996866307983e-03
-1.621781151466896408e-03
-1.779367239170681321e-03
-1.905441016836822640e-03
-2.027688384432095679e-03
-2.179076237786532928e-03
-2.383139040754987757e-03
-2.644452273273322634e-03
-2.947759528223126580e-03
-3.265396053419966638e-03
-3.569485136534734319e-03
-3.843971861406718371e-03
-4.092138000838419984e-03
-4.337277398767576744e-03
-4.616752863775240578e-03
-4.971761880509867164e-03
-5.436198311304493193e-03
-6.027861430371541165e-03
-6.744189587902032004e-03
-7.563173915771893505e-03
-8.448656898552755340e-03
-9.358228106846212119e-03
-1.025156935419617270e-02
-1.109733887844071600e-02
-1.187733555900637519e-02
-1.258750380171527045e-02
-1.323609814237391817e-02
-1.383986379928053845e-02
-1.441933525664130557e-02
-1.499432202805435314e-02
-1.558040924147682457e-02
-1.618694736632047756e-02
-1.681663556239910290e-02
-1.746649115852629344e-02
-1.812978793430944716e-02
-1.879845209892347033e-02
-1.946541661157128594e-02
-2.012652566367729989e-02
-2.078171911514774955e-02
-2.143537973695615328e-02
-2.209586840738674701e-02
-2.277438631472239114e-02
-2.348337957846240512e-02
-2.423473862965608988e-02
-2.503804564260226836e-02
-2.589909499935875298e-02
-2.681886234120232568e-02
-2.779303543375593807e-02
-2.881215228456879968e-02
-2.986232498254372952e-02
-3.092646664924396382e-02
-3.198588772117857276e-02
-3.302208970079108241e-02
-3.401856203985073601e-02
-3.496238286240511278e-02
-3.584543800468038138e-02
-3.666510561603991691e-02
-3.742430431596979745e-02
-3.813086896919305052e-02
-3.879629489073547349e-02
-3.943397199280741783e-02
-4.005710635675170661e-02
-4.067658786626687784e-02
-4.129909834114803280e-02
-4.192575549272097718e-02
-4.255154710463827927e-02
-4.316572481840708769e-02
-4.375320174915808824e-02
-4.429684430872941198e-02
-4.478038515469890540e-02
-4.519153667228091587e-02
-4.552478203618689351e-02
-4.578329206700243459e-02
-4.597948254533866519e-02
-4.613389719125702421e-02
-4.627236640942226920e-02
-4.642171945500619262e-02
-4.660466473831494788e-02
-4.683473054962914578e-02
-4.711230290328974335e-02
-4.742274617919622903e-02
-4.773731316924211682e-02
-4.801705770616351149e-02
-4.821932504416325677e-02
-4.830573627868115644e-02
-4.825006328511557280e-02
-4.804417270776367016e-02
-4.770042248210787372e-02
-4.724955554322824575e-02
-4.673416482841582370e-02
-4.619898598968585901e-02
-4.568029854255399591e-02
-4.519724851481455447e-02
-4.474768988843735862e-02
-4.431010374741005398e-02
-4.385147093366352500e-02
-4.333907820614752576e-02
-4.275272645488726458e-02
-4.209327040309305407e-02
-4.138421364376675821e-02
-4.066515663034886430e-02
-3.997870328413558050e-02
-3.935503918428301384e-02
-3.879976150928517165e-02
-3.828992472158608551e-02
-3.778059277006593636e-02
-3.722022888606608265e-02
-3.656946690775650377e-02
-3.581583981755937646e-02
-3.497802355994204110e-02
-3.409708398664858253e-02
-3.321773430368619995e-02
-3.236739400244248444e-02
-3.154253757541609915e-02
-3.070920842968494907e-02
-2.981836557255041972e-02
-2.882955538311119531e-02
-2.773176305177165249e-02
-2.655088272499529431e-02
-2.533934985355356523e-02
-2.415247828530042024e-02
-2.302338987923392005e-02
-2.194990398886387598e-02
-2.090093462109133410e-02
-1.983938865909896238e-02
-1.874888291194692219e-02
-1.764854674817330563e-02
-1.658619682198683720e-02
-1.561250205789766789e-02
-1.475049262314053616e-02
-1.397865032131151430e-02
-1.323876629469465313e-02
-1.246527316478247827e-02
-1.161940196256648281e-02
-1.070784725071957655e-02
-9.774638700194003896e-03
-8.871548147517529376e-03
-8.026155801467441120e-03
-7.228393359213334916e-03
-6.444264520360767391e-03
-5.647081961172767221e-03
-4.844234138540425005e-03
-4.079982530467352562e-03
-3.411001406253798274e-03
-2.870526407783171793e-03
-2.445688730457944247e-03
-2.084285979407937521e-03
-1.727145163765517882e-03
-1.344269036266960938e-03
-9.500111835741787076e-04
-5.871079574052476529e-04
-2.914455185368842603e-04
-6.323519056145116761e-05
1.342860628164847152e-04
3.473926893567724815e-04
5.953997953239580955e-04
8.518393241884551206e-04
1.057630296194307738e-03
1.157861775041242386e-03
1.137005120070356829e-03
1.028520631944419752e-03
8.929313832750963593e-04
7.803516835608265232e-04
7.035445173274053722e-04
6.390257811135927404e-04
5.532061377319297995e-04
4.330465406797237853e-04
2.985105600935088850e-04
1.881881028488690372e-04
1.292214580676184787e-04
1.138869757322179911e-04
1.002576451751203046e-04
3.729030403867731534e-05
-1.022889742154804569e-04
-3.031443201504779969e-04
-5.147535817458854688e-04
-6.799189378667420090e-04
-7.658761830572393672e-04
-7.787509895862474016e-04
-7.536479091815573815e-04
-7.283484661466296242e-04
-7.182452718628480485e-04
-7.081505690717088651e-04
-6.650958310868110117e-04
-5.629857269158521690e-04
-4.031641828940069777e-04
-2.181671702688648036e-04
-5.648220124476192232e-05
4.271360461378964662e-05
7.052954703497051905e-05
5.372462308195949767e-05
4.205861005341113783e-05
8.475507526641844788e-05
2.082485458027640306e-04
4.058207618074632906e-04
6.430605495457586028e-04
8.751940738445922619e-04
1.067199357396239352e-03
1.207336179949143736e-03
1.308786891715151088e-03
1.400063036571485642e-03
1.509738810034362121e-03
1.652903476629848274e-03
1.825127827364012327e-03
2.005893201865234510e-03
2.169269768710959615e-03
2.296897644983718345e-03
2.387895567324153923e-03
2.462017213662117017e-03
2.555231030331745617e-03
2.709686980229633353e-03
2.961768344886693029e-03
3.332175382481142832e-03
3.820908701442089772e-03
4.408186435403841155e-03
5.060448848591591470e-03
5.739261052540732023e-03
6.410421751900153599e-03
7.050914193701847237e-03
7.652247211495526863e-03
8.219870405483196280e-03
8.769365173257270829e-03
9.320776075886598455e-03
9.892662346399419548e-03
1.049725729315210791e-02
1.113765352830783061e-02
1.180734918211001107e-02
1.249194635442267727e-02
1.317239505139502012e-02
1.382897370094627633e-02
1.444518808079688424e-02
1.501091304520849566e-02
1.552433534389714188e-02
1.599251862278126476e-02
1.643065157048387639e-02
1.686022275803149978e-02
1.730647545462668524e-02
1.779553325393795973e-02
1.835156481042140783e-02
1.899429152627707743e-02
1.973705509622517701e-02
2.058556962958293934e-02
2.153739856379557199e-02
2.258212770270815947e-02
2.370215571510574451e-02
2.487399184996848950e-02
2.606993452622962532e-02
2.725999968790899369e-02
2.841397010640073911e-02
2.950344257097327685e-02
3.050375672992871809e-02
3.139569620971850022e-02
3.216685986597766361e-02
3.281261001154110041e-02
3.333651730842870226e-02
3.375024097633491649e-02
3.407280997664631494e-02
3.432930690213922831e-02
3.454900109175710471e-02
3.476302892109673498e-02
3.500177331371639999e-02
3.529214546691980536e-02
3.565501232699849754e-02
3.610303548269121199e-02
3.663918318233087140e-02
3.725614106411417881e-02
3.793677597585678324e-02
3.865570254079051665e-02
3.938187113186079197e-02
4.008195199067864783e-02
4.072415234213278695e-02
4.128199443407676306e-02
4.173752637173507030e-02
4.208345515663588360e-02
4.232379521616566609e-02
4.247281587535445962e-02
4.255233120438546568e-02
4.258767127183792772e-02
4.260295528497337614e-02
4.261649542413017966e-02
4.263723762803311307e-02
4.266304905180846874e-02
4.268137697823132237e-02
4.267235616271811138e-02
4.261390108690722017e-02
4.248779563812073168e-02
4.228541615662693293e-02
4.201161838891041833e-02
4.168556621574484589e-02
4.133788584823096940e-02
4.100440206430347456e-02
4.071766560793100426e-02
4.049826048889170610e-02
4.034822847195887463e-02
4.024868012262033945e-02
4.016274119339705712e-02
4.004357114262292044e-02
3.984564056062469412e-02
3.953623882223015334e-02
3.910376001819986652e-02
3.855996299469445499e-02
3.793507969950941916e-02
3.726693832727837746e-02
3.658745323436310426e-02
3.591109539542119283e-02
3.522967856757226734e-02
3.451584665247368205e-02
3.373453535221247052e-02
3.285847395086814726e-02
3.188178223418304535e-02
3.082591050231763344e-02
2.973479840793741974e-02
2.866039759373607484e-02
2.764396437624237063e-02
2.670087738034183228e-02
2.581585309595931660e-02
2.495131377549872007e-02
2.406583732120667896e-02
2.313466036416638935e-02
2.216261986297703504e-02
2.118287309519538419e-02
2.024125978047412386e-02
1.937333951674929250e-02
1.858533164933574497e-02
1.784891613388622095e-02
1.711326577125271003e-02
1.632881103512693818e-02
1.547070589003893964e-02
1.454956476193651482e-02
1.360350157661757535e-02
1.267570403407183854e-02
1.179015013622139105e-02
1.093961367819815123e-02
1.009340727264975736e-02
9.220779240445453606e-03
8.316123968784573314e-03
7.410247406435266533e-03
6.559568206131329883e-03
5.818254658590122676e-03
5.209104255518748512e-03
4.710584307566983465e-03
4.268340183391197869e-03
3.824821241282859528e-03
3.349471815800248668e-03
2.851424642932210481e-03
2.367500593123089952e-03
1.933911596378572791e-03
1.560420854700949635e-03
1.223985213734712571e-03
8.859999551707608981e-04
5.215140570968488905e-04
1.405934330241963076e-04
-2.130442977769777331e-04
-4.860344437347363894e-04
-6.468215700246543291e-04
-7.042526063428589979e-04
-7.013424043454339609e-04
-6.885496744141361876e-04
-6.942677730473627079e-04
-7.117479552587428629e-04
-7.103968713289228248e-04
-6.629709509515612333e-04
-5.696518441756533288e-04
-4.622988753394651753e-04
-3.856414799429643751e-04
-3.677096666138496501e-04
-3.991036423366132514e-04
-4.350958316835077961e-04
-4.199077208074783376e-04
-3.184439024404819483e-04
-1.362569508910050058e-04
8.388590826140211059e-05
2.859578262696096853e-04
4.301422296084226097e-04
5.103823234844805014e-04
5.507797484940491232e-04
5.848256740915436236e-04
6.313860152339239879e-04
6.823036520929209913e-04
7.085072375889768515e-04
6.799918920479163442e-04
5.869871347330509652e-04
4.494813667038976635e-04
3.095359371947833645e-04
2.108236195677025188e-04
1.767637310317505162e-04
1.989163217404215137e-04
2.413181913858241225e-04
2.579016415313330982e-04
2.137210165063083871e-04
9.951427055344363147e-05
-6.676496862106540858e-05
-2.509834134145000947e-04
-4.200528904681631506e-04
-5.566954923319385184e-04
-6.651301153670393772e-04
-7.659322332308037950e-04
-8.834527852978013530e-04
-1.032230561192253992e-03
-1.208701962433822918e-03
-1.391655442919144175e-03
-1.550854958985500983e-03
-1.659892643509708462e-03
-1.707912188327964566e-03
-1.705683590117195933e-03
-1.683985763711550203e-03
-1.685214326998479492e-03
-1.751426926392867086e-03
-1.912945083290619724e-03
-2.181038017909819621e-03
-2.546544405827050762e-03
-2.984253901043115199e-03
-3.461175291923412455e-03
-3.945930067344772391e-03
-4.416559884206983262e-03
-4.864847580511450810e-03
-5.296458847575934333e-03
-5.727409886843029714e-03
-6.178234503208312155e-03
-6.667596662529278427e-03
-7.206971093976405167e-03
-7.797521553358021697e-03
-8.429634959803358404e-03
-9.084912121195082291e-03
-9.739918510393489812e-03
-1.037073834236897606e-02
-1.095735872600243563e-02
-1.148709054139069978e-02
-1.195653149291874343e-02
-1.237191116844263417e-02
-1.274795738800300372e-02
-1.310564079954007477e-02
-1.346927030399121088e-02
-1.386342858114561830e-02
-1.431017441194753874e-02
-1.482682489998082657e-02
-1.542449565887253626e-02
-1.610744608179523821e-02
-1.687316832301803682e-02
-1.771308284279385359e-02
-1.861366303441514339e-02
-1.955780343751727796e-02
-2.052626340331374644e-02
-2.149905208131183687e-02
-2.245666240241999193e-02
-2.338110360939749457e-02
-2.425671793530605538e-02
-2.507079348730534979e-02
-2.581400058683141346e-02
-2.648068292382123323e-02
-2.706902955001597166e-02
-2.758114166263979719e-02
-2.802299264049771393e-02
-2.840426444428686970e-02
-2.873803169958500173e-02
-2.904025949243116411e-02
-2.932908430037054967e-02
-2.962386069377266617e-02
-2.994397935152833326e-02
-3.030749300846050792e-02
-3.072962319467426734e-02
-3.122125767330791862e-02
-3.178758086417952239e-02
-3.242700115998658345e-02
-3.313054386759576447e-02
-3.388186145419765094e-02
-3.465797071794277096e-02
-3.543075927689311178e-02
-3.616921505446408364e-02
-3.684223024334497276e-02
-3.742172782859061464e-02
-3.788576985037660910e-02
-3.822124961962940909e-02
-3.842576165468573196e-02
-3.850829571223751691e-02
-3.848851994140536914e-02
-3.839459729119647918e-02
-3.825970071567630360e-02
-3.811762583898035267e-02
-3.799810415929971014e-02
-3.792255100443974597e-02
-3.790099979170121619e-02
-3.793085110761856837e-02
-3.799779867796778537e-02
-3.807891195003840212e-02
-3.814741650873793022e-02
-3.817830518501363901e-02
-3.815363325444588727e-02
-3.806629045965867486e-02
-3.792125658720748443e-02
-3.773383465591513553e-02
-3.752504391394066718e-02
-3.731510220884864948e-02
-3.711654575161744268e-02
-3.692883150446381324e-02
-3.673610192085193654e-02
-3.650912723907343699e-02
-3.621138162563959650e-02
-3.580800206696064386e-02
-3.527536458401178687e-02
-3.460853945692847489e-02
-3.382419732830749259e-02
-3.295766133924531160e-02
-3.205449912269745655e-02
-3.115884323721265434e-02
-3.030191902782548852e-02
-2.949451678817726491e-02
-2.872612490440795002e-02
-2.797132819311418453e-02
-2.720150065404380868e-02
-2.639769632504549227e-02
-2.555984948655823027e-02
-2.470842774972634853e-02
-2.387736463151078625e-02
-2.310054793748305205e-02
-2.239701665648167334e-02
-2.176103017452021490e-02
-2.116165276751920052e-02
-2.055280196197070697e-02
-1.989022486389236885e-02
-1.914852164707167223e-02
-1.833078678641781104e-02
-1.746624505820322526e-02
-1.659645629744603210e-02
-1.575602026861904273e-02
-1.495666317100739946e-02
-1.418246183654068432e-02
-1.339894715822198545e-02
-1.257209726143535336e-02
-1.168805302242120932e-02
-1.076354618796405808e-02
-9.841295423648923138e-03
-8.972135963191163119e-03
-8.192647045641663142e-03
-7.509740562219345723e-03
-6.900338833772283638e-03
-6.326363080953822417e-03
-5.756891877005478747e-03
-5.185184240927730691e-03
-4.630872728095188594e-03
-4.125880174421329982e-03
-3.692038368486116103e-03
-3.323578092532940721e-03
-2.985374487495256243e-03
-2.629044332188644299e-03
-2.218567967380429516e-03
-1.751123980175742700e-03
-1.260998044446938905e-03
-8.037792111657623018e-04
-4.292943064365039251e-04
-1.582644235120300258e-04
2.446172476133070482e-05
1.568969265121259555e-04
2.754379868693686262e-04
3.937505839590830776e-04
4.974735754017579371e-04
5.573930675952727979e-04
5.524480157178022566e-04
4.879959757965724701e-04
3.977448347955705120e-04
3.277657355997795380e-04
3.119175085712395804e-04
3.532291922154939985e-04
4.222356006232093426e-04
4.732033619114228164e-04
4.687394742855422900e-04
3.986457123164214396e-04
2.826467419480807228e-04
1.563069789887716588e-04
4.918662495806479744e-05
-3.161020419466236276e-05
-1.030364662846117326e-04
-1.924290243156950029e-04
-3.170880734771206388e-04
-4.693777778481990348e-04
-6.162404385582180566e-04
-7.137221760922441609e-04
-7.287245645719310190e-04
-6.563345244612855522e-04
-5.236203328819783072e-04
-3.780324331364691166e-04
-2.664403693320773489e-04
-2.152508746315927378e-04
-2.209733402986892520e-04
-2.549709822632424032e-04
-2.791030632149926489e-04
-2.640776126468761956e-04
-2.017571029135150848e-04
-1.062592970116394450e-04
-4.367814990050232743e-06
7.933545242914983393e-05
1.352499102148667950e-04
1.736461887676688518e-04
2.198725882338797627e-04
3.025074679493551912e-04
4.399663452333658973e-04
6.313547709904449761e-04
8.552160202715833543e-04
1.076405451717881963e-03
1.258141892925090368e-03
1.374552119950280416e-03
1.419219751702808065e-03
1.407057966678444292e-03
1.369380042719258372e-03
1.344338042351269453e-03
1.366180982174268173e-03
1.456764073291145004e-03
1.621620288626513797e-03
1.851213916170437032e-03
2.126355052766510257e-03
2.425660725501366070e-03
2.732641335975027376e-03
3.040429123269473063e-03
3.353095993584303321e-03
3.683585581180367358e-03
4.049188386352220621e-03
4.466008716457864867e-03
4.943941190723256073e-03
5.483356289814687867e-03
6.074137338123442725e-03
6.697092207699204165e-03
7.327236953225946953e-03
7.938116466004689967e-03
8.506224820957062477e-03
9.014692978550920346e-03
9.455662238423130292e-03
9.831080041692015145e-03
1.015196591498656285e-02
1.043644312991737905e-02
1.070698437808618141e-02
1.098737047867438636e-02
1.129982265853543208e-02
1.166266650885580854e-02
1.208874934667344275e-02
1.258469081307172187e-02
1.315092162385341976e-02
1.378237194289702247e-02
1.446961518035470677e-02
1.520025444618429596e-02
1.596035168901297277e-02
1.673573509933036149e-02
1.751306908770626850e-02
1.828062406950799537e-02
1.902873297593523499e-02
1.974996251906184150e-02
2.043905658757734153e-02
2.109272554234857197e-02
2.170935904560532953e-02
2.228873303143959206e-02
2.283176594249677199e-02
2.334035828973093918e-02
2.381732595597511187e-02
2.426641439798375363e-02
2.469236069267042449e-02
2.510095552183556553e-02
2.549904949152632938e-02
2.589444881765861142e-02
2.629565483446644897e-02
2.671141962850420021e-02
2.715011509826214739e-02
2.761894268506588646e-02
2.812304281866920275e-02
2.866459292481740584e-02
2.924200632114482348e-02
2.984935707079887021e-02
3.047615390950559819e-02
3.110756683701326394e-02
3.172517175004257312e-02
3.230822285286043261e-02
3.283539360365175797e-02
3.328685171051105202e-02
3.364646194500232196e-02
3.390385393962171839e-02
3.405606281684821907e-02
3.410845919894035794e-02
3.407473897272969565e-02
3.397584335536447953e-02
3.383781982762898433e-02
3.368879923604722881e-02
3.355543052905464452e-02
3.345925302280075564e-02
3.341356589170961511e-02
3.342134886398593491e-02
3.347468058300068910e-02
3.355589228032664073e-02
3.364040586107776981e-02
3.370088055101077423e-02
3.371199181523356486e-02
3.365495932621796055e-02
3.352089025825899515e-02
3.331215039810273698e-02
3.304132071549024247e-02
3.272779552891469379e-02
3.239263697589277180e-02
3.205279129302610747e-02
3.171605893162490059e-02
3.137818279845407121e-02
3.102303007857019901e-02
3.062613703421040653e-02
3.016100501530326675e-02
2.960669979079656733e-02
2.895476406571379294e-02
2.821341211018761272e-02
2.740752823377072545e-02
2.657406154235741197e-02
2.575374409373005699e-02
2.498127431966775877e-02
2.427679195921433192e-02
2.364132309711859670e-02
2.305782713656201466e-02
2.249776667611828526e-02
2.193125394750031903e-02
2.133744664621143802e-02
2.071153383151304317e-02
2.006562334522979385e-02
1.942291217897737163e-02
1.880703263168780753e-02
1.823049607313399767e-02
1.768684346182964814e-02
1.715002500678021458e-02
1.658190939085336241e-02
1.594557504608993398e-02
1.521945070255545027e-02
1.440661421455149450e-02
1.353514100134522134e-02
1.264886484134296676e-02
1.179193567085297205e-02
1.099340197703221021e-02
1.025833465241874840e-02
9.569403209768173948e-03
8.898281088413775505e-03
8.221752984308043632e-03
7.535039318753421547e-03
6.855906979794913758e-03
6.217318650230475689e-03
5.651851913497685752e-03
5.175285521446764195e-03
4.777463962021352359e-03
4.425261790684992085e-03
4.076616667621458905e-03
3.699022260625632347e-03
3.283432551949926059e-03
2.846626858831398463e-03
2.420829785172187026e-03
2.035926297349598905e-03
1.703556626275724590e-03
1.411542989946014057e-03
1.131765849503967893e-03
8.374635191332969932e-04
5.207368107752125344e-04
2.006413678466780772e-04
-8.300477507769711267e-05
-2.874921777741290541e-04
-3.878934689279735942e-04
-3.899770485367903741e-04
-3.286627281044147779e-04
-2.527333087034286450e-04
-2.035583984477546673e-04
-1.985311883868199788e-04
-2.272403957441336433e-04
-2.615889913693836017e-04
-2.738057479427299522e-04
-2.524314122548497333e-04
-2.078593911168158718e-04
-1.649258715906091316e-04
-1.471037898035425988e-04
-1.612740121472632448e-04
-1.915608782819287271e-04
-2.057339995956940768e-04
-1.709567898299910096e-04
-7.077619309601708257e-05
8.532563567676624411e-05
2.646134638411358248e-04
4.246174160328366706e-04
5.308067554418600953e-04
5.699610723325493605e-04
5.532141396381207339e-04
5.079695016312772487e-04
4.632037505710626351e-04
4.355201020755244154e-04
4.224949906236777439e-04
4.060110870476298052e-04
3.634082133345640044e-04
2.807395261672666681e-04
1.617273390588258477e-04
2.827654281011384831e-05
-8.761061073002133419e-05
-1.568571249177118821e-04
-1.656073213019746250e-04
-1.216568247415009390e-04
-5.250295176136588615e-05
4.027895388746725408e-06
1.277796478399505803e-05
-4.706561597909166516e-05
-1.757392422661559542e-04
-3.539568785542328874e-04
-5.503543591387870379e-04
-7.322857825405957449e-04
-8.760808642166159144e-04
-9.734507624601531186e-04
-1.032360022394135119e-03
-1.072675747620403016e-03
-1.118551637250923434e-03
-1.190315413433976456e-03
-1.298461500034223549e-03
-1.441398721751255968e-03
-1.607272289633067397e-03
-1.778927224254007317e-03
-1.940264516837545555e-03
-2.082031613644738568e-03
-2.205452306557019460e-03
-2.322849891494435659e-03
-2.455290998951802084e-03
-2.628028162654452542e-03
-2.864975837487784924e-03
-3.183551849819907763e-03
-3.590989652328995235e-03
-4.082782931465829893e-03
-4.643400185200209987e-03
-5.248931591080981118e-03
-5.870996429503677269e-03
-6.481090190174261870e-03
-7.054582369762821270e-03
-7.573748936459120257e-03
-8.029478018678752604e-03
-8.421561048257779000e-03
-8.757721755493885762e-03
-9.051707090912172737e-03
-9.320852247309205363e-03
-9.583539188579277487e-03
-9.856910135405468065e-03
-1.015509705534643065e-02
-1.048810960299243963e-02
-1.086140858366027064e-02
-1.127609580490463587e-02
-1.172958351953683198e-02
-1.221657066200180011e-02
-1.273014673276755965e-02
-1.326286197509052474e-02
-1.380763704431790632e-02
-1.435842891941887210e-02
-1.491061526906809105e-02
-1.546110116068276710e-02
-1.600818588685100352e-02
-1.655125148904878704e-02
-1.709034751753018069e-02
-1.762574913595986795e-02
-1.815755920051012953e-02
-1.868541131774893380e-02
-1.920831230333321787e-02
-1.972464119023007931e-02
-2.023230016213969570e-02
-2.072899252930297809e-02
-2.121258588842363235e-02
-2.168150638667415767e-02
-2.213510366655085937e-02
-2.257392632970771709e-02
-2.299985489083064896e-02
-2.341605294230084469e-02
-2.382671678431952031e-02
-2.423662764998393837e-02
-2.465053682323490800e-02
-2.507243982547653974e-02
-2.550481845563000796e-02
-2.594794566447975251e-02
-2.639935503307737005e-02
-2.685357154965174742e-02
-2.730218195124874819e-02
-2.773429101965555962e-02
-2.813736654912578350e-02
-2.849842384575617185e-02
-2.880544612280505623e-02
-2.904888719121926852e-02
-2.922306553893317532e-02
-2.932724233121738328e-02
-2.936618680161558886e-02
-2.935007492522298186e-02
-2.929364101554454008e-02
-2.921460161600326205e-02
-2.913148581856125213e-02
-2.906111988282525718e-02
-2.901610719439124547e-02
-2.900269686100606994e-02
-2.901942814595497716e-02
-2.905686300490675777e-02
-2.909857554964744020e-02
-2.912336906104898496e-02
-2.910846588451958608e-02
-2.903320235617993031e-02
-2.888260494230662778e-02
-2.865016762784526605e-02
-2.833922424464170586e-02
-2.796252045660234734e-02
-2.753991669605059672e-02
-2.709454265807569734e-02
-2.664809789669635165e-02
-2.621626176695453919e-02
-2.580525775437665301e-02
-2.541046134996254729e-02
-2.501754709151632339e-02
-2.460610085508316974e-02
-2.415499747817113213e-02
-2.364831776006147412e-02
-2.308030971715268123e-02
-2.245799925995452945e-02
-2.180055192093407340e-02
-2.113529612958840384e-02
-2.049124968306836186e-02
-1.989178638430299031e-02
-1.934848122283251703e-02
-1.885800382459544219e-02
-1.840316846931223244e-02
-1.795805972539572110e-02
-1.749586553025435365e-02
-1.699707513616408386e-02
-1.645540156189282885e-02
-1.587934927166147897e-02
-1.528867507303747174e-02
-1.470670678013722213e-02
-1.415102312436125956e-02
-1.362578404636768416e-02
-1.311866264182231893e-02
-1.260387326726033694e-02
-1.205064397334768000e-02
-1.143438981796232948e-02
-1.074661466144582501e-02
-9.999761503823846598e-03
-9.224900068501842507e-03
-8.462754297824864880e-03
-7.751166189809806199e-03
-7.113618078946489474e-03
-6.553192406617175045e-03
-6.054313825193865899e-03
-5.591524051814587837e-03
-5.141624427285366832e-03
-4.694038417984990573e-03
-4.254915784861394365e-03
-3.843145020240051890e-03
-3.479996965931930319e-03
-3.177051924387151640e-03
-2.928016223740454414e-03
-2.708481974955004312e-03
-2.484211616333634794e-03
-2.224637501288629759e-03
-1.915728376208771823e-03
-1.566420324509976191e-03
-1.205524161773146447e-03
-8.702460188315021966e-04
-5.912816259374257307e-04
-3.810759394734061670e-04
-2.304600927150111370e-04
-1.150642490624118568e-04
-8.397454895423036238e-06
1.046118504737597816e-04
2.200347035938615323e-04
3.169408727424591777e-04
3.680843423839223424e-04
3.542684250171544225e-04
2.756112404195488943e-04
1.543324510872185753e-04
2.758980744900818818e-05
-6.653099708571545397e-05
-1.036614381430395589e-04
-8.199486771085896331e-05
-2.160491532001434462e-05
4.515839086205540571e-05
8.766530926301498584e-05
8.911943028403489545e-05
5.165299202082347126e-05
-7.335806077167575356e-06
-6.533355858018765759e-05
-1.062918636466448301e-04
-1.282056116157310121e-04
-1.433460321301993591e-04
-1.712944295027068683e-04
-2.281885271546053591e-04
-3.172035386725956837e-04
-4.246230443600614718e-04
-5.233173244732662122e-04
-5.822261578325965258e-04
-5.779411746367321603e-04
-5.037056487456942257e-04
-3.723166463484933134e-04
-2.119323389275620036e-04
-5.656186372588468112e-05
6.506247583236960839e-05
1.381414901030333974e-04
1.650755484804175652e-04
1.625832892983374272e-04
1.541768591494698925e-04
1.610256764267992277e-04
1.945536250604856083e-04
2.532218564920634503e-04
3.242871368096269754e-04
3.895490895270240796e-04
4.328261630930462628e-04
4.465022248878948072e-04
4.349981693067071884e-04
4.141780408666820724e-04
4.070567210669558057e-04
4.372896494711695468e-04
5.224828758383715573e-04
6.692633666606267930e-04
8.714031550632099716e-04
1.111348784499163181e-03
1.364569298784253136e-03
1.605456092599633804e-03
1.813232001208360577e-03
1.976471135973846376e-03
2.095299891266973972e-03
2.180981276961397198e-03
2.253203910737508909e-03
2.335860989333911168e-03
2.452331897030057741e-03
2.621257105500703760e-03
2.853571181997165227e-03
3.151210824633277671e-03
3.507537429476423416e-03
3.909187823241358495e-03
4.338847304761343608e-03
4.778348899216139888e-03
5.211534935015812477e-03
5.626443061938789236e-03
6.016558519899042196e-03
6.381066362294286060e-03
6.724206524214313384e-03
7.053957509783810240e-03
7.380340285205118193e-03
7.713643601977115787e-03
8.062835104536198241e-03
8.434353982634257285e-03
8.831396951029954479e-03
9.253724979697900560e-03
9.697945192620188379e-03
1.015816825113745499e-02
1.062690965010557043e-02
1.109609333636957934e-02
1.155802485153752460e-02
1.200622409902672022e-02
1.243603948246894964e-02
1.284500036200805252e-02
1.323289905740110579e-02
1.360162357270881459e-02
1.395478556636411092e-02
1.429720368877161404e-02
1.463431005228451286e-02
1.497154781907597890e-02
1.531382174247008718e-02
1.566505234374690816e-02
1.602786976477012931e-02
1.640346674486584805e-02
1.679161310082143491e-02
1.719081789245500286e-02
1.759861132577620127e-02
1.801190739094279611e-02
1.842740105583226887e-02
1.884195110612318577e-02
1.925290173817426759e-02
1.965830276170314403e-02
2.005699939718146724e-02
2.044857742078210611e-02
2.083316668968391086e-02
2.121112437356519748e-02
2.158263671595099867e-02
2.194729284637258679e-02
2.230369402461017392e-02
2.264916487024183980e-02
2.297962820140553308e-02
2.328969136935288634e-02
2.357296967854845965e-02
2.382264301906455994e-02
2.403220783091445864e-02
2.419635175295240664e-02
2.431184747602280552e-02
2.437834056931140192e-02
2.439889833447249010e-02
2.438019702940532121e-02
2.433225521489719781e-02
2.426767100428768933e-02
2.420038693311323333e-02
2.414408092940118281e-02
2.411035534993686419e-02
2.410695610674886205e-02
2.413628796749711994e-02
2.419448929704791015e-02
2.427128301158990378e-02
2.435072984243231292e-02
2.441288255957273570e-02
2.443619135687780455e-02
2.440036418740564386e-02
2.428926889498203914e-02
2.409340383634778551e-02
2.381148190390380490e-02
2.345077947738884866e-02
2.302609065427596233e-02
2.255737348229596567e-02
2.206643718964796524e-02
2.157324464851961138e-02
2.109253804429254975e-02
2.063149431084583194e-02
2.018896008205242967e-02
1.975651645555085226e-02
1.932123095632679033e-02
1.886954817702262560e-02
1.839144892329795319e-02
1.788386237017014144e-02
1.735240835628904660e-02
1.681088652886539997e-02
1.627846000279378064e-02
1.577508712473514249e-02
1.531628071595992832e-02
1.490856359334428484e-02
1.454693009211530108e-02
1.421518806801529491e-02
1.388932337741208625e-02
1.354317787654450884e-02
1.315500189667917486e-02
1.271306765086382788e-02
1.221866637785958172e-02
1.168547369753290301e-02
1.113530339751766726e-02
1.059138913607717003e-02
1.007118391170200127e-02
9.580944502245936772e-03
9.113926168828829014e-03
8.652933373196775371e-03
8.176563825345675024e-03
7.667199958493031882e-03
7.118098669253102376e-03
6.537099229574677185e-03
5.945517550336856805e-03
5.372412191912217042e-03
4.846049718296282539e-03
4.385467242889188461e-03
3.995098155967664877e-03
3.664407438758807666e-03
3.372696107195306998e-03
3.097315502022089922e-03
2.822208490500775074e-03
2.543506845651405304e-03
2.269989806954390062e-03
2.018184361342776571e-03
1.804021963387935235e-03
1.634415733115077932e-03
1.502275821234743802e-03
1.387221368584845484e-03
1.262025143176574065e-03
1.102502274523208198e-03
8.970651526581152656e-04
6.521452055134181573e-04
3.911847369265548675e-04
1.473643157902293683e-04
-4.731711519116708512e-05
-1.725391353429068944e-04
-2.258078590524275698e-04
-2.220275972008222082e-04
-1.868448900836789913e-04
-1.465314404282306801e-04
-1.184604328757308937e-04
-1.058812015928027383e-04
-9.887266086551351558e-05
-8.081645449121860618e-05
-3.751528490822806836e-05
3.492146274066500650e-05
1.267159961210884015e-04
2.169732238656511120e-04
2.811138532864130885e-04
3.002044470098000394e-04
2.684766306370765451e-04
1.960854907808662546e-04
1.060492939400397894e-04
2.656006007194798205e-05
-1.842701469905662668e-05
-1.686575736482695941e-05
2.813448556308592978e-05
1.004367563750498853e-04
1.773256797937430124e-04
2.377193181071703034e-04
2.691015633643222037e-04
2.707836158297320162e-04
2.525761469714168776e-04
2.296611708426745974e-04
2.157666696315131021e-04
2.172295170234952685e-04
2.300742571752081649e-04
2.410656176034107112e-04
2.322665374869422846e-04
1.874542521075116903e-04
9.819010631342192641e-05
-3.246082692409276956e-05
-1.897316684266858310e-04
-3.505001382990284879e-04
-4.891231616655307337e-04
-5.840177215436084335e-04
-6.231241540431576437e-04
-6.068129323194507846e-04
-5.475915654925981105e-04
-4.668719647069017611e-04
-3.898087427310409554e-04
-3.396287404608155144e-04
-3.328715742651145652e-04
-3.765991427226624412e-04
-4.680460130513032133e-04
-5.965482237380504609e-04
-7.470681307714448173e-04
-9.043380264074659227e-04
-1.056614544129743857e-03
-1.198239429366621282e-03
-1.330560042591693139e-03
-1.461172294771270492e-03
-1.601812006901181650e-03
-1.765466615573568722e-03
-1.963373695673550044e-03
-2.202519705307998208e-03
-2.484085322891928065e-03
-2.803053559190466296e-03
-3.148957794677516905e-03
-3.507545293990992075e-03
-3.862998400499753019e-03
-4.200303096549368176e-03
-4.507378637192001672e-03
-4.776665613494579174e-03
-5.005989172955388478e-03
-5.198643947331109579e-03
-5.362765446302465711e-03
-5.510143370950688901e-03
-5.654686982667208803e-03
-5.810769945442067867e-03
-5.991666313376655881e-03
-6.208248750492871386e-03
-6.468064601367372497e-03
-6.774844983322797672e-03
-7.128445137435794263e-03
-7.525167117673925432e-03
-7.958382238300320405e-03
-8.419351839865859416e-03
-8.898140157088632596e-03
-9.384520205028872714e-03
-9.868789612897473432e-03
-1.034243488735823481e-02
-1.079860647051420451e-02
-1.123239040477898645e-02
-1.164088328131086120e-02
-1.202309397012260410e-02
-1.237970761012631947e-02
-1.271275425714432812e-02
-1.302522669219913221e-02
-1.332068976478866656e-02
-1.360291808962727812e-02
-1.387559085077236763e-02
-1.414206284952067988e-02
-1.440522069169128914e-02
-1.466742300749515268e-02
-1.493051459775146528e-02
-1.519589705170731712e-02
-1.546463319991304639e-02
-1.573756011950167011e-02
-1.601538550518736073e-02
-1.629874508417741841e-02
-1.658820421771418571e-02
-1.688419451782400063e-02
-1.718688562286218441e-02
-1.749600242256717925e-02
-1.781060802878717611e-02
-1.812888155281588629e-02
-1.844792612829423625e-02
-1.876364552106163375e-02
-1.907072618906043363e-02
-1.936275521460857976e-02
-1.963249300829826918e-02
-1.987230354054730225e-02
-2.007472521557723474e-02
-2.023314415910731218e-02
-2.034251104219838083e-02
-2.040002543383044945e-02
-2.040570103626956899e-02
-2.036272375537540036e-02
-2.027752446939003889e-02
-2.015951053359630110e-02
-2.002043390649474799e-02
-1.987341690006409409e-02
-1.973170465002224358e-02
-1.960726050797560044e-02
-1.950935958270074919e-02
-1.944335924822145067e-02
-1.940982711063340624e-02
-1.940418234834256558e-02
-1.941695454106958513e-02
-1.943468840370521714e-02
-1.944143124033319292e-02
-1.942064472782653248e-02
-1.935729915042610355e-02
-1.923985263599470655e-02
-1.906180453603232433e-02
-1.882255002108073130e-02
-1.852735350873102940e-02
-1.818639320195855960e-02
-1.781298921656893075e-02
-1.742128661988691721e-02
-1.702379087656280543e-02
-1.662921669924756485e-02
-1.624109011448931703e-02
-1.585742996296873875e-02
-1.547164004946469801e-02
-1.507449744348398311e-02
-1.465687301129036356e-02
-1.421262246806362199e-02
-1.374099216249369086e-02
-1.324792923336333590e-02
-1.274587867412312579e-02
-1.225196365157178897e-02
-1.178481994730129143e-02
-1.136070653439978650e-02
-1.098975187374937393e-02
-1.067324577355726126e-02
-1.040271434030838084e-02
-1.016113913233937169e-02
-9.926176255093042272e-03
-9.674716190159514742e-03
-9.387737311725364436e-03
-9.054263252108863194e-03
-8.673399680045684734e-03
-8.253882732460790517e-03
-7.811217153738520685e-03
-7.363149456886266923e-03
-6.924719076442784581e-03
-6.504298999457622937e-03
-6.101800852103612602e-03
-5.709618089021145128e-03
-5.316070774217289234e-03
-4.910331013844949043e-03
-4.487295836197916984e-03
-4.050814701060195810e-03
-3.614121936177913923e-03
-3.197161874701570303e-03
-2.821481349851036411e-03
-2.504188602583631070e-03
-2.252859309860165589e-03
-2.063057164866305155e-03
-1.919364983850118138e-03
-1.799719245853355224e-03
-1.681758176344670197e-03
-1.549195559233307404e-03
-1.396171961528024606e-03
-1.228158847285587638e-03
-1.059113138561371559e-03
-9.058345246860138216e-04
-7.814394463614990696e-04
-6.901948266538320692e-04
-6.255207964803177496e-04
-5.719064116559060412e-04
-5.101410645256965063e-04
-4.241069512103844879e-04
-3.068092624889551148e-04
-1.635461056970850726e-04
-1.106989171664352027e-05
1.270573683850650200e-04
2.274258443786484208e-04
2.737888159964306511e-04
2.618493565671684031e-04
2.003127970598166021e-04
1.079562056364378987e-04
7.785724070320254811e-06
-7.972078529403432451e-05
-1.420604816772529663e-04
-1.771446414036137711e-04
-1.921134519017661654e-04
-1.991558712336794249e-04
-2.099463493107880301e-04
-2.307062593975646632e-04
-2.595973787821594212e-04
-2.872882497806404710e-04
-3.004173857330404867e-04
-2.866949685280821059e-04
-2.398582542314850864e-04
-1.627794806673418609e-04
-6.766417189421328117e-05
2.676027174191188869e-05
1.002047718900022245e-04
1.364112066407962632e-04
1.277008587979399485e-04
7.715979497411606133e-05
-2.120404165596719282e-06
-9.045560790165813004e-05
-1.666040682026686572e-04
-2.129898434795838029e-04
-2.197096767880594125e-04
-1.863360396133789286e-04
-1.211878159967023813e-04
-3.843745905935878860e-05
4.603430033050496547e-05
1.188698931720205053e-04
1.724587561158229287e-04
2.064091909310615243e-04
2.270318272426166001e-04
2.451188513677313662e-04
2.727039113730888209e-04
3.196818555614479589e-04
3.911301310975849404e-04
4.859392246404331647e-04
5.970053800005122382e-04
7.128607286719639696e-04
8.203027784372550523e-04
9.073992894828527590e-04
9.662115317989938617e-04
9.946874502704298408e-04
9.973863154806150016e-04
9.849523566393641842e-04
9.724996415286577120e-04
9.772577158582201797e-04
1.015929142805737555e-03
1.102218755239322331e-03
1.244921428843346429e-03
1.446824999358598462e-03
1.704528379076776338e-03
2.009122321517222039e-03
2.347556201791368112e-03
2.704434195930118402e-03
3.063953984462110692e-03
3.411717234031137226e-03
3.736193618419890450e-03
4.029695275074986899e-03
4.288801765645161058e-03
4.514253796970418668e-03
4.710397337225188594e-03
4.884302475403405099e-03
5.044701539698412222e-03
5.200890120611995765e-03
5.361716702142615629e-03
5.534756943262160271e-03
5.725733010587161567e-03
5.938202043402020756e-03
6.173505132506269984e-03
6.430942107047334794e-03
6.708119570551239301e-03
7.001410379032415275e-03
7.306461469651106405e-03
7.618692274846653942e-03
7.933736135746985094e-03
8.247790271016549116e-03
8.557854164848131828e-03
8.861850158411161901e-03
9.158632348952026880e-03
9.447899779911160881e-03
9.730036869346444725e-03
1.000590792422840353e-02
1.027663354548269403e-02
1.054337506870431720e-02
1.080714937575153779e-02
1.106869100530684900e-02
1.132837207534322273e-02
1.158618369572089225e-02
1.184177585297534717e-02
1.209454669761901059e-02
1.234376719332382077e-02
1.258872355071406074e-02
1.282885802412135103e-02
1.306388864896030656e-02
1.329389037399094330e-02
1.351932370428094062e-02
1.374100219189947243e-02
1.395999653418667115e-02
1.417748017894107128e-02
1.439452859844442788e-02
1.461189110561408010e-02
1.482975953366261548e-02
1.504756159087812691e-02
1.526380762419622499e-02
1.547601742719528425e-02
1.568074839172838367e-02
1.587373781163646871e-02
1.605016093983203593e-02
1.620499329238104386e-02
1.633345186458037834e-02
1.643147685663944382e-02
1.649620487251303100e-02
1.652637805278913546e-02
1.652263274857680361e-02
1.648761724175135113e-02
1.642590112426674243e-02
1.634365887362570699e-02
1.624813553136615282e-02
1.614693083196512904e-02
1.604716637995331693e-02
1.595462466126687517e-02
1.587296475039590496e-02
1.580312387090266821e-02
1.574300383511080190e-02
1.568751582149945437e-02
1.562901708120073563e-02
1.555812254552267279e-02
1.546481882348808845e-02
1.533975548048418028e-02
1.517554747548327185e-02
1.496790157798563899e-02
1.471638503250529383e-02
1.442468990498276676e-02
1.410031010105943644e-02
1.375363347398367991e-02
1.339654723895240297e-02
1.304074578906976208e-02
1.269599905654348812e-02
1.236867118756197238e-02
1.206076248223294893e-02
1.176967882940230248e-02
1.148881834650220847e-02
1.120892070407909780e-02
1.091997512776115078e-02
1.061335744898326584e-02
1.028379321913114840e-02
9.930744288836338557e-03
9.558899184787012990e-03
9.177605310895778010e-03
8.799288312675693224e-03
8.437121455000697393e-03
8.102388818845699878e-03
7.802086215473379334e-03
7.537291821836616772e-03
7.302705905463247396e-03
7.087524333712204132e-03
6.877519036663011509e-03
6.657914129937807929e-03
6.416438066692529106e-03
6.145857434143297063e-03
5.845386714802938352e-03
5.520611953571244457e-03
5.181915792052738980e-03
4.841765738964236634e-03
4.511531935558920313e-03
4.198650221718247012e-03
3.904890175998418367e-03
3.626226279705072660e-03
3.354399570671357488e-03
3.079798614645664137e-03
2.794904899421296086e-03
2.497349843227386623e-03
2.191685594549300491e-03
1.889280313768264101e-03
1.606239597103367592e-03
1.359801556346587397e-03
1.164102619727501063e-03
1.026431828998094738e-03
9.450090932240988147e-04
9.089467704809937789e-04
9.004786322056552517e-04
8.989221488299379810e-04
8.853542823877214767e-04
8.467705974626712952e-04
7.786298379192526211e-04
6.851302467085029595e-04
5.771968659096824794e-04
4.688000084192219820e-04
3.726879617202146053e-04
2.967659257820846690e-04
2.421439668153871913e-04
2.033710136784360844e-04
1.707194293444883233e-04
1.337788211474571110e-04
8.523742696182091689e-05
2.368542326148145760e-05
-4.542334822546245800e-05
-1.109596913036056204e-04
-1.591251007284006421e-04
-1.774068657748270356e-04
-1.583375285766113123e-04
-1.019745180289776478e-04
-1.638864546316168541e-05
8.397942670895608256e-05
1.816365856250519450e-04
2.601146615324173702e-04
3.077064467180753841e-04
3.198833625136290057e-04
2.998074703671271628e-04
2.568861523459452733e-04
2.038448015752996072e-04
1.531668704462881719e-04
1.138772110413696631e-04
8.950258401562292856e-05
7.768568914846282281e-05
7.146418882960497987e-05
6.178386513522631711e-05
4.051049487721978669e-05
3.109203649753459759e-06
-4.971559100925682757e-05
-1.118282615105349479e-04
-1.729416408401788792e-04
-2.210222739833977090e-04
-2.452113389663326034e-04
-2.385498361069135042e-04
-1.998700737973499268e-04
-1.344333935807716710e-04
-5.319472807957380961e-05
2.911724359174000602e-05
9.666961625240852430e-05
1.353748314764611506e-04
1.353461688475405243e-04
9.249984170538367873e-05
9.043176611404337158e-06
-1.071779154748126231e-04
-2.442808924394606956e-04
-3.885456459394214315e-04
-5.267793318669533034e-04
-6.484243189045585604e-04
-7.470711355327091640e-04
-8.211739773798014614e-04
-8.739223393736651963e-04
-9.123684082810584739e-04
-9.460218301024680065e-04
-9.851867217460206789e-04
-1.039326312016568103e-03
-1.115703944020306594e-03
-1.218477950038563589e-03
-1.348338424826689159e-03
-1.502682829679355360e-03
-1.676248879013233920e-03
-1.862067228422088555e-03
-2.052567949454020980e-03
-2.240673583045412181e-03
-2.420733654082994797e-03
-2.589194197423594357e-03
-2.744943211989508535e-03
-2.889321322984701734e-03
-3.025829815516628465e-03
-3.159601004825818293e-03
-3.296716157231422209e-03
-3.443463434990713494e-03
-3.605623858651205767e-03
-3.787859505181723901e-03
-3.993258183546402433e-03
-4.223065891417414515e-03
-4.476615431904766053e-03
-4.751439078506512585e-03
-5.043536829485256029e-03
-5.347760547427742039e-03
-5.658268395788224395e-03
-5.969003142122680447e-03
-6.274151351765682068e-03
-6.568547236718146054e-03
-6.847993831553692359e-03
-7.109484135980335615e-03
-7.351314898645538477e-03
-7.573094999514843988e-03
-7.775658305786001950e-03
-7.960897028627756181e-03
-8.131535794515724544e-03
-8.290868838582135872e-03
-8.442483041821458381e-03
-8.589988188353131493e-03
-8.736773104447396673e-03
-8.885802591177507925e-03
-9.039465628481090087e-03
-9.199480559291456361e-03
-9.366858190563922756e-03
-9.541919277699321272e-03
-9.724358957656316013e-03
-9.913347587931033156e-03
-1.010765530772311099e-02
-1.030578658227323564e-02
-1.050611107807816400e-02
-1.070697843493604619e-02
-1.090680676861498916e-02
-1.110413789992820664e-02
-1.129765613457435654e-02
-1.148617161957504219e-02
-1.166857352858246231e-02
-1.184376219593066305e-02
-1.201057243376432195e-02
-1.216770225480873387e-02
-1.231366176984016389e-02
-1.244675591459955093e-02
-1.256511180084539728e-02
-1.266675696189894541e-02
-1.274974884390943190e-02
-1.281234904384624326e-02
-1.285322865801146082e-02
-1.287168446785628625e-02
-1.286784042139725928e-02
-1.284280583269234097e-02
-1.279876167522910058e-02
-1.273894982353662025e-02
-1.266754730530315724e-02
-1.258941834372377840e-02
-1.250975049354688048e-02
-1.243359630988734484e-02
-1.236535710629054798e-02
-1.230825851938129219e-02
-1.226387675301053061e-02
-1.223177762324307444e-02
-1.220932640446661423e-02
-1.219171425696190074e-02
-1.217222695138340388e-02
-1.214275509177015558e-02
-1.209451463542682119e-02
-1.201891578723442155e-02
-1.190849155341685249e-02
-1.175777878039907000e-02
-1.156403829623808312e-02
-1.132770954678616326e-02
-1.105251977378554282e-02
-1.074520690646819758e-02
-1.041486503011123874e-02
-1.007197536553177189e-02
-9.727236301859374518e-03
-9.390344719965294101e-03
-9.068899906668386260e-03
-8.767595260996494805e-03
-8.487829718027218098e-03
-8.227812777403075220e-03
-7.983161319830629765e-03
-7.747904223337430916e-03
-7.515735988273739704e-03
-7.281307409241155604e-03
-7.041321827229436552e-03
-6.795226819918956211e-03
-6.545353553306176332e-03
-6.296451684026158416e-03
-6.054681456983488502e-03
-5.826235898161614447e-03
-5.615852317807180048e-03
-5.425513844939105525e-03
-5.253625601486895495e-03
-5.094874226599922090e-03
-4.940853995277614923e-03
-4.781389583844525282e-03
-4.606334652935825322e-03
-4.407509373964386794e-03
-4.180386882333135719e-03
-3.925165241357873348e-03
-3.646968502025056073e-03
-3.355090548329022187e-03
-3.061395598632791950e-03
-2.778176881653360384e-03
-2.515906967594939113e-03
-2.281355861103405262e-03
-2.076490828709416907e-03
-1.898412963060742411e-03
-1.740360866755444368e-03
-1.593570265699813379e-03
-1.449575543023516383e-03
-1.302424821660972277e-03
-1.150285540755141642e-03
-9.960464727580295528e-04
-8.467490735318730210e-04
-7.119552171404593772e-04
-6.014153192013003751e-04
-5.225778298366258283e-04
-4.785326503531484423e-04
-4.668911186174618129e-04
-4.798921570446228494e-04
-5.057372534180010204e-04
-5.308648618502600277e-04
-5.426489367526941441e-04
-5.319027599884427332e-04
-4.946144395943227398e-04
-4.325241456027076195e-04
-3.524304689009135250e-04
-2.644159589836552848e-04
-1.794353548110074034e-04
-1.068522690650467453e-04
-5.250729833228901850e-05
-1.775541875834404947e-05
3.387186194846035085e-07
7.748771135432402950e-06
1.153692633068548347e-05
1.772797693264887054e-05
2.955835213032440809e-05
4.654348387417821801e-05
6.459199159891577675e-05
7.712875879353947356e-05
7.693771545933724082e-05
5.825988853571748157e-05
1.862337272646978631e-05
-4.004990723399043596e-05
-1.113405598714821301e-04
-1.852737577163611580e-04
-2.501075898081813083e-04
-2.945781629469987058e-04
-3.101148950929803728e-04
-2.925538419418735082e-04
-2.429945786401973738e-04
-1.676362794822793662e-04
-7.664607905694208851e-05
1.769075859838491977e-05
1.031544804980118033e-04
1.696752099610514383e-04
2.109269031566944575e-04
2.251575120684172363e-04
2.151461265623429793e-04
1.873519799679500112e-04
1.504689540322459002e-04
1.136955488506532277e-04
8.506002317155396538e-05
7.010377576070344024e-05
7.113604514243956867e-05
8.715152082362521415e-05
1.143749916186982457e-04
1.472875829314761349e-04
1.799154176317538877e-04
2.071331209442876494e-04
2.257517472588135030e-04
2.352156486163020698e-04
2.378121170814278651e-04
2.383853673438969751e-04
2.436271863213980112e-04
2.610780550738565366e-04
2.980071450539564033e-04
3.603449903982365848e-04
4.518214179484153340e-04
5.734198170628739899e-04
7.232056025387215929e-04
8.965308803203614037e-04
1.086567085714140301e-03
1.285078975900376180e-03
1.483330507162180243e-03
1.673006821995225895e-03
1.847045443348431385e-03
2.000290657996266468e-03
2.129913735590501043e-03
2.235573513624172087e-03
2.319322739342195502e-03
2.385291956324120041e-03
2.439202301618926139e-03
2.487770163408783292e-03
2.538070169383008830e-03
2.596919273878022742e-03
2.670335275267852158e-03
2.763109770422722718e-03
2.878520274539835607e-03
3.018190799602050826e-03
3.182096090506915040e-03
3.368693065662310953e-03
3.575154469768107319e-03
3.797674580243077993e-03
4.031814919769386406e-03
4.272858944647894668e-03
4.516148044800175933e-03
4.757376250289703686e-03
4.992827113739585487e-03
5.219542691157905839e-03
5.435420823855835817e-03
5.639242592098274096e-03
5.830636551302750999e-03
6.009989980927835790e-03
6.178319793277305648e-03
6.337116977896230414e-03
6.488178585614011104e-03
6.633440427730619149e-03
6.774822058819122104e-03
6.914093423075907269e-03
7.052769975699236214e-03
7.192040337916478891e-03
7.332727788817272607e-03
7.475284301691876784e-03
7.619813537158084092e-03
7.766117325048745197e-03
7.913758790724602019e-03
8.062134470342643619e-03
8.210547546232549107e-03
8.358274720281827844e-03
8.504620201745765121e-03
8.648951755658529014e-03
8.790715646905124248e-03
8.929429499940140513e-03
9.064654424877157876e-03
9.195950064388140263e-03
9.322818305734108246e-03
9.444643087515726398e-03
9.560634830929863257e-03
9.669788384802566888e-03
9.770862879224146563e-03
9.862390479153595665e-03
9.942718735909829297e-03
1.001008815414868372e-02
1.006274291840367728e-02
1.009906873735113945e-02
1.011774782313369994e-02
1.011791753830969774e-02
1.009931664756814201e-02
1.006240181847698964e-02
1.000841737177317163e-02
9.939403515418243976e-03
9.858132471654007870e-03
9.767967882460483822e-03
9.672650290766802647e-03
9.576019750133901026e-03
9.481694922894561700e-03
9.392735450546346038e-03
9.311319928358791076e-03
9.238474548547641330e-03
9.173886631970483777e-03
9.115832392078559651e-03
9.061239332725999976e-03
9.005891139386221558e-03
8.944767777978937517e-03
8.872497256140612215e-03
8.783879999987091042e-03
8.674434121820336768e-03
8.540902015008958875e-03
8.381657384504295413e-03
8.196958046959430116e-03
7.989003770277074493e-03
7.761779174949497498e-03
7.520687304925269788e-03
7.272006939588996147e-03
7.022232425116296112e-03
6.777374880587159686e-03
6.542314529516404277e-03
6.320292986882621554e-03
6.112620427561636302e-03
5.918646369947281639e-03
5.736007040289051173e-03
5.561121507024698735e-03
5.389868916930582593e-03
5.218346707148278744e-03
5.043590624724531360e-03
4.864136221729637929e-03
4.680320151605610844e-03
4.494256835570596513e-03
4.309477307158636993e-03
4.130274743302492224e-03
3.960855873207822127e-03
3.804439190376570148e-03
3.662461059216385803e-03
3.534043835312750560e-03
3.415844856101725013e-03
3.302345562212565932e-03
3.186564928196721110e-03
3.061103371340757971e-03
2.919356595420973064e-03
2.756696728970051309e-03
2.571410376653006629e-03
2.365213767144594935e-03
2.143230936669132756e-03
1.913411685437637916e-03
1.685466155883702478e-03
1.469483707722088776e-03
1.274467350604085092e-03
1.107037684150129079e-03
9.705357670843008273e-04
8.646853394673325189e-04
7.858731316627132592e-04
7.279904923522292730e-04
6.836727157210302627e-04
6.456958104809349189e-04
6.082601884598953746e-04
5.679140249734694569e-04
5.239422033663603245e-04
4.781557305543066841e-04
4.341394555812798394e-04
3.961276244856045282e-04
3.677539351489656568e-04
3.509488706142656995e-04
3.452262551141382202e-04
3.475192053113794065e-04
3.526097731906399700e-04
3.540707722974874663e-04
3.455289579949877028e-04
3.219889155837751859e-04
2.809414041088593777e-04
2.230217675546903027e-04
1.520745099275180520e-04
7.460022841160405399e-05
-1.314243527950433519e-06
-6.737814854659603515e-05
-1.165259190801426530e-04
-1.441202005391015964e-04
-1.487032825092602371e-04
-1.321627806046833361e-04
-9.929332927440479310e-05
-5.685270727052813163e-05
-1.230498258022051216e-05
2.750299331057435231e-05
5.748126902964949714e-05
7.504658588888163970e-05
8.035855132880120812e-05
7.602115620882137317e-05
6.633092170958725846e-05
5.623531704244164964e-05
5.021276704082352317e-05
5.129131150399671087e-05
6.038791224015402478e-05
7.608327608461947725e-05
9.486206364350969328e-05
1.117620683643457920e-04
1.213040942916652175e-04
1.185288502487022829e-04
9.995462988875556027e-05
6.428997498541535408e-05
1.278324358150887143e-05
-5.084394388672642276e-05
-1.208621646574425430e-04
-1.903179222974146160e-04
-2.520082613877857279e-04
-2.994950719488500266e-04
-3.280089824768096731e-04
-3.351165638473792090e-04
-3.210655722044978579e-04
-2.887734860351262437e-04
-2.434763028593335977e-04
-1.920998066336483494e-04
-1.424484248861499337e-04
-1.023239337741736955e-04
-7.868685627432309225e-05
-7.695907653926816166e-05
-1.005404809969981682e-04
-1.505799825435014713e-04
-2.260070657270589337e-04
-3.237985862396485469e-04
-4.394305836314595527e-04
-5.674486333746309738e-04
-7.020836677392002434e-04
-8.378428075270386109e-04
-9.700150744517771701e-04
-1.095047686432473830e-03
-1.210767432297505915e-03
-1.316440863419742272e-03
-1.412684535845603120e-03
-1.501250623244926785e-03
-1.584722866658659765e-03
-1.666162643777501038e-03
-1.748745119352500439e-03
-1.835421629579739962e-03
-1.928637617406483767e-03
-2.030126687876580936e-03
-2.140791819792476919e-03
-2.260675473576351496e-03
-2.389012107608056833e-03
-2.524350051729412278e-03
-2.664725130442757457e-03
-2.807865984286224675e-03
-2.951410605660366275e-03
-3.093114926419510222e-03
-3.231037003967377613e-03
-3.363684030554026354e-03
-3.490113607925623886e-03
-3.609985085459874871e-03
-3.723560908708279521e-03
-3.831661593185296550e-03
-3.935580931133352868e-03
-4.036970241716510491e-03
-4.137701844946283652e-03
-4.239722495675109920e-03
-4.344907324059830468e-03
-4.454923996172065366e-03
-4.571115458314674133e-03
-4.694407897182946258e-03
-4.825248572463938096e-03
-4.963576089745231137e-03
-5.108823599105078231e-03
-5.259953432992640378e-03
-5.415519923885568458e-03
-5.573755638540548243e-03
-5.732675085357033518e-03
-5.890189132156781714e-03
-6.044222935922412623e-03
-6.192830141644295114e-03
-6.334296448226570120e-03
-6.467226345760399009e-03
-6.590607867102059488e-03
-6.703851521282578989e-03
-6.806801127265033058e-03
-6.899715972052439250e-03
-6.983225493915886511e-03
-7.058259447093805442e-03
-7.125958139865661532e-03
-7.187568752202961458e-03
-7.244334833748780796e-03
-7.297386767977962797e-03
-7.347641189912661359e-03
-7.395717011252968612e-03
-7.441874816379868453e-03
-7.485984959335690962e-03
-7.527527769755880567e-03
-7.565626961433283455e-03
-7.599114768948478371e-03
-7.626624690899767335e-03
-7.646705196516486412e-03
-7.657945575419398965e-03
-7.659103496955652415e-03
-7.649222994791508509e-03
-7.627731662025593641e-03
-7.594506927455481338e-03
-7.549903399272699274e-03
-7.494736327701369619e-03
-7.430220070004424533e-03
-7.357864756763887217e-03
-7.279338787217545272e-03
-7.196308891040553192e-03
-7.110272824869800883e-03
-7.022401882883337783e-03
-6.933410919870463748e-03
-6.843472261747145409e-03
-6.752186630105427335e-03
-6.658619156050006420e-03
-6.561402048158084324e-03
-6.458898069979153791e-03
-6.349411417093722525e-03
-6.231425726957067097e-03
-6.103843705704153390e-03
-5.966200042523778398e-03
-5.818819545872783855e-03
-5.662896123111273508e-03
-5.500475298740288913e-03
-5.334332953316460284e-03
-5.167754954973656674e-03
-5.004235058036161053e-03
-4.847120306942253633e-03
-4.699242569116168430e-03
-4.562580212164816205e-03
-4.437994174222355086e-03
-4.325077147817065967e-03
-4.222143424785719003e-03
-4.126371049207600873e-03
-4.034088984586997780e-03
-3.941182332266706875e-03
-3.843570915856887437e-03
-3.737703460442544541e-03
-3.621003449626194158e-03
-3.492205066292332696e-03
-3.351528846423759526e-03
-3.200665946455245447e-03
-3.042565096172349277e-03
-2.881044133868589964e-03
-2.720274544015399525e-03
-2.564208529066779214e-03
-2.416030214671366621e-03
-2.277713085078182566e-03
-2.149753760512702200e-03
-2.031128755757883892e-03
-1.919488806272551338e-03
-1.811569219786479884e-03
-1.703759998206235554e-03
-1.592751821152371032e-03
-1.476158257445993978e-03
-1.353013995753893752e-03
-1.224064376718800003e-03
-1.091791368293764568e-03
-9.601611629550374418e-04
-8.341226700514541752e-04
-7.189272167215805245e-04
-6.193708213068625269e-04
-5.390759113961703097e-04
-4.799261826633073168e-04
-4.417463573768266134e-04
-4.222810317223868611e-04
-4.174795102378472044e-04
-4.220442698011540200e-04
-4.301577721017763620e-04
-4.362731455741010477e-04
-4.358439465285758358e-04
-4.258787509855296535e-04
-4.052360848188190224e-04
-3.746191588657607962e-04
-3.362804998196737127e-04
-2.934951086126627085e-04
-2.498988269435270266e-04
-2.088095822778777825e-04
-1.726495618845148069e-04
-1.425662359410502294e-04
-1.183132261496216433e-04
-9.840495157018205451e-05
-8.051015273728821689e-05
-6.200738642373138316e-05
-4.059766664493054682e-05
-1.486028440131267237e-05
1.535122069107995257e-05
4.874716513749710736e-05
8.270676617946494239e-05
1.136364146303336150e-04
1.375237603344159158e-04
1.505967461763395678e-04
1.499789682526559971e-04
1.342332909898770650e-04
1.037039669906410905e-04
6.060011830011685001e-05
8.804608478638312167e-06
-4.656483013130678373e-05
-9.977774160966947092e-05
-1.452052570892418525e-04
-1.780235316262852028e-04
-1.948072629512740295e-04
-1.939328412083250698e-04
-1.757403584290819550e-04
-1.424394684952560812e-04
-9.778031620453324910e-05
-4.654212579115886395e-05
6.085684292548064418e-06
5.514441373944487109e-05
9.648539781001968911e-05
1.272172045762219551e-04
1.459719096800099784e-04
1.529683537637917961e-04
1.498779567208042250e-04
1.395234954977666089e-04
1.254601856664619495e-04
1.114994640109043093e-04
1.012383160676132800e-04
9.765130518137701322e-05
1.027901283261846768e-04
1.176187416184798951e-04
1.419933931316699120e-04
1.747787689853111642e-04
2.140760504943631682e-04
2.575275688342441556e-04
3.026568012414878684e-04
3.472018306704782557e-04
3.894045935332800744e-04
4.282262685211786295e-04
4.634696951132258672e-04
4.958013119807353321e-04
5.266763910206134682e-04
5.581811378620497258e-04
5.928126696336979539e-04
6.332224620848300517e-04
6.819504413571435015e-04
7.411756680925429353e-04
8.125059698227764899e-04
8.968235438879210717e-04
9.941971860276872276e-04
1.103865110852665903e-03
1.224285964312576925e-03
1.353250111236179625e-03
1.488038989503082240e-03
1.625617471750605367e-03
1.762842825779697802e-03
1.896673940131661951e-03
2.024365798261482715e-03
2.143636485488402063e-03
2.252796998973723673e-03
2.350837494397811037e-03
2.437467052697501330e-03
2.513107332024389854e-03
2.578843380157019513e-03
2.636337274144941872e-03
2.687712038207476332e-03
2.735414433411991007e-03
2.782065726182303324e-03
2.830309477952081595e-03
2.882664833708193253e-03
2.941392818769768269e-03
3.008381885198989705e-03
3.085057486282062784e-03
3.172318898036542625e-03
3.270504938594712401e-03
3.379388734052978654e-03
3.498200302647979515e-03
3.625674522719586970e-03
3.760121044675999828e-03
3.899511921507089422e-03
4.041582174137968962e-03
4.183938176365336291e-03
4.324168631961809034e-03
4.459953011537805441e-03
4.589162603050990150e-03
4.709949788899791580e-03
4.820821773722359059e-03
4.920695727897415189e-03
5.008933157925350016e-03
5.085352239859333365e-03
5.150217826918413420e-03
5.204209835985096691e-03
5.248371695881795702e-03
5.284041466814264933e-03
5.312769077204690729e-03
5.336223832720933188e-03
5.356096894867480758e-03
5.374003767993113141e-03
5.391391944010063414e-03
5.409458711052387778e-03
5.429083723382330945e-03
5.450780255133214590e-03
5.474668134981252980e-03
5.500470213445914948e-03
5.527532897154252729e-03
5.554869858975968085e-03
5.581226578217396601e-03
5.605161970755044056e-03
5.625142131676705640e-03
5.639640229477220663e-03
5.647235951734102567e-03
5.646707683267110367e-03
5.637110852718320297e-03
5.617836635619660388e-03
5.588646438951519295e-03
5.549679260893935866e-03
5.501431025743143063e-03
5.444707204069122730e-03
5.380552275917917238e-03
5.310161691043036904e-03
5.234783727539776485e-03
5.155619860038484180e-03
5.073732760301841518e-03
4.989970753011205296e-03
4.904916389236091759e-03
4.818864809245951460e-03
4.731834861261439637e-03
4.643612725336978067e-03
4.553824340479677157e-03
4.462029583893434639e-03
4.367828268639033576e-03
4.270965967287182474e-03
4.171426744291111162e-03
4.069500309867315167e-03
3.965812989112135062e-03
3.861315174563307966e-03
3.757222374958407371e-03
3.654912201854137749e-03
3.555785126477329586e-03
3.461101976400259538e-03
3.371815280439165608e-03
3.288414110165384548e-03
3.210802531606622018e-03
3.138229893101991859e-03
3.069286914162507908e-03
3.001975175086506534e-03
2.933849698432222739e-03
2.862225674408208024e-03
2.784432003707647783e-03
2.698087273493076331e-03
2.601369045104157899e-03
2.493245717848694386e-03
2.373642220916822188e-03
2.243516434272321315e-03
2.104832139888707446e-03
1.960425588097481318e-03
1.813775176145008411e-03
1.668695772477797211e-03
1.528989307775920981e-03
1.398089959720235720e-03
1.278744498850438015e-03
1.172765578607760538e-03
1.080888026776898958e-03
1.002746287496822679e-03
9.369764489915933170e-04
8.814306119067048806e-04
8.334767787573583910e-04
7.903460003848522368e-04
7.494818843401611884e-04
7.088468367563450492e-04
6.671448709130765138e-04
6.239319023300540865e-04
5.795997681355651151e-04
5.352377087425419077e-04
4.923923026102429868e-04
4.527613823098237565e-04
4.178671393173465478e-04
3.887569551841154811e-04
3.657768795609435040e-04
3.484525176209095853e-04
3.354967660651424883e-04
3.249455078000539998e-04
3.144036768495077480e-04
3.013677636328383628e-04
2.835792563755613546e-04
2.593584361510863903e-04
2.278701440463505568e-04
1.892823332482080083e-04
1.447930899877445450e-04
9.652020352083270503e-05
4.726662161972999213e-05
1.924647716553633538e-07
-4.156279113229868923e-05
-7.525763406103127401e-05
-9.887539683835719643e-05
-1.113581081911451840e-04
-1.127178782113398976e-04
-1.040133817382541884e-04
-8.719737395527904077e-05
-6.485830902044952342e-05
-3.989267595781244605e-05
-1.515283722984804965e-05
6.883009038300219778e-06
2.437666215065340802e-05
3.629952875096082739e-05
4.248798886112944333e-05
4.358236544041728367e-05
4.086285264592453030e-05
3.600882882592847405e-05
3.081697133348431901e-05
2.691749533584893359e-05
2.552638986689869218e-05
2.726518429765096977e-05
3.206963329620218258e-05
3.919628215601257963e-05
4.732289699636361876e-05
5.472690918679170088e-05
5.951676807839977539e-05
5.988543461647620394e-05
5.435367198092032988e-05
4.197324437834543332e-05
2.246607266013391280e-05
-3.716119696472778813e-06
-3.541727841063980797e-05
-7.088323304916043313e-05
-1.079353372607597274e-04
-1.441912668719598630e-04
-1.773083928648036946e-04
-2.052237559412321746e-04
-2.263661405171834542e-04
-2.398197038616840273e-04
-2.454244480203554611e-04
-2.438057699609057574e-04
-2.363325834995786648e-04
-2.250103142549188695e-04
-2.123207861813603285e-04
-2.010251799444785282e-04
-1.939485871920586149e-04
-1.937651546998385367e-04
-2.028015399527557776e-04
-2.228736685951474591e-04
-2.551679835280635080e-04
-3.001739495660641667e-04
-3.576699765808180240e-04
-4.267605612134566613e-04
-5.059586654697739412e-04
-5.933044009002384723e-04
-6.865091185852592029e-04
-7.831130657534625655e-04
-8.806448161630757963e-04
-9.767715954305685420e-04
-1.069431232172287933e-03
-1.156938567136475303e-03
-1.238061530655470890e-03
-1.312064547217744580e-03
-1.378719261385433085e-03
-1.438284652402082187e-03
-1.491460306468741451e-03
-1.539317878944933011e-03
-1.583216577209591892e-03
-1.624708838301507519e-03
-1.665442302891979778e-03
-1.707063759859153663e-03
-1.751130029000549839e-03
-1.799029845183179903e-03
-1.851919787275915297e-03
-1.910676235840680359e-03
-1.975864311432720243e-03
-2.047723794781906078e-03
-2.126171201693532586e-03
-2.210816505935616749e-03
-2.300992486267239984e-03
-2.395794321061604521e-03
-2.494126857977950560e-03
-2.594756931743959910e-03
-2.696368170112595219e-03
-2.797615893324714807e-03
-2.897179951870360037e-03
-2.993813637701046599e-03
-3.086387124040042024e-03
-3.173924220269220241e-03
-3.255631556282392262e-03
-3.330919624191050737e-03
-3.399415397022898314e-03
-3.460966510015560816e-03
-3.515637229023829257e-03
-3.563696643304698451e-03
-3.605599708748605508e-03
-3.641961935297400275e-03
-3.673528661517528812e-03
-3.701139992031628276e-03
-3.725692590411335339e-03
-3.748099620187247440e-03
-3.769250207035825147e-03
-3.789969851413155927e-03
-3.810983246841836460e-03
-3.832880947533807373e-03
-3.856091272453367018e-03
-3.880858724085787040e-03
-3.907230033134481521e-03
-3.935048711377427469e-03
-3.963958703427893256e-03
-3.993417377679698253e-03
-4.022717695457382961e-03
-4.051018958583711520e-03
-4.077385077618628749e-03
-4.100828849127303999e-03
-4.120360307611283662e-03
-4.135036855899028654e-03
-4.144012607414833578e-03
-4.146584224107422757e-03
-4.142230530371505612e-03
-4.130643345043906456e-03
-4.111747310567698092e-03
-4.085707009572197256e-03
-4.052920330312966002e-03
-4.013997845635041209e-03
-3.969728863555974617e-03
-3.921035736929006331e-03
-3.868918920516130604e-03
-3.814396065784903412e-03
-3.758439075035039083e-03
-3.701913430286355843e-03
-3.645524212842496045e-03
-3.589772998344424679e-03
-3.534929234456531903e-03
-3.481018796906583043e-03
-3.427831217609665637e-03
-3.374945659669061418e-03
-3.321774179468656944e-03
-3.267619288991117747e-03
-3.211741448074002109e-03
-3.153431014394993386e-03
-3.092078485059376620e-03
-3.027236679214232590e-03
-2.958668899535414273e-03
-2.886378086186312201e-03
-2.810613498256208861e-03
-2.731853424610633779e-03
-2.650764683450511361e-03
-2.568142017469078955e-03
-2.484832699852824317e-03
-2.401653497774260734e-03
-2.319308372874542400e-03
-2.238315752631420130e-03
-2.158953768170210948e-03
-2.081230493760042721e-03
-2.004884008719003564e-03
-1.929414200935735887e-03
-1.854144900653446632e-03
-1.778311502244904387e-03
-1.701166069538089529e-03
-1.622089398207739088e-03
-1.540697958204824674e-03
-1.456933309769868927e-03
-1.371122609901610345e-03
-1.284001190287731645e-03
-1.196691726241081756e-03
-1.110638914899102388e-03
-1.027503402768457832e-03
-9.490234296420074203e-04
-8.768567442704181588e-04
-8.124182902133588510e-04
-7.567305512963916217e-04
-7.103030337985172813e-04
-6.730550914155864579e-04
-6.442923285104346521e-04
-6.227415150034626250e-04
-6.066428563495187588e-04
-5.938922480717107955e-04
-5.822205154479564992e-04
-5.693922658742904108e-04
-5.534044130064281726e-04
-5.326640229241796660e-04
-5.061269933115807463e-04
-4.733830498682678445e-04
-4.346782160340560155e-04
-3.908726552721856411e-04
-3.433388302216960767e-04
-2.938114500146217544e-04
-2.442059155568999853e-04
-1.964252978857375246e-04
-1.521768973060528803e-04
-1.128180086983235179e-04
-7.924683398380956282e-05
-5.184898434627733556e-05
-3.050337100769677566e-05
-1.464430006287909413e-05
-3.370106651445905058e-06
4.416539445982520763e-06
9.854841525684264383e-06
1.397784194151739633e-05
1.758810705681606074e-05
2.117166470666514508e-05
2.485961861127428010e-05
2.844073140758214920e-05
3.142188109936912759e-05
3.312743762536526373e-05
3.282397577061627183e-05
2.985386858380962354e-05
2.376049399729320883e-05
1.438908002223036222e-05
1.950398767071393729e-06
-1.296083613215810193e-05
-2.939550324303342226e-05
-4.612447092113924305e-05
-6.174957206879440243e-05
-7.483872389777156435e-05
-8.407013165372700957e-05
-8.836965188638574011e-05
-8.702632832422409399e-05
-7.977368028926690505e-05
-6.682817232590424264e-05
-4.888095011076634770e-05
-2.704385192085286777e-05
-2.755356098982372405e-06
2.234397846543536984e-05
4.655425263993171571e-05
6.826341064716628904e-05
8.608514903673136103e-05
9.897520233925855503e-05
1.063161602128547049e-04
1.079642919687120637e-04
1.042556159790728539e-04
9.597226007363845578e-05
8.427364615520205511e-05
7.059988969033742685e-05
5.655681005083106484e-05
4.379297862365040176e-05
3.387926874736564168e-05
2.820049042715206924e-05
2.786704747493509496e-05
3.365235531577030498e-05
4.595924489079718033e-05
6.481599760441510052e-05
8.990023573897256250e-05
1.205868229711423245e-04
1.560143513744919762e-04
1.951637884870959427e-04
2.369424567736807239e-04
2.802666908575086684e-04
3.241371932356189702e-04
3.677021815338439711e-04
4.103047640292574027e-04
4.515124620340098976e-04
4.911282890686262045e-04
5.291841831126495354e-04
5.659187768135395986e-04
6.017424147794047783e-04
6.371929483990615081e-04
6.728861457732061499e-04
7.094645606217566281e-04
7.475484430731853518e-04
7.876917957417185886e-04
8.303460386345035095e-04
8.758330083730071639e-04
9.243282421456318646e-04
9.758547407588930933e-04
1.030286715824973130e-03
1.087362240769885070e-03
1.146703269734323204e-03
1.207841176676175505e-03
1.270245802255621451e-03
1.333355971915438365e-03
1.396609550588709435e-03
1.459471307348010919e-03
1.521457152859866839e-03
1.582153657617578870e-03
1.641232133381816507e-03
1.698456939263965314e-03
1.753688035299918796e-03
1.806878131580022095e-03
1.858065055521475762e-03
1.907360173570340914e-03
1.954933850724282964e-03
2.000999010174714203e-03
2.045793868190405162e-03
2.089564871435732520e-03
2.132550763184196379e-03
2.174968561255230005e-03
2.217002055176498388e-03
2.258793234907310009e-03
2.300436860378313186e-03
2.341978181571426933e-03
2.383413633384292955e-03
2.424694167230224701e-03
2.465730749698689592e-03
2.506401463220269982e-03
2.546559588026980729e-03
2.586042030089677913e-03
2.624677485327075576e-03
2.662293793324806493e-03
2.698724029251400782e-03
2.733811004085751322e-03
2.767409982794751151e-03
2.799389578840340460e-03
2.829630931875562905e-03
2.858025414118544293e-03
2.884471230507695827e-03
2.908869370113713240e-03
2.931119424580152545e-03
2.951115808638027013e-03
2.968744895355747166e-03
2.983883514714679407e-03
2.996399161056802728e-03
3.006152118443229399e-03
3.012999551183976644e-03
3.016801430296009705e-03
3.017427987759434618e-03
3.014768222657386587e-03
3.008738840425883351e-03
2.999292901702326711e-03
2.986427402158536339e-03
2.970189008083546668e-03
2.950677239613879160e-03
2.928044525294850892e-03
2.902492744032337049e-03
2.874266114223669472e-03
2.843640570693787943e-03
2.810910069281597184e-03
2.776370554239525595e-03
2.740302590596824499e-03
2.702953877473219645e-03
2.664522995765368062e-03
2.625145785052210474e-03
2.584885676102712752e-03
2.543729120767728499e-03
2.501586963073429253e-03
2.458302196638741631e-03
2.413664076706630891e-03
2.367428031940135846e-03
2.319340291053129544e-03
2.269165646646476020e-03
2.216716369210538096e-03
2.161880001953336503e-03
2.104643649170904757e-03
2.045112444192415894e-03
1.983520160151219010e-03
1.920230403941140937e-03
1.855727488203914735e-03
1.790596867423082132e-03
1.725495894927863436e-03
1.661116537862188190e-03
1.598142499140663576e-03
1.537203860243883296e-03
1.478832803605802148e-03
1.423424139384448818e-03
1.371204210207386436e-03
1.322211267131173521e-03
1.276289618498745171e-03
1.233098799673504244e-03
1.192137773699247696e-03
1.152782852668346935e-03
1.114336744677159406e-03
1.076085005090734754e-03
1.037355320496217027e-03
9.975745779353074535e-04
9.563186397237978618e-04
9.133501855374603429e-04
8.686408837870962995e-04
8.223754525556363840e-04
7.749367620317378904e-04
7.268728754313347803e-04
6.788486603166590068e-04
6.315861554054759842e-04
5.857990869482420293e-04
5.421276576291187994e-04
5.010798858895161275e-04
4.629853148768074212e-04
4.279658591751462162e-04
3.959269971001885520e-04
3.665705855090862922e-04
3.394284553742224508e-04
3.139138486760266727e-04
2.893858946715205382e-04
2.652208933667437392e-04
2.408833345736385737e-04
2.159894342257235829e-04
1.903565485313568704e-04
1.640330894626544677e-04
1.373053984084175586e-04
1.106802633381347362e-04
8.484416888323068583e-05
6.060270672204706754e-05
3.880560705209167152e-05
2.026437062455310284e-05
5.670325417835423439e-06
-4.478988823010152139e-06
-9.937904678205917514e-06
-1.074938858730408668e-05
-7.256674469988342548e-06
-8.832608827610831700e-08
9.882211790951261841e-06
2.159911630311264603e-05
3.390323046204415990e-05
4.562061860366850016e-05
5.565276776863338682e-05
6.306048555079170803e-05
6.713420830008422398e-05
6.744476579264484586e-05
6.387050716005803278e-05
5.659888778307040172e-05
4.610293052766609721e-05
3.309518505809571997e-05
1.846371159186729498e-05
3.196043195308337006e-06
-1.170208142951370984e-05
-2.528622853637341745e-05
-3.674447686224917721e-05
-4.545477987793825194e-05
-5.102439026750253714e-05
-5.330899472962496262e-05
-5.241106531195789897e-05
-4.865873472588754585e-05
-4.256808858671818464e-05
-3.479300798995126087e-05
-2.606750174168264857e-05
-1.714579480440596131e-05
-8.745290320583130916e-06
-1.496941923401894419e-06
4.093358618836246066e-06
7.669950205645392457e-06
9.038001770127859598e-06
8.159722589142549379e-06
5.137561662266504307e-06
1.867694088956754230e-07
-6.399581559170794260e-06
-1.428960797656423117e-05
-2.315206112206786429e-05
-3.269282090034758060e-05
-4.268552997273600697e-05
-5.299413707735294872e-05
-6.358592725807415188e-05
-7.453448011923309558e-05
-8.601284199962687090e-05
-9.827795877364549945e-05
-1.116480401555364335e-04
-1.264749767517432981e-04
-1.431141875236012332e-04
-1.618943343799610763e-04
-1.830892142943974074e-04
-2.068938523508416939e-04
-2.334064058135351682e-04
-2.626169899664146921e-04
-2.944039937591649576e-04
-3.285379088344540940e-04
-3.646921870313049509e-04
-4.024602004694556438e-04
-4.413770286804449133e-04
-4.809445542520599057e-04
-5.206582188454655273e-04
-5.600337738499186436e-04
-5.986324459612465390e-04
-6.360831134385872606e-04
-6.721003354482243388e-04
-7.064973739199861694e-04
-7.391936730327799748e-04
-7.702165945782173898e-04
-7.996975285764109775e-04
-8.278627908238751993e-04
-8.550199691160671744e-04
-8.815405779400709019e-04
-9.078400215675178813e-04
-9.343559454339855430e-04
-9.615260766013403789e-04
-9.897666199528061017e-04
-1.019452193922490164e-03
-1.050898166078630212e-03
-1.084346093964890694e-03
-1.119952799966145423e-03
-1.157783420346876349e-03
-1.197808577292478653e-03
-1.239905637248551150e-03
-1.283863846477905669e-03
-1.329392981658791351e-03
-1.376135024281517670e-03
-1.423678265903674132e-03
-1.471573178981561668e-03
-1.519349345704711085e-03
-1.566532724598112885e-03
-1.612662550155437432e-03
-1.657307202146725365e-03
-1.700078445526070296e-03
-1.740643525595614825e-03
-1.778734702397574263e-03
-1.814155919158758675e-03
-1.846786417823643740e-03
-1.876581236170000652e-03
-1.903568641617441699e-03
-1.927844672781315206e-03
-1.949565067440849888e-03
-1.968934951624530787e-03
-1.986196745973315206e-03
-2.001616809927979617e-03
-2.015471389494930248e-03
-2.028032458864214779e-03
-2.039554048943231692e-03
-2.050259636536318035e-03
-2.060331126708156435e-03
-2.069899898753953249e-03
-2.079040304793793818e-03
-2.087765911679242189e-03
-2.096028664737873901e-03
-2.103721029651831140e-03
-2.110681040825028356e-03
-2.116700055823654298e-03
-2.121532891154090383e-03
-2.124909900237355494e-03
-2.126550455393484695e-03
-2.126177217169233913e-03
-2.123530521140045823e-03
-2.118382188301722990e-03
-2.110548073165372050e-03
-2.099898705200517988e-03
-2.086367454332732890e-03
-2.069955758070041261e-03
-2.050735082973677119e-03
-2.028845451298550654e-03
-2.004490537737887903e-03
-1.977929522884426528e-03
-1.949466069708481134e-03
-1.919434956859280639e-03
-1.888187047637741129e-03
-1.856073386295747094e-03
-1.823429285283015202e-03
-1.790559291440298488e-03
-1.757723891653737922e-03
-1.725128737809793330e-03
-1.692917039017907124e-03
-1.661165591494874168e-03
-1.629884702190220096e-03
-1.599022023231551739e-03
-1.568470065182732236e-03
-1.538076914268289531e-03
-1.507659459173725687e-03
-1.477018253317621734e-03
-1.445953013379650725e-03
-1.414277696127302095e-03
-1.381834110854439314e-03
-1.348503116587074441e-03
-1.314212618517947512e-03
-1.278941807948857576e-03
-1.242721369805346301e-03
-1.205629692138090060e-03
-1.167785429868122395e-03
-1.129337075284549434e-03
-1.090450445270725642e-03
-1.051295186702778071e-03
-1.012031507774392670e-03
-9.727983510013827771e-04
-9.337041277363123488e-04
-8.948209370647016055e-04
-8.561829057683155312e-04
-8.177889308104618676e-04
-7.796097090116573371e-04
-7.415985329464201735e-04
-7.037049530698092541e-04
-6.658900888193864526e-04
-6.281421476834455958e-04
-5.904906061559467723e-04
-5.530175361044478840e-04
-5.158647291344843362e-04
-4.792355724994138170e-04
-4.433910430993661007e-04
-4.086396800291677714e-04
-3.753219308664108292e-04
-3.437897965326721208e-04
-3.143831763175017249e-04
-2.874046931335186273e-04
-2.630950205868693142e-04
-2.416108099010805938e-04
-2.230072116750323483e-04
-2.072267060309055308e-04
-1.940955121888563817e-04
-1.833282773671528090e-04
-1.745410904072587275e-04
-1.672721820166728321e-04
-1.610090197710337036e-04
-1.552199399557622919e-04
-1.493880317302641141e-04
-1.430447426874077157e-04
-1.358006343352417713e-04
-1.273708893106801320e-04
-1.175935484199188905e-04
-1.064390059271925766e-04
-9.400997114642052437e-05
-8.053185666522433197e-05
-6.633431486203986160e-05
-5.182534993599912233e-05
-3.746002221436676354e-05
-2.370618480087788448e-05
-1.100991396587797843e-05
2.367039797003049004e-07
9.722984067922805793e-06
1.724022322552412915e-05
2.269399861597233163e-05
2.610742099651315251e-05
2.761532030966051501e-05
2.745006916869996934e-05
2.592040597453388646e-05
2.338514974100569106e-05
2.022406185479099151e-05
1.680827973611432048e-05
1.347271457446974787e-05
1.049257824420932089e-05
8.065807539229077791e-06
6.302624873346201352e-06
5.222861216456983938e-06
4.761022269241148610e-06
4.778456363249935987e-06
5.081432050004487758e-06
5.443496640459863657e-06
5.630194856649086302e-06
5.424096954481899960e-06
4.648121951552509556e-06
3.185334202388528506e-06
9.937187377953946472e-07
-1.885128856092699947e-06
-5.323966631027911379e-06
-9.114573362325238294e-06
-1.297866414319627785e-05
-1.658415075196373391e-05
-1.956547861761709310e-05
-2.154651552680956537e-05
-2.216433168826214260e-05
-2.109219996395574054e-05
-1.806025312464798477e-05
-1.287244769547562985e-05
-5.418780453824234032e-06
4.317941592805589196e-06
1.626109183953661208e-05
3.024490220066484403e-05
4.602439259745300625e-05
6.328979977740934858e-05
8.168450252390376833e-05
1.008252666958059401e-04
1.203235433841661335e-04
1.398065469875533378e-04
1.589369119156276299e-04
1.774298670165525991e-04
1.950670622001597848e-04
2.117064162371844313e-04
2.272876113721016336e-04
2.418331222680980986e-04
2.554449181117379643e-04
2.682972036410977688e-04
2.806257562837150736e-04
2.927145644319396260e-04
3.048805713304038800e-04
3.174573785036102834e-04
3.307787634875932934e-04
3.451628228220246942e-04
3.608974688777846318e-04
3.782278957405167761e-04
3.973464935891414833e-04
4.183855417188477987e-04
4.414128563280343286e-04
4.664304185691885239e-04
4.933758683335425464e-04
5.221266257251598727e-04
5.525062996979908424e-04
5.842929648925017632e-04
6.172288348588186261e-04
6.510308327383546511e-04
6.854015580005494998e-04
7.200401678480572009e-04
7.546527314322081740e-04
7.889616704896310713e-04
8.227139674837223495e-04
8.556878977280155639e-04
8.876981212730336319e-04
9.185990497661084215e-04
9.482864796519416533e-04
9.766975530417724288e-04
1.003809168996164757e-03
1.029635019078206128e-03
1.054221460704566878e-03
1.077642469497669007e-03
1.099993927530725467e-03
1.121387508569089567e-03
1.141944415070694384e-03
1.161789206089300450e-03
1.181043931854958108e-03
1.199822761388961122e-03
1.218227255819727493e-03
1.236342403880344833e-03
1.254233499090166761e-03
1.271943901920775466e-03
1.289493696187335057e-03
1.306879218121619448e-03
1.324073409947161117e-03
1.341026927879474364e-03
1.357669917623345298e-03
1.373914358663305170e-03
1.389656871731221894e-03
1.404781881353116919e-03
1.419165026713643677e-03
1.432676718487816683e-03
1.445185745967808013e-03
1.456562846929048815e-03
1.466684161438867482e-03
1.475434499505673663e-03
1.482710360534678432e-03
1.488422649605116105e-03
1.492499041413503915e-03
1.494885947362381085e-03
1.495550044913614499e-03
1.494479331435994698e-03
1.491683667874452732e-03
1.487194781379803368e-03
1.481065701251528576e-03
1.473369609928503951e-03
1.464198100870311992e-03
1.453658848492897287e-03
1.441872712033043713e-03
1.428970315247566659e-03
1.415088166761547823e-03
1.400364410859245142e-03
1.384934324410163221e-03
1.368925700969438530e-03
1.352454286133448862e-03
1.335619447043717928e-03
1.318500271549309742e-03
1.301152297083520842e-03
1.283605064130167702e-03
1.265860672983114060e-03
1.247893494632730527e-03
1.229651147009853300e-03
1.211056797202616272e-03
1.192012790179799954e-03
1.172405537393981373e-03
1.152111527566075178e-03
1.131004250773989805e-03
1.108961759969352961e-03
1.085874535758642873e-03
1.061653275209595206e-03
1.036236197706389079e-03
1.009595453930434540e-03
9.817422403634718225e-04
9.527302625078211927e-04
9.226572550184664262e-04
8.916643542557598379e-04
8.599332248799428004e-04
8.276809619534907306e-04
7.951529171690524360e-04
7.626137248298826225e-04
7.303369220423791292e-04
6.985936601152951736e-04
6.676410827394312596e-04
6.377109945402701166e-04
6.089994560440971675e-04
5.816579150390807119e-04
5.557864192156129150e-04
5.314293529395130479e-04
5.085740067985331176e-04
4.871521294125655439e-04
4.670444362476662017e-04
4.480878707363842618e-04
4.300852406540961242e-04
4.128166992632165437e-04
3.960524172316927534e-04
3.795657071251578554e-04
3.631458243198168803e-04
3.466096804068833975e-04
3.298117680274088187e-04
3.126517064397095719e-04
2.950789683189686242e-04
2.770945305225248640e-04
2.587493925285172980e-04
2.401401120238535331e-04
2.214017031134518502e-04
2.026984147305704322e-04
1.842130424853145214e-04
1.661355163758391768e-04
1.486515428426041978e-04
1.319320598482782937e-04
1.161241894771145960e-04
1.013442495820485612e-04
8.767322360463549824e-05
7.515489825135287551e-05
6.379667670228529575e-05
5.357287590381079384e-05
4.443013543270098311e-05
3.629441615114512129e-05
2.907896057278374464e-05
2.269253128622754205e-05
1.704724263273793477e-05
1.206535351055205102e-05
7.684490817359521345e-06
3.860914980746330345e-06
5.706094746036058922e-07
-2.191838706009475687e-06
-4.416415838292519268e-06
-6.082593888337478111e-06
-7.165515261218025041e-06
-7.642884017989348946e-06
-7.501941792027715867e-06
-6.745901189837391218e-06
-5.399254230036691253e-06
-3.511464152636351023e-06
-1.158678003359464853e-06
1.556745821091392891e-06
4.508928905004329471e-06
7.553243157535897960e-06
1.053285817471251277e-05
1.328662522445782978e-05
1.565775284344107671e-05
1.750266549571261054e-05
1.869941829868667876e-05
1.915506804468661032e-05
1.881147080211058436e-05
1.764908338757167536e-05
1.568848154752938362e-05
1.298946156894128339e-05
9.647753048266135339e-06
5.789527356139294495e-06
1.564028290254624352e-06
-2.865230716142497350e-06
-7.330171890509360747e-06
-1.166817950724920454e-05
-1.573185372475584937e-05
-1.939792375460594768e-05
-2.257481251305617291e-05
-2.520843477517359640e-05
-2.728592348346025535e-05
-2.883710628581229637e-05
-2.993368807098933484e-05
-3.068622676862142902e-05
-3.123911110965793623e-05
-3.176385359626633669e-05
-3.245109422860014727e-05
-3.350176687728892888e-05
-3.511790866576036121e-05
-3.749359321081246403e-05
-4.080644260570135914e-05
-4.521012360755504117e-05
-5.082816476594561976e-05
-5.774934817875499138e-05
-6.602483763033765323e-05
-7.566710961050451660e-05
-8.665066046758756828e-05
-9.891437654185639247e-05
-1.123653786440662007e-04
-1.268840908684220128e-04
-1.423302386374674538e-04
-1.585494532064572965e-04
-1.753801497398647317e-04
-1.926603527234175466e-04
-2.102341643089280154e-04
-2.279576059830360347e-04
-2.457036090210874151e-04
-2.633659815725931139e-04
-2.808622368628689407e-04
-2.981352248891146997e-04
-3.151535663456453851e-04
-3.319109398701640488e-04
-3.484243200065498605e-04
-3.647313019469302156e-04
-3.808866790610586708e-04
-3.969584598535893334e-04
-4.130235221955694388e-04
-4.291631047626473798e-04
-4.454583292602456719e-04
-4.619859332009357321e-04
-4.788143729252874255e-04
-4.960004315686787103e-04
-5.135864381942869660e-04
-5.315981737623654869e-04
-5.500435083573256955e-04
-5.689117834123745381e-04
-5.881739236721268433e-04
-6.077832372701244242e-04
-6.276768393240000302e-04
-6.477776154244969421e-04
-6.679966266773594390e-04
-6.882358477291116664e-04
-7.083911234684809374e-04
-7.283552286952070607e-04
-7.480209177036352625e-04
-7.672838570621154028e-04
-7.860453444036080359e-04
-8.042147282565605603e-04
-8.217114582673148634e-04
-8.384667110324730849e-04
-8.544245535798735683e-04
-8.695426237611339482e-04
-8.837923239022193881e-04
-8.971585405304982955e-04
-9.096389183889742923e-04
-9.212427308822482373e-04
-9.319894012174794167e-04
-9.419067385511267808e-04
-9.510289611818379275e-04
-9.593945840988764946e-04
-9.670442508876904170e-04
-9.740185900990774555e-04
-9.803561737064779569e-04
-9.860916503167762616e-04
-9.912541184968345302e-04
-9.958657961759796035e-04
-9.999410308285097346e-04
-1.003485682388719673e-03
-1.006496896966152564e-03
-1.008963274879292812e-03
-1.010865421747775706e-03
-1.012176856902843002e-03
-1.012865239679338605e-03
-1.012893861786710956e-03
-1.012223343373157844e-03
-1.010813462077482560e-03
-1.008625038670254038e-03
-1.005621800170525054e-03
-1.001772141758283663e-03
-9.970507125161712572e-04
-9.914397569634365859e-04
-9.849301543590153335e-04
-9.775221104921850458e-04
-9.692254717266820131e-04
-9.600596478005954783e-04
-9.500531476523825817e-04
-9.392427505120465705e-04
-9.276723518575121386e-04
-9.153915396951816568e-04
-9.024539701839392634e-04
-8.889156220716830066e-04
-8.748330161317380803e-04
-8.602614882486212975e-04
-8.452536027442419074e-04
-8.298577858530254824e-04
-8.141172481332425211e-04
-7.980692494755617285e-04
-7.817447419165890520e-04
-7.651684045811307398e-04
-7.483590628538792011e-04
-7.313304615544494788e-04
-7.140923407582892542e-04
-6.966517442635666380e-04
-6.790144757675340131e-04
-6.611866076468731618e-04
-6.431759426534485249e-04
-6.249933303467982131e-04
-6.066537478451477540e-04
-5.881770682611125317e-04
-5.695884593667231493e-04
-5.509183785873102233e-04
-5.322021570059156043e-04
-5.134791930538352414e-04
-4.947918041694027939e-04
-4.761838100552348899e-04
-4.576989424414985201e-04
-4.393791918404737324e-04
-4.212632103246457291e-04
-4.033848899537175034e-04
-3.857722286950932911e-04
-3.684465796661526727e-04
-3.514223559880920293e-04
-3.347072337536103866e-04
-3.183028613506241975e-04
-3.022060468390353762e-04
-2.864103587052317678e-04
-2.709080416868307880e-04
-2.556921209824700994e-04
-2.407585473061579014e-04
-2.261082237668576747e-04
-2.117487547322372302e-04
-1.976957672659574578e-04
-1.839736772432929487e-04
-1.706158038909800340e-04
-1.576637765476485837e-04
-1.451662235142968187e-04
-1.331767820455599704e-04
-1.217515175589138648e-04
-1.109458856174827665e-04
-1.008114088860679155e-04
-9.139227012361739817e-05
-8.272203897609318470e-05
-7.482075323578111278e-05
-6.769256359474844123e-05
-6.132412496788740850e-05
-5.568387841092521749e-05
-5.072231765524158809e-05
-4.637327627728909631e-05
-4.255620909219663830e-05
-3.917937848070747361e-05
-3.614379712005505799e-05
-3.334772694663402383e-05
-3.069149365076370738e-05
-2.808234945076982088e-05
-2.543910630095023171e-05
-2.269626801473082181e-05
-1.980741291022820752e-05
-1.674761727937060070e-05
-1.351476201131155155e-05
-1.012962693882195194e-05
-6.634746143378868911e-06
-3.092068333992315841e-06
4.204648373513659071e-07
3.813247262944648727e-06
6.990016148572145044e-06
9.853272565885081317e-06
1.230982486747610871e-05
1.427615848113956165e-05
1.568334612152065438e-05
1.648123925162004171e-05
1.664172288016422808e-05
1.616086884931592011e-05
1.505988432759473996e-05
1.338481852830754626e-05
1.120505777071498856e-05
8.610703007884045739e-06
5.708981264377482461e-06
2.619889975355092575e-06
-5.286914132325730079e-07
-3.606166645902083217e-06
-6.484401681008226992e-06
-9.042661923205329988e-06
-1.117207287147167167e-05
-1.277940197231149292e-05
-1.379000152765795088e-05
-1.414980132172184704e-05
-1.382629222745555290e-05
-1.280849539228061319e-05
-1.110596276102770980e-05
-8.746901025572768621e-06
-5.775550363512308249e-06
-2.248979826685386308e-06
1.766518168754842930e-06
6.199241638243652768e-06
1.097590869184901976e-05
1.602532056154434324e-05
2.128169401313821299e-05
2.668752479233120768e-05
3.219587471028194115e-05
3.777200931859459206e-05
4.339434887544980170e-05
4.905473055129534954e-05
5.475801281755701997e-05
6.052108220488966331e-05
6.637134691437482294e-05
7.234482026727451123e-05
7.848390919987773961e-05
8.483502881923025627e-05
9.144616363696756085e-05
9.836448999044784260e-05
1.056341630864827394e-04
1.132943569908940432e-04
1.213776277854087410e-04
1.299086501303495429e-04
1.389033567121965729e-04
1.483684895670703816e-04
1.583015529981442529e-04
1.686911405504477196e-04
1.795175939076384237e-04
1.907539400861154200e-04
2.023670451898991409e-04
2.143189183397625145e-04
2.265680981197493486e-04
2.390710557589504238e-04
2.517835539297924412e-04
2.646619070426367115e-04
2.776640977330623690e-04
2.907507143171875327e-04
3.038856847716326758e-04
3.170367937358132193e-04
3.301759796366375327e-04
3.432794188578804995e-04
3.563274125537397924e-04
3.693040989553395144e-04
3.821970196473915425e-04
3.949965721921322144e-04
4.076953836268316553e-04
4.202876398190992144e-04
4.327684045534375577e-04
4.451329597259257313e-04
4.573761943667546312e-04
4.694920656522669992e-04
4.814731498813688208e-04
4.933102958563855651e-04
5.049923874950902744e-04
5.165062170647928075e-04
5.278364653963034782e-04
5.389657809951282430e-04
5.498749462723133289e-04
5.605431162775403745e-04
5.709481133948019534e-04
5.810667604749951334e-04
5.908752348076461288e-04
6.003494261149644072e-04
6.094652832890344899e-04
6.181991367610002513e-04
6.265279860460399447e-04
6.344297449893526990e-04
6.418834403785287756e-04
6.488693627170773453e-04
6.553691709145170697e-04
6.613659552944015476e-04
6.668442655265242576e-04
6.717901117488880467e-04
6.761909481900511224e-04
6.800356489919594065e-04
6.833144856599216452e-04
6.860191146544991712e-04
6.881425821503239174e-04
6.896793510094293214e-04
6.906253526643601126e-04
6.909780640138537579e-04
6.907366067534134171e-04
6.899018639547617156e-04
6.884766063292787090e-04
6.864656186114782670e-04
6.838758150182020368e-04
6.807163318926558746e-04
6.769985855127367636e-04
6.727362836787780095e-04
6.679453811095239059e-04
6.626439708361760769e-04
6.568521066175700028e-04
6.505915547860654548e-04
6.438854777291231528e-04
6.367580552168254334e-04
6.292340538124563355e-04
6.213383584009542389e-04
6.130954832350517161e-04
6.045290825904116403e-04
5.956614829630907859e-04
5.865132595415410233e-04
5.771028793435517687e-04
5.674464318375102914e-04
5.575574650826073831e-04
5.474469414586921904e-04
5.371233220648669905e-04
5.265927830219197534e-04
5.158595604922496403e-04
5.049264145125627800e-04
4.937951950842219950e-04
4.824674877270207041e-04
4.709453102593322347e-04
4.592318282445141458e-04
4.473320536679937067e-04
4.352534902128898952e-04
4.230066891732631304e-04
4.106056826418129531e-04
3.980682651276407731e-04
3.854161010534812542e-04
3.726746434265012912e-04
3.598728580152651328e-04
3.470427571861511699e-04
3.342187576476642291e-04
3.214368861939407977e-04
3.087338665603095119e-04
2.961461281785860247e-04
2.837087834469127876e-04
2.714546237076711967e-04
2.594131851414382636e-04
2.476099340728467736e-04
2.360656167109092120e-04
2.247958112525580692e-04
2.138107108393645986e-04
2.031151545166072687e-04
1.927089106558004276e-04
1.825872039333052525e-04
1.727414636288533451e-04
1.631602584757591912e-04
1.538303722881258196e-04
1.447379657831976711e-04
1.358697639714893653e-04
1.272142056271778068e-04
1.187624919299885102e-04
1.105094754448945362e-04
1.024543380352544564e-04
9.460101674822093119e-05
8.695834964365650591e-05
7.953992827949892138e-05
7.236365931479528954e-05
6.545105357276928863e-05
5.882627602100568920e-05
5.251500360556718742e-05
4.654314893315556726e-05
4.093551577434020942e-05
3.571445677592166291e-05
3.089860433957079925e-05
2.650174228487341501e-05
2.253187883330196723e-05
1.899057100789737750e-05
1.587253732171448948e-05
1.316558036853734556e-05
1.085082449107147809e-05
8.903257012661034119e-06
7.292545516963679969e-06
5.984089241699186157e-06
4.940250614735788458e-06
4.121703956961384320e-06
3.488832881427097420e-06
3.003106198253774381e-06
2.628364235417540307e-06
2.331953233561528576e-06
2.085654489404556670e-06
1.866366648012316884e-06
1.656513275615787364e-06
1.444162778914826448e-06
1.222863021530897785e-06
9.912077717797519099e-07
7.521655956985372720e-07
5.122132788573444465e-07
2.803247483357873948e-07
6.687236311540064035e-08
-1.174998819240007451e-07
-2.629722758616261327e-07
-3.615591706140948863e-07
-4.079838534254976094e-07
-4.003785916075918871e-07
-3.407805465310848208e-07
-2.354060001885230481e-07
-9.469753055900063207e-08
6.684926535820405305e-08
2.310618034928591251e-07
3.766419268227088228e-07
4.798575298691450004e-07
5.153336287027094134e-07
4.568989179476235730e-07
2.784431147106192081e-07
-4.525798246556232379e-08
-5.377890008235229909e-07
-1.220446706161045754e-06
-2.111723462707976631e-06
-3.226940878749192831e-06
-4.578043447939158574e-06
-6.173553321772336538e-06
-8.018679082604536010e-06
-1.011556393774057797e-05
-1.246365245963135232e-05
-1.506015011755599796e-05
-1.790054654817662145e-05
-2.097917187672689474e-05
-2.428975540899374748e-05
-2.782595757323020090e-05
-3.158184892548896171e-05
-3.555231411660767844e-05
-3.973336367420437880e-05
-4.412234198421117467e-05
-4.871802564904147441e-05
-5.352061215692287895e-05
-5.853160423166530482e-05
-6.375360010476393408e-05
-6.919000405424688090e-05
-7.484467474198624613e-05
-8.072153105076986163e-05
-8.682413623879016798e-05
-9.315528130095640372e-05
-9.971658751935320105e-05
-1.065081463977189707e-04
-1.135282126504086764e-04
-1.207729628136539469e-04
-1.282363285494576290e-04
-1.359099099990572848e-04
-1.437829708011506362e-04
-1.518425127855481957e-04
-1.600734250425861667e-04
-1.684586991750509639e-04
-1.769797001690193757e-04
-1.856164805383737611e-04
-1.943481242482510683e-04
-2.031531064087482928e-04
-2.120096548369362313e-04
-2.208961002636765868e-04
-2.297912031471889267e-04
-2.386744466605616988e-04
-2.475262873525099251e-04
-2.563283571350562316e-04
-2.650636125236710593e-04
-2.737164293405734759e-04
-2.822726432979270504e-04
-2.907195389173426021e-04
-2.990457910445577187e-04
-3.072413647240347006e-04
-3.152973803717568513e-04
-3.232059520011059512e-04
-3.309600067076732513e-04
-3.385530937153624111e-04
-3.459791910524328824e-04
-3.532325173978795676e-04
-3.603073558577622347e-04
-3.671978954514117381e-04
-3.738980949676813464e-04
-3.804015726474504469e-04
-3.867015239151255670e-04
-3.927906681729984419e-04
-3.986612245406322055e-04
-4.043049153995966426e-04
-4.097129957298229321e-04
-4.148763055134788310e-04
-4.197853419592234092e-04
-4.244303479560326939e-04
-4.288014130052835945e-04
-4.328885828794580039e-04
-4.366819744093019596e-04
-4.401718920694052133e-04
-4.433489433967593507e-04
-4.462041506972506976e-04
-4.487290569546328292e-04
-4.509158243119557453e-04
-4.527573239323546563e-04
-4.542472164313570652e-04
-4.553800224067434195e-04
-4.561511828473624854e-04
-4.565571093883512006e-04
-4.565952244867081005e-04
-4.562639916428605914e-04
-4.555629357855603282e-04
-4.544926538996728782e-04
-4.530548159147195116e-04
-4.512521558239700691e-04
-4.490884529700521401e-04
-4.465685034454854388e-04
-4.436980816148497183e-04
-4.404838918972790989e-04
-4.369335111372867650e-04
-4.330553221513279731e-04
-4.288584393438347022e-04
-4.243526276427309388e-04
-4.195482163705146605e-04
-4.144560100333567450e-04
-4.090871983348942252e-04
-4.034532679926250680e-04
-3.975659191053851219e-04
-3.914369888791812292e-04
-3.850783854319402314e-04
-3.785020341676537483e-04
-3.717198388136004573e-04
-3.647436586673646832e-04
-3.575853029057206333e-04
-3.502565420034727179e-04
-3.427691354149252963e-04
-3.351348737386797760e-04
-3.273656326553470901e-04
-3.194734350654740125e-04
-3.114705171032647194e-04
-3.033693931192413176e-04
-2.951829143612744199e-04
-2.869243159788331925e-04
-2.786072471566647065e-04
-2.702457796657974846e-04
-2.618543909034592911e-04
-2.534479185610363306e-04
-2.450414853717261423e-04
-2.366503938950422403e-04
-2.282899929277465434e-04
-2.199755188104390207e-04
-2.117219165341649705e-04
-2.035436470506561777e-04
-1.954544884618734230e-04
-1.874673397243634403e-04
-1.795940360752377291e-04
-1.718451855121175004e-04
-1.642300353034262164e-04
-1.567563766560120455e-04
-1.494304943363512154e-04
-1.422571662708468530e-04
-1.352397160095654101e-04
-1.283801185180066752e-04
-1.216791571743265713e-04
-1.151366272232612478e-04
-1.087515784105202749e-04
-1.025225872302889640e-04
-9.644804729625437853e-05
-9.052646491132517001e-05
-8.475674606200774518e-05
-7.913846087064577812e-05
-7.367207204044920357e-05
-6.835911502668590362e-05
-6.320231952871426071e-05
-5.820566434987635646e-05
-5.337436060996548695e-05
-4.871476158226949925e-05
-4.423420090723141358e-05
-3.994076443283482237e-05
-3.584300427035679585e-05
-3.194960665607081223e-05
-2.826902771386404046e-05
-2.480911308046731845e-05
-2.157671847541027123e-05
-1.857734860009111036e-05
-1.581483120439160269e-05
-1.329104177908090386e-05
-1.100569217672987720e-05
-8.956193631563488019e-06
-7.137601276207554451e-06
-5.542643505865306666e-06
-4.161835605045971014e-06
-2.983673125988476162e-06
-1.994896788503092199e-06
-1.180817346377055674e-06
-5.256861033872223719e-07
-1.309470037703072922e-08
3.736134646083989779e-07
6.509382191176927156e-07
8.348415568703137631e-07
9.404067646144300789e-07
9.815518618111791268e-07
9.708087184149539804e-07
9.191759368015530790e-07
8.360499601758879657e-07
7.292350837857934592e-07
6.050292905658682789e-07
4.683792919765392936e-07
3.230950030676968385e-07
1.721110639205859684e-07
1.778105897611899576e-08
-1.378111385605684294e-07
-2.925389114723721872e-07
-4.439350038273284946e-07
-5.889227653861023732e-07
-7.235893453122774788e-07
-8.430113039772584839e-07
-9.411403288416416296e-07
-1.010753662801606111e-06
-1.043470640602466006e-06
-1.029833539545492690e-06
-9.594479391445576273e-07
-8.211750898296305741e-07
-6.033665328235010505e-07
-2.941294857579839884e-07
1.183896241005272492e-07
6.457166009423027555e-07
1.298768891580843608e-06
2.087595233803042819e-06
3.021146535234301702e-06
4.107087235602747369e-06
5.351654298759390410e-06
6.759568618244097876e-06
8.334001122943662256e-06
1.007659335553193070e-05
1.198752988471324281e-05
1.406565770609375507e-05
1.630864588011544000e-05
1.871317712026524397e-05
2.127516193723071687e-05
2.398996529300369566e-05
2.685263553603452118e-05
2.985812565852053664e-05
3.300149761239508085e-05
3.627810148804676076e-05
3.968372273949906636e-05
4.321469225580536926e-05
4.686795585136620799e-05
5.064110159469476609e-05
5.453234523305909213e-05
5.854047572250565781e-05
6.266476446920673691e-05
6.690484326932326115e-05
7.126055705303185439e-05
7.573179836069342914e-05
8.031833098518320288e-05
8.501961039943003702e-05
8.983460845921311592e-05
9.476164944924866192e-05
9.979826385678861370e-05
1.049410653511728345e-04
1.101856553667195955e-04
1.155265584811677429e-04
1.209571905062143337e-04
1.264698599132086851e-04
1.320558019563921172e-04
1.377052436754408113e-04
1.434074968992721808e-04
1.491510754681151917e-04
1.549238321668833696e-04
1.607131103381600947e-04
1.665059048272270388e-04
1.722890268051560257e-04
1.780492671123500633e-04
1.837735530509242610e-04
1.894490940091930167e-04
1.950635119008089992e-04
2.006049531150245189e-04
2.060621794727803533e-04
2.114246365328899149e-04
2.166824984600243921e-04
2.218266895208300001e-04
2.268488830864445261e-04
2.317414797635917447e-04
2.364975669280635045e-04
2.411108624769937956e-04
2.455756460361144082e-04
2.498866811467678945e-04
2.540391321102488591e-04
2.580284791857429959e-04
2.618504357284770034e-04
2.655008706255848117e-04
2.689757390512375452e-04
2.722710241355032028e-04
2.753826916419905473e-04
2.783066591960815924e-04
2.810387810185371177e-04
2.835748485188478826e-04
2.859106065099784218e-04
2.880417842389942223e-04
2.899641399033096173e-04
2.916735168563118160e-04
2.931659093121360754e-04
2.944375350476799761e-04
2.954849123774048471e-04
2.963049385489383296e-04
2.968949666774818976e-04
2.972528784030006388e-04
2.973771496118757132e-04
2.972669068091092167e-04
2.969219720498647661e-04
2.963428947292070679e-04
2.955309689730602207e-04
2.944882358587266229e-04
2.932174702054107080e-04
2.917221521971879138e-04
2.900064246165086086e-04
2.880750369599354875e-04
2.859332781646129677e-04
2.835869000780740358e-04
2.810420341413785912e-04
2.783051040152561108e-04
2.753827370515012259e-04
2.722816775888286102e-04
2.690087050285846094e-04
2.655705595199619583e-04
2.619738778583982045e-04
2.582251418783432771e-04
2.543306412095915937e-04
2.502964517771928080e-04
2.461284308724970499e-04
2.418322290236776112e-04
2.374133182662303040e-04
2.328770357803033484e-04
2.282286412437223441e-04
2.234733856706059858e-04
2.186165889867245271e-04
2.136637231572381700e-04
2.086204973497855059e-04
2.034929414021791072e-04
1.982874837822887052e-04
1.930110202874147187e-04
1.876709699358533113e-04
1.822753148526290478e-04
1.768326214365016538e-04
1.713520407048068435e-04
1.658432864282579201e-04
1.603165904649996498e-04
1.547826355547599530e-04
1.492524667085586541e-04
1.437373831937497715e-04
1.382488139330259808e-04
1.327981798744293142e-04
1.273967475161184198e-04
1.220554782528782410e-04
1.167848785300451379e-04
1.115948559210374447e-04
1.064945861797837631e-04
1.014923960512286339e-04
9.659566616035521007e-05
9.181075765095764163e-05
8.714296543503536946e-05
8.259649996781461933e-05
7.817449842047866407e-05
7.387906502027596271e-05
6.971133921262905226e-05
6.567158921685495581e-05
6.175932754363258679e-05
5.797344416015872776e-05
5.431235226923874029e-05
5.077414114324522244e-05
4.735673014944877425e-05
4.405801803478357728e-05
4.087602171242141799e-05
3.780899920498500286e-05
3.485555203459176255e-05
3.201470318354043718e-05
2.928594774643520344e-05
2.666927451418524638e-05
2.416515792377370132e-05
2.177452102553267360e-05
1.949867130714403411e-05
1.733921232176217979e-05
1.529793504586796278e-05
1.337669370135308663e-05
1.157727137834654175e-05
9.901241167659648193e-06
8.349828637444808014e-06
6.923781366082199521e-06
5.623250877878356665e-06
4.447691740427154371e-06
3.395781798631454163e-06
2.465366579883975162e-06
1.653429848946688896e-06
9.560911704808961690e-07
3.686302000123859745e-07
-1.144636757768565297e-07
-4.994187462128607150e-07
-7.930887171080309207e-07
-1.002844796416818593e-06
-1.136456668979096379e-06
-1.201967224635512089e-06
-1.207566003112548351e-06
-1.161466198401438569e-06
-1.071789735581136794e-06
-9.464644156772880151e-07
-7.931364477199941477e-07
-6.191008867239285299e-07
-4.312516119362918707e-07
-2.360515541804183339e-07
-3.952295796571911660e-08
1.527434152146728010e-07
3.355620330169176680e-07
5.041118590397909602e-07
6.538842497259399894e-07
7.806229662664392665e-07
8.802599886526335704e-07
9.488508447261646485e-07
9.825130216007560282e-07
9.773707235336059266e-07
9.295087989982365841e-07
8.349381056034222404e-07
6.895739445735628147e-07
4.892285090183186610e-07
2.296175854128199978e-07
-9.361894132059243857e-08
-4.848838713112869884e-07
-9.485784225778786804e-07
-1.489049045761952709e-06
-2.110527810195362892e-06
-2.817069081932624846e-06
-3.612485313111110515e-06
-4.500284730147589787e-06
-5.483613552030493537e-06
-6.565205100382856903e-06
-7.747337797887647460e-06
-9.031803610129333291e-06
-1.041988799053961316e-05
-1.191236186366714593e-05
-1.350948565138232329e-05
-1.521102483475909379e-05
-1.701627607249811175e-05
-1.892410248263869514e-05
-2.093297635581133648e-05
-2.304102731562840888e-05
-2.524609378264340632e-05
-2.754577553686266998e-05
-2.993748520738776184e-05
-3.241849664289513089e-05
-3.498598832418845097e-05
-3.763708025654474931e-05
-4.036886311365458049e-05
-4.317841877852668673e-05
-4.606283182313425855e-05
-4.901919187164636461e-05
-5.204458718347745758e-05
-5.513609015825709630e-05
-5.829073579034587359e-05
-6.150549437301180836e-05
-6.477723996551662110e-05
-6.810271628113108032e-05
-7.147850172819293678e-05
-7.490097533973958722e-05
-7.836628526109996710e-05
-8.187032133583641231e-05
-8.540869314401025320e-05
-8.897671461249737415e-05
-9.256939604718713904e-05
-9.618144414061441567e-05
-9.980727019874964740e-05
-1.034410065211224832e-04
-1.070765305677729193e-04
-1.107074962690793882e-04
-1.143273715867503340e-04
-1.179294812262257402e-04
-1.215070532398470883e-04
-1.250532681474497980e-04
-1.285613091426674294e-04
-1.320244119480229298e-04
-1.354359129281557540e-04
-1.387892941669565023e-04
-1.420782243526898182e-04
-1.452965944925146231e-04
-1.484385476864056447e-04
-1.514985024178913263e-04
-1.544711690632015813e-04
-1.573515595661676445e-04
-1.601349904687783196e-04
-1.628170797169720336e-04
-1.653937378678620596e-04
-1.678611545055019231e-04
-1.702157808205219641e-04
-1.724543094148299114e-04
-1.745736524631007701e-04
-1.765709193858346873e-04
-1.784433951722560281e-04
-1.801885204330232724e-04
-1.818038741634664336e-04
-1.832871600670939877e-04
-1.846361971296684769e-04
-1.858489149456252990e-04
-1.869233541014902621e-04
-1.878576717074898286e-04
-1.886501519580001970e-04
-1.892992213953624699e-04
-1.898034683557207956e-04
-1.901616659029199338e-04
-1.903727974093615092e-04
-1.904360838225333235e-04
-1.903510115744457009e-04
-1.901173600460311119e-04
-1.897352274926665896e-04
-1.892050543717437765e-04
-1.885276430830447076e-04
-1.877041732426947029e-04
-1.867362117533756668e-04
-1.856257170992165406e-04
-1.843750374855775175e-04
-1.829869026495197718e-04
-1.814644093805407475e-04
-1.798110010069976978e-04
-1.780304413091023542e-04
-1.761267835150823777e-04
-1.741043352108424130e-04
-1.719676201361764888e-04
-1.697213379537193003e-04
-1.673703231538098012e-04
-1.649195042892722849e-04
-1.623738647315008132e-04
-1.597384060846082762e-04
-1.570181153060150954e-04
-1.542179364534794895e-04
-1.513427478125846989e-04
-1.483973449674313386e-04
-1.453864301644939574e-04
-1.423146080872305459e-04
-1.391863879277588367e-04
-1.360061914041221917e-04
-1.327783661509963312e-04
-1.295072037084008475e-04
-1.261969611534944637e-04
-1.228518852775885609e-04
-1.194762381074019925e-04
-1.160743225060131335e-04
-1.126505065782369599e-04
-1.092092456348381168e-04
-1.057551005520798254e-04
-1.022927514880383175e-04
-9.882700608007698780e-05
-9.536280144739344865e-05
-9.190519954976049974e-05
-8.845937569633485623e-05
-8.503060025556900890e-05
-8.162421386956260653e-05
-7.824559672246628726e-05
-7.490013263919826757e-05
-7.159316898775318371e-05
-6.832997352174762060e-05
-6.511568942155213026e-05
-6.195528986550181234e-05
-5.885353348908286663e-05
-5.581492206303953946e-05
-5.284366164699500054e-05
-4.994362835394413903e-05
-4.711833969730561572e-05
-4.437093229409973250e-05
-4.170414647303721665e-05
-3.912031809215560721e-05
-3.662137761927382286e-05
-3.420885627773394142e-05
-3.188389882089249675e-05
-2.964728228069306182e-05
-2.749943984606253856e-05
-2.544048887361821670e-05
-2.347026192168790831e-05
-2.158833963239996666e-05
-1.979408426731219743e-05
-1.808667272990376854e-05
-1.646512798062141681e-05
-1.492834786324322758e-05
-1.347513050961674373e-05
-1.210419566567590850e-05
-1.081420147764307663e-05
-9.603756484661367106e-06
-8.471426773043544623e-06
-7.415738450188402500e-06
-6.435175783543449303e-06
-5.528175514832014815e-06
-4.693117996444007540e-06
-3.928315899172272433e-06
-3.232001306466620295e-06
-2.602312038445752672e-06
-2.037278038580889391e-06
-1.534808610397043098e-06
-1.092681213303637033e-06
-7.085324209725099161e-07
-3.798515193047594446e-07
-1.039770790317775666e-07
1.219033111473200131e-07
3.007501141873427037e-07
4.356658235124777217e-07
5.298860870776474397e-07
5.867683242152569207e-07
6.097782715083896245e-07
6.024749558614003686e-07
5.684946280185074945e-07
5.115341962950772177e-07
4.353346794571406116e-07
3.436651525453665531e-07
2.403075925056892169e-07
1.290429468174709834e-07
1.363865258098872171e-08
-1.021622690934855920e-07
-2.146505217046296527e-07
-3.201583223938100527e-07
-4.150658385146056693e-07
-4.958065146965091553e-07
-5.588715921041954606e-07
-6.008141603813529145e-07
-6.182531003150594000e-07
-6.078772712324850947e-07
-5.664502719661273913e-07
-4.908160600097130841e-07
-3.779056526167721004e-07
-2.247450596744523871e-07
-2.846451497769347472e-08
2.136910153313201193e-07
5.043501566512398222e-07
8.460024757535278255e-07
1.240985126033047730e-06
1.691469121398775627e-06
2.199445620987304526e-06
2.766712638230777108e-06
3.394862600604453466e-06
4.085271179418604783e-06
4.839087783411538806e-06
5.657228065914677287e-06
6.540368735909210113e-06
7.488944889896024576e-06
8.503149998705909903e-06
9.582938593434484596e-06
1.072803160254096744e-05
1.193792420063254069e-05
1.321189594363190424e-05
1.454902288700419077e-05
1.594819131793593392e-05
1.740811268011373416e-05
1.892733923452651044e-05
2.050427998111778040e-05
2.213721636635598917e-05
2.382431731897634972e-05
2.556365319140899733e-05
2.735320823408523197e-05
2.919089129369802966e-05
3.107454450034319787e-05
3.300194979099933996e-05
3.497083320312465793e-05
3.697886696047674712e-05
3.902366945887791617e-05
4.110280334095087028e-05
4.321377192137308882e-05
4.535401428658818830e-05
4.752089944230728115e-05
4.971171991768458785e-05
5.192368525481780506e-05
5.415391581657157338e-05
5.639943733420311941e-05
5.865717659015178042e-05
6.092395859103449799e-05
6.319650553378654051e-05
6.547143780565876155e-05
6.774527718900415403e-05
7.001445236670405679e-05
7.227530674669286064e-05
7.452410854707317857e-05
7.675706300927482391e-05
7.897032653801724521e-05
8.116002250574545199e-05
8.332225840811092153e-05
8.545314401672863354e-05
8.754881014757661078e-05
8.960542764819553552e-05
9.161922620540453735e-05
9.358651258629111565e-05
9.550368794861899388e-05
9.736726389181701315e-05
9.917387696385391899e-05
1.009203013925144234e-04
1.026034598683860268e-04
1.042204322692863666e-04
1.057684622815011457e-04
1.072449619371474279e-04
1.086475141490265002e-04
1.099738733820479025e-04
1.112219646507174982e-04
1.123898810761125112e-04
1.134758802693705727e-04
1.144783798318339379e-04
1.153959522760942310e-04
1.162273196733487428e-04
1.169713483240105741e-04
1.176270437297109234e-04
1.181935461156489981e-04
1.186701267166009443e-04
1.190561849959510327e-04
1.193512469178954755e-04
1.195549643421938275e-04
1.196671155563429009e-04
1.196876069072542510e-04
1.196164754439666279e-04
1.194538924350829556e-04
1.192001675846550939e-04
1.188557537352216567e-04
1.184212518199846611e-04
1.178974158101557160e-04
1.172851573945513982e-04
1.165855501307091308e-04
1.157998328183260279e-04
1.149294118650678046e-04
1.139758624445290336e-04
1.129409282808809412e-04
1.118265199355703834e-04
1.106347115184104724e-04
1.093677357925465455e-04
1.080279776925144731e-04
1.066179663233655901e-04
1.051403655539383697e-04
1.035979633606502629e-04
1.019936601139414520e-04
1.003304560288786640e-04
9.861143802478932699e-05
9.683976625153943162e-05
9.501866054540414482e-05
9.315138707397564450e-05
9.124124541623589298e-05
8.929155630469246614e-05
8.730565022801683420e-05
8.528685705855065845e-05
8.323849683139570438e-05
8.116387175881316265e-05
7.906625952008699816e-05
7.694890782302528604e-05
7.481503018962514038e-05
7.266780287936473140e-05
7.051036282714312736e-05
6.834580644198686241e-05
6.617718908955897935e-05
6.400752506358128987e-05
6.183978784219319226e-05
5.967691042358168687e-05
5.752178554058756140e-05
5.537726556761708653e-05
5.324616195234693734e-05
5.113124402955092259e-05
4.903523710464239161e-05
4.696081972703159210e-05
4.491062010843610553e-05
4.288721167711511756e-05
4.089310779350370642e-05
3.893075568631041767e-05
3.700252969774981034e-05
3.511072395241762750e-05
3.325754458581860304e-05
3.144510168393221749e-05
2.967540109536291628e-05
2.795033628189610970e-05
2.627168037166263093e-05
2.464107857259716929e-05
2.306004109235539539e-05
2.152993669519884620e-05
2.005198700786364201e-05
1.862726166533750251e-05
1.725667436511060679e-05
1.594097987575241035e-05
1.468077202339885676e-05
1.347648265861614282e-05
1.232838158719384074e-05
1.123657743167004721e-05
1.020101937662572888e-05
9.221499740160113835e-06
8.297657306175287655e-06
7.428981347396498383e-06
6.614816267161098467e-06
5.854366788050681820e-06
5.146703617809142715e-06
4.490769526414295725e-06
3.885385772278857382e-06
3.329258820380451786e-06
2.820987299308386438e-06
2.359069148061964583e-06
1.941908906424110990e-06
1.567825104353985291e-06
1.235057706752865052e-06
9.417755693531600379e-07
6.860838603181585843e-07
4.660313999093639221e-07
2.796178685444914732e-07
1.248008311750049505e-07
-4.974754654634219250e-10
-9.838364708482488965e-08
-1.709869607422389921e-07
-2.204536192716733680e-07
-2.489414371869246891e-07
-2.586150073902106771e-07
-2.516413786077937501e-07
-2.301862623353694786e-07
-1.964107746932183005e-07
-1.524687038746548719e-07
-1.005042777827486491e-07
-4.265039004465184473e-08
1.897277387554628416e-08
8.225878420875954784e-08
1.451157759906461840e-07
2.054671194538622803e-07
2.612520605073376315e-07
3.104264456643160054e-07
3.509636476971411054e-07
3.808558059087674745e-07
3.981154884738043550e-07
4.007778734027345531e-07
3.869035299958797643e-07
3.545818641354438253e-07
3.019352692122706453e-07
2.271240004314881549e-07
1.283517645335320255e-07
3.871990442172906153e-09
-1.480052800831431038e-07
-3.289059680112529223e-07
-5.403841084795125493e-07
-7.839137082611158927e-07
-1.060880456372446231e-06
-1.372573447514562694e-06
-1.720177085978398707e-06
-2.104763340311582500e-06
-2.527284516591836829e-06
-2.988566710211046103e-06
-3.489304083239038076e-06
-4.030054097037080136e-06
-4.611233807901251021e-06
-5.233117308542645331e-06
-5.895834370585556739e-06
-6.599370313690482693e-06
-7.343567096949044037e-06
-8.128125598043307152e-06
-8.952609016995188477e-06
-9.816447314818212700e-06
-1.071894257335543804e-05
-1.165927514272334427e-05
-1.263651042697496073e-05
-1.364960614739918471e-05
-1.469741991692476592e-05
-1.577871695793749417e-05
-1.689217780002890475e-05
-1.803640580319679603e-05
-1.920993436518063371e-05
-2.041123368914566938e-05
-2.163871700860897507e-05
-2.289074618966506974e-05
-2.416563665577364263e-05
-2.546166160622018320e-05
-2.677705552566489816e-05
-2.811001700760459070e-05
-2.945871093824278355e-05
-3.082127010912262484e-05
-3.219579634558744689e-05
-3.358036125343178470e-05
-3.497300669769027979e-05
-3.637174513488650624e-05
-3.777455992345479780e-05
-3.917940573601806479e-05
-4.058420919195900576e-05
-4.198686982017192448e-05
-4.338526144939126286e-05
-4.477723410830296264e-05
-4.616061649992685189e-05
-4.753321909529228348e-05
-4.889283787112540529e-05
-5.023725869488324401e-05
-5.156426233975974804e-05
-5.287163009254328854e-05
-5.415714989848424005e-05
-5.541862297097802326e-05
-5.665387077959855477e-05
-5.786074231895832823e-05
-5.903712155289735639e-05
-6.018093492309550108e-05
-6.129015880993257540e-05
-6.236282683518680839e-05
-6.339703690067975336e-05
-6.439095786486865203e-05
-6.534283576930205808e-05
-6.625099953948587240e-05
-6.711386609904398427e-05
-6.792994485073390045e-05
-6.869784149427291377e-05
-6.941626116787192984e-05
-7.008401091502124874e-05
-7.070000149464317880e-05
-7.126324856573815420e-05
-7.177287329061397998e-05
-7.222810241147368377e-05
-7.262826786265620595e-05
-7.297280598727052810e-05
-7.326125643115873932e-05
-7.349326078657817340e-05
-7.366856105831206018e-05
-7.378699801999549139e-05
-7.384850952349276249e-05
-7.385312881680270998e-05
-7.380098291611623387e-05
-7.369229106808385902e-05
-7.352736332822184054e-05
-7.330659926827759888e-05
-7.303048681609998830e-05
-7.269960121914200639e-05
-7.231460411346621417e-05
-7.187624267112501701e-05
-7.138534879006214857e-05
-7.084283828510801987e-05
-7.024971003480806001e-05
-6.960704503419669462e-05
-6.891600530482240659e-05
-6.817783261262627312e-05
-6.739384694793453846e-05
-6.656544472617721404e-05
-6.569409667277228385e-05
-6.478134536331479855e-05
-6.382880239875521366e-05
-6.283814520214629708e-05
-6.181111343457502819e-05
-6.074950503553168234e-05
-5.965517190290956781e-05
-5.853001523643296187e-05
-5.737598057540764095e-05
-5.619505256934464272e-05
-5.498924952648515227e-05
-5.376061778836139555e-05
-5.251122598374044780e-05
-5.124315921584049390e-05
-4.995851323820721504e-05
-4.865938867384392627e-05
-4.734788532942144030e-05
-4.602609665376189440e-05
-4.469610438568401620e-05
-4.335997343036603372e-05
-4.201974699783183497e-05
-4.067744203063735730e-05
-3.933504494090552509e-05
-3.799450767008847880e-05
-3.665774407723657063e-05
-3.532662665522292520e-05
-3.400298356810315428e-05
-3.268859599635321801e-05
-3.138519577168287354e-05
-3.009446327861651930e-05
-2.881802559620427824e-05
-2.755745485047589479e-05
-2.631426674592885184e-05
-2.508991924349135422e-05
-2.388581135239432323e-05
-2.270328200367536140e-05
-2.154360897470358074e-05
-2.040800783658378373e-05
-1.929763089889263949e-05
-1.821356613024359243e-05
-1.715683603690314513e-05
-1.612839648642824185e-05
-1.512913546831584761e-05
-1.415987178861868757e-05
-1.322135370079897857e-05
-1.231425748051006536e-05
-1.143918595708049384e-05
-1.059666701958854096e-05
-9.787152120099899100e-06
-9.011014800882295037e-06
-8.268549276278209807e-06
-7.559969103050322949e-06
-6.885405975377109592e-06
-6.244908682392663369e-06
-5.638442266952882305e-06
-5.065887424021093001e-06
-4.527040176133984592e-06
-4.021611861128998352e-06
-3.549229464253920982e-06
-3.109436322835908521e-06
-2.701693226602019029e-06
-2.325379930956340900e-06
-1.979797094218628018e-06
-1.664168642398539221e-06
-1.377644557985447772e-06
-1.119304081130265943e-06
-8.881593038720589522e-07
-6.831591304925008004e-07
-5.031935696197874252e-07
-3.470983168936733445e-07
-2.136595812484227834e-07
-1.016191024377440639e-07
-9.679303954240439131e-09
6.349147747696615089e-08
1.192537458549734759e-07
1.589916429681506882e-07
1.841078467202847043e-07
1.960186256979533149e-07
1.961491003023742819e-07
1.859287549778573228e-07
1.667872389442653544e-07
1.401504848552388467e-07
1.074371660591043356e-07
7.005550369470481760e-08
2.940042541070229950e-08
-1.314893198912308678e-08
-5.623139298511453939e-08
-9.850561232710246284e-08
-1.386516758719879693e-07
-1.753724731094771412e-07
-2.073948865531414149e-07
-2.334708470283963172e-07
-2.523783060916767417e-07
-2.629221773691349834e-07
-2.639352974843603385e-07
-2.542794544557622793e-07
-2.328465270564396038e-07
-1.985597728692312648e-07
-1.503752956806140345e-07
-8.728371482009308827e-08
-8.312050164346607827e-09
8.747417278300838190e-08
2.009686029146662418e-07
3.330215432350509934e-07
4.844372539441811710e-07
6.559711109512378720e-07
8.483266592817851279e-07
1.062152607228391104e-06
1.298039811990987677e-06
1.556518310994238778e-06
1.838054455016920210e-06
2.143048199439609776e-06
2.471830608595067176e-06
2.824661625225461385e-06
3.201728152562126041e-06
3.603142490956280334e-06
4.028941163990126466e-06
4.479084161191671337e-06
4.953454616131147591e-06
5.451858929652388841e-06
5.974027339091394923e-06
6.519614925325311524e-06
7.088203040930973250e-06
7.679301134958845941e-06
8.292348942563166031e-06
8.926719001659290861e-06
9.581719453965009643e-06
1.025659708400247438e-05
1.095054054742835159e-05
1.166268373906908373e-05
1.239210925142960506e-05
1.313785187632529067e-05
1.389890210506060387e-05
1.467420958662203461e-05
1.546268650840793018e-05
1.626321086958727413e-05
1.707462962351159473e-05
1.789576167212938738e-05
1.872540070209282857e-05
1.956231785901119987e-05
2.040526426249842835e-05
2.125297337071191872e-05
2.210416320838848531e-05
2.295753847689233843e-05
2.381179256848138466e-05
2.466560950968758946e-05
2.551766586051161881e-05
2.636663259675192997e-05
2.721117700247236215e-05
2.804996459835953294e-05
2.888166112956487853e-05
2.970493463361870053e-05
3.051845760530822805e-05
3.132090927128260800e-05
3.211097798249908417e-05
3.288736372779479624e-05
3.364878076679359145e-05
3.439396037564125693e-05
3.512165369424850961e-05
3.583063465945186506e-05
3.651970300447485835e-05
3.718768730195347040e-05
3.783344802497013213e-05
3.845588059870572059e-05
3.905391841390742506e-05
3.962653577320237062e-05
4.017275074141324375e-05
4.069162787220523741e-05
4.118228078491005913e-05
4.164387456801625414e-05
4.207562798843974590e-05
4.247681548915780754e-05
4.284676896114962736e-05
4.318487927978812476e-05
4.349059759948194930e-05
4.376343640449610514e-05
4.400297031739216623e-05
4.420883667053191591e-05
4.438073584903432607e-05
4.451843141668966792e-05
4.462175003845365948e-05
4.469058121552031335e-05
4.472487684998484726e-05
4.472465065722985741e-05
4.468997744409041378e-05
4.462099227110026393e-05
4.451788951598584010e-05
4.438092185450770606e-05
4.421039917325628307e-05
4.400668742671334311e-05
4.377020744918469811e-05
4.350143372955706710e-05
4.320089315416602308e-05
4.286916372107806879e-05
4.250687322623389845e-05
4.211469791978355367e-05
4.169336112897455214e-05
4.124363184179659375e-05
4.076632324459916707e-05
4.026229120551001809e-05
3.973243269456923951e-05
3.917768413168756065e-05
3.859901965319837439e-05
3.799744928846669637e-05
3.737401703899400008e-05
3.672979885338588726e-05
3.606590049359637782e-05
3.538345528942665307e-05
3.468362178017769234e-05
3.396758124501829791e-05
3.323653512556918709e-05
3.249170234670533530e-05
3.173431654396587586e-05
3.096562320791010180e-05
3.018687675820566082e-05
2.939933756185699753e-05
2.860426891143626291e-05
2.780293398084373062e-05
2.699659277675521633e-05
2.618649910459638664e-05
2.537389756818920252e-05
2.456002062178426067e-05
2.374608569296421883e-05
2.293329239377565361e-05
2.212281983610179360e-05
2.131582406595653701e-05
2.051343562931202358e-05
1.971675728003951736e-05
1.892686183834107460e-05
1.814479020547981054e-05
1.737154953839201908e-05
1.660811158515519958e-05
1.585541117982212748e-05
1.511434489302467193e-05
1.438576983246982061e-05
1.367050258560324265e-05
1.296931829511643701e-05
1.228294985656831863e-05
1.161208722652127360e-05
1.095737682893030869e-05
1.031942104723388490e-05
9.698777789864977344e-06
9.095960117347906803e-06
8.511435920056872556e-06
7.945627636967989761e-06
7.398912007213096170e-06
6.871619848091313953e-06
6.364035855155549674e-06
5.876398422114344119e-06
5.408899480536422386e-06
4.961684361593041424e-06
4.534851684229373187e-06
4.128453276265056797e-06
3.742494136812160672e-06
3.376932450016494264e-06
3.031679661541366643e-06
2.706600630185546391e-06
2.401513867638969694e-06
2.116191879665882708e-06
1.850361621724512289e-06
1.603705081435735667e-06
1.375859999290161389e-06
1.166420737423871286e-06
9.749393045809358894e-07
8.009265431928407807e-07
6.438534820319898038e-07
5.031528553719776778e-07
3.782207867532417835e-07
2.684186326407525037e-07
1.730749785070527481e-07
9.148777705663797316e-08
2.292661584815961733e-08
-3.336490074387283360e-08
-7.816667237033536685e-08
-1.122795450164895220e-07
-1.365226947578404170e-07
-1.517309737011326390e-07
-1.587522391274631966e-07
-1.584446867764508427e-07
-1.516742085150930426e-07
-1.393117935463311031e-07
-1.222309908858872961e-07
-1.013054488794891885e-07
-7.740654536485333093e-08
-5.140111965555271200e-08
-2.414931482065042616e-08
3.497463928200486330e-09
3.069847176244594346e-08
5.662542742427849849e-08
8.046419934550466538e-08
1.014163794511211828e-07
1.187007514540702841e-07
1.315546622847123447e-07
1.392353067151126883e-07
1.410209362509900323e-07
1.362120039763201785e-07
1.241322571737339967e-07
1.041297892797027553e-07
7.557806203694252485e-08
3.787690762983046152e-08
-9.546480823735468892e-09
-6.723656377467248245e-08
-1.357084700090100988e-07
-2.154470090890884800e-07
-3.069056810510352071e-07
-4.105056852137922331e-07
-5.266349320939364257e-07
-6.556470645341874313e-07
-7.978604960129369177e-07
-9.535574758063162547e-07
-1.122983191976055966e-06
-1.306344924284048056e-06
-1.503811259764211738e-06
-1.715511384071621855e-06
-1.941534461583201168e-06
-2.181929116901906256e-06
-2.436703029532241812e-06
-2.705822652476206162e-06
-2.989213063973596356e-06
-3.286757960060343040e-06
-3.598299793662526636e-06
-3.923640064007096940e-06
-4.262539757940328084e-06
-4.614719942705403712e-06
-4.979862507543916285e-06
-5.357611049543249573e-06
-5.747571897167343060e-06
-6.149315263313235886e-06
-6.562376518166178334e-06
-6.986257570972573776e-06
-7.420428348819132586e-06
-7.864328359949422596e-06
-8.317368328715296104e-06
-8.778931889275394849e-06
-9.248377325298022671e-06
-9.725039343529230581e-06
-1.020823086974725417e-05
-1.069724485662540924e-05
-1.119135609409607417e-05
-1.168982301413584897e-05
-1.219188948317322689e-05
-1.269678657674053945e-05
-1.320373433235981613e-05
-1.371194347803674801e-05
-1.422061713498003190e-05
-1.472895249431806825e-05
-1.523614246858730301e-05
-1.574137731966844045e-05
-1.624384626543438372e-05
-1.674273906780823478e-05
-1.723724760527281036e-05
-1.772656743283027551e-05
-1.820989933230945040e-05
-1.868645085551499759e-05
-1.915543786224088593e-05
-1.961608605459949151e-05
-2.006763250819497906e-05
-2.050932719987948486e-05
-2.094043453098585569e-05
-2.136023484389119929e-05
-2.176802592889644274e-05
-2.216312451742154832e-05
-2.254486775675860975e-05
-2.291261466094673385e-05
-2.326574753149782457e-05
-2.360367334134250584e-05
-2.392582507505281348e-05
-2.423166301808912302e-05
-2.452067598788417444e-05
-2.479238249956739195e-05
-2.504633185953614207e-05
-2.528210518058080742e-05
-2.549931631256014357e-05
-2.569761268352219389e-05
-2.587667604696278982e-05
-2.603622313163579734e-05
-2.617600619138487302e-05
-2.629581345322595649e-05
-2.639546946303654421e-05
-2.647483532919163180e-05
-2.653380886506983134e-05
-2.657232463246320006e-05
-2.659035388866112700e-05
-2.658790444050019669e-05
-2.656502040938093232e-05
-2.652178191148247001e-05
-2.645830465792374942e-05
-2.637473947984836939e-05
-2.627127178314667071e-05
-2.614812093779077178e-05
-2.600553960656451884e-05
-2.584381301757000140e-05
-2.566325818471638524e-05
-2.546422307977400901e-05
-2.524708575932032390e-05
-2.501225344945399041e-05
-2.476016159028499982e-05
-2.449127284205563650e-05
-2.420607605418895607e-05
-2.390508519799643984e-05
-2.358883826354497484e-05
-2.325789612064716708e-05
-2.291284134391893839e-05
-2.255427700170558448e-05
-2.218282540831967477e-05
-2.179912683930124457e-05
-2.140383820977253805e-05
-2.099763171556130956e-05
-2.058119343778234441e-05
-2.015522191142438566e-05
-1.972042665927345055e-05
-1.927752669302981538e-05
-1.882724898377257224e-05
-1.837032690472985386e-05
-1.790749865009481776e-05
-1.743950563369926133e-05
-1.696709087250936545e-05
-1.649099735997929927e-05
-1.601196643503874294e-05
-1.553073615288398060e-05
-1.504803966383522886e-05
-1.456460360691704956e-05
-1.408114652508752715e-05
-1.359837730862858777e-05
-1.311699367357333306e-05
-1.263768068149294760e-05
-1.216110930685194320e-05
-1.168793505772688042e-05
-1.121879665502330981e-05
-1.075431477485726099e-05
-1.029509085823581862e-05
-9.841705991177363157e-06
-9.394719857968825648e-06
-8.954669769307519470e-06
-8.522069766419613262e-06
-8.097409801522159441e-06
-7.681154994202275113e-06
-7.273744962685936349e-06
-6.875593228474316716e-06
-6.487086692137594269e-06
-6.108585177791610062e-06
-5.740421043385119113e-06
-5.382898853726792095e-06
-5.036295113098927433e-06
-4.700858054239815201e-06
-4.376807480607249135e-06
-4.064334659048080804e-06
-3.763602260235844887e-06
-3.474744344605726687e-06
-3.197866391951443382e-06
-2.933045373280264005e-06
-2.680329864042064824e-06
-2.439740198341203120e-06
-2.211268664233728735e-06
-1.994879740690779869e-06
-1.790510377271654797e-06
-1.598070317889853852e-06
-1.417442470393273671e-06
-1.248483323901076776e-06
-1.091023415967252266e-06
-9.448678517140034612e-07
-8.097968769689593782e-07
-6.855665072832332051e-07
-5.719092144775865553e-07
-4.685346719588995073e-07
-3.751305595840220315e-07
-2.913634283976697171e-07
-2.168796248455677719e-07
-1.513062735759791775e-07
-9.425231715199339298e-08
-4.530961033062854587e-08
-4.054065932920372016e-09
2.995315138184680899e-08
5.716438777238663601e-08
7.804422411039057389e-08
9.306816656423657504e-08
1.027213095787334676e-07
1.074969773955200716e-07
1.078953504512404444e-07
1.044220830587694788e-07
9.758691881973162542e-08
8.790231012833389711e-08
7.588204784649626178e-08
6.203990702719385890e-08
4.688831405995373007e-08
3.093704021654126696e-08
1.469192603649528444e-08
-1.346359633476517379e-09
-1.668352270297166696e-08
-3.083280638246938926e-08
-4.331611125576279738e-08
-5.366507146895622833e-08
-6.142208625598251518e-08
-6.614130650619105304e-08
-6.738957654891146318e-08
-6.474733173903714677e-08
-5.780945272680668902e-08
-4.618607753487383934e-08
-2.950337270910284561e-08
-7.404264878122367067e-09
2.045086597912921994e-08
5.438353034279572420e-08
9.469650900069942077e-08
1.416732681312566426e-07
1.955774090998745875e-07
2.566521527441045571e-07
3.251198583169362270e-07
4.011815775344321024e-07
4.850166446189540138e-07
5.767823034900355560e-07
6.766133735888228164e-07
7.846219561089207035e-07
9.008971826028457054e-07
1.025505008090100297e-06
1.158488050911216723e-06
1.299865481580855674e-06
1.449632962865785399e-06
1.607762643198456005e-06
1.774203205324262395e-06
1.948879971906247716e-06
2.131695069446877288e-06
2.322527651542816652e-06
2.521234182130206124e-06
2.727648778905745946e-06
2.941583616701143587e-06
3.162829390104873813e-06
3.391155834155750210e-06
3.626312301543504574e-06
3.868028394268580958e-06
4.116014647329747747e-06
4.369963261687297052e-06
4.629548883398029965e-06
4.894429425592503364e-06
5.164246929735941103e-06
5.438628462467893399e-06
5.717187044270114666e-06
5.999522606121864280e-06
6.285222970339971578e-06
6.573864851907528403e-06
6.865014876668337464e-06
7.158230612947385181e-06
7.453061613323591399e-06
7.749050463512395257e-06
8.045733835563099797e-06
8.342643542755910144e-06
8.639307593879132463e-06
8.935251244786909260e-06
9.229998045349758684e-06
9.523070880125736711e-06
9.813993001229358624e-06
1.010228905208055233e-05
1.038748608081058891e-05
1.066911454215204291e-05
1.094670928675739798e-05
1.121981053688726259e-05
1.148796484740364510e-05
1.175072605096335878e-05
1.200765618622370174e-05
1.225832640787531939e-05
1.250231787714128941e-05
1.273922263126890202e-05
1.296864443050091605e-05
1.319019958085167310e-05
1.340351773093446223e-05
1.360824264097053214e-05
1.380403292201832734e-05
1.399056274352223858e-05
1.416752250711842357e-05
1.433461948464934043e-05
1.449157841845921102e-05
1.463814208200612622e-05
1.477407179897574903e-05
1.489914791910973828e-05
1.501317024923012749e-05
1.511595843801215746e-05
1.520735231332145281e-05
1.528721217104194691e-05
1.535541901468955102e-05
1.541187474522951370e-05
1.545650230083936945e-05
1.548924574649497853e-05
1.551007031364929749e-05
1.551896239038284633e-05
1.551592946271434725e-05
1.550100000784481884e-05
1.547422334046054745e-05
1.543566941324349591e-05
1.538542857297970625e-05
1.532361127363704993e-05
1.525034774805276540e-05
1.516578763978218016e-05
1.507009959680273879e-05
1.496347082865115957e-05
1.484610662874197031e-05
1.471822986343859660e-05
1.458008042951058851e-05
1.443191468143111441e-05
1.427400483007740779e-05
1.410663831418141204e-05
1.393011714592053474e-05
1.374475723183417971e-05
1.355088767037722664e-05
1.334885002721954278e-05
1.313899758946477751e-05
1.292169459982531321e-05
1.269731547193797493e-05
1.246624398788932421e-05
1.222887247913884791e-05
1.198560099196249790e-05
1.173683643876827863e-05
1.148299173657315976e-05
1.122448493413221384e-05
1.096173832919723674e-05
1.069517757765995045e-05
1.042523079631964827e-05
1.015232766123477260e-05
9.876898503636833684e-06
9.599373405641619761e-06
9.320181297981139818e-06
9.039749062157147823e-06
8.758500639410856262e-06
8.476856149077088639e-06
8.195231018839573529e-06
7.914035129452150221e-06
7.633671976505866980e-06
7.354537851715417405e-06
7.077021046227593168e-06
6.801501078317817677e-06
6.528347947694668026e-06
6.257921418577122747e-06
5.990570333489681325e-06
5.726631959560607843e-06
5.466431368937188752e-06
5.210280854679797423e-06
4.958479383351923879e-06
4.711312085262276769e-06
4.469049783096248955e-06
4.231948559496001901e-06
4.000249363923785000e-06
3.774177658943282849e-06
3.553943105899311774e-06
3.339739289785139067e-06
3.131743482973429310e-06
2.930116447355114498e-06
2.735002274319588982e-06
2.546528261954014497e-06
2.364804828777637169e-06
2.189925463290645515e-06
2.021966708611738010e-06
1.860988181487066665e-06
1.707032624960789786e-06
1.560125994058692350e-06
1.420277573858338766e-06
1.287480129377893985e-06
1.161710086777537903e-06
1.042927745413088818e-06
9.310775203293551563e-07
8.260882148374854440e-07
7.278733228276598734e-07
6.363313605121562393e-07
5.513462272885534157e-07
4.727875953862155759e-07
4.005113279511870042e-07
3.343599251607624364e-07
2.741629978871600548e-07
2.197377683670530034e-07
1.708895971957507543e-07
1.274125358788673155e-07
8.908990404166676318e-08
5.569489023116584756e-08
2.699117513576375053e-08
2.733575880200985279e-09
-1.733129010372973386e-08
-3.346432324271901965e-08
-4.593324381705349967e-08
-5.501187967562337735e-08
-6.097944167471455425e-08
-6.411978897508154470e-08
-6.472068637261188476e-08
-6.307305592380938941e-08
-5.947022516191728766e-08
-5.420717420228942042e-08
-4.757978405727436664e-08
-3.988408842517932165e-08
-3.141553118094265633e-08
-2.246823173502284946e-08
-1.333426032139832774e-08
-4.302925188154335914e-09
4.339926460499055303e-09
1.231259205225380641e-08
1.933818017026211125e-08
2.514525856992394872e-08
2.946848238509700899e-08
3.204920135476148501e-08
3.263604504644543667e-08
3.098548517831310278e-08
2.686237426388322762e-08
2.004045991609819416e-08
1.030287424658261427e-08
-2.557402119676411300e-09
-1.873710181935768432e-08
-3.842225865932953399e-08
-6.178782196250639096e-08
-8.899729761382271911e-08
-1.202024160511372917e-07
-1.555428274375132560e-07
-1.951458242358949860e-07
-2.391260914192276340e-07
-2.875854845591204922e-07
-3.406128360259251852e-07
-3.982837895661341874e-07
-4.606606635105381173e-07
-5.277923428752263483e-07
-5.997142006227081331e-07
-6.764480483174745252e-07
-7.580021164094785280e-07
-8.443710643515633324e-07
-9.355360206885872686e-07
-1.031464653242231720e-06
-1.132111269427995837e-06
-1.237416946675366115e-06
-1.347309692854234004e-06
-1.461704636492419853e-06
-1.580504246501875380e-06
-1.703598581017288494e-06
-1.830865564828233830e-06
-1.962171294806387524e-06
-2.097370372595660375e-06
-2.236306263730842091e-06
-2.378811682258061099e-06
-2.524708999798819278e-06
-2.673810677941400259e-06
-2.825919722727964348e-06
-2.980830159946477301e-06
-3.138327529845741541e-06
-3.298189399863216159e-06
-3.460185893882928822e-06
-3.624080236519088094e-06
-3.789629310882556151e-06
-3.956584228291261928e-06
-4.124690908365137404e-06
-4.293690667958565369e-06
-4.463320817388064464e-06
-4.633315262450307972e-06
-4.803405110735796074e-06
-4.973319280782522861e-06
-5.142785112644622896e-06
-5.311528978501696524e-06
-5.479276891961537744e-06
-5.645755114750974147e-06
-5.810690759532216372e-06
-5.973812387624864277e-06
-6.134850600444576961e-06
-6.293538623496460404e-06
-6.449612881805647423e-06
-6.602813565691578358e-06
-6.752885185821175689e-06
-6.899577116478681585e-06
-7.042644126041531193e-06
-7.181846893652113047e-06
-7.316952511104219562e-06
-7.447734968953112464e-06
-7.573975625916893493e-06
-7.695463660627272100e-06
-7.811996504827907727e-06
-7.923380257104438402e-06
-8.029430076312356091e-06
-8.129970553855526459e-06
-8.224836064037569265e-06
-8.313871091694283671e-06
-8.396930536433486729e-06
-8.473879992802700657e-06
-8.544596005797656130e-06
-8.608966301136587997e-06
-8.666889989838854824e-06
-8.718277746736180457e-06
-8.763051962522034054e-06
-8.801146869104115573e-06
-8.832508638101407551e-06
-8.857095452366088798e-06
-8.874877550537967167e-06
-8.885837244656688246e-06
-8.889968911000923263e-06
-8.887278954416672567e-06
-8.877785746363608913e-06
-8.861519537080383239e-06
-8.838522342329346846e-06
-8.808847805195350289e-06
-8.772561033527772757e-06
-8.729738413595891004e-06
-8.680467400644512933e-06
-8.624846287093026955e-06
-8.562983949040390888e-06
-8.494999571881299043e-06
-8.421022355849199891e-06
-8.341191202273667797e-06
-8.255654381418203044e-06
-8.164569182700288675e-06
-8.068101548184794630e-06
-7.966425690254201670e-06
-7.859723694259819818e-06
-7.748185107072540819e-06
-7.632006512441972322e-06
-7.511391094031672124e-06
-7.386548187064219410e-06
-7.257692819447248096e-06
-7.125045243333660970e-06
-6.988830458084005400e-06
-6.849277725513664699e-06
-6.706620078429458061e-06
-6.561093823450685791e-06
-6.412938039098937330e-06
-6.262394070200830925e-06
-6.109705019616849015e-06
-5.955115238385202171e-06
-5.798869815392235503e-06
-5.641214067621265398e-06
-5.482393032129940300e-06
-5.322650960905627160e-06
-5.162230819728464834e-06
-5.001373792218116802e-06
-4.840318790192450788e-06
-4.679301971517522607e-06
-4.518556266615110024e-06
-4.358310914721582122e-06
-4.198791011032324512e-06
-4.040217065833001261e-06
-3.882804576654712413e-06
-3.726763614487414927e-06
-3.572298425001619722e-06
-3.419607045713840703e-06
-3.268880939976111184e-06
-3.120304648564757028e-06
-2.974055459627312530e-06
-2.830303097662189543e-06
-2.689209432132798602e-06
-2.550928206251871643e-06
-2.415604786387334616e-06
-2.283375932485049145e-06
-2.154369589833635194e-06
-2.028704702403394846e-06
-1.906491047940296470e-06
-1.787829094946291164e-06
-1.672809881580105602e-06
-1.561514916484810004e-06
-1.454016101482046276e-06
-1.350375676023019481e-06
-1.250646183251791412e-06
-1.154870457482885047e-06
-1.063081632861934273e-06
-9.753031729538322316e-07
-8.915489209684911846e-07
-8.118231702984014330e-07
-7.361207550415731603e-07
-6.644271601390264781e-07
-5.967186507482094401e-07
-5.329624204610755752e-07
-4.731167579408073619e-07
-4.171312315398450626e-07
-3.649468914605946995e-07
-3.164964889615102183e-07
-2.717047121343778836e-07
-2.304884377197539544e-07
-1.927569984170326775e-07
-1.584124651302966913e-07
-1.273499435394721513e-07
-9.945788435986035188e-08
-7.461840665044138188e-08
-5.270763344524033096e-08
-3.359603899946921580e-08
-1.714880687129360994e-08
-3.226198033038208745e-09
8.316071809771743858e-09
1.762644657468398372e-08
2.485713674188323921e-08
3.016371979131974995e-08
3.370473511823050118e-08
3.564127439451864079e-08
3.613656838893618401e-08
3.535557126533335658e-08
3.346454338048543185e-08
3.063063362353563146e-08
2.702146233856211892e-08
2.280470585480652925e-08
1.814768365249606450e-08
1.321694917452905805e-08
8.177885274477822301e-09
3.194305272037869171e-09
-1.571939452127852935e-09
-5.961344406805564144e-09
-9.817128611502742952e-09
-1.298560205740415916e-08
-1.531652320744648269e-08
-1.666344578314305989e-08
-1.688405412443559016e-08
-1.584048645612429168e-08
-1.339964543753595603e-08
-9.433495414012563577e-09
-3.819345835614228553e-09
3.559879651975433662e-09
1.281538889669452754e-08
2.405228211917152023e-08
3.736932836063282767e-08
5.285875782836456180e-08
7.060607044657402688e-08
9.068986087741507459e-08
1.131816602421210706e-07
1.381457947502969594e-07
1.656392614101956486e-07
1.957116209538125117e-07
2.284049081065550208e-07
2.637535592652630405e-07
3.017843576623394469e-07
3.425163960321059122e-07
3.859610567744032756e-07
4.321220095952440551e-07
4.809952265570842249e-07
5.325690144396360735e-07
5.868240643009085421e-07
6.437335180581589871e-07
7.032630519179608545e-07
7.653709764130784574e-07
8.300083527800061810e-07
8.971191253866221318e-07
9.666402698663982928e-07
1.038501956576682255e-06
1.112627728984696495e-06
1.188934696509107705e-06
1.267333741355762544e-06
1.347729738807956261e-06
1.430021790417861600e-06
1.514103469520844394e-06
1.599863078443884680e-06
1.687183916757749337e-06
1.775944559909427274e-06
1.866019147515969596e-06
1.957277680621105347e-06
2.049586327153397126e-06
2.142807734834519247e-06
2.236801350775263361e-06
2.331423746964668656e-06
2.426528950865108379e-06
2.521968780321168627e-06
2.617593181975381600e-06
2.713250572402710575e-06
2.808788181148219238e-06
2.904052394885801820e-06
2.998889101910455760e-06
3.093144036172653847e-06
3.186663120088168894e-06
3.279292805363051598e-06
3.370880411084400879e-06
3.461274458340349798e-06
3.550325000638999296e-06
3.637883949434148901e-06
3.723805394064296271e-06
3.807945915420376741e-06
3.890164892698837498e-06
3.970324802599493387e-06
4.048291510354854891e-06
4.123934551990304436e-06
4.197127407231597456e-06
4.267747762526308221e-06
4.335677763640571804e-06
4.400804257310316400e-06
4.463019021485748566e-06
4.522218983703627326e-06
4.578306427166513530e-06
4.631189184122638894e-06
4.680780816166589370e-06
4.727000781148705094e-06
4.769774586368504629e-06
4.809033927763889008e-06
4.844716814877690217e-06
4.876767681379223868e-06
4.905137480979811568e-06
4.929783768594990875e-06
4.950670766642134757e-06
4.967769416445190478e-06
4.981057414692887713e-06
4.990519234949900026e-06
4.996146134291713243e-06
4.997936145126785768e-06
4.995894052334873541e-06
4.990031355860165347e-06
4.980366218932800810e-06
4.966923402173332391e-06
4.949734183798132285e-06
4.928836266194779656e-06
4.904273669199494771e-06
4.876096610391339365e-06
4.844361372773394235e-06
4.809130160210893809e-06
4.770470941019918661e-06
4.728457280170360941e-06
4.683168160515699091e-06
4.634687793503894758e-06
4.583105419874627237e-06
4.528515100816498324e-06
4.471015500104136723e-06
4.410709657723209178e-06
4.347704755504620187e-06
4.282111875348764154e-06
4.214045750560078468e-06
4.143624510848087283e-06
4.070969421589775913e-06
3.996204617912933040e-06
3.919456834199313022e-06
3.840855129575057559e-06
3.760530610012512484e-06
3.678616147629989272e-06
3.595246097808552809e-06
3.510556014716616770e-06
3.424682365881012827e-06
3.337762246404940293e-06
3.249933093464659493e-06
3.161332401681616545e-06
3.072097440010363678e-06
2.982364970743636702e-06
2.892270971256227122e-06
2.801950359076872103e-06
2.711536720906790281e-06
2.621162046164740878e-06
2.530956465647946259e-06
2.441047995863180509e-06
2.351562289600016077e-06
2.262622393276301266e-06
2.174348511584669981e-06
2.086857779930759749e-06
2.000264045160210831e-06
1.914677655024077342e-06
1.830205256824879514e-06
1.746949605643153817e-06
1.665009382537331113e-06
1.584479023067564709e-06
1.505448556471264542e-06
1.428003455781608402e-06
1.352224499161130637e-06
1.278187642682599244e-06
1.205963904763713394e-06
1.135619262422377185e-06
1.067214559502593464e-06
1.000805426977727171e-06
9.364422154151272221e-07
8.741699396493736159e-07
8.140282356907284692e-07
7.560513298614727419e-07
7.002680201263250386e-07
6.467016695573352980e-07
5.953702118465741611e-07
5.462861687576339925e-07
4.994566793811280040e-07
4.548835410361186906e-07
4.125632616397681213e-07
3.724871233424006430e-07
3.346412572100740089e-07
2.990067287125499146e-07
2.655596337568696210e-07
2.342712049898536799e-07
2.051079280737981322e-07
1.780316676209632934e-07
1.529998024616730877e-07
1.299653698933551157e-07
1.088772185540280905e-07
8.968016954256805016e-08
7.231518538903972344e-08
5.671954647181359931e-08
4.282703445928021755e-08
3.056812233750911742e-08
1.987017058233215007e-08
1.065762900581866577e-08
2.852243810798872301e-09
-3.626730632252648204e-09
-8.862315782163843557e-09
-1.293958920035907759e-08
-1.594546161101474671e-08
-1.796845127039911919e-08
-1.909845616460290327e-08
-1.942652457118122914e-08
-1.904462451335251874e-08
-1.804541263892837987e-08
-1.652200306286288596e-08
-1.456773670180372251e-08
-1.227595163143572830e-08
-9.739754993109508919e-09
-7.051796963989316413e-09
-4.304047307508339315e-09
-1.587575001911021587e-09
1.007668561575846577e-09
3.393062330427499870e-09
5.481523827595128509e-09
7.187712423178699805e-09
8.428227203711053895e-09
9.121799022832038791e-09
9.189476330891960003e-09
8.554804401369921963e-09
7.143997592111219238e-09
4.886104296859844589e-09
1.713164264531568634e-09
-2.439642014992200561e-09
-7.633852141303440686e-09
-1.392758910824814752e-08
-2.137543732252758562e-08
-3.002832755161151027e-08
-3.993343099752285815e-08
-5.113406266809927505e-08
-6.366959419852731416e-08
-7.757537625375107860e-08
-9.288267061825759949e-08
-1.096185920644315325e-07
-1.278060600617245671e-07
-1.474637603729450125e-07
-1.686061165643716918e-07
-1.912432714277133276e-07
-2.153810783010151077e-07
-2.410211022479960508e-07
-2.681606310365216252e-07
-2.967926958415534728e-07
-3.269061015672075117e-07
-3.584854666735716044e-07
-3.915112723701929951e-07
-4.259599210132959972e-07
-4.618038035343746078e-07
-4.990113757015753454e-07
-5.375472429983362128e-07
-5.773722538898397769e-07
-6.184436012212901739e-07
-6.607149314839128198e-07
-7.041364616652912065e-07
-7.486551033783000607e-07
-7.942145939578724504e-07
-8.407556341929002762e-07
-8.882160323484559619e-07
-9.365308541241646110e-07
-9.856325781738390599e-07
-1.035451256811104219e-06
-1.085914681509353364e-06
-1.136948552792278423e-06
-1.188476654112040804e-06
-1.240421029297183799e-06
-1.292702163149599822e-06
-1.345239164765727134e-06
-1.397949953148882382e-06
-1.450751444684464019e-06
-1.503559742041154329e-06
-1.556290324061831584e-06
-1.608858236213542593e-06
-1.661178281159856042e-06
-1.713165209028182128e-06
-1.764733906941774835e-06
-1.815799587394381430e-06
-1.866277975054088420e-06
-1.916085491579108541e-06
-1.965139438044837430e-06
-2.013358174586531952e-06
-2.060661296868087877e-06
-2.106969809002245877e-06
-2.152206292549844101e-06
-2.196295071245093702e-06
-2.239162371101246767e-06
-2.280736475566300286e-06
-2.320947875402855866e-06
-2.359729412992654434e-06
-2.397016420771697351e-06
-2.432746853522471563e-06
-2.466861414253894787e-06
-2.499303673432102876e-06
-2.530020181328674368e-06
-2.558960573278711109e-06
-2.586077667644138157e-06
-2.611327556315235063e-06
-2.634669687585451170e-06
-2.656066941264052470e-06
-2.675485695893137307e-06
-2.692895887976648141e-06
-2.708271063130382652e-06
-2.721588419093404377e-06
-2.732828840540948613e-06
-2.741976925685324837e-06
-2.749021004647593770e-06
-2.753953149617152442e-06
-2.756769176814691122e-06
-2.757468640319997213e-06
-2.756054817821187923e-06
-2.752534688376352783e-06
-2.746918902273409183e-06
-2.739221743121679416e-06
-2.729461082299672149e-06
-2.717658325917125516e-06
-2.703838354441954536e-06
-2.688029455189302703e-06
-2.670263247856846945e-06
-2.650574603323547917e-06
-2.629001555918047739e-06
-2.605585209407372567e-06
-2.580369636941024666e-06
-2.553401775215787746e-06
-2.524731313113066327e-06
-2.494410575102512296e-06
-2.462494399686866897e-06
-2.429040013191150076e-06
-2.394106899183419283e-06
-2.357756663852217771e-06
-2.320052897646343472e-06
-2.281061033506056930e-06
-2.240848201998591749e-06
-2.199483083704391341e-06
-2.157035759179358875e-06
-2.113577556838570115e-06
-2.069180899090981803e-06
-2.023919147075099539e-06
-1.977866444349656451e-06
-1.931097559863949214e-06
-1.883687730563125317e-06
-1.835712503976834386e-06
-1.787247581126554484e-06
-1.738368660100400487e-06
-1.689151280622626754e-06
-1.639670669960188458e-06
-1.590001590504096062e-06
-1.540218189335877474e-06
-1.490393850107278718e-06
-1.440601047550837922e-06
-1.390911204922474022e-06
-1.341394554680717947e-06
-1.292120002685771863e-06
-1.243154996204782738e-06
-1.194565396000332259e-06
-1.146415352752397495e-06
-1.098767188068284569e-06
-1.051681280322134348e-06
-1.005215955545540346e-06
-9.594273835851716449e-07
-9.143694797225127684e-07
-8.700938119441029611e-07
-8.266495140372656293e-07
-7.840832046611057142e-07
-7.424389125376194285e-07
-7.017580078914040554e-07
-6.620791402473525867e-07
-6.234381826835785102e-07
-5.858681826177263722e-07
-5.493993191928467977e-07
-5.140588673138329645e-07
-4.798711683653057987e-07
-4.468576076290524799e-07
-4.150365984069202232e-07
-3.844235728343871533e-07
-3.550309793593244270e-07
-3.268682868437067987e-07
-2.999419952322070499e-07
-2.742556527183622625e-07
-2.498098793251325076e-07
-2.266023968012483418e-07
-2.046280647243806358e-07
-1.838789226889138758e-07
-1.643442384424206034e-07
-1.460105618253689864e-07
-1.288617843548813311e-07
-1.128792042824928995e-07
-9.804159694964154139e-08
-8.432529024697417638e-08
-7.170424497931472095e-08
-6.015013992796658199e-08
-4.963246139067866927e-08
-4.011859697563501525e-08
-3.157393341267738063e-08
-2.396195814008460468e-08
-1.724436442158108506e-08
-1.138115973616074882e-08
-6.330777177359194649e-09
-2.050189602987116496e-09
1.504973744052130695e-09
4.380308411785369981e-09
6.622513995526291832e-09
8.279271755453250051e-09
9.399120876949698179e-09
1.003133366147644140e-08
1.022578993742051858e-08
1.003285097176314595e-08
9.503233176871316068e-09
8.687881892823897346e-09
7.637845533137747721e-09
6.404150376115732821e-09
5.037676278873765361e-09
3.589033591285314625e-09
2.108441543127727934e-09
6.456083665225924524e-10
-7.503865804387336981e-10
-2.031208437833928447e-09
-3.149379965200506394e-09
-4.058391919944897730e-09
-4.712810460383476346e-09
-5.068381348079096617e-09
-5.082130733343126806e-09
-4.712462318252557045e-09
-3.919250699565232941e-09
-2.663930704917832903e-09
-9.095825459654465825e-10
1.378987377064010845e-09
4.235170174245300696e-09
7.690482811851009773e-09
1.177450123557290327e-08
1.651479839394926770e-08
2.193688726688951052e-08
2.806416899877239115e-08
3.491788621833458618e-08
4.251708161705288653e-08
5.087856184803870379e-08
6.001686679180693278e-08
6.994424422212339804e-08
8.067062990024288109e-08
9.220363310282851779e-08
1.045485275873720956e-07
1.177082479789908273e-07
1.316833915537453715e-07
1.464722253846532638e-07
1.620706987996223018e-07
1.784724610909143918e-07
1.956688844079941774e-07
2.136490917503790454e-07
2.323999899673918851e-07
2.519063076623880576e-07
2.721506378863852440e-07
2.931134855009871109e-07
3.147733190744616355e-07
3.371066271677649594e-07
3.600879788630129263e-07
3.836900883710434888e-07
4.078838835508077119e-07
4.326385781643605146e-07
4.579217476833160879e-07
4.836994084591064622e-07
5.099361000564432710e-07
5.365949705478877427e-07
5.636378645636484570e-07
5.910254138804007540e-07
6.187171303306935103e-07
6.466715008136391445e-07
6.748460841771458967e-07
7.031976097486644757e-07
7.316820772775819231e-07
7.602548580592720719e-07
7.888707970083276326e-07
8.174843154423490544e-07
8.460495143430816620e-07
8.745202778593567711e-07
9.028503768178929513e-07
9.309935720106936199e-07
9.589037170236409814e-07
9.865348603821963347e-07
1.013841346788565006e-06
1.040777917223925542e-06
1.067299807702232211e-06
1.093362846457019477e-06
1.118923549357021819e-06
1.143939213344038329e-06
1.168368007691593080e-06
1.192169062898724615e-06
1.215302557030887792e-06
1.237729799325278881e-06
1.259413310896082470e-06
1.280316902367639567e-06
1.300405748289017558e-06
1.319646458175959452e-06
1.338007144038612438e-06
1.355457484273152370e-06
1.371968783791458164e-06
1.387514030272417782e-06
1.402067946441877893e-06
1.415607038275735652e-06
1.428109639057939656e-06
1.439555949208413863e-06
1.449928071817434603e-06
1.459210043843134106e-06
1.467387862921985556e-06
1.474449509756270128e-06
1.480384966063011985e-06
1.485186228067080141e-06
1.488847315539346372e-06
1.491364276384127994e-06
1.492735186790208967e-06
1.492960146983631618e-06
1.492041272611062135e-06
1.489982681797108709e-06
1.486790477939378780e-06
1.482472728300819048e-06
1.477039438476526253e-06
1.470502522814190497e-06
1.462875770875278521e-06
1.454174810047971164e-06
1.444417064408911035e-06
1.433621709945714828e-06
1.421809626269681808e-06
1.409003344941180485e-06
1.395226994546455347e-06
1.380506242662897452e-06
1.364868234856802220e-06
1.348341530877161440e-06
1.330956038193440119e-06
1.312742943037375510e-06
1.293734639123089952e-06
1.273964654209936165e-06
1.253467574686170010e-06
1.232278968346354296e-06
1.210435305540441478e-06
1.187973878886842438e-06
1.164932721725375577e-06
1.141350525493927978e-06
1.117266556223439561e-06
1.092720570333557138e-06
1.067752729921020761e-06
1.042403517725704494e-06
1.016713651960177291e-06
9.907240011993013748e-07
9.644754995079870419e-07
9.380090619903587586e-07
9.113655009488804758e-07
8.845854428294240768e-07
8.577092461322121419e-07
8.307769204607363481e-07
8.038280468777406688e-07
7.769016997427082906e-07
7.500363701874575224e-07
7.232698913877298269e-07
6.966393657881571653e-07
6.701810944264644471e-07
6.439305085010077190e-07
6.179221033171250813e-07
5.921893747422240713e-07
5.667647582983899894e-07
5.416795710071698653e-07
5.169639560960921774e-07
4.926468306743581833e-07
4.687558364720194921e-07
4.453172937329980073e-07
4.223561583424415679e-07
3.998959822613601261e-07
3.779588773373064465e-07
3.565654825466367277e-07
3.357349347176691593e-07
3.154848427777199814e-07
2.958312655568959516e-07
2.767886931740989957e-07
2.583700320213572082e-07
2.405865933565327789e-07
2.234480855044172198e-07
2.069626096593635693e-07
1.911366592737074539e-07
1.759751230090212271e-07
1.614812912194024828e-07
1.476568659281909557e-07
1.345019742518471223e-07
1.220151852177779747e-07
1.101935299156752658e-07
9.903252491450723904e-08
8.852619887176536797e-08
7.866712225273271922e-08
6.944644007417903600e-08
6.085390757801158105e-08
5.287792873689096576e-08
4.550559748600873597e-08
3.872274157191624452e-08
3.251396890263047490e-08
2.686271628021480685e-08
2.175130038976297204e-08
1.716097091794779065e-08
1.307196566722771642e-08
9.463567531213805020e-09
6.314163189818287014e-09
3.601303383780580315e-09
1.301764621969675200e-09
-6.083878241415456888e-10
-2.153735789865303678e-09
-3.359443100096616648e-09
-4.251189618820088111e-09
-4.855104617138585619e-09
-5.197699615197838847e-09
-5.305800850905200166e-09
-5.206481530313046903e-09
-4.926994011963271451e-09
-4.494702079766577448e-09
-3.937013454569078626e-09
-3.281312695859047565e-09
-2.554894640831380255e-09
-1.784898528792372736e-09
-9.982429534328859490e-10
-2.215617852013453495e-10
5.188587985721437138e-10
1.197142040882493407e-09
1.787880958098202138e-09
2.266197191762963407e-09
2.607798236333010787e-09
2.789032923500087391e-09
2.786945049738357242e-09
2.579325037722694283e-09
2.144759527698334501e-09
1.462678800284093516e-09
5.134019375259238432e-10
-7.218203650335985956e-10
-2.260765416929139651e-09
-4.120200657512714161e-09
-6.315848356036636469e-09
-8.862352950551568392e-09
-1.177325108193388035e-08
-1.506094437420567340e-08
-1.873667500404767590e-08
-2.281050409745061677e-08
-2.729129298455104888e-08
-3.218668733574078372e-08
-3.750310419766948001e-08
-4.324572193956600543e-08
-4.941847311402904586e-08
-5.602404023090935937e-08
-6.306385443447643266e-08
-7.053809706941200799e-08
-7.844570411453821520e-08
-8.678437345526673061e-08
-9.555057496206016340e-08
-1.047395633344080780e-07
-1.143453936641281123e-07
-1.243609396672930072e-07
-1.347779145261020599e-07
-1.455868942787636032e-07
-1.567773436896679652e-07
-1.683376445250790201e-07
-1.802551261578808026e-07
-1.925160984175145963e-07
-2.051058865976506654e-07
-2.180088685309654364e-07
-2.312085136334657620e-07
-2.446874238203021476e-07
-2.584273761895641498e-07
-2.724093673666309275e-07
-2.866136594005847856e-07
-3.010198270996953934e-07
-3.156068066910531132e-07
-3.303529456874769068e-07
-3.452360538413872763e-07
-3.602334550660754817e-07
-3.753220402010867237e-07
-3.904783204979324278e-07
-4.056784817024786875e-07
-4.208984386082817973e-07
-4.361138899559281691e-07
-4.513003735528719053e-07
-4.664333214880920998e-07
-4.814881153185101666e-07
-4.964401411017979539e-07
-5.112648441536974460e-07
-5.259377834087807088e-07
-5.404346852644674862e-07
-5.547314967914376936e-07
-5.688044381936196249e-07
-5.826300544051900760e-07
-5.961852657150957301e-07
-6.094474173092788292e-07
-6.223943276276335497e-07
-6.350043354342022282e-07
-6.472563455023506405e-07
-6.591298728222029298e-07
-6.706050852380029232e-07
-6.816628444314628841e-07
-6.922847451696259276e-07
-7.024531527375449845e-07
-7.121512384854005670e-07
-7.213630134214147398e-07
-7.300733597866945891e-07
-7.382680605556155594e-07
-7.459338268053400981e-07
-7.530583229092864237e-07
-7.596301895118292180e-07
-7.656390642433856645e-07
-7.710756001470489632e-07
-7.759314817882793665e-07
-7.801994390259151200e-07
-7.838732584299999851e-07
-7.869477923320124308e-07
-7.894189655055033221e-07
-7.912837794770220353e-07
-7.925403144686171159e-07
-7.931877289868171413e-07
-7.932262570713936984e-07
-7.926572032246013974e-07
-7.914829350486981442e-07
-7.897068736181400622e-07
-7.873334816260665866e-07
-7.843682493450369416e-07
-7.808176784425661065e-07
-7.766892637057710675e-07
-7.719914727259039128e-07
-7.667337236006381995e-07
-7.609263607177804868e-07
-7.545806286816245381e-07
-7.477086444557253988e-07
-7.403233677918974410e-07
-7.324385700237763341e-07
-7.240688012996269891e-07
-7.152293563411989789e-07
-7.059362388101773184e-07
-6.962061243718543266e-07
-6.860563225411998854e-07
-6.755047374075884012e-07
-6.645698273285709448e-07
-6.532705636900688516e-07
-6.416263888254386187e-07
-6.296571731956529148e-07
-6.173831719263055449e-07
-6.048249808033434094e-07
-5.920034918234724792e-07
-5.789398484041143361e-07
-5.656554003505633658e-07
-5.521716586826349493e-07
-5.385102504178004070e-07
-5.246928734136676125e-07
-5.107412513665309204e-07
-4.966770890654007371e-07
-4.825220279952198822e-07
-4.682976023877197639e-07
-4.540251958117926015e-07
-4.397259983964271645e-07
-4.254209647739131027e-07
-4.111307728337212925e-07
-3.968757833708975098e-07
-3.826760007130999173e-07
-3.685510344043315944e-07
-3.545200620253198140e-07
-3.406017932233281891e-07
-3.268144350238293070e-07
-3.131756584902019232e-07
-2.997025667978210818e-07
-2.864116647826238566e-07
-2.733188300221500763e-07
-2.604392855012195921e-07
-2.477875739135153006e-07
-2.353775336439863170e-07
-2.232222764743030411e-07
-2.113341670480206026e-07
-1.997248041298639420e-07
-1.884050036880570222e-07
-1.773847838248357906e-07
-1.666733515752384998e-07
-1.562790915913976413e-07
-1.462095567240393042e-07
-1.364714605092408460e-07
-1.270706715636830203e-07
-1.180122098877014362e-07
-1.093002450716280257e-07
-1.009380963958404574e-07
-9.292823481105395081e-08
-8.527228678170526917e-08
-7.797103997121824731e-08
-7.102445074318042707e-08
-6.443165344980992751e-08
-5.819097147403825878e-08
-5.229992998890896646e-08
-4.675527039424634767e-08
-4.155296638622046550e-08
-3.668824161308151227e-08
-3.215558886701651373e-08
-2.794879075812571905e-08
-2.406094181507727662e-08
-2.048447195259543539e-08
-1.721117124403803971e-08
-1.423221593565802309e-08
-1.153819563500867570e-08
-9.119141605131384427e-09
-6.964556093780117733e-09
-5.063442624839558860e-09
-3.404337178155894816e-09
-1.975340181454766990e-09
-7.641492370302236138e-10
2.419074939423894124e-10
1.055837329727198980e-09
1.690948608757400649e-09
2.160815812933406347e-09
2.479244355152998092e-09
2.660235111486530249e-09
2.717948779954721841e-09
2.666670147186031129e-09
2.520772342783211974e-09
2.294681162847997302e-09
2.002839541814361221e-09
1.659672251484614883e-09
1.279550905321890915e-09
8.767593441093290960e-10
4.654594788726522658e-10
5.965766475135305583e-11
-3.268283225268388265e-10
-6.804016367411178837e-10
-9.877179696571967411e-10
-1.235716351663744580e-09
-1.411649080584884953e-09
-1.503110716986368748e-09
-1.498066086876056807e-09
-1.384877235173465427e-09
-1.152329276244808870e-09
-7.896550905249205315e-10
-2.865588190684778501e-10
3.667618889646002179e-10
1.179594917784920391e-09
2.160694054318355076e-09
3.318260720929498282e-09
4.659927103617815817e-09
6.192740704932316357e-09
7.923150347034178646e-09
9.856993646511877608e-09
1.199948598071246738e-08
1.435521095944654528e-08
1.692811241505596816e-08
1.972148791822118753e-08
2.273798382430031943e-08
2.597959185227476137e-08
2.944764719351540701e-08
3.314282814428383624e-08
3.706515725473860277e-08
4.121400398010436962e-08
4.558808882015809987e-08
5.018548892718000455e-08
5.500364516044657242e-08
6.003937056305987557e-08
6.528886023222668695e-08
7.074770255149319627e-08
7.641089175282439117e-08
8.227284176962777165e-08
8.832740134333319107e-08
9.456787034041267664e-08
1.009870172357274545e-07
1.075770977164163033e-07
1.143298743564410048e-07
1.212366373107674638e-07
1.282882259776556841e-07
1.354750515724279497e-07
1.427871205579043439e-07
1.502140588723196828e-07
1.577451368957754890e-07
1.653692950949960302e-07
1.730751702835919918e-07
1.808511224353034683e-07
1.886852619874123452e-07
1.965654775685164672e-07
2.044794640869438588e-07
2.124147511136452822e-07
2.203587314946226909e-07
2.282986901272379133e-07
2.362218328338740343e-07
2.441153152686698945e-07
2.519662717918288701e-07
2.597618442466326580e-07
2.674892105756769574e-07
2.751356132124176340e-07
2.826883871868593567e-07
2.901349878835756455e-07
2.974630183909881922e-07
3.046602563849046937e-07
3.117146804881985163e-07
3.186144960505236320e-07
3.253481602940654151e-07
3.319044067728002461e-07
3.382722690960425740e-07
3.444411038662822045e-07
3.504006127844637459e-07
3.561408638804850496e-07
3.616523118257015123e-07
3.669258172868629913e-07
3.719526652863044133e-07
3.767245825308077540e-07
3.812337536802688243e-07
3.854728365239119412e-07
3.894349760366714561e-07
3.931138172939966459e-07
3.965035172217430443e-07
3.995987551611977169e-07
4.023947422359776499e-07
4.048872295037126809e-07
4.070725148864413856e-07
4.089474488684715361e-07
4.105094389568410949e-07
4.117564529051257720e-07
4.126870206991033162e-07
4.133002353066406248e-07
4.135957522012565571e-07
4.135737876636068935e-07
4.132351158778654505e-07
4.125810648326007773e-07
4.116135110433266306e-07
4.103348731189336867e-07
4.087481041910656538e-07
4.068566832295653209e-07
4.046646052737617904e-07
4.021763706031981349e-07
3.993969728844111519e-07
3.963318863216426183e-07
3.929870518468843163e-07
3.893688623890636200e-07
3.854841472580633475e-07
3.813401556828845053e-07
3.769445395492764480e-07
3.723053353750022862e-07
3.674309455733555320e-07
3.623301190458411559e-07
3.570119311520027710e-07
3.514857631074093517e-07
3.457612808562418678e-07
3.398484134677794801e-07
3.337573311105475919e-07
3.274984226509569242e-07
3.210822729333394075e-07
3.145196397891458164e-07
3.078214308283546122e-07
3.009986800681257331e-07
2.940625244489507799e-07
2.870241802900129714e-07
2.798949197380536386e-07
2.726860472600715626e-07
2.654088762321160828e-07
2.580747056743006435e-07
2.506947971816283888e-07
2.432803521023436542e-07
2.358424890104585033e-07
2.283922215197007232e-07
2.209404364868715852e-07
2.134978726489342906e-07
2.060750997385082926e-07
1.986824981199829170e-07
1.913302389870059853e-07
1.840282651630726031e-07
1.767862725417081023e-07
1.696136922027163392e-07
1.625196732403037042e-07
1.555130663352352576e-07
1.486024081026503021e-07
1.417959062442285412e-07
1.351014255317411517e-07
1.285264746481247506e-07
1.220781939084627428e-07
1.157633438815430837e-07
1.095882949315907602e-07
1.035590176964474992e-07
9.768107451685282419e-08
9.195961182903962751e-08
8.639935353039460285e-08
8.100459532673638466e-08
7.577920006629748455e-08
7.072659406382352717e-08
6.584976441596422356e-08
6.115125730710955160e-08
5.663317730221745969e-08
5.229718762119633970e-08
4.814451138736911590e-08
4.417593384025060866e-08
4.039180550108947414e-08
3.679204627710255145e-08
3.337615048868818987e-08
3.014319280206875480e-08
2.709183504743928030e-08
2.422033390140261713e-08
2.152654941040485024e-08
1.900795432993185889e-08
1.666164425329670566e-08
1.448434850163208305e-08
1.247244174525587283e-08
1.062195632558453758e-08
8.928595244845137081e-09
7.387745790103417340e-09
5.994493756719313850e-09
4.743638234696725876e-09
3.629706921574227070e-09
2.646971923652594544e-09
1.789466006522747601e-09
1.050999255726215030e-09
4.251761070939312511e-10
-9.458729362250279728e-11
-5.150454434969979073e-10
-8.431055886654715684e-10
-1.085809626238093626e-09
-1.250315843519695029e-09
-1.343880537042379574e-09
-1.373839553133392984e-09
-1.347589792338097957e-09
-1.272570718943144608e-09
-1.156245917757058447e-09
-1.006084738646971289e-09
-8.295440698965695909e-10
-6.340502800623366450e-10
-4.269813681103251850e-10
-2.156493603022701153e-10
-7.282991817616951473e-12
1.909892900126638459e-10
3.721559646890586730e-10
5.293386848472903497e-10
6.558080959757380376e-10
7.449991969645134681e-10
7.905262098503153923e-10
7.861969288071577951e-10
7.260265195260894411e-10
6.042507416811655425e-10
4.153385686065369933e-10
1.540041798379096880e-10
-1.847816962008277727e-10
-6.057811106345705037e-10
-1.113478913041123390e-09
-1.712073478855637660e-09
-2.405468161195455525e-09
-3.197263481740334214e-09
-4.090750073033806766e-09
-5.088902383314919613e-09
-6.194373152788842490e-09
-7.409488668836875172e-09
-8.736244805391147879e-09
-1.017630385046552700e-08
-1.173099212348944629e-08
-1.340129838288667986e-08
-1.518787302188519653e-08
-1.709102804949782244e-08
-1.911073785121056709e-08
-2.124664072294656050e-08
-2.349804116925167461e-08
-2.586391295593116994e-08
-2.834290290498547867e-08
-3.093333541885236019e-08
-3.363321771841243069e-08
-3.644024577882305433e-08
-3.935181094502342903e-08
-4.236500720752149192e-08
-4.547663911810365499e-08
-4.868323032302723805e-08
-5.198103269086280039e-08
-5.536603601052892310e-08
-5.883397823376784752e-08
-6.238035623578201131e-08
-6.600043706635913434e-08
-6.968926966295464131e-08
-7.344169699661544443e-08
-7.725236862033014486e-08
-8.111575358927278839e-08
-8.502615372153339155e-08
-8.897771716697834140e-08
-9.296445225224577277e-08
-9.698024156863936923e-08
-1.010188562699552964e-07
-1.050739705466368174e-07
-1.091391762426006506e-07
-1.132079975811960038e-07
-1.172739059663805856e-07
-1.213303348253515069e-07
-1.253706944592963826e-07
-1.293883868686681185e-07
-1.333768205200844493e-07
-1.373294250219034034e-07
-1.412396656762175718e-07
-1.451010578756794080e-07
-1.489071813134821220e-07
-1.526516939760634687e-07
-1.563283458886343115e-07
-1.599309925841569623e-07
-1.634536082676460892e-07
-1.668902986478163070e-07
-1.702353134098363217e-07
-1.734830583037219714e-07
-1.766281068232198592e-07
-1.796652114521256323e-07
-1.825893144556026066e-07
-1.853955581951015847e-07
-1.880792949472526487e-07
-1.906360962073287224e-07
-1.930617614603111267e-07
-1.953523264035886000e-07
-1.975040706055405010e-07
-1.995135245874313675e-07
-2.013774763161264305e-07
-2.030929770968240187e-07
-2.046573468570349922e-07
-2.060681788129765581e-07
-2.073233435128086585e-07
-2.084209922517329854e-07
-2.093595598544133356e-07
-2.101377668236665610e-07
-2.107546208541989865e-07
-2.112094177120418088e-07
-2.115017414823969337e-07
-2.116314641882442713e-07
-2.115987447857176472e-07
-2.114040275424051151e-07
-2.110480398050881214e-07
-2.105317891670863257e-07
-2.098565600446862453e-07
-2.090239096740932182e-07
-2.080356635420552333e-07
-2.068939102627957214e-07
-2.056009959173364677e-07
-2.041595178711038944e-07
-2.025723180857979900e-07
-2.008424759449297813e-07
-1.989733006113615086e-07
-1.969683229367930525e-07
-1.948312869445766109e-07
-1.925661409062482367e-07
-1.901770280353549354e-07
-1.876682768214364639e-07
-1.850443910268273215e-07
-1.823100393718698624e-07
-1.794700449326059653e-07
-1.765293742762970772e-07
-1.734931263609219673e-07
-1.703665212236539831e-07
-1.671548884856688737e-07
-1.638636556996869702e-07
-1.604983365660538150e-07
-1.570645190453216752e-07
-1.535678533935722825e-07
-1.500140401473944485e-07
-1.464088180857013370e-07
-1.427579521941542169e-07
-1.390672216595863475e-07
-1.353424079204587817e-07
-1.315892827985382383e-07
-1.278135967382928683e-07
-1.240210671786584399e-07
-1.202173670818607100e-07
-1.164081136438202725e-07
-1.125988572090199898e-07
-1.087950704135008036e-07
-1.050021375782911613e-07
-1.012253443741470378e-07
-9.746986777933994609e-08
-9.374076635009548931e-08
-9.004297082296583423e-08
-8.638127506778029380e-08
-8.276032740808668614e-08
-7.918462232622659615e-08
-7.565849256823492423e-08
-7.218610166342938856e-08
-6.877143687180160101e-08
-6.541830257218653933e-08
-6.213031410239974726e-08
-5.891089206190791350e-08
-5.576325708598049499e-08
-5.269042509982055359e-08
-4.969520305951024308e-08
-4.678018518587440094e-08
-4.394774969574398913e-08
-4.120005603450183866e-08
-3.853904261235451374e-08
-3.596642504568540268e-08
-3.348369490366224053e-08
-3.109211895924653139e-08
-2.879273894266725941e-08
-2.658637179416411177e-08
-2.447361041183441962e-08
-2.245482488926241843e-08
-2.053016423673358084e-08
-1.869955857854610163e-08
-1.696272181817348074e-08
-1.531915476180860734e-08
-1.376814869012456598e-08
-1.230878936690776471e-08
-1.093996147260614053e-08
-9.660353449570661318e-09
-8.468462745438612997e-09
-7.362601439852564149e-09
-6.340902239379693891e-09
-5.401324824325542989e-09
-4.541662530898189632e-09
-3.759549351240767309e-09
-3.052467233528272493e-09
-2.417753663388024688e-09
-1.852609507909523270e-09
-1.354107102546742381e-09
-9.191985613369173124e-10
-5.447242899165595406e-10
-2.274216810406027639e-10
3.606602839084943023e-11
2.491807595318957370e-10
4.154404744810508833e-10
5.384299611100387437e-10
6.217915409750417476e-10
6.692157219566106960e-10
6.844318169128153613e-10
6.711985496363479018e-10
6.332946692979869223e-10
5.745095943573368807e-10
4.986341067890378603e-10
4.094511172403110742e-10
3.107265211535992431e-10
2.062001659433641341e-10
9.957694870176939725e-11
-5.481936534078789453e-12
-1.053675832592890051e-10
-1.965317706792626692e-10
-2.754951579680442439e-10
-3.388552575673077632e-10
-3.832941712691670392e-10
-4.055860732306968407e-10
-4.026044248738440478e-10
-3.713289073535116820e-10
-3.088520579380184365e-10
-2.123855974156522227e-10
-7.926643645561738760e-11
9.303765032910645664e-11
3.069226931776266277e-10
5.646435483650333899e-10
8.683092805811288852e-10
1.219878914411832559e-09
1.621157561905573807e-09
2.073792932413376525e-09
2.579272229858220141e-09
3.138919441755394451e-09
3.753893023485988456e-09
4.425183980241552623e-09
5.153614348236488666e-09
5.939836075928287751e-09
6.784330304963326012e-09
7.687407049837531305e-09
8.649205274193838771e-09
9.669693360811323982e-09
1.074866997180915353e-08
1.188576529423139724e-08
1.308044266565061782e-08
1.433200057366258824e-08
1.563957502208813435e-08
1.700214225625360669e-08
1.841852183864564077e-08
1.988738006562694150e-08
2.140723371549069183e-08
2.297645411689631965e-08
2.459327152648724580e-08
2.625577980382925359e-08
2.796194137106455748e-08
2.970959244433670393e-08
3.149644852326097921e-08
3.332011012439993575e-08
3.517806874442499159e-08
3.706771303772892134e-08
3.898633519333484015e-08
4.093113749544539154e-08
4.289923905162790150e-08
4.488768267245180959e-08
4.689344188599251226e-08
4.891342807068067100e-08
5.094449768974739833e-08
5.298345961008732823e-08
5.502708248876247526e-08
5.707210221014688488e-08
5.911522935649439659e-08
6.115315669512382361e-08
6.318256666514378348e-08
6.520013884711475127e-08
6.720255739897447885e-08
6.918651844147348736e-08
7.114873737736940025e-08
7.308595612808380520e-08
7.499495027224994986e-08
7.687253607081010204e-08
7.871557736352010003e-08
8.052099232262381927e-08
8.228576004921437716e-08
8.400692699839249590e-08
8.568161322052445699e-08
8.730701840530109758e-08
8.888042771669601678e-08
9.039921740696541746e-08
9.186086019854172980e-08
9.326293042374255557e-08
9.460310891192502627e-08
9.587918761470059566e-08
9.708907396141433439e-08
9.823079493595456710e-08
9.930250086836772062e-08
1.003024689341801412e-07
1.012291063556721919e-07
1.020809533003799466e-07
1.028566854717035573e-07
1.035551163878229424e-07
1.041751993468521688e-07
1.047160290746480430e-07
1.051768430547102574e-07
1.055570225385922628e-07
1.058560932369058095e-07
1.060737256919766005e-07
1.062097353326304482e-07
1.062640822131739969e-07
1.062368704399460063e-07
1.061283472881443932e-07
1.059389020129796633e-07
1.056690643598664727e-07
1.053195027788933019e-07
1.048910223500311474e-07
1.043845624247406387e-07
1.038011939912252083e-07
1.031421167717498851e-07
1.024086560595302004e-07
1.016022593040132789e-07
1.007244924538328090e-07
9.977703606709790575e-08
9.876168119970539681e-08
9.768032508138604856e-08
9.653496659062959524e-08
9.532770154058073391e-08
9.406071778690311407e-08
9.273629016943547841e-08
9.135677530078708377e-08
8.992460621318042468e-08
8.844228687777247167e-08
8.691238660819210409e-08
8.533753436164737059e-08
8.372041295156772864e-08
8.206375318449060861e-08
8.037032793449717833e-08
7.864294616946171360e-08
7.688444694147954816e-08
7.509769335630990168e-08
7.328556653412486736e-08
7.145095957518799893e-08
6.959677154428896000e-08
6.772590148649017567e-08
6.584124248706609141e-08
6.394567578898944011e-08
6.204206497968432983e-08
6.013325026035564720e-08
5.822204280909470251e-08
5.631121924965719157e-08
5.440351623786229659e-08
5.250162517621032085e-08
5.060818706739446992e-08
4.872578751753879568e-08
4.685695189841779889e-08
4.500414067893977716e-08
4.316974493437556345e-08
4.135608204201248631e-08
3.956539157176932130e-08
3.779983137907525891e-08
3.606147390712037564e-08
3.435230270541840131e-08
3.267420917039664101e-08
3.102898951400097923e-08
2.941834196502872833e-08
2.784386420766636693e-08
2.630705106137020217e-08
2.480929240529265682e-08
2.335187134995657379e-08
2.193596265857644105e-08
2.056263141948947227e-08
1.923283197092947219e-08
1.794740707855574056e-08
1.670708736564630247e-08
1.551249099542473951e-08
1.436412360431259725e-08
1.326237848434085206e-08
1.220753701246523183e-08
1.119976932403179241e-08
1.023913522701503389e-08
9.325585353209882244e-09
8.458962542049365259e-09
7.639003452192738397e-09
6.865340395629807042e-09
6.137503388552055035e-09
5.454922412718674461e-09
4.816929880803095300e-09
4.222763298604202843e-09
3.671568116777166473e-09
3.162400764288652130e-09
2.694231855366478031e-09
2.265949561629957041e-09
1.876363140565699980e-09
1.524206611239593683e-09
1.208142568027394475e-09
9.267661227113935953e-10
6.786089652343430981e-10
4.621435331495285189e-10
2.757872794870225135e-10
1.179070289165878766e-10
-1.317658826553698504e-11
-1.191846349138416583e-10
-2.018753090536707399e-10
-2.630393398727568330e-10
-3.044953482748497432e-10
-3.280851826978948407e-10
-3.356692409012939954e-10
-3.291217882312975044e-10
-3.103262829272231594e-10
-2.811707189690554624e-10
-2.435429967308232904e-10
-1.993263316754762891e-10
-1.503947111039172229e-10
-9.860840881209163087e-11
-4.580956736745892510e-11
6.182142618977965249e-12
5.557377701469974689e-11
1.006032775069882177e-10
1.395435271297106999e-10
1.707062936027563763e-10
1.924460524188722816e-10
2.031636819554940307e-10
2.013100232026288458e-10
1.853892970898822923e-10
1.539623727434456135e-10
1.056498803838872458e-10
3.913516297103102296e-11
-4.683293887457550683e-11
-1.534374737840579010e-10
-2.817909430065583001e-10
-4.329330444678675174e-10
-6.078286013248976970e-10
-8.073656783546502487e-10
-1.032353889084977580e-09
-1.283522896123207980e-09
-1.561521106695662417e-09
-1.866914564964087628e-09
-2.200186042195122866e-09
-2.561734325454928385e-09
-2.951873705015450415e-09
-3.370833660277495727e-09
-3.818758743430756743e-09
-4.295708659817805688e-09
-4.801658543360299076e-09
-5.336499425162174291e-09
-5.900038892757210577e-09
-6.492001937296061841e-09
-7.112031985369718248e-09
-7.759692111961659445e-09
-8.434466430397032375e-09
-9.135761655073645469e-09
-9.862908832139638904e-09
-1.061516523317433901e-08
-1.139171640634927721e-08
-1.219167837948427899e-08
-1.301410000890704978e-08
-1.385796546790949968e-08
-1.472219686812910916e-08
-1.560565700715293592e-08
-1.650715223521997643e-08
-1.742543543382583593e-08
-1.835920909867723031e-08
-1.930712851942879014e-08
-2.026780504834310575e-08
-2.123980944997198496e-08
-2.222167532368648174e-08
-2.321190259095733273e-08
-2.420896103907571707e-08
-2.521129391297041628e-08
-2.621732154669884612e-08
-2.722544502623901954e-08
-2.823404987512269951e-08
-2.924150975448006293e-08
-3.024619016906973438e-08
-3.124645217098410807e-08
-3.224065605272952829e-08
-3.322716502143191880e-08
-3.420434884607405121e-08
-3.517058746979594688e-08
-3.612427457936102772e-08
-3.706382112412674198e-08
-3.798765877689517080e-08
-3.889424332933859139e-08
-3.978205801488686587e-08
-4.064961675199455361e-08
-4.149546730116426042e-08
-4.231819432923101061e-08
-4.311642237462970497e-08
-4.388881870777284109e-08
-4.463409608069555702e-08
-4.535101536068549038e-08
-4.603838804283078642e-08
-4.669507863649929571e-08
-4.732000692144658315e-08
-4.791215006931745805e-08
-4.847054462668644945e-08
-4.899428835625135820e-08
-4.948254193281576203e-08
-4.993453049143780817e-08
-5.034954502530789666e-08
-5.072694363100651794e-08
-5.106615259965869318e-08
-5.136666735245534833e-08
-5.162805321950289512e-08
-5.184994606143901245e-08
-5.203205273323958546e-08
-5.217415139048395524e-08
-5.227609163844591935e-08
-5.233779452449117438e-08
-5.235925237513814065e-08
-5.234052847904770258e-08
-5.228175661767697186e-08
-5.218314044580364732e-08
-5.204495272402795267e-08
-5.186753440622883755e-08
-5.165129358495546206e-08
-5.139670429778564110e-08
-5.110430519856559294e-08
-5.077469809721105246e-08
-5.040854637221029750e-08
-5.000657326034455481e-08
-4.956956002795000131e-08
-4.909834402887743547e-08
-4.859381665416844123e-08
-4.805692117847183657e-08
-4.748865050899051890e-08
-4.689004484241936307e-08
-4.626218923570406168e-08
-4.560621109670101612e-08
-4.492327760056282739e-08
-4.421459303833800341e-08
-4.348139610407123698e-08
-4.272495712656929107e-08
-4.194657525263969159e-08
-4.114757558818325773e-08
-4.032930630373425729e-08
-3.949313571122796459e-08
-3.864044931836469987e-08
-3.777264686748746594e-08
-3.689113936556589123e-08
-3.599734611167558898e-08
-3.509269172882278217e-08
-3.417860320646699441e-08
-3.325650696018355165e-08
-3.232782591494387055e-08
-3.139397661803421709e-08
-3.045636638799039221e-08
-2.951639050551826891e-08
-2.857542945213155993e-08
-2.763484620244433152e-08
-2.669598357558581487e-08
-2.576016165115118375e-08
-2.482867525497861488e-08
-2.390279151963656670e-08
-2.298374752459615244e-08
-2.207274802068304664e-08
-2.117096324307866927e-08
-2.027952681719045920e-08
-1.939953376124826777e-08
-1.853203858930640013e-08
-1.767805351814226457e-08
-1.683854678114451445e-08
-1.601444105218502022e-08
-1.520661198214567426e-08
-1.441588685038578646e-08
-1.364304333335905165e-08
-1.288880839218257472e-08
-1.215385728071002074e-08
-1.143881267541423731e-08
-1.074424392803110132e-08
-1.007066644174258023e-08
-9.418541171311219893e-09
-8.788274247319663087e-09
-8.180216724408381707e-09
-7.594664453133447103e-09
-7.031858074761823641e-09
-6.491983138086622966e-09
-5.975170337056038165e-09
-5.481495867766611674e-09
-5.010981903108046970e-09
-4.563597183106372244e-09
-4.139257718747827855e-09
-3.737827606854120884e-09
-3.359119953341031569e-09
-3.002897901956852276e-09
-2.668875765424356108e-09
-2.356720255632065771e-09
-2.066051809416864461e-09
-1.796446006197039352e-09
-1.547435073645263306e-09
-1.318509477288794142e-09
-1.109119589905137092e-09
-9.186774363235258155e-10
-7.465585092012503454e-10
-5.921036511110643229e-10
-4.546209982747466419e-10
-3.333879810749619662e-10
-2.276533764918080082e-10
-1.366394073980099002e-10
-5.954388371420268934e-11
4.457619732494391237e-12
5.620955377214795627e-11
9.657415910718091890e-11
1.264292093697771847e-10
1.466657382611802148e-10
1.581857559582151567e-10
1.618999600458493878e-10
1.587254461107662296e-10
1.495834231678150751e-10
1.353969389780347773e-10
1.170886203394432429e-10
9.557843327333078403e-11
7.178146801719893715e-11
4.660575358500115952e-11
2.095010662128515322e-11
-4.297980896134886247e-12
-2.826441064431884226e-11
-5.009049929672286457e-11
-6.893494803645576373e-11
-8.397575619108397835e-11
-9.441207510005258991e-11
-9.946599850186728955e-11
-9.838428586210411234e-11
-9.044001527623890641e-11
-7.493416274703658732e-11
-5.119710482197150435e-11
-1.859004178050005277e-11
2.349366125479713036e-11
7.562721768766854129e-11
1.383492495181421280e-10
2.121627060960765811e-10
2.975338733579251987e-10
3.948914750954450858e-10
5.046258676341913287e-10
6.270883290226666239e-10
7.625904436645864538e-10
9.114035830735201569e-10
1.073758483232641762e-09
1.249844918797790892e-09
1.439811474160112104e-09
1.643765411230566019e-09
1.861772633497604598e-09
2.093857745753324788e-09
2.340004208679634995e-09
2.600154587242200038e-09
2.874210891680685605e-09
3.162035009642024224e-09
3.463449227813456981e-09
3.778236841301920617e-09
4.106142848693961767e-09
4.446874730640021226e-09
4.800103309631369916e-09
5.165463688423000184e-09
5.542556264476279845e-09
5.930947817539164856e-09
6.330172667430023014e-09
6.739733898942385741e-09
7.159104650593886784e-09
7.587729463881543671e-09
8.025025689606180115e-09
8.470384947661064297e-09
8.923174636670598345e-09
9.382739489675768577e-09
9.848403172079882667e-09
1.031946991798954930e-08
1.079522620094274042e-08
1.127494243506128595e-08
1.175787470260174431e-08
1.224326650382089756e-08
1.273035052507993227e-08
1.321835042106195450e-08
1.370648260704569823e-08
1.419395805712456810e-08
1.467998410426466496e-08
1.516376623818241644e-08
1.564450989701274615e-08
1.612142224880585460e-08
1.659371395889835593e-08
1.706060093929249841e-08
1.752130607630173056e-08
1.797506093269084787e-08
1.842110742065850274e-08
1.885869944216011911e-08
1.928710449310375998e-08
1.970560522809053524e-08
2.011350098243402269e-08
2.051010924834939312e-08
2.089476710240423986e-08
2.126683258128293498e-08
2.162568600314952034e-08
2.197073123208479312e-08
2.230139688312532503e-08
2.261713746565221424e-08
2.291743446294136611e-08
2.320179734592005636e-08
2.346976451942113249e-08
2.372090419915516771e-08
2.395481521789663729e-08
2.417112775978991619e-08
2.436950402135915657e-08
2.454963879846672359e-08
2.471125999827514533e-08
2.485412907563145953e-08
2.497804139353540520e-08
2.508282650724406362e-08
2.516834837190009159e-08
2.523450547399199249e-08
2.528123088654987352e-08
2.530849224875080470e-08
2.531629167030777804e-08
2.530466556144336453e-08
2.527368438945716339e-08
2.522345236273943314e-08
2.515410704344756818e-08
2.506581889045385044e-08
2.495879073369612520e-08
2.483325718188410337e-08
2.468948396511080458e-08
2.452776721437123900e-08
2.434843268013385271e-08
2.415183489191576084e-08
2.393835626115743322e-08
2.370840613003721604e-08
2.346241976833133407e-08
2.320085732121933299e-08
2.292420271048708590e-08
2.263296249196534444e-08
2.232766467215455665e-08
2.200885748673348012e-08
2.167710814394530597e-08
2.133300153613677339e-08
2.097713892215263740e-08
2.061013658401041128e-08
2.023262446079304947e-08
1.984524476301764351e-08
1.944865057077642905e-08
1.904350441867526910e-08
1.863047687081573148e-08
1.821024508924903364e-08
1.778349139878632649e-08
1.735090185162487088e-08
1.691316479476713325e-08
1.647096944345377873e-08
1.602500446377845185e-08
1.557595656739906774e-08
1.512450912138059270e-08
1.467134077625059468e-08
1.421712411502891621e-08
1.376252432607768222e-08
1.330819790253020256e-08
1.285479137095797951e-08
1.240294005193153476e-08
1.195326685485832399e-08
1.150638110951104310e-08
1.106287743665220601e-08
1.062333465985480999e-08
1.018831476061821003e-08
9.758361878771127554e-09
9.334001360013807801e-09
8.915738852390974361e-09
8.504059453240418349e-09
8.099426908127172627e-09
7.702282863197531097e-09
7.313046172138965184e-09
6.932112258844347308e-09
6.559852536811261741e-09
6.196613886060503867e-09
5.842718188348331521e-09
5.498461921201092229e-09
5.164115811212609035e-09
4.839924546942904005e-09
4.526106551573211843e-09
4.222853815332674969e-09
3.930331787630928591e-09
3.648679328651020179e-09
3.378008720043829909e-09
3.118405734250051497e-09
2.869929761807768901e-09
2.632613995928824341e-09
2.406465673478644176e-09
2.191466371373278059e-09
1.987572357292740592e-09
1.794714993520338203e-09
1.612801192561957628e-09
1.441713923151567715e-09
1.281312765097669357e-09
1.131434511341812603e-09
9.918938155398764982e-10
8.624838833436122250e-10
7.429772054839476121e-10
6.331263307281539132e-10
5.326646766102901177e-10
4.413073758892365705e-10
3.587521565220484245e-10
2.846802529162267181e-10
2.187573462000448250e-10
1.606345311771722680e-10
1.099493075553497276e-10
6.632659310009501569e-11
2.937975619761586619e-11
-1.288334566009135865e-12
-2.608424633740544409e-11
-4.542290594518036315e-11
-5.972651434144750440e-11
-6.942345406056792998e-11
-7.494719220996800289e-11
-7.673518147634919886e-11
-7.522776163712959986e-11
-7.086706403331164393e-11
-6.409592143893088857e-11
-5.535678575712122779e-11
-4.509065588149952732e-11
-3.373601806850049374e-11
-2.172780111128473335e-11
-9.496348540157311644e-12
2.533589966596995171e-12
1.394384584418691497e-11
2.432379551906040624e-11
3.327129890530582925e-11
4.039361061699625364e-11
4.530826204517962418e-11
4.764391254334731082e-11
4.704116803662982140e-11
4.315336546408277267e-11
3.564732154860932289e-11
2.420404447977750167e-11
8.519407187426208803e-12
-1.169521901634016959e-11
-3.671237155332922980e-11
-6.678794548256979493e-11
-1.021606851148885117e-10
-1.430517191558021600e-10
-1.896641401094897938e-10
-2.421826285475878036e-10
-3.007731227468453143e-10
-3.655825341136271851e-10
-4.367385086898898019e-10
-5.143492349190317270e-10
-5.985032977785480128e-10
-6.892695792459612093e-10
-7.866972049895621604e-10
-8.908155370568412491e-10
-1.001634212221673662e-09
-1.119143225583737759e-09
-1.243313058895809943e-09
-1.374094852978241310e-09
-1.511420623530044352e-09
-1.655203519515088731e-09
-1.805338123237775782e-09
-1.961700791123342252e-09
-2.124150034119429637e-09
-2.292526936599536767e-09
-2.466655612529794929e-09
-2.646343697587600251e-09
-2.831382875881376539e-09
-3.021549439816840872e-09
-3.216604881623240273e-09
-3.416296514967867927e-09
-3.620358125028803999e-09
-3.828510645388115134e-09
-4.040462860005664787e-09
-4.255912128508213489e-09
-4.474545133010092506e-09
-4.696038644619152305e-09
-4.920060307770694898e-09
-5.146269440486954858e-09
-5.374317848647474751e-09
-5.603850652360440569e-09
-5.834507122468582750e-09
-6.065921525238248435e-09
-6.297723973289702825e-09
-6.529541280803000561e-09
-6.760997821050992451e-09
-6.991716384309955853e-09
-7.221319034231387891e-09
-7.449427960760829975e-09
-7.675666327706503834e-09
-7.899659113098706215e-09
-8.121033940510912036e-09
-8.339421899544132410e-09
-8.554458353697554971e-09
-8.765783733917496536e-09
-8.973044316143507873e-09
-9.175892981235117843e-09
-9.373989955673790014e-09
-9.567003531542827042e-09
-9.754610764310915620e-09
-9.936498147026968529e-09
-1.011236225955298183e-08
-1.028191039159108893e-08
-1.044486113828067528e-08
-1.060094496724628390e-08
-1.074990475599158075e-08
-1.089149629868607399e-08
-1.102548878140988809e-08
-1.115166522503722555e-08
-1.126982289495570121e-08
-1.137977367698521384e-08
-1.148134441887052687e-08
-1.157437723685584059e-08
-1.165872978685113891e-08
-1.173427549988924832e-08
-1.180090378157145823e-08
-1.185852017533850977e-08
-1.190704648940301758e-08
-1.194642088737785589e-08
-1.197659794261828690e-08
-1.199754865644511855e-08
-1.200926044040453252e-08
-1.201173706292212125e-08
-1.200499856068154141e-08
-1.198908111521010452e-08
-1.196403689512680999e-08
-1.192993386471722844e-08
-1.188685555945947563e-08
-1.183490082923674465e-08
-1.177418355006454642e-08
-1.170483230513066293e-08
-1.162699003613942727e-08
-1.154081366593391552e-08
-1.144647369338054920e-08
-1.134415376168292766e-08
-1.123405020123029318e-08
-1.111637154817913417e-08
-1.099133804003575092e-08
-1.085918108945554623e-08
-1.072014273764575915e-08
-1.057447508871841301e-08
-1.042243972632105930e-08
-1.026430711403830593e-08
-1.010035598096394576e-08
-9.930872693913420268e-09
-9.756150617785278021e-09
-9.576489465513814279e-09
-9.392194639180124219e-09
-9.203576563796226882e-09
-9.010950015227683072e-09
-8.814633443853142755e-09
-8.614948295442929438e-09
-8.412218330778352902e-09
-8.206768945549702397e-09
-7.998926491971668620e-09
-7.789017603658926023e-09
-7.577368525211416828e-09
-7.364304447911547693e-09
-7.150148853005587857e-09
-6.935222863930692256e-09
-6.719844608848276615e-09
-6.504328594833359981e-09
-6.288985094964766636e-09
-6.074119549616234902e-09
-5.860031983149215360e-09
-5.647016437142002960e-09
-5.435360421322580679e-09
-5.225344383254870243e-09
-5.017241197804700193e-09
-4.811315677374778622e-09
-4.607824103797256955e-09
-4.407013782775898970e-09
-4.209122621685567158e-09
-4.014378731450045003e-09
-3.823000053219808545e-09
-3.635194010465305238e-09
-3.451157187053470984e-09
-3.271075031822604206e-09
-3.095121590083772933e-09
-2.923459262443930521e-09
-2.756238591264463555e-09
-2.593598074999115769e-09
-2.435664010609059413e-09
-2.282550364177859414e-09
-2.134358669784733824e-09
-1.991177956639075169e-09
-1.853084704403444110e-09
-1.720142826584353092e-09
-1.592403681800585929e-09
-1.469906112678688533e-09
-1.352676512064550258e-09
-1.240728916188904358e-09
-1.134065124357312397e-09
-1.032674844686576805e-09
-9.365358653530132224e-10
-8.456142507621837059e-10
-7.598645620056360310e-10
-6.792301009170060902e-10
-6.036431769862098274e-10
-5.330253963614003520e-10
-4.672879721068800991e-10
-4.063320548562640670e-10
-3.500490829617027424e-10
-2.983211511894122716e-10
-2.510213969963161784e-10
-2.080144033826191935e-10
-1.691566172795382621e-10
-1.342967824155272090e-10
-1.032763855761580813e-10
-7.593011514624846452e-11
-5.208633081757984935e-11
-3.156754330992667231e-11
-1.419090295501788695e-11
2.313040168656783554e-13
1.189115267498753030e-11
2.098457123844865421e-11
2.771082876638397837e-11
3.227201987450931951e-11
3.487254764571595439e-11
3.571860592485860652e-11
3.501766215656243909e-11
3.297794191932360778e-11
2.980791631033791666e-11
2.571579330199095034e-11
2.090901418386459329e-11
1.559375618304161949e-11
9.974442325871612678e-12
4.253259594600878409e-12
-1.370313610004559377e-12
-6.699969710241893067e-12
-1.154302293606181110e-11
-1.571084812892434594e-11
-1.901930647271265865e-11
-2.128915729737246703e-11
-2.234645513812128868e-11
-2.202293126973273527e-11
-2.015635898270194711e-11
-1.659090190146967195e-11
-1.117744469807772795e-11
-3.773905588919303696e-12
5.754469943058533537e-12
1.753483471855773464e-11
3.168648519251182742e-11
4.832062696296556751e-11
6.754016083437016478e-11
8.943948975249327228e-11
1.141043468913032920e-10
1.416116451090846782e-10
1.720293479534629588e-10
2.054163623356839871e-10
2.418224529558566139e-10
2.812881784964111322e-10
3.238448495681418604e-10
3.695145083310716377e-10
4.183099296791323229e-10
4.702346438084119485e-10
5.252829799682951064e-10
5.834401311246977956e-10
6.446822392417392918e-10
7.089765008209013678e-10
7.762812923176934771e-10
8.465463149929778173e-10
9.197127587367787917e-10
9.957134843394590391e-10
1.074473223671857412e-09
1.155908797179813131e-09
1.239929348083934005e-09
1.326436592616967569e-09
1.415325085629565548e-09
1.506482500840076693e-09
1.599789924999168571e-09
1.695122165188678514e-09
1.792348068479666854e-09
1.891330853127804179e-09
1.991928450482200480e-09
2.093993856751105821e-09
2.197375493767492209e-09
2.301917577871329919e-09
2.407460496023212192e-09
2.513841188242580553e-09
2.620893535470898376e-09
2.728448751950044418e-09
2.836335781190436532e-09
2.944381694618674621e-09
3.052412091993613444e-09
3.160251502671939152e-09
3.267723786815445312e-09
3.374652535643222206e-09
3.480861469837053325e-09
3.586174835221705047e-09
3.690417794836317460e-09
3.793416816566849544e-09
3.895000055487908585e-09
3.994997730097450125e-09
4.093242491647352058e-09
4.189569785784575241e-09
4.283818205766104456e-09
4.375829836503309323e-09
4.465450588720754908e-09
4.552530522586899041e-09
4.636924160133846997e-09
4.718490785871239551e-09
4.797094734992402890e-09
4.872605668619486569e-09
4.944898835586187369e-09
5.013855320245537119e-09
5.079362275843227529e-09
5.141313143083234908e-09
5.199607853451929060e-09
5.254153016996460779e-09
5.304862094223411560e-09
5.351655551856443034e-09
5.394461002245518165e-09
5.433213326200532224e-09
5.467854779094240628e-09
5.498335080167113916e-09
5.524611484891858863e-09
5.546648840411797674e-09
5.564419624013846427e-09
5.577903964686186001e-09
5.587089647860841742e-09
5.591972103411055365e-09
5.592554377052483912e-09
5.588847085388018773e-09
5.580868354736563443e-09
5.568643744064075689e-09
5.552206152257423261e-09
5.531595710078167248e-09
5.506859657172840473e-09
5.478052204476652256e-09
5.445234382426601218e-09
5.408473875481262400e-09
5.367844843330315997e-09
5.323427729358745715e-09
5.275309056832384641e-09
5.223581213366137554e-09
5.168342224263288800e-09
5.109695515263042010e-09
5.047749665306124783e-09
4.982618149994368280e-09
4.914419076297255968e-09
4.843274909228003625e-09
4.769312191102752504e-09
4.692661254078128417e-09
4.613455926675730458e-09
4.531833234942150804e-09
4.447933098953923946e-09
4.361898025420124819e-09
4.273872797019417525e-09
4.184004159229993231e-09
4.092440505357206429e-09
3.999331560429649608e-09
3.904828064734122242e-09
3.809081457634603970e-09
3.712243562377579846e-09
3.614466272617445089e-09
3.515901241275388396e-09
3.416699572444229319e-09
3.317011516987268885e-09
3.216986172445619630e-09
3.116771187933534404e-09
3.016512474588083826e-09
2.916353922176511804e-09
2.816437122472836008e-09
2.716901099909998133e-09
2.617882050080069318e-09
2.519513086590069966e-09
2.421923996747235368e-09
2.325241006577205908e-09
2.229586555589842238e-09
2.135079081716617392e-09
2.041832816836385212e-09
1.949957593225300844e-09
1.859558661289721570e-09
1.770736518894266353e-09
1.683586752552500877e-09
1.598199890760245001e-09
1.514661269678153423e-09
1.433050911362833877e-09
1.353443414728043120e-09
1.275907859357083353e-09
1.200507722282701681e-09
1.127300807814703091e-09
1.056339190457372567e-09
9.876691709426535646e-10
9.213312453673917788e-10
8.573600873899967158e-10
7.957845434279581325e-10
7.366276407535161478e-10
6.799066083638277291e-10
6.256329104766849310e-10
5.738122924712396884e-10
5.244448390667142964e-10
4.775250445151664438e-10
4.330418945450540235e-10
3.909789597790282094e-10
3.513145003267034998e-10
3.140215812196397364e-10
2.790681983463444572e-10
2.464174145211142028e-10
2.160275052896615416e-10
1.878521140793835880e-10
1.618404162607877016e-10
1.379372916782940064e-10
1.160835052063537896e-10
9.621589484755215796e-11
7.826756689702321539e-11
6.216809768067295155e-11
4.784374135023198158e-11
3.521764323379554193e-11
2.421005821155278663e-11
1.473857358064784091e-11
6.718335887100408631e-12
6.228116942897801490e-14
-5.318631923076687367e-12
-9.515186680416276131e-12
-1.261967110982090692e-11
-1.472563947429502679e-11
-1.592767314290436991e-11
-1.632114130227046014e-11
-1.600196205267245554e-11
-1.506636443551744009e-11
-1.361065191327745109e-11
-1.173096781890216831e-11
-9.523063294024113537e-12
-7.082068207701839611e-12
-4.502265551618116957e-12
-1.876869792948100035e-12
7.021903562052037709e-13
3.144484292890086988e-12
5.361286565663504294e-12
7.265778184025014983e-12
8.773241783374373796e-12
9.801250261951458302e-12
1.026984851288107970e-11
1.010172790006961889e-11
9.222393142772097470e-12
7.560321295057745063e-12
5.047112523826160566e-12
1.617632412591345119e-12
-2.789854461065507283e-12
-8.233559907595387510e-12
-1.476805667487018241e-11
-2.244417235161272292e-11
-3.130889279089676779e-11
-4.140527519514944066e-11
-5.277237098034677127e-11
-6.544515851983259641e-11
-7.945448583454746227e-11
-9.482702328722536619e-11
-1.115852263052367769e-10
-1.297473081339640857e-10
-1.493272226088011846e-10
-1.703346569036818631e-10
-1.927750341907549528e-10
-2.166495261354026620e-10
-2.419550751109094018e-10
-2.686844260173599932e-10
-2.968261675524567299e-10
-3.263647827657440269e-10
-3.572807087150495091e-10
-3.895504050193544845e-10
-4.231464310781269457e-10
-4.580375317272077241e-10
-4.941887310596424098e-10
-5.315614341497668513e-10
-5.701135363827865998e-10
-6.097995400842446454e-10
-6.505706781359708110e-10
-6.923750442438316995e-10
-7.351577295087821980e-10
-7.788609649544259613e-10
-8.234242696325897733e-10
-8.687846039439851569e-10
-9.148765277793362438e-10
-9.616323630895647571e-10
-1.008982360490950648e-09
-1.056854869495078932e-09
-1.105176511951499873e-09
-1.153872358294808356e-09
-1.202866106170339512e-09
-1.252080261028481841e-09
-1.301436318257011078e-09
-1.350854946435132253e-09
-1.400256171291207616e-09
-1.449559559940794766e-09
-1.498684404990716259e-09
-1.547549908096904850e-09
-1.596075362567493703e-09
-1.644180334611255662e-09
-1.691784842827036336e-09
-1.738809535551381445e-09
-1.785175865683719284e-09
-1.830806262606858972e-09
-1.875624300848841482e-09
-1.919554865123072599e-09
-1.962524311412943528e-09
-2.004460623764964045e-09
-2.045293566464682647e-09
-2.084954831300405400e-09
-2.123378179617462800e-09
-2.160499578876217158e-09
-2.196257333461161001e-09
-2.230592209476756945e-09
-2.263447553312364237e-09
-2.294769403745220843e-09
-2.324506597374989084e-09
-2.352610867219687715e-09
-2.379036934288773340e-09
-2.403742591989466539e-09
-2.426688783221750991e-09
-2.447839670052391630e-09
-2.467162695866802666e-09
-2.484628639911819726e-09
-2.500211664158432510e-09
-2.513889352454763614e-09
-2.525642741920836407e-09
-2.535456346584945472e-09
-2.543318173253698580e-09
-2.549219729649460553e-09
-2.553156024852301810e-09
-2.555125562098206196e-09
-2.555130324000152203e-09
-2.553175750302060672e-09
-2.549270708248199676e-09
-2.543427455703888215e-09
-2.535661597148953690e-09
-2.525992032707531744e-09
-2.514440900376354907e-09
-2.501033511626099895e-09
-2.485798280561997290e-09
-2.468766646870872640e-09
-2.449972992747906248e-09
-2.429454554049084175e-09
-2.407251325893752464e-09
-2.383405962981942617e-09
-2.357963674883825302e-09
-2.330972116565851119e-09
-2.302481274427222597e-09
-2.272543348153117373e-09
-2.241212628654705183e-09
-2.208545372411754720e-09
-2.174599672507627284e-09
-2.139435326680988961e-09
-2.103113702704269864e-09
-2.065697601402948437e-09
-2.027251117631821228e-09
-1.987839499549803518e-09
-1.947529006495691655e-09
-1.906386765804435661e-09
-1.864480628874815031e-09
-1.821879026823153032e-09
-1.778650826043154068e-09
-1.734865183985789283e-09
-1.690591405473355350e-09
-1.645898799876004285e-09
-1.600856539441342361e-09
-1.555533519092348434e-09
-1.509998217980719660e-09
-1.464318563096984026e-09
-1.418561795218929628e-09
-1.372794337472640908e-09
-1.327081666772396802e-09
-1.281488188412819168e-09
-1.236077114050546590e-09
-1.190910343326417540e-09
-1.146048349352516599e-09
-1.101550068292688553e-09
-1.057472793245364023e-09
-1.013872072622696542e-09
-9.708016132207771597e-10
-9.283131881529475849e-10
-8.864565498102334907e-10
-8.452793480018912574e-10
-8.048270534101186546e-10
-7.651428864884717415e-10
-7.262677519163758765e-10
-6.882401787043971074e-10
-6.510962660405717701e-10
-6.148696349478030370e-10
-5.795913858116119653e-10
-5.452900618232928520e-10
-5.119916183694188594e-10
-4.797193983866348685e-10
-4.484941136867527544e-10
-4.183338322425574087e-10
-3.892539714125326765e-10
-3.612672970707742651e-10
-3.343839285929161667e-10
-3.086113496387917317e-10
-2.839544246583607595e-10
-2.604154210355482198e-10
-2.379940367741628336e-10
-2.166874336172315892e-10
-1.964902754784849730e-10
-1.773947720582846543e-10
-1.593907275002568540e-10
-1.424655939390687416e-10
-1.266045297785489112e-10
-1.117904625288844116e-10
-9.800415602497883099e-11
-8.522428183982952265e-11
-7.342749469497177915e-11
-6.258851166902202550e-11
-5.268019499304584289e-11
-4.367363821738750072e-11
-3.553825553049406367e-11
-2.824187400105026754e-11
-2.175082851304684764e-11
-1.603005916013692268e-11
-1.104321085735167134e-11
-6.752734931111597764e-12
-3.119992441835977081e-12
-1.053589925456244774e-13
2.331669221545862042e-12
4.232368374251222962e-12
5.638679226637311448e-12
6.593098849828226323e-12
7.138572101665463081e-12
7.318383101019504079e-12
7.176046944379782477e-12
6.755201906082281278e-12
6.099502358558692147e-12
5.252512649966441142e-12
4.257602167432580572e-12
3.157841812422361383e-12
1.995902110183966194e-12
8.139531672909481049e-13
-3.464333119349345794e-13
-1.444379747103602859e-12
-2.439795945773257167e-12
-3.293469718963498769e-12
-3.967154666850083448e-12
-4.423654961076012286e-12
-4.626906956228686954e-12
-4.542057474057375883e-12
-4.135538611224522203e-12
-3.375138930301363671e-12
-2.230070904310103062e-12
-6.710344925839467432e-13
1.329723262587897207e-12
3.798352721049115414e-12
6.759350302599702692e-12
1.023551139960037672e-11
1.424788761576084374e-11
1.881574839172085664e-11
2.395654706930920910e-11
2.968589143362724706e-11
3.601751876360063881e-11
4.296327541160231643e-11
5.053310091946773665e-11
5.873501667223014248e-11
6.757511907712755540e-11
7.705757724691957186e-11
8.718463515800997600e-11
9.795661823995397031e-11
1.093719443478620473e-10
1.214271390580572454e-10
1.341168552157315198e-10
1.474338966597069650e-10
1.613692460335940521e-10
1.759120965925923311e-10
1.910498878988132595e-10
2.067683452951447584e-10
2.230515230385476780e-10
2.398818509677008382e-10
2.572401845692843459e-10
2.751058583061241584e-10
2.934567420582863838e-10
3.122693005290924637e-10
3.315186554555245522e-10
3.511786504620208574e-10
3.712219183914360515e-10
3.916199509421644280e-10
4.123431704346269074e-10
4.333610035316315459e-10
4.546419567287394098e-10
4.761536934338127891e-10
4.978631124470029878e-10
5.197364276547474650e-10
5.417392487502007165e-10
5.638366627890678396e-10
5.859933163909913041e-10
6.081734983973982151e-10
6.303412227957768676e-10
6.524603117231995829e-10
6.744944783592818944e-10
6.964074095251290713e-10
7.181628478055149689e-10
7.397246730115621840e-10
7.610569828070723004e-10
7.821241723233687223e-10
8.028910125931948390e-10
8.233227276353694588e-10
8.433850700263427871e-10
8.630443948028710568e-10
8.822677315429299821e-10
9.010228544747285826e-10
9.192783504740015244e-10
9.370036848111928682e-10
9.541692645219815860e-10
9.707464992735235646e-10
9.867078596094706391e-10
1.002026932465190623e-09
1.016678473850351689e-09
1.030638458598296580e-09
1.043884127097670672e-09
1.056394028920717558e-09
1.068148063279906496e-09
1.079127516240699335e-09
1.089315094632927525e-09
1.098694956612819290e-09
1.107252738832571962e-09
1.114975580177947196e-09
1.121852142052701865e-09
1.127872625185190812e-09
1.133028782953653217e-09
1.137313931218669073e-09
1.140722954669951831e-09
1.143252309702681002e-09
1.144900023839867666e-09
1.145665691731479135e-09
1.145550467759972013e-09
1.144557055297345826e-09
1.142689692668063389e-09
1.139954135865405965e-09
1.136357638084720600e-09
1.131908926155049924e-09
1.126618173928460537e-09
1.120496972723293389e-09
1.113558298899485314e-09
1.105816478663597539e-09
1.097287150208140111e-09
1.087987223280067576e-09
1.077934836288909470e-09
1.067149311080163678e-09
1.055651105474846577e-09
1.043461763712187255e-09
1.030603864910893509e-09
1.017100969682587754e-09
1.002977565034695877e-09
9.882590076886904768e-10
9.729714659528492135e-10
9.571418603000836301e-10
9.407978027761203129e-10
9.239675353947201919e-10
9.066798676543912917e-10
8.889641133254937503e-10
8.708500266572258077e-10
8.523677381418025373e-10
8.335476899824048644e-10
8.144205714193372119e-10
7.950172540440744994e-10
7.753687272557102481e-10
7.555060339932313703e-10
7.354602068862400564e-10
7.152622049654489439e-10
6.949428510608475134e-10
6.745327700218457161e-10
6.540623278961842457e-10
6.335615721830653935e-10
6.130601732925787621e-10
5.925873673249341782e-10
5.721719002867081269e-10
5.518419738591541927e-10
5.316251928192617222e-10
5.115485142176917216e-10
4.916381984165365442e-10
4.719197620715544467e-10
4.524179331530612315e-10
4.331566080834546011e-10
4.141588110702708151e-10
3.954466557080359501e-10
3.770413089111476938e-10
3.589629572387397194e-10
3.412307756694691248e-10
3.238628988694213265e-10
3.068763949994329136e-10
2.902872420962385199e-10
2.741103070584000371e-10
2.583593272625346212e-10
2.430468948266091669e-10
2.281844435323454925e-10
2.137822384152840330e-10
1.998493680204865596e-10
1.863937393188728355e-10
1.734220752734623139e-10
1.609399150368616996e-10
1.489516167577000930e-10
1.374603629677163740e-10
1.264681685139331109e-10
1.159758909974722745e-10
1.059832436742164447e-10
9.648881076626643034e-11
8.749006513030316904e-11
7.898338822297629147e-11
7.096409229806613584e-11
6.342644476804511834e-11
5.636369465603775768e-11
4.976810106076359781e-11
4.363096355486107322e-11
3.794265443056122272e-11
3.269265270533996339e-11
2.786957979695571641e-11
2.346123677172875883e-11
1.945464307177976381e-11
1.583607662014092437e-11
1.259111520157955735e-11
9.704679017844962064e-12
7.161074309413345217e-12
4.944037937957268942e-12
3.036782822218964180e-12
1.422044115692010838e-12
8.212601891925838544e-14
-1.001050885277140287e-12
-1.845901885388131882e-12
-2.471130091621685334e-12
-2.895678196052672920e-12
-3.138680151270690580e-12
-3.219412876207978090e-12
-3.157248099219901449e-12
-2.971604443035581231e-12
-2.681899858705762550e-12
-2.307504512581814738e-12
-1.867694226891346155e-12
-1.381604575406177897e-12
-8.681857311204177130e-13
-3.461581606844540303e-13
1.660307407849163416e-13
6.502489862967466517e-13
1.088721217716150782e-12
1.464068727083770868e-12
1.759348199605801729e-12
1.958089100772695820e-12
2.044329635758035407e-12
2.002651211841275898e-12
1.818211338783086931e-12
1.476774906425764755e-12
9.647437826902805299e-13
2.691846792486723501e-13
-6.221447631428698232e-13
-1.720771713685834824e-12
-3.037485754159279584e-12
-4.582318380350045145e-12
-6.364524431878320779e-12
-8.392565477218267239e-12
-1.067409517448570365e-11
-1.321594662398850767e-11
-1.602412172606394205e-11
-1.910378254983973847e-11
-2.245924471661493337e-11
-2.609397279655822076e-11
-3.001057771070464996e-11
-3.421081612968236169e-11
-3.869559185293096523e-11
-4.346495914830812416e-11
-4.851812803039304821e-11
-5.385347144777818557e-11
-5.946853434816717914e-11
-6.536004458641198252e-11
-7.152392563342572882e-11
-7.795531104547352629e-11
-8.464856064509640317e-11
-9.159727836276191041e-11
-9.879433168782435872e-11
-1.062318726692867093e-10
-1.139013604078783386e-10
-1.217935849769369074e-10
-1.298986927048341954e-10
-1.382062127534436302e-10
-1.467050849204677243e-10
-1.553836885931358492e-10
-1.642298727804636633e-10
-1.732309871455524974e-10
-1.823739139614262515e-10
-1.916451009109173408e-10
-2.010305946487260338e-10
-2.105160750461269543e-10
-2.200868900338344148e-10
-2.297280909602841194e-10
-2.394244683826707146e-10
-2.491605882055494699e-10
-2.589208280831672292e-10
-2.686894140020114085e-10
-2.784504569591038327e-10
-2.881879896540390550e-10
-2.978860031103233446e-10
-3.075284831455952714e-10
-3.170994466101245674e-10
-3.265829773126431273e-10
-3.359632615565347007e-10
-3.452246232085956258e-10
-3.543515582262420183e-10
-3.633287685696692973e-10
-3.721411954263464834e-10
-3.807740516804732159e-10
-3.892128535600969223e-10
-3.974434513958376481e-10
-4.054520594313465774e-10
-4.132252846236237898e-10
-4.207501543792638549e-10
-4.280141431710202356e-10
-4.350051979828142492e-10
-4.417117625380626757e-10
-4.481228002650704022e-10
-4.542278159567030637e-10
-4.600168760886594520e-10
-4.654806277579427112e-10
-4.706103162139923407e-10
-4.753978009510608913e-10
-4.798355703365843239e-10
-4.839167547575627090e-10
-4.876351382647415916e-10
-4.909851686992010682e-10
-4.939619662938471532e-10
-4.965613307378018031e-10
-4.987797467055453102e-10
-5.006143878456973314e-10
-5.020631192328939617e-10
-5.031244982925614933e-10
-5.037977742057934655e-10
-5.040828858061612397e-10
-5.039804579889788978e-10
-5.034917966468448612e-10
-5.026188821610215947e-10
-5.013643614687478904e-10
-4.997315387358880345e-10
-4.977243646702173787e-10
-4.953474245065546667e-10
-4.926059246997211969e-10
-4.895056783692030684e-10
-4.860530895315888201e-10
-4.822551361723897458e-10
-4.781193521979851496e-10
-4.736538083173084880e-10
-4.688670919081181285e-10
-4.637682859155597463e-10
-4.583669468408229122e-10
-4.526730818725740233e-10
-4.466971252215397838e-10
-4.404499137159796304e-10
-4.339426617172070609e-10
-4.271869354149594922e-10
-4.201946265685258815e-10
-4.129779257514320805e-10
-4.055492951661649443e-10
-3.979214410893388721e-10
-3.901072860138796847e-10
-3.821199405515118284e-10
-3.739726751585924196e-10
-3.656788917485368654e-10
-3.572520952578109050e-10
-3.487058652247560500e-10
-3.400538274465651347e-10
-3.313096257739232618e-10
-3.224868941065517904e-10
-3.135992286492918822e-10
-3.046601604870852518e-10
-2.956831285360954477e-10
-2.866814529304793640e-10
-2.776683088966051721e-10
-2.686567011706218808e-10
-2.596594390092090574e-10
-2.506891118456228108e-10
-2.417580656387909663e-10
-2.328783799612437416e-10
-2.240618458698727466e-10
-2.153199446039604241e-10
-2.066638271480019786e-10
-1.981042946987417489e-10
-1.896517800705902032e-10
-1.813163300736928114e-10
-1.731075888948547020e-10
-1.650347825092106068e-10
-1.571067041479802057e-10
-1.493317008466400255e-10
-1.417176610926001974e-10
-1.342720035910104841e-10
-1.270016671632740407e-10
-1.199131017913658919e-10
-1.130122608177160557e-10
-1.063045943077254307e-10
-9.979504357925493274e-11
-9.348803690180620641e-11
-8.738748636397444054e-11
-8.149678590627234154e-11
-7.581881051322726222e-11
-7.035591655658694241e-11
-6.510994327867450654e-11
-6.008221540262798532e-11
-5.527354685364581540e-11
-5.068424557324727427e-11
-4.631411940641548946e-11
-4.216248303867376165e-11
-3.822816595868231021e-11
-3.450952141937219569e-11
-3.100443636885178203e-11
-2.771034232061941321e-11
-2.462422713017449732e-11
-2.174264764378955291e-11
-1.906174318389799047e-11
-1.657724983296504871e-11
-1.428451547750930532e-11
-1.217851557138881739e-11
-1.025386957698861526e-11
-8.504858041855667998e-12
-6.925440266286034515e-12
-5.509272517759067565e-12
-4.249726746246790401e-12
-3.139909754125548314e-12
-2.172682774040220855e-12
-1.340681406763722279e-12
-6.363358714647002738e-13
-5.189152049424197909e-14
4.205704302173875786e-13
7.891120030970800312e-13
1.061917441657494696e-12
1.247272122467672393e-12
1.353541443772624209e-12
1.389149739093515834e-12
1.362559262377643489e-12
1.282249291451508537e-12
1.156695395766989931e-12
9.943489135308337286e-13
8.036166824930168530e-13
5.928410678309092789e-13
3.702803292660912132e-13
1.440893688821595301e-13
-7.769910059312456979e-14
-2.871929282410800720e-13
-4.766584007562258389e-13
-6.385375857721506076e-13
-7.654651081688749159e-13
-8.502843266200012819e-13
-8.860628791146314414e-13
-8.661075677970467794e-13
-7.839785554496096917e-13
-6.335028475410272139e-13
-4.087870355224735614e-13
-1.042292791568661759e-13
2.854694927217416507e-13
7.652951813483927155e-13
1.339910933914635949e-12
2.013648390579963678e-12
2.790499775318513151e-12
3.674110841326491935e-12
4.667774679351067648e-12
5.774426395807603092e-12
6.996638665127563852e-12
8.336618158933564971e-12
9.796202852830138518e-12
1.137686020914872154e-11
1.307968623251932443e-11
1.490540539310796725e-11
1.685437141007254783e-11
1.892656888643810847e-11
2.112161578453331816e-11
2.343876672911347551e-11
2.587691712415858801e-11
2.843460806679022338e-11
3.111003204077004129e-11
3.390103937040226232e-11
3.680514541344257263e-11
3.981953847110384089e-11
4.294108839105482102e-11
4.616635583831078969e-11
4.949160220773624800e-11
5.291280015010325274e-11
5.642564468320537939e-11
6.002556485813518130e-11
6.370773594955641046e-11
6.746709213840939407e-11
7.129833965439301881e-11
7.519597034462703998e-11
7.915427563473097994e-11
8.316736084719125859e-11
8.722915984225342467e-11
9.133344994557960408e-11
9.547386712643847006e-11
9.964392139061796217e-11
1.038370123513317634e-10
1.080464449417575675e-10
1.122654452326878365e-10
1.164871763186012288e-10
1.207047542362270650e-10
1.249112638792793656e-10
1.290997748734785423e-10
1.332633573767959487e-10
1.373950977697218995e-10
1.414881142013455622e-10
1.455355719572799975e-10
1.495306986163557475e-10
1.534667989640554689e-10
1.573372696305926516e-10
1.611356134233675225e-10
1.648554533237740196e-10
1.684905461201386230e-10
1.720347956486043463e-10
1.754822656152926699e-10
1.788271919747561269e-10
1.820639948405423012e-10
1.851872899042696205e-10
1.881918993421842655e-10
1.910728621882934526e-10
1.938254441559339866e-10
1.964451468892683048e-10
1.989277166286504459e-10
2.012691522756007555e-10
2.034657128441011115e-10
2.055139242856288646e-10
2.074105856785917351e-10
2.091527747724624679e-10
2.107378528806483152e-10
2.121634691149068124e-10
2.134275639575523957e-10
2.145283721690941205e-10
2.154644250301364000e-10
2.162345519168252867e-10
2.168378812128596366e-10
2.172738405600818827e-10
2.175421564539815192e-10
2.176428531884245282e-10
2.175762511578106552e-10
2.173429645259049167e-10
2.169438982715702878e-10
2.163802446218605991e-10
2.156534788866749619e-10
2.147653547076433385e-10
2.137178987382450494e-10
2.125134047695684638e-10
2.111544273199798973e-10
2.096437747075634525e-10
2.079845016248445534e-10
2.061799012351152777e-10
2.042334968132465263e-10
2.021490329517199737e-10
1.999304663567017082e-10
1.975819562558519226e-10
1.951078544430872058e-10
1.925126949856466079e-10
1.898011836188793681e-10
1.869781868537164470e-10
1.840487208247351934e-10
1.810179399041728697e-10
1.778911251106991668e-10
1.746736723384099829e-10
1.713710804342995501e-10
1.679889391521500197e-10
1.645329170103529634e-10
1.610087490803966467e-10
1.574222247348064862e-10
1.537791753807399202e-10
1.500854622079389885e-10
1.463469639763883323e-10
1.425695648705509188e-10
1.387591424481039552e-10
1.349215557065029588e-10
1.310626332947857919e-10
1.271881618939812313e-10
1.233038747909313646e-10
1.194154406697300052e-10
1.155284526424280639e-10
1.116484175414707949e-10
1.077807454965314077e-10
1.039307398143664121e-10
1.001035871830841936e-10
9.630434821851270507e-11
9.253794837110898782e-11
8.880916921074895363e-11
8.512264010454482244e-11
8.148283030286127735e-11
7.789404144827523188e-11
7.436040051916927493e-11
7.088585322064017005e-11
6.747415783290113802e-11
6.412887952690596732e-11
6.085338515600010916e-11
5.765083853039871170e-11
5.452419618076270163e-11
5.147620361645141269e-11
4.850939208168249606e-11
4.562607581280088958e-11
4.282834979805412834e-11
4.011808804043211095e-11
3.749694232303250375e-11
3.496634147510302141e-11
3.252749113577201265e-11
3.018137401183328814e-11
2.792875062438441856e-11
2.577016053827027441e-11
2.370592406735407390e-11
2.173614444743583346e-11
1.986071046783171781e-11
1.807929955169073946e-11
1.639138127399336755e-11
1.479622130548250431e-11
1.329288577009370209e-11
1.188024600209105292e-11
1.055698368902573244e-11
9.321596385349223090e-12
8.172403381000324263e-12
7.107551908897215079e-12
6.125023674200190450e-12
5.222641687733502640e-12
4.398077385987337361e-12
3.648858018631642219e-12
2.972374285108430045e-12
2.365888200610682950e-12
1.826541171837796239e-12
1.351362262760667010e-12
9.372766299868710666e-13
5.811141071588156067e-13
2.796179182366287949e-13
2.945349846304050475e-14
-1.727825973080830784e-13
-3.305537199587166766e-13
-4.473741058327641604e-13
-5.267998313376088883e-13
-5.724197630413345413e-13
-5.878465238039521456e-13
-5.767074947237398520e-13
-5.426358731125164580e-13
-4.892618059841131419e-13
-4.202036181437807009e-13
-3.390591541447535876e-13
-2.493972521138762167e-13
-1.547493677084349240e-13
-5.860136574394674792e-14
3.561450376489208235e-14
1.245274285094035940e-13
2.048356400151928713e-13
2.733137878435970020e-13
3.268200671914116427e-13
3.623030861456848563e-13
3.768084593936436293e-13
3.674851159147105077e-13
3.315913090283454400e-13
2.665003178695647460e-13
1.697058301295558224e-13
3.882699678543700430e-14
-1.283868497157129781e-13
-3.340518214869904631e-13
-5.801454523128267857e-13
-8.685030317657136066e-13
-1.200814301569027193e-12
-1.578620518397494527e-12
-2.003311886565069977e-12
-2.476125363248718836e-12
-2.998142837758189412e-12
-3.570289685922065687e-12
-4.193333699495460197e-12
-4.867884389637028950e-12
-5.594392663035014480e-12
-6.373150867963288692e-12
-7.204293207033746183e-12
-8.087796512680128612e-12
-9.023481380184385815e-12
-1.001101365296250522e-11
-1.104990625356981827e-11
-1.213952135313960231e-11
-1.327907287189670140e-11
-1.446762930182043330e-11
-1.570411684257114396e-11
-1.698732284099489017e-11
-1.831589952350673065e-11
-1.968836801090958504e-11
-2.110312260386650687e-11
-2.255843532700858666e-11
-2.405246071962090738e-11
-2.558324085954272919e-11
-2.714871060726725998e-11
-2.874670305656150926e-11
-3.037495517727745046e-11
-3.203111363645466514e-11
-3.371274078273369488e-11
-3.541732077926856945e-11
-3.714226587032182579e-11
-3.888492276593526518e-11
-4.064257912955720596e-11
-4.241247015307164938e-11
-4.419178520357615494e-11
-4.597767452659943783e-11
-4.776725598988739337e-11
-4.955762185238524970e-11
-5.134584554305786412e-11
-5.312898843395231897e-11
-5.490410659257814584e-11
-5.666825749835629729e-11
-5.841850670844432272e-11
-6.015193445843977942e-11
-6.186564218332742530e-11
-6.355675894507592598e-11
-6.522244775295039951e-11
-6.685991176320285413e-11
-6.846640034542731504e-11
-7.003921500268150352e-11
-7.157571513365375101e-11
-7.307332362507795001e-11
-7.452953226294694035e-11
-7.594190695246454802e-11
-7.730809273604379092e-11
-7.862581859994226608e-11
-7.989290206066378765e-11
-8.110725352212266049e-11
-8.226688039635792332e-11
-8.336989098002317509e-11
-8.441449807978911274e-11
-8.539902238133025078e-11
-8.632189555561793548e-11
-8.718166309811228023e-11
-8.797698689681552767e-11
-8.870664752498726842e-11
-8.936954625657133489e-11
-8.996470680136048758e-11
-9.049127675826159345e-11
-9.094852878633306072e-11
-9.133586149282641527e-11
-9.165280003830194132e-11
-9.189899646048304859e-11
-9.207422971742892227e-11
-9.217840545336911371e-11
-9.221155548903506864e-11
-9.217383703994236917e-11
-9.206553166723740589e-11
-9.188704396508255287e-11
-9.163889998943556387e-11
-9.132174543458485487e-11
-9.093634356246529100e-11
-9.048357289268401237e-11
-8.996442465924640455e-11
-8.938000004170104964e-11
-8.873150717937624610e-11
-8.802025797651604884e-11
-8.724766470693413404e-11
-8.641523642814153786e-11
-8.552457521336108365e-11
-8.457737221259803381e-11
-8.357540355179070540e-11
-8.252052608066958369e-11
-8.141467298063325525e-11
-8.025984924293418234e-11
-7.905812702810545897e-11
-7.781164091862523927e-11
-7.652258307515563620e-11
-7.519319830912058609e-11
-7.382577908217327711e-11
-7.242266044441913818e-11
-7.098621492369448636e-11
-6.951884737703774700e-11
-6.802298981595152079e-11
-6.650109621772396917e-11
-6.495563733351300253e-11
-6.338909550572642759e-11
-6.180395950519155076e-11
-6.020271939949862094e-11
-5.858786146409883426e-11
-5.696186314656178581e-11
-5.532718809452572513e-11
-5.368628125833067291e-11
-5.204156407775521682e-11
-5.039542976360729084e-11
-4.875023868304063108e-11
-4.710831385805032875e-11
-4.547193658646665861e-11
-4.384334219367578832e-11
-4.222471592325525466e-11
-4.061818897476666724e-11
-3.902583469560526313e-11
-3.744966493459869127e-11
-3.589162656347200815e-11
-3.435359817244663876e-11
-3.283738694606133301e-11
-3.134472572412769788e-11
-2.987727025291522088e-11
-2.843659663075437876e-11
-2.702419895210788208e-11
-2.564148715354000223e-11
-2.428978506443606390e-11
-2.297032866493451973e-11
-2.168426455323234490e-11
-2.043264862358181560e-11
-1.921644495608471846e-11
-1.803652491876470566e-11
-1.689366648203362361e-11
-1.578855374513616987e-11
-1.472177667366007808e-11
-1.369383104674641251e-11
-1.270511861227776134e-11
-1.175594744772793837e-11
-1.084653252401541361e-11
-9.976996469237263280e-12
-9.147370528732365271e-12
-8.357595717576523944e-12
-7.607524161138725931e-12
-6.896920618998040904e-12
-6.225464187102081702e-12
-5.592750172816742878e-12
-4.998292136989870812e-12
-4.441524097024311233e-12
-3.921802884479363556e-12
-3.438410650575317908e-12
-2.990557512618640146e-12
-2.577384334151172366e-12
-2.197965631316751492e-12
-1.851312597876461771e-12
-1.536376240943441224e-12
-1.252050619438427987e-12
-9.971761770611161955e-13
-7.705431614010529679e-13
-5.708951208371620037e-13
-3.969324706120370927e-13
-2.473161194062480924e-13
-1.206711478466759596e-13
-1.559053010725048893e-14
6.936111002903684294e-14
1.356437175022201256e-13
1.847380073541348721e-13
2.181416578412576431e-13
2.373655038907407996e-13
2.439297395292298474e-13
2.393601376075195760e-13
2.251842952651893346e-13
2.029279132399420186e-13
1.741111171778677594e-13
1.402448287524548662e-13
1.028271943294009019e-13
6.334007866128034630e-14
2.324563098577368839e-14
-1.601706953226144318e-14
-5.303528206302194415e-14
-8.642577960111502653e-14
-1.148379253101423255e-13
-1.369566437093328802e-13
-1.515052810093317957e-13
-1.572483490867194915e-13
-1.529941480152461421e-13
-1.375972623274899781e-13
-1.099609265212202823e-13
-6.903925566250914566e-14
-1.383933725576492635e-14
5.657681905441547572e-14
1.430904771137421384e-13
2.465245179353917119e-13
3.676419338745075571e-13
5.071444753302525222e-13
6.656714516413628763e-13
8.437986875679074175e-13
1.042037636241476525e-12
1.260834649253994410e-12
1.500570404113790285e-12
1.761559488949365559e-12
2.044050144016467108e-12
2.348224159201671272e-12
2.674196926349532141e-12
3.022017644979086724e-12
3.391669679499833493e-12
3.783071065826165704e-12
4.196075164948674801e-12
4.630471460634504755e-12
5.085986498244434580e-12
5.562284961287303988e-12
6.058970882053808605e-12
6.575588982489491649e-12
7.111626141048401115e-12
7.666512981189398639e-12
8.239625576858301606e-12
8.830287270046485823e-12
9.437770595395057283e-12
1.006129930656030719e-11
1.070005049885570641e-11
1.135315682261809046e-11
1.201970878141849987e-11
1.269875710927830908e-11
1.338931522084980688e-11
1.409036172832439318e-11
1.480084301891149297e-11
1.551967588650253086e-11
1.624575021112715084e-11
1.697793167978046568e-11
1.771506454207036922e-11
1.845597439424395656e-11
1.919947098505207787e-11
1.994435103690646815e-11
2.068940107590223361e-11
2.143340026420927027e-11
2.217512322846815785e-11
2.291334287782341929e-11
2.364683320533381685e-11
2.437437206664959885e-11
2.509474392982140800e-11
2.580674259033387699e-11
2.650917384555640880e-11
2.720085812290599612e-11
2.788063305625450351e-11
2.854735600514934447e-11
2.919990651170311380e-11
2.983718869019992566e-11
3.045813354451463661e-11
3.106170120881091493e-11
3.164688310712420523e-11
3.221270402762938478e-11
3.275822410770734349e-11
3.328254072600371833e-11
3.378479029808070959e-11
3.426414997248606438e-11
3.471983922411624553e-11
3.515112134229088888e-11
3.555730481103196516e-11
3.593774457933168165e-11
3.629184321955926963e-11
3.661905197218793961e-11
3.691887167558728767e-11
3.719085357976063329e-11
3.743460004301169836e-11
3.764976511112253288e-11
3.783605497864757263e-11
3.799322833225724760e-11
3.812109657643056085e-11
3.821952394178511723e-11
3.828842747695289145e-11
3.832777692497488764e-11
3.833759448526252146e-11
3.831795446282468906e-11
3.826898280635965695e-11
3.819085653716537305e-11
3.808380307114378567e-11
3.794809943608825867e-11
3.778407138706698808e-11
3.759209242270086260e-11
3.737258270514988172e-11
3.712600788726443451e-11
3.685287785003774612e-11
3.655374535423081352e-11
3.622920460953038100e-11
3.587988976524605583e-11
3.550647332662837710e-11
3.510966450091791101e-11
3.469020747720971246e-11
3.424887964474947345e-11
3.378648975387933976e-11
3.330387602451827855e-11
3.280190420644263818e-11
3.228146559623771445e-11
3.174347501572789050e-11
3.118886875666158824e-11
3.061860249632732883e-11
3.003364918919189505e-11
2.943499693919493986e-11
2.882364685785830031e-11
2.820061091275378476e-11
2.756690977129714092e-11
2.692357064473364530e-11
2.627162513704930130e-11
2.561210710337732427e-11
2.494605052274969292e-11
2.427448738956565902e-11
2.359844562852476016e-11
2.291894703714103603e-11
2.223700526026763831e-11
2.155362380086637210e-11
2.086979407105815763e-11
2.018649348731438917e-11
1.950468361374076215e-11
1.882530835699210172e-11
1.814929221651238473e-11
1.747753859328378281e-11
1.681092816037045612e-11
1.615031729835377431e-11
1.549653659848674313e-11
1.485038943621313131e-11
1.421265061766416448e-11
1.358406510136505066e-11
1.296534679741232262e-11
1.235717744595111468e-11
1.176020557674511512e-11
1.117504555145179889e-11
1.060227668992436504e-11
1.004244248167576798e-11
9.496049883522132911e-12
8.963568704115402070e-12
8.445431075991739983e-12
7.942031015427333638e-12
7.453724070285452796e-12
6.980827055848905826e-12
6.523617878381091070e-12
6.082335445986206153e-12
5.657179666166523847e-12
5.248311529265291348e-12
4.855853276819094997e-12
4.479888653645831504e-12
4.120463242304281805e-12
3.777584878441701157e-12
3.451224145338923968e-12
3.141314945785287891e-12
2.847755149320242927e-12
2.570407312660407015e-12
2.309099471028194168e-12
2.063625997972692477e-12
1.833748531089771821e-12
1.619196960953274512e-12
1.419670480504629512e-12
1.234838691913866310e-12
1.064342767971536882e-12
9.077966648509886861e-13
7.647883830544083654e-13
6.348812733019971678e-13
5.176153839939972282e-13
4.125088468071145099e-13
3.190592970505790851e-13
2.367453251755564665e-13
1.650279559740842598e-13
1.033521518455082435e-13
5.114833653366850279e-14
7.833935762615161883e-15
-2.718506885993686273e-14
-5.451257633009832467e-14
-7.476079662825047543e-14
-8.854867867007119790e-14
-9.650033931011070189e-14
-9.924349695420982729e-14
-9.740791325973963666e-14
-9.162384631250852908e-14
-8.252051867785846306e-14
-7.072460365049992643e-14
-5.685873287822355894e-14
-4.154002857953208253e-14
-2.537866338086639871e-14
-8.976450782493848076e-15
7.074530855464140558e-15
2.219327805175820958e-14
3.581116295937494426e-14
4.737319257130578143e-14
5.633922394870265721e-14
6.218513311251378912e-14
6.440393541768623654e-14
6.250685531737740496e-14
5.602434358030069610e-14
4.450704015589675015e-14
2.752668100923716209e-14
4.676947407106881890e-15
-2.442574374422398658e-14
-6.014150973375675855e-14
-1.028063331633153647e-13
-1.527314552886032534e-13
-2.102028323741207028e-13
-2.754806557310544079e-13
-3.487989359324369819e-13
-4.303651515349103065e-13
-5.203599625602054550e-13
-6.189369887466206205e-13
-7.262226525042590369e-13
-8.423160863571219007e-13
-9.672891044431553195e-13
-1.101186237623002045e-12
-1.244024831506036377e-12
-1.395795206580590557e-12
-1.556460879597611526e-12
-1.725958845080656722e-12
-1.904199915827139189e-12
-2.091069121108445398e-12
-2.286426161102333950e-12
-2.490105916092645170e-12
-2.701919008760642090e-12
-2.921652417796624017e-12
-3.149070141066838050e-12
-3.383913906312019462e-12
-3.625903927394508516e-12
-3.874739703996411185e-12
-4.130100862511480397e-12
-4.391648035948564449e-12
-4.659023780466775510e-12
-4.931853526130911648e-12
-5.209746559513674551e-12
-5.492297035559683325e-12
-5.779085016225806175e-12
-6.069677533310416464e-12
-6.363629672824146061e-12
-6.660485678329924157e-12
-6.959780070542612161e-12
-7.261038780530945212e-12
-7.563780293885470087e-12
-7.867516803118826898e-12
-8.171755365674892924e-12
-8.475999064866261311e-12
-8.779748171086426144e-12
-9.082501300726160035e-12
-9.383756570130014973e-12
-9.683012742095633246e-12
-9.979770362382496937e-12
-1.027353288373234882e-11
-1.056380777502098519e-11
-1.085010761312590464e-11
-1.113195115523974641e-11
-1.140886438938175514e-11
-1.168038156087960210e-11
-1.194604617280330656e-11
-1.220541195825921112e-11
-1.245804382261486578e-11
-1.270351875382990365e-11
-1.294142669904440347e-11
-1.317137140583678173e-11
-1.339297122650705879e-11
-1.360585988386193070e-11
-1.380968719722101150e-11
-1.400411976724194672e-11
-1.418884161842875693e-11
-1.436355479827048294e-11
-1.452797993193560734e-11
-1.468185673179812200e-11
-1.482494446093074567e-11
-1.495702234990275232e-11
-1.507788996648095620e-11
-1.518736753764266031e-11
-1.528529622367765581e-11
-1.537153834418552009e-11
-1.544597755575069390e-11
-1.550851898149180922e-11
-1.555908929245381231e-11
-1.559763674107017564e-11
-1.562413114717989112e-11
-1.563856383683177595e-11
-1.564094753454067907e-11
-1.563131620962289166e-11
-1.560972487722419036e-11
-1.557624935506739651e-11
-1.553098597666613072e-11
-1.547405126202464399e-11
-1.540558154707861008e-11
-1.532573257283243767e-11
-1.523467903559323450e-11
-1.513261409962180440e-11
-1.501974887347713288e-11
-1.489631185174193920e-11
-1.476254832347688845e-11
-1.461871974902462763e-11
-1.446510310697733471e-11
-1.430199021278476485e-11
-1.412968701091115289e-11
-1.394851284231810808e-11
-1.375879968898991558e-11
-1.356089139758147291e-11
-1.335514288390368288e-11
-1.314191932020734766e-11
-1.292159530732216310e-11
-1.269455403351103557e-11
-1.246118642199981319e-11
-1.222189026927984320e-11
-1.197706937600513352e-11
-1.172713267266584925e-11
-1.147249334185474123e-11
-1.121356793912271780e-11
-1.095077551447929270e-11
-1.068453673637812111e-11
-1.041527302008807756e-11
-1.014340566243731140e-11
-9.869354984636656349e-12
-9.593539485178314896e-12
-9.316375004444828640e-12
-9.038273902799071603e-12
-8.759644253926205157e-12
-8.480889054995437909e-12
-8.202405455225497619e-12
-7.924584004466699407e-12
-7.647807923168211278e-12
-7.372452395277858453e-12
-7.098883885318340176e-12
-6.827459480950675299e-12
-6.558526262300061184e-12
-6.292420699138928369e-12
-6.029468076995238654e-12
-5.769981953237434599e-12
-5.514263643996103050e-12
-5.262601742845662388e-12
-5.015271671955617546e-12
-4.772535266407889868e-12
-4.534640392331793768e-12
-4.301820599353100215e-12
-4.074294807795981327e-12
-3.852267031039784453e-12
-3.635926133273595007e-12
-3.425445622895486933e-12
-3.220983481648712429e-12
-3.022682029532338821e-12
-2.830667825473224909e-12
-2.645051603627460866e-12
-2.465928245104068178e-12
-2.293376784853603077e-12
-2.127460453364181681e-12
-1.968226752741524267e-12
-1.815707566681610195e-12
-1.669919303755880231e-12
-1.530863073381519713e-12
-1.398524893775050668e-12
-1.272875931114404578e-12
-1.153872769071197698e-12
-1.041457707845902190e-12
-9.355590917216957705e-13
-8.360916641686462215e-13
-7.429569494196394528e-13
-6.560436594116334298e-13
-5.752281249548158564e-13
-5.003747499265247461e-13
-4.313364872474796917e-13
-3.679553353786496421e-13
-3.100628540228221849e-13
-2.574806977011221787e-13
-2.100211658352268259e-13
-1.674877679357988131e-13
-1.296758025096346085e-13
-9.637294823183533673e-14
-6.735986596432781250e-14
-4.241081014723000027e-14
-2.129424811348614082e-14
-3.773485862347820117e-15
1.039270117058956627e-14
2.144943383111494015e-14
2.964509287568710668e-14
3.523068199156680755e-14
3.845919161948708715e-14
3.958496502081961317e-14
3.886306797840521138e-14
3.654866351856498029e-14
3.289639300418128774e-14
2.815976494787930499e-14
2.259055282357861358e-14
1.643820316171823587e-14
9.949255153055982028e-15
3.366772962599674486e-15
-3.070208088538785644e-15
-9.127220365303611231e-15
-1.457488670628864005e-14
-1.918942613125359682e-14
-2.275314149872880755e-14
-2.505488817548125790e-14
-2.589052285092106410e-14
-2.506333166442037484e-14
-2.238443687997130863e-14
-1.767318139338611790e-14
-1.075749041005635181e-14
-1.474209698260227032e-15
1.033058013143738178e-14
2.480127379942309665e-14
4.207247641111432432e-14
6.226876375343882716e-14
8.550446814217277096e-14
1.118834900615628581e-13
1.414991357851523384e-13
1.744339810933263132e-13
2.107597611635225999e-13
2.505372866288405914e-13
2.938163857595898666e-13
3.406358726476348472e-13
3.910235412295128289e-13
4.449961849234503727e-13
5.025596415989045260e-13
5.637088635338163051e-13
6.284280119893639422e-13
6.966905759418146600e-13
7.684595145005463690e-13
8.436874224544389475e-13
9.223167183728724614e-13
1.004279854626309642e-12
1.089499548654257615e-12
1.177889034751444818e-12
1.269352335636428899e-12
1.363784552990434490e-12
1.461072176151675324e-12
1.561093408089939592e-12
1.663718507777429441e-12
1.768810148035105660e-12
1.876223787893849873e-12
1.985808058514489610e-12
2.097405161660693680e-12
2.210851279716652055e-12
2.325976996222783974e-12
2.442607725875916948e-12
2.560564152948323451e-12
2.679662677056832095e-12
2.799715865206321852e-12
2.920532909037407357e-12
3.041920086195809286e-12
3.163681224748997138e-12
3.285618169572915707e-12
3.407531249636908945e-12
3.529219745132784092e-12
3.650482353389710778e-12
3.771117652534504870e-12
3.890924561878084532e-12
4.009702798013740400e-12
4.127253325643082549e-12
4.243378802154269276e-12
4.357884015006624131e-12
4.470576311011269184e-12
4.581266016595902384e-12
4.689766848196855234e-12
4.795896311941743240e-12
4.899476091812142418e-12
5.000332425523512579e-12
5.098296467369488445e-12
5.193204637339425155e-12
5.284898955851100057e-12
5.373227363450559577e-12
5.458044024911009358e-12
5.539209617176895299e-12
5.616591600644304344e-12
5.690064473325678447e-12
5.759510007454895358e-12
5.824817468173907242e-12
5.885883813968399207e-12
5.942613878537210168e-12
5.994920533873724178e-12
6.042724834346549095e-12
6.085956141617612033e-12
6.124552230299913258e-12
6.158459374254848842e-12
6.187632413531652288e-12
6.212034801965346078e-12
6.231638635465951072e-12
6.246424661134308471e-12
6.256382267335033590e-12
6.261509454910499676e-12
6.261812789781265120e-12
6.257307337165184712e-12
6.248016577752625151e-12
6.233972306179466960e-12
6.215214512144298108e-12
6.191791244623936033e-12
6.163758459614598439e-12
6.131179851881949032e-12
6.094126671249152040e-12
6.052677523930079641e-12
6.006918159514801059e-12
5.956941244200970117e-12
5.902846120862396754e-12
5.844738556642284113e-12
5.782730478717525176e-12
5.716939698927161186e-12
5.647489627986484293e-12
5.574508979979569992e-12
5.498131467903881838e-12
5.418495491015638171e-12
5.335743814710187238e-12
5.250023243751245955e-12
5.161484289608039081e-12
5.070280832693374790e-12
4.976569780306227859e-12
4.880510721046197221e-12
4.782265576523578890e-12
4.681998251157413329e-12
4.579874280823451271e-12
4.476060481174808039e-12
4.370724596395548374e-12
4.264034949161845095e-12
4.156160092584582677e-12
4.047268464858183178e-12
3.937528047381090615e-12
3.827106027067141682e-12
3.716168463531497281e-12
3.604879961874377476e-12
3.493403351704246066e-12
3.381899373087018819e-12
3.270526370012547341e-12
3.159439992005260318e-12
3.048792904465723192e-12
2.938734508301360578e-12
2.829410669362796985e-12
2.720963458215004629e-12
2.613530900701434808e-12
2.507246739774114565e-12
2.402240208986982308e-12
2.298635818051606923e-12
2.196553150823268233e-12
2.096106676042661304e-12
1.997405571121325004e-12
1.900553559251934417e-12
1.805648760063934696e-12
1.712783554040328086e-12
1.622044460851248471e-12
1.533512031743686832e-12
1.447260756096734365e-12
1.363358982211417502e-12
1.281868852368739537e-12
1.202846252168006181e-12
1.126340774118178280e-12
1.052395695426663978e-12
9.810479698974695338e-13
9.123282338147245820e-13
8.462608256718138817e-13
7.828638195625121331e-13
7.221490720272397816e-13
6.641222821210661242e-13
6.087830644399568505e-13
5.561250348167122614e-13
5.061359083739077570e-13
4.587976095913475718e-13
4.140863940277911138e-13
3.719729813118922683e-13
3.324226989960829951e-13
2.953956368426613064e-13
2.608468111012853671e-13
2.287263383067206474e-13
1.989796181227753143e-13
1.715475247304496579e-13
1.463666062480952441e-13
1.233692916628188465e-13
1.024841047357757683e-13
8.363588433119752728e-14
6.674601061811107094e-14
5.173263657441518611e-14
3.851092423122735146e-14
2.699328507417658360e-14
1.708962402687955919e-14
8.707586429814889655e-15
1.752807440160302892e-15
-3.870836742431682868e-15
-8.260976393142508119e-15
-1.151649511447792571e-14
-1.373727658630218894e-14
-1.502395179039633829e-14
-1.547764727285941554e-14
-1.519973499568817589e-14
-1.429158432956563288e-14
-1.285431671893935994e-14
-1.098856354877646626e-14
-8.794227728154491994e-15
-6.370249484640359712e-15
-3.814376860778745383e-15
-1.222941384091271932e-15
1.309360639520801635e-15
3.689680765443868655e-15
5.827224566575658959e-15
7.633450903274485942e-15
9.022263923285856611e-15
9.910197431647344758e-15
1.021659128745865421e-14
9.863759505386052017e-15
8.777149765288705233e-15
6.885494051527345006e-15
4.120950166375668508e-15
4.192338888555001378e-16
-4.280258432001844341e-15
-1.003433703351745289e-14
-1.689591580722916492e-14
-2.491391941327490326e-14
-3.413320056002579896e-14
-4.459446753239855159e-14
-5.633422204094242548e-14
-6.938470742944049863e-14
-8.377386725991607184e-14
-9.952531427330762995e-14
-1.166583096945482547e-13
-1.351877528285344527e-13
-1.551241808808753871e-13
-1.764737788970062816e-13
-1.992383997113522127e-13
-2.234155937596951406e-13
-2.489986485966593409e-13
-2.759766379412008207e-13
-3.043344800461976918e-13
-3.340530051691641234e-13
-3.651090319176513719e-13
-3.974754521997642942e-13
-4.311213245194709632e-13
-4.660119753196351091e-13
-5.021091080714764043e-13
-5.393709197942011985e-13
-5.777522246704500211e-13
-6.172045844070509832e-13
-6.576764449966399910e-13
-6.991132794973122362e-13
-7.414577364634314791e-13
-7.846497936334369796e-13
-8.286269164794822286e-13
-8.733242212214256071e-13
-9.186746418888684787e-13
-9.646091010182946265e-13
-1.011056683572341516e-12
-1.057944813649039684e-12
-1.105199433566550659e-12
-1.152745184888054188e-12
-1.200505590966987363e-12
-1.248403240586499513e-12
-1.296359972262877657e-12
-1.344297058796012604e-12
-1.392135391649844496e-12
-1.439795664741118344e-12
-1.487198557235788798e-12
-1.534264914942620502e-12
-1.580915929911886691e-12
-1.627073317851638588e-12
-1.672659492973782048e-12
-1.717597739908735180e-12
-1.761812382322237215e-12
-1.805228947882951758e-12
-1.847774329248262285e-12
-1.889376940731971179e-12
-1.929966870350019048e-12
-1.969476026938838990e-12
-2.007838282052522383e-12
-2.044989606381655133e-12
-2.080868200421634687e-12
-2.115414619153509255e-12
-2.148571890515018687e-12
-2.180285627437054315e-12
-2.210504133269577706e-12
-2.239178500406466071e-12
-2.266262701943422097e-12
-2.291713676245661541e-12
-2.315491404275625765e-12
-2.337558979583601848e-12
-2.357882670871928471e-12
-2.376431977041092528e-12
-2.393179674686632562e-12
-2.408101857986979796e-12
-2.421177970958866098e-12
-2.432390832098484324e-12
-2.441726651391989897e-12
-2.449175039741507023e-12
-2.454729010853821540e-12
-2.458384975634570634e-12
-2.460142729197187548e-12
-2.460005430555565037e-12
-2.457979575111056823e-12
-2.454074960084088461e-12
-2.448304642996296728e-12
-2.440684893378624434e-12
-2.431235137871860568e-12
-2.419977898880023657e-12
-2.406938727004397880e-12
-2.392146127433906498e-12
-2.375631480512830101e-12
-2.357428956739413835e-12
-2.337575426398224835e-12
-2.316110364098347325e-12
-2.293075748472834485e-12
-2.268515957284960465e-12
-2.242477658249716010e-12
-2.215009695820325127e-12
-2.186162974232175400e-12
-2.155990337120772604e-12
-2.124546443976762635e-12
-2.091887643763663766e-12
-2.058071846001154658e-12
-2.023158389603554541e-12
-1.987207909816676557e-12
-1.950282203536079689e-12
-1.912444093324068242e-12
-1.873757290460632827e-12
-1.834286257307292638e-12
-1.794096069316996718e-12
-1.753252276995537813e-12
-1.711820768102938077e-12
-1.669867630426903065e-12
-1.627459015400083767e-12
-1.584661002859688390e-12
-1.541539467256454529e-12
-1.498159945567766875e-12
-1.454587507209092029e-12
-1.410886626210972353e-12
-1.367121055908197438e-12
-1.323353706418498599e-12
-1.279646525134385465e-12
-1.236060380467662739e-12
-1.192654949087813051e-12
-1.149488606848161428e-12
-1.106618323621240397e-12
-1.064099562236014506e-12
-1.021986181691778654e-12
-9.803303448379932452e-13
-9.391824306680703941e-13
-8.985909513782546113e-13
-8.586024743397081366e-13
-8.192615490955300735e-13
-7.806106395037385135e-13
-7.426900611265948045e-13
-7.055379239473820293e-13
-6.691900804998771842e-13
-6.336800794644374773e-13
-5.990391247818300430e-13
-5.652960403256071279e-13
-5.324772401533492195e-13
-5.006067043477808913e-13
-4.697059604490390095e-13
-4.397940704614702241e-13
-4.108876234121016782e-13
-3.830007334203701650e-13
-3.561450432288510903e-13
-3.303297331344263496e-13
-3.055615352471355764e-13
-2.818447529900249207e-13
-2.591812857462840015e-13
-2.375706585481092777e-13
-2.170100566893784933e-13
-1.974943651384366475e-13
-1.790162126138006837e-13
-1.615660201779542438e-13
-1.451320541977731389e-13
-1.297004835085936584e-13
-1.152554406114426986e-13
-1.017790867302290110e-13
-8.925168053985275625e-14
-7.765165038078359629e-14
-6.695566976001789418e-14
-5.713873593747499547e-14
-4.817425139254888329e-14
-4.003410796002560919e-14
-3.268877341727014432e-14
-2.610738030990025187e-14
-2.025781678790328076e-14
-1.510681923512418934e-14
-1.062006646349433400e-14
-6.762275243659376620e-15
-3.497296948200176776e-15
-7.882150781059557298e-16
1.402556557299025146e-15
3.113175229194981157e-15
4.382270478250828763e-15
5.248845322281270702e-15
5.752177706765189023e-15
5.931722418805560888e-15
5.827013676990842079e-15
5.477568610989509881e-15
4.922791840523027532e-15
4.201881353822988869e-15
3.353735888971940190e-15
2.416864007470498238e-15
1.429295049958475424e-15
4.284921564769333849e-16
-5.487324749818944516e-16
-1.466299921903806732e-15
-2.288944300761968331e-15
-2.982289807524610316e-15
-3.512924886352055334e-15
-3.848473389802708429e-15
-3.957662598371706710e-15
-3.810387976921390194e-15
-3.377774554892448704e-15
-2.632234824133555509e-15
-1.547523058357071529e-15
-9.878596640851099655e-17
1.737390398508946140e-15
3.982937543628104265e-15
6.658265315003885213e-15
9.782226600097391409e-15
1.337208599648718726e-14
1.744349247808242283e-14
2.201045608284369745e-14
2.708532863416444220e-14
3.267878850112727565e-14
3.879982939291184666e-14
4.545575317388347598e-14
5.265216667466535930e-14
6.039298247143690995e-14
6.868042358919778370e-14
7.751503208457857916e-14
8.689568144794576883e-14
9.681959276209184636e-14
1.072823545444623719e-13
1.182779461929516975e-13
1.297987649460853595e-13
1.418356562657353604e-13
1.543779475383547718e-13
1.674134849891876709e-13
1.809286736929686375e-13
1.949085205629831067e-13
2.093366801921752625e-13
2.241955034165751560e-13
2.394660884626247248e-13
2.551283345423383675e-13
2.711609977486481273e-13
2.875417491049099040e-13
3.042472346153724155e-13
3.212531371633021124e-13
3.385342400992173624e-13
3.560644923593263933e-13
3.738170749518664534e-13
3.917644686507946636e-13
4.098785227294031258e-13
4.281305245718672532e-13
4.464912699941498933e-13
4.649311341117128817e-13
4.834201425874367828e-13
5.019280430950269855e-13
5.204243768349830781e-13
5.388785499420199029e-13
5.572599046224912839e-13
5.755377898642081301e-13
5.936816315627452395e-13
6.116610019125359998e-13
6.294456879120980524e-13
6.470057588361216812e-13
6.643116325335909009e-13
6.813341404127904621e-13
6.980445909782081883e-13
7.144148317892801017e-13
7.304173097161242495e-13
7.460251293733331970e-13
7.612121096144253186e-13
7.759528379792577262e-13
7.902227229903067398e-13
8.039980441987907074e-13
8.172559998905477142e-13
8.299747523624178958e-13
8.421334706918632863e-13
8.537123709272023384e-13
8.646927536279176315e-13
8.750570386980551138e-13
8.847887974578154062e-13
8.938727819057680263e-13
9.022949511334295076e-13
9.100424948548504155e-13
9.171038540278431046e-13
9.234687385472811156e-13
9.291281419928737400e-13
9.340743534295447037e-13
9.383009662583230837e-13
9.418028841243820809e-13
9.445763238976785361e-13
9.466188157412971131e-13
9.479292002979283266e-13
9.485076230265320498e-13
9.483555257228951211e-13
9.474756352736910651e-13
9.458719496912948245e-13
9.435497214849866578e-13
9.405154384319996097e-13
9.367768018096930047e-13
9.323427021650402272e-13
9.272231926974865706e-13
9.214294603307205958e-13
9.149737945648797914e-13
9.078695541950963483e-13
9.001311319899829010e-13
8.917739174295089298e-13
8.828142575972225457e-13
8.732694163360272079e-13
8.631575317728326915e-13
8.524975723169733090e-13
8.413092912494311634e-13
8.296131800133703912e-13
8.174304203216420742e-13
8.047828352005672976e-13
7.916928390831626579e-13
7.781833870762043921e-13
7.642779235202587676e-13
7.500003299588119830e-13
7.353748726425909039e-13
7.204261496863964526e-13
7.051790379990701935e-13
6.896586401077707227e-13
6.738902309910576336e-13
6.578992050426455825e-13
6.417110232808559371e-13
6.253511609148134911e-13
6.088450553843507930e-13
5.922180549815306108e-13
5.754953681619715942e-13
5.587020136531189381e-13
5.418627714584793822e-13
5.250021348613711988e-13
5.081442635237677092e-13
4.913129377707681961e-13
4.745315141536917290e-13
4.578228823760962505e-13
4.412094236645348910e-13
4.247129706636125861e-13
4.083547689262905942e-13
3.921554400722102120e-13
3.761349466783684670e-13
3.603125589608684919e-13
3.447068233067790951e-13
3.293355327059932607e-13
3.142156991300559973e-13
2.993635279006253562e-13
2.847943940832464039e-13
2.705228209401065329e-13
2.565624604691133970e-13
2.429260760502729120e-13
2.296255272183807110e-13
2.166717565742913060e-13
2.040747788418457194e-13
1.918436720743768997e-13
1.799865710076042315e-13
1.685106625530478385e-13
1.574221834206272906e-13
1.467264198535139675e-13
1.364277094552947015e-13
1.265294450842447757e-13
1.170340807849719645e-13
1.079431397240800405e-13
9.925722409152440519e-14
9.097602692611807372e-14
8.309834581919030549e-14
7.562209844721233890e-14
6.854433987965008523e-14
6.186128160619672071e-14
5.556831222275840784e-14
4.966001971415501671e-14
4.413021526666168373e-14
3.897195854226135595e-14
3.417758434306104725e-14
2.973873059270647867e-14
2.564636755776935134e-14
2.189082823273925905e-14
1.846183980693848080e-14
1.534855613396205249e-14
1.253959111928314050e-14
1.002305294257547042e-14
7.786579029323346456e-15
5.817371686550631335e-15
4.102234314686343001e-15
2.627608110073525050e-15
1.379609169135245055e-15
3.440659088461181011e-16
-4.934432853041241091e-16
-1.147552269971686664e-15
-1.633069299527067885e-15
-1.964939212016396000e-15
-2.158205730637917891e-15
-2.227973963338290406e-15
-2.189373184214409056e-15
-2.057519975899175567e-15
-1.847481813324329931e-15
-1.574241165991539294e-15
-1.252660194286419589e-15
-8.974461129030185138e-16
-5.231172933133151029e-16
-1.439701735070794239e-16
2.259529581059906840e-16
5.728952414044983783e-16
8.834155244747554875e-16
1.144417586557441585e-15
1.343178248981986623e-15
1.467374321794332198e-15
1.505108337001917583e-15
1.444933022514911484e-15
1.275874474350842363e-15
9.874539877669140198e-16
5.697085114902473066e-16
1.320969259547827407e-17
-6.909185166709041951e-16
-1.550983715858771467e-15
-2.574710398544494742e-15
-3.769226798545756712e-15
-5.141053254284942943e-15
-6.696092103272006424e-15
-8.439619113620744376e-15
-1.037627645713325157e-14
-1.251006722427723763e-14
-1.484435147863153029e-14
-1.738184384387948239e-14
-2.012461261431253037e-14
-2.307408037506040580e-14
-2.623102611663502909e-14
-2.959558882398674877e-14
-3.316727251650288908e-14
-3.694495271534861385e-14
-4.092688430723262837e-14
-4.511071077512102584e-14
-4.949347476016946458e-14
-5.407162991865230393e-14
-5.884105403462747657e-14
-6.379706334615472309e-14
-6.893442804017172614e-14
-7.424738887141228575e-14
-7.972967485469320334e-14
-8.537452198199361239e-14
-9.117469291090216058e-14
-9.712249757062959660e-14
-1.032098146310267307e-13
-1.094281137767135448e-13
-1.157684787281091536e-13
-1.222216309515079489e-13
-1.287779539960319765e-13
-1.354275183981704253e-13
-1.421601070908103699e-13
-1.489652412551216180e-13
-1.558322065530680305e-13
-1.627500796764549969e-13
-1.697077551502042634e-13
-1.766939723273008828e-13
-1.836973425114047179e-13
-1.907063761458197629e-13
-1.977095100057273044e-13
-2.046951343331382133e-13
-2.116516198535235730e-13
-2.185673446136007459e-13
-2.254307205822701757e-13
-2.322302199565860403e-13
-2.389544011158435961e-13
-2.455919341689801999e-13
-2.521316260408117047e-13
-2.585624450458984455e-13
-2.648735448986947077e-13
-2.710542881105135075e-13
-2.770942687278506277e-13
-2.829833343656785955e-13
-2.887116074932995217e-13
-2.942695059313010374e-13
-2.996477625207932742e-13
-3.048374439293327772e-13
-3.098299685581897060e-13
-3.146171235182053747e-13
-3.191910806473838222e-13
-3.235444115401172568e-13
-3.276701015654968781e-13
-3.315615628511595222e-13
-3.352126462133273588e-13
-3.386176520174619410e-13
-3.417713399530272108e-13
-3.446689377101511084e-13
-3.473061485519393669e-13
-3.496791577716712343e-13
-3.517846380337659499e-13
-3.536197535946411537e-13
-3.551821634049866260e-13
-3.564700230983940243e-13
-3.574819858696583083e-13
-3.582172022509300641e-13
-3.586753187998500176e-13
-3.588564757079961066e-13
-3.587613033477155254e-13
-3.583909177748798473e-13
-3.577469152042076607e-13
-3.568313654837142656e-13
-3.556468045880225723e-13
-3.541962261565239438e-13
-3.524830721079250382e-13
-3.505112223553068720e-13
-3.482849836563706929e-13
-3.458090776313711753e-13
-3.430886279801035646e-13
-3.401291469388114993e-13
-3.369365210097839101e-13
-3.335169960026298600e-13
-3.298771614305621288e-13
-3.260239342970584297e-13
-3.219645423181400310e-13
-3.177065066222885471e-13
-3.132576239684942775e-13
-3.086259485312344494e-13
-3.038197732924534276e-13
-2.988476110862029999e-13
-2.937181753446531439e-13
-2.884403605858363978e-13
-2.830232226922971892e-13
-2.774759590258319729e-13
-2.718078884211940737e-13
-2.660284311088114993e-13
-2.601470886075582291e-13
-2.541734236330553353e-13
-2.481170400688073357e-13
-2.419875630394430479e-13
-2.357946191322459353e-13
-2.295478168086900216e-13
-2.232567270454854065e-13
-2.169308642493262786e-13
-2.105796674816744934e-13
-2.042124820325755026e-13
-1.978385413833524948e-13
-1.914669495907108131e-13
-1.851066641293953782e-13
-1.787664792266440180e-13
-1.724550097187013459e-13
-1.661806754627797249e-13
-1.599516863311197347e-13
-1.537760278148569560e-13
-1.476614472653538982e-13
-1.416154407945997175e-13
-1.356452408587528771e-13
-1.297578045452423672e-13
-1.239598025812992132e-13
-1.182576090827972887e-13
-1.126572920571913220e-13
-1.071646046741780854e-13
-1.017849773169429712e-13
-9.652351042201954465e-14
-9.138496811683845329e-14
-8.637377266078035506e-14
-8.149399969327096380e-14
-7.674937429236324918e-14
-7.214326784350034714e-14
-6.767869571718921585e-14
-6.335831575305254107e-14
-5.918442754490451984e-14
-5.515897252033628566e-14
-5.128353480674537096e-14
-4.755934287345917530e-14
-4.398727193868456438e-14
-4.056784712794226464e-14
-3.730124736911957178e-14
-3.418731000806521505e-14
-3.122553612703637941e-14
-2.841509654675083144e-14
-2.575483849172213276e-14
-2.324329289728866706e-14
-2.087868233508149235e-14
-1.865892953327035674e-14
-1.658166646623262292e-14
-1.464424398718195452e-14
-1.284374197734429066e-14
-1.117697998284044085e-14
-9.640528311029119533e-15
-8.230719556593796273e-15
-6.943660526848128746e-15
-5.775244535985367258e-15
-4.721164036569269606e-15
-3.776923556406819038e-15
-2.937852908950690426e-15
-2.199120644777470236e-15
-1.555747711116724617e-15
-1.002621287311667619e-15
-5.345087625440867815e-16
-1.460718237468956273e-16
1.681193793636115077e-16
4.135720249593627805e-16
5.958563974729192342e-16
7.205916857631896288e-16
7.934318331751552065e-16
8.200514701288977174e-16
8.061319606926767597e-16
7.573475928117945214e-16
6.793519418476058489e-16
5.777644367246640505e-16
4.581571563354876268e-16
3.260418836760520060e-16
1.868574445315279845e-16
4.595735568480924024e-17
-9.140219196976376855e-17
-2.200739924935500667e-16
-3.350311030796575487e-16
-4.313777199596360453e-16
-5.043596317059855082e-16
-5.493742306324961690e-16
-5.619800642551656200e-16
-5.379059099512061376e-16
-4.730593572580887596e-16
-3.635348834158558467e-16
-2.056214091739517173e-16
4.190676964003202256e-18
2.692030364753113572e-16
5.925034496319804466e-16
9.769604432066924851e-16
1.425218483596211952e-15
1.939693740263263283e-15
2.522570423586780744e-15
3.175797699391240450e-15
3.901087181264521318e-15
4.699911000591564525e-15
5.573500452897985713e-15
6.522845217425729093e-15
7.548693146471158757e-15
8.651550618542880649e-15
9.831683449552017544e-15
1.108911835396230724e-14
1.242364494705652090e-14
1.383481827861301348e-14
1.532196188685507332e-14
1.688417136032408905e-14
1.852031839506500831e-14
2.022905533228995025e-14
2.200882016220768416e-14
2.385784197763301576e-14
2.577414686047554262e-14
2.775556418385594911e-14
2.979973331129890894e-14
3.190411067370226458e-14
3.406597720483025718e-14
3.628244611428302329e-14
3.855047097778254756e-14
4.086685412281354369e-14
4.322825528775765906e-14
4.563120053268037298e-14
4.807209137859081308e-14
5.054721415270458245e-14
5.305274951622248175e-14
5.558478215150281823e-14
5.813931058512918618e-14
6.071225712323898548e-14
6.329947787555724113e-14
6.589677284481072227e-14
6.849989605780645686e-14
7.110456571505905454e-14
7.370647433565693218e-14
7.630129887473076905e-14
7.888471079077849186e-14
8.145238604047509833e-14
8.400001497927456576e-14
8.652331214636120415e-14
8.901802591280903210e-14
9.147994797254034686e-14
9.390492265612660752e-14
9.628885604826176867e-14
9.862772489010607606e-14
1.009175852482212180e-13
1.031545809332280328e-13
1.053349516513179602e-13
1.074550408728606071e-13
1.095113034028758877e-13
1.115003126393324709e-13
1.134187675059468331e-13
1.152634990468089997e-13
1.170314766709122341e-13
1.187198140365117832e-13
1.203257745649131334e-13
1.218467765750844019e-13
1.232803980307709242e-13
1.246243808934073128e-13
1.258766350748027658e-13
1.270352419842415810e-13
1.280984576656020055e-13
1.290647155221446329e-13
1.299326286258670598e-13
1.307009916107364339e-13
1.313687821488172383e-13
1.319351620104624578e-13
1.323994777100190750e-13
1.327612607392356040e-13
1.330202273914216119e-13
1.331762781816201860e-13
1.332294968667719825e-13
1.331801490725543129e-13
1.330286805329206264e-13
1.327757149505465607e-13
1.324220514863803531e-13
1.319686618871404023e-13
1.314166872602535999e-13
1.307674345078536331e-13
1.300223724297518699e-13
1.291831275080495810e-13
1.282514793849382232e-13
1.272293560473687057e-13
1.261188287319657887e-13
1.249221065634842774e-13
1.236415309420885466e-13
1.222795696937987542e-13
1.208388109994251148e-13
1.193219571178487362e-13
1.177318179188403821e-13
1.160713042422953799e-13
1.143434211001473982e-13
1.125512607369284858e-13
1.106979955664664370e-13
1.087868710011501446e-13
1.068211981906925504e-13
1.048043466876772059e-13
1.027397370560980473e-13
1.006308334405893841e-13
9.848113611295181594e-14
9.629417401219966945e-14
9.407349729538937466e-14
9.182266991519234638e-14
8.954526224041446310e-14
8.724484373564553003e-14
8.492497571504308807e-14
8.258920418615223734e-14
8.024105279857283746e-14
7.788401591159947833e-14
7.552155179553768005e-14
7.315707598011791288e-14
7.079395476324817112e-14
6.843549889308039853e-14
6.608495743520146460e-14
6.374551183709981282e-14
6.142027020096167863e-14
5.911226177503875269e-14
5.682443167402749777e-14
5.455963583755851255e-14
5.232063623559527563e-14
5.011009632897910726e-14
4.793057679227219957e-14
4.578453150603608895e-14
4.367430382456586048e-14
4.160212312437193367e-14
3.957010163839920195e-14
3.758023157998874314e-14
3.563438255994792429e-14
3.373429929954251515e-14
3.188159964126973284e-14
3.007777285890575203e-14
2.832417826747160278e-14
2.662204413299336805e-14
2.497246688146040623e-14
2.337641060564062668e-14
2.183470686770315252e-14
2.034805479505953425e-14
1.891702146610489319e-14
1.754204258202125264e-14
1.622342342016234898e-14
1.496134006395003348e-14
1.375584090361198319e-14
1.260684840166144720e-14
1.151416111636787763e-14
1.047745597598520641e-14
9.496290796107972682e-15
8.570107031894490171e-15
7.698232756620298168e-15
6.879885857552909113e-15
6.114177439624398034e-15
5.400115427237300158e-15
4.736608353991960963e-15
4.122469329900555636e-15
3.556420175412483023e-15
3.037095711140879406e-15
2.563048192118181891e-15
2.132751875178896153e-15
1.744607707727543952e-15
1.396948126196829091e-15
1.088041952289260808e-15
8.160993749191811041e-16
5.792770059280925522e-16
3.756829973148403191e-16
2.033822078985305921e-16
6.040140740605470107e-17
-5.526549428374153848e-17
-1.456522045667598663e-16
-2.128148042218529831e-16
-2.588265139937470681e-16
-2.857724832027945080e-16
-2.957446120177668706e-16
-2.908364185610719671e-16
-2.731379619208225724e-16
-2.447308319907649759e-16
-2.076832166070995500e-16
-1.640450563640786803e-16
-1.158432970056378044e-16
-6.507724911924642988e-17
-1.371406444205070900e-17
3.631566222016603591e-17
8.312215695773718759e-17
1.248605882747935572e-16
1.597350384736304351e-16
1.860023174117996482e-16
2.019756117791889546e-16
2.060279633179677172e-16
1.965955699182584190e-16
1.721809040209777928e-16
1.313556431693007020e-16
7.276340804695666016e-17
-4.877696169221325620e-18
-1.027727388488775677e-16
-2.220478265343338456e-16
-3.637481718963127319e-16
-5.288363712091819635e-16
-7.181908921086158106e-16
-9.326047728750139596e-16
-1.172784533976351281e-15
-1.439349302175947513e-15
-1.732830146929828071e-15
-2.053669628481014571e-15
-2.402221556435935432e-15
-2.778750957191455463e-15
-3.183434248173544198e-15
-3.616359616401694922e-15
-4.077527598347704262e-15
-4.566851857812000510e-15
-5.084160157914091762e-15
-5.629195523172669247e-15
-6.201617586982894600e-15
-6.801004119578627502e-15
-7.426852731213394169e-15
-8.078582744935675410e-15
-8.755537232924857195e-15
-9.456985210231950291e-15
-1.018212397920474612e-14
-1.093008161799520942e-14
-1.169991960582897555e-14
-1.249063557785432178e-14
-1.330116620197638908e-14
-1.413039016999269003e-14
-1.497713129500496295e-14
-1.584016170715737394e-14
-1.671820513934537644e-14
-1.760994029471900685e-14
-1.851400428739219773e-14
-1.942899614789749781e-14
-2.035348038483543443e-14
-2.128599059408338789e-14
-2.222503310686430630e-14
-2.316909066813605287e-14
-2.411662613657656838e-14
-2.506608619770827241e-14
-2.601590508147701705e-14
-2.696450827593691070e-14
-2.791031622867593738e-14
-2.885174802770295128e-14
-2.978722505367189307e-14
-3.071517459548597231e-14
-3.163403342148404575e-14
-3.254225129858802217e-14
-3.343829445183811854e-14
-3.432064895727327611e-14
-3.518782406103414930e-14
-3.603835541792388826e-14
-3.687080824292296750e-14
-3.768378036931244411e-14
-3.847590520758850994e-14
-3.924585459930997240e-14
-3.999234156037760864e-14
-4.071412290891616357e-14
-4.141000177265977556e-14
-4.207882997154377856e-14
-4.271951027122224353e-14
-4.333099850367742038e-14
-4.391230555161659907e-14
-4.446249919327657512e-14
-4.498070580477724101e-14
-4.546611191792766279e-14
-4.591796563092238996e-14
-4.633557787051517413e-14
-4.671832350400777074e-14
-4.706564230006858722e-14
-4.737703973787058877e-14
-4.765208766389442055e-14
-4.789042479633770773e-14
-4.809175707792363532e-14
-4.825585787715937060e-14
-4.838256803951807813e-14
-4.847179578953336121e-14
-4.852351648555231455e-14
-4.853777222933058470e-14
-4.851467133236587874e-14
-4.845438764154053499e-14
-4.835715972741241662e-14
-4.822328993758612302e-14
-4.805314331914879688e-14
-4.784714641340909113e-14
-4.760578592700282552e-14
-4.732960728373989493e-14
-4.701921306116431858e-14
-4.667526131645137315e-14
-4.629846380693011885e-14
-4.588958410947792056e-14
-4.544943564455773421e-14
-4.497887960976571401e-14
-4.447882282853792748e-14
-4.395021551981676072e-14
-4.339404899400931627e-14
-4.281135328111149118e-14
-4.220319469740723677e-14
-4.157067335602254288e-14
-4.091492062800235661e-14
-4.023709655960462255e-14
-3.953838725212987991e-14
-3.882000221065466946e-14
-3.808317166747826296e-14
-3.732914388651529044e-14
-3.655918245524336727e-14
-3.577456356965696444e-14
-3.497657331877928319e-14
-3.416650497465883345e-14
-3.334565629348734803e-14
-3.251532683426025943e-14
-3.167681530023071926e-14
-3.083141690891774450e-14
-2.998042079654735974e-14
-2.912510746180876825e-14
-2.826674625452866383e-14
-2.740659291433288455e-14
-2.654588716396689124e-14
-2.568585036249681241e-14
-2.482768322257143153e-14
-2.397256359624254204e-14
-2.312164433379289289e-14
-2.227605121917807806e-14
-2.143688098613481466e-14
-2.060519941848008881e-14
-1.978203953775207218e-14
-1.896839988163974320e-14
-1.816524287577469493e-14
-1.737349330160129141e-14
-1.659403686289746788e-14
-1.582771885283712184e-14
-1.507534292367735045e-14
-1.433766996070896363e-14
-1.361541706175210544e-14
-1.290925662356735057e-14
-1.221981553592034021e-14
-1.154767448397144699e-14
-1.089336735953964546e-14
-1.025738078123940944e-14
-9.640153723492588167e-15
-9.042077254104721064e-15
-8.463494379771124427e-15
-7.904699998794236401e-15
-7.365940959952519806e-15
-6.847416226226618197e-15
-6.349277141974055215e-15
-5.871627801821665924e-15
-5.414525519366512414e-15
-4.977981393608335204e-15
-4.561960970790005841e-15
-4.166384999152707730e-15
-3.791130273958960463e-15
-3.436030569905026905e-15
-3.100877657912409419e-15
-2.785422403169357323e-15
-2.489375941038914602e-15
-2.212410927421079419e-15
-1.954162859980119585e-15
-1.714231466469061923e-15
-1.492182156422933425e-15
-1.287547532218826542e-15
-1.099828955497888137e-15
-9.284981649021577156e-16
-7.729989408924984253e-16
-6.327488134360550470e-16
-5.071408083267767608e-16
-3.955452276992551314e-16
-2.973114605106858474e-16
-2.117698185342650765e-16
-1.382333934477618826e-16
-7.599993072378454238e-17
-2.435371583569616002e-17
1.743253154171100756e-17
5.009575964203489146e-17
7.438068742973926498e-17
9.103791227347808804e-17
1.008220267362569158e-16
1.044897486378942187e-16
1.027980683759476406e-16
9.650241756195987068e-17
8.635486283057975525e-17
7.310232860222677333e-17
5.748485254696489633e-17
4.023387725576778932e-17
2.207058162305091747e-17
3.704255287679011578e-18
-1.416928071300198938e-17
-3.086920396851722395e-17
-4.573116848304978860e-17
-5.810872747502977055e-17
-6.737469852775536621e-17
-7.292246865468294398e-17
-7.416723696253685974e-17
-7.054719276701290722e-17
-6.152462719146059147e-17
-4.658697645113186975e-17
-2.524779517431983886e-17
2.952341678605466225e-18
3.844500959086631997e-17
8.163317905940575643e-17
1.328905348954433434e-16
1.925608709895145625e-16
2.609575611234901297e-16
3.383631062348179998e-16
4.250287583184128701e-16
5.211742210611779338e-16
6.269874270196911198e-16
7.426243910972749744e-16
8.682091398239673832e-16
1.003833715796062915e-15
1.149558256503825863e-15
1.305411146583307771e-15
1.471389242357266635e-15
1.647458167455402623e-15
1.833552678030825978e-15
2.029577096095317853e-15
2.235405809246601682e-15
2.450883834948445770e-15
2.675827447462398159e-15
2.910024865338256667e-15
3.153236997260172959e-15
3.405198244012616838e-15
3.665617354087119389e-15
3.934178330531359220e-15
4.210541386399973825e-15
4.494343946135328277e-15
4.785201690191063123e-15
5.082709640052874365e-15
5.386443280771293189e-15
5.695959718131076120e-15
6.010798867414309568e-15
6.330484670817477838e-15
6.654526340415855470e-15
6.982419623608613090e-15
7.313648087989600978e-15
7.647684422497739962e-15
7.983991751735700942e-15
8.322024960385201746e-15
8.661232024563664624e-15
9.001055347105669753e-15
9.340933093639470080e-15
9.680300526463196408e-15
1.001859133323666860e-14
1.035523894750558396e-14
1.068967785816092007e-14
1.102134490499175329e-14
1.134968055752791755e-14
1.167413017448120662e-14
1.199414524106374218e-14
1.230918458167112939e-14
1.261871554542661685e-14
1.292221516213429203e-14
1.321917126637742013e-14
1.350908358748149367e-14
1.379146480328649727e-14
1.406584155567063779e-14
1.433175542586744016e-14
1.458876386786252233e-14
1.483644109813508859e-14
1.507437894013198236e-14
1.530218762206584597e-14
1.551949652667819871e-14
1.572595489176322776e-14
1.592123246033920912e-14
1.610502007946357845e-14
1.627703024694270103e-14
1.643699760512277269e-14
1.658467938122938967e-14
1.671985577371854778e-14
1.684233028436007291e-14
1.695192999583137748e-14
1.704850579470058842e-14
1.713193253978816347e-14
1.720210917619341238e-14
1.725895879512413449e-14
1.730242864001048638e-14
1.733249005932433761e-14
1.734913840680616609e-14
1.735239288982255975e-14
1.734229636666104846e-14
1.731891509367860069e-14
1.728233842349494273e-14
1.723267845522798168e-14
1.717006963812707798e-14
1.709466832983801536e-14
1.700665231081843997e-14
1.690622025639706988e-14
1.679359116802880284e-14
1.666900376537790401e-14
1.653271584111148621e-14
1.638500358004073712e-14
1.622616084458834084e-14
1.605649842839528098e-14
1.587634328013424809e-14
1.568603769952366449e-14
1.548593850757132093e-14
1.527641619310825292e-14
1.505785403788776417e-14
1.483064722223991237e-14
1.459520191357082291e-14
1.435193433979831242e-14
1.410126985001904280e-14
1.384364196458980565e-14
1.357949141680847294e-14
1.330926518837128651e-14
1.303341554093344915e-14
1.275239904581105677e-14
1.246667561409553870e-14
1.217670752923175150e-14
1.188295848425559338e-14
1.158589262575456570e-14
1.128597360657593425e-14
1.098366364926265725e-14
1.067942262228975537e-14
1.037370713089337790e-14
1.006696962443599959e-14
9.759657522044043686e-15
9.452212358326449915e-15
9.145068950838922323e-15
8.838654590896888427e-15
8.533388259262599572e-15
8.229679868270350749e-15
7.927929531699672913e-15
7.628526863784609008e-15
7.331850308553241873e-15
7.038266500716629369e-15
6.748129659174616733e-15
6.461781014113380759e-15
6.179548268647151981e-15
5.901745095813805672e-15
5.628670671663766705e-15
5.360609245117624178e-15
5.097829745115086419e-15
4.840585425566865259e-15
4.589113548494628063e-15
4.343635105623531247e-15
4.104354578668738540e-15
3.871459738419290032e-15
3.645121482651255879e-15
3.425493712822517987e-15
3.212713249393155636e-15
3.006899785554537711e-15
2.808155879061486079e-15
2.616566981764099259e-15
2.432201506371915973e-15
2.255110929904813978e-15
2.085329933199363766e-15
1.922876575771304041e-15
1.767752505262959607e-15
1.619943200631467640e-15
1.479418248175541043e-15
1.346131649426872972e-15
1.220022159869621466e-15
1.101013657403590597e-15
9.890155394029709964e-16
8.839231471692057726e-16
7.856182165444131053e-16
6.939693533770294550e-16
6.088325325134949571e-16
5.300516189592259383e-16
4.574589097702879854e-16
3.908756952665019537e-16
3.301128380855950031e-16
2.749713685840992081e-16
2.252430950917073212e-16
1.807112274649156408e-16
1.411510124135740767e-16
1.063303790511584728e-16
7.601059309323975073e-17
4.994691815851539361e-17
2.788928260192155776e-17
9.582950323527485301e-18
-5.230805985393554792e-18
-1.681403071556964508e-17
-2.543141184450837466e-17
-3.134960957656084822e-17
-3.483658861438567732e-17
-3.616095551597526204e-17
-3.559130257272376395e-17
-3.339555961936652969e-17
-2.984035513508208155e-17
-2.519038798926693196e-17
-1.970781111811190787e-17
-1.365162839142482865e-17
-7.277105893627736550e-18
-8.351987765980521522e-19
5.428005184849514792e-18
1.127182426296091042e-17
1.646150265669713093e-17
2.076871060446866302e-17
2.397202382003250773e-17
2.585738139646311379e-17
2.621852137171717819e-17
2.485739321993761308e-17
2.158454658428649731e-17
1.621949562846307768e-17
8.591058452700328364e-18
-1.462328930617056427e-18
-1.409232448972935582e-17
-2.944041831348644567e-17
-4.763769730357933925e-17
-6.880463666691403093e-17
-9.305091839118150012e-17
-1.204752768254085054e-16
-1.511653714234855697e-16
-1.851976866471574997e-16
-2.226374589623824763e-16
-2.635386308113284911e-16
-3.079438313647204728e-16
-3.558843838244397017e-16
-4.073803389666099764e-16
-4.624405345739375847e-16
-5.210626803527546757e-16
-5.832334678585864667e-16
-6.489287049256412927e-16
-7.181134740374099469e-16
-7.907423140160848383e-16
-8.667594243830382089e-16
-9.460988916764155408e-16
-1.028684936996724770e-15
-1.114432183981713147e-15
-1.203245946392444533e-15
-1.295022534454433289e-15
-1.389649579065598879e-15
-1.487006372937911224e-15
-1.586964227736904084e-15
-1.689386846223860898e-15
-1.794130708424887049e-15
-1.901045470782498766e-15
-2.009974377259235511e-15
-2.120754681339244369e-15
-2.233218077858548306e-15
-2.347191143573800596e-15
-2.462495785394894351e-15
-2.578949695171214256e-15
-2.696366809952216184e-15
-2.814557776602680315e-15
-2.933330419687279171e-15
-3.052490211530581444e-15
-3.171840743363162677e-15
-3.291184196472383242e-15
-3.410321812297025926e-15
-3.529054360408640232e-15
-3.647182603347261223e-15
-3.764507757279847182e-15
-3.880831947489953499e-15
-3.995958657724016971e-15
-4.109693172432026764e-15
-4.221843010976609246e-15
-4.332218352909769773e-15
-4.440632453454059118e-15
-4.546902048339646009e-15
-4.650847747184508730e-15
-4.752294414656101366e-15
-4.851071538677660742e-15
-4.947013584963985384e-15
-5.039960337235638802e-15
-5.129757222479180446e-15
-5.216255620684527820e-15
-5.299313158499989610e-15
-5.378793986302934001e-15
-5.454569038238092557e-15
-5.526516274811083195e-15
-5.594520907642493004e-15
-5.658475606076707177e-15
-5.718280685341897224e-15
-5.773844276049860251e-15
-5.825082474808558378e-15
-5.871919475803381730e-15
-5.914287683253265262e-15
-5.952127804678287876e-15
-5.985388924935014639e-15
-6.014028561074234384e-15
-6.038012698058738722e-15
-6.057315805491523799e-15
-6.071920835462645734e-15
-6.081819201705034529e-15
-6.087010740349832345e-15
-6.087503652470949554e-15
-6.083314428793482833e-15
-6.074467756864507349e-15
-6.060996411083612012e-15
-6.042941126037881545e-15
-6.020350453540795878e-15
-5.993280603860913374e-15
-5.961795271711517380e-15
-5.925965447453288353e-15
-5.885869214151573464e-15
-5.841591531028816664e-15
-5.793224003949126796e-15
-5.740864643605244141e-15
-5.684617612015914420e-15
-5.624592958022914607e-15
-5.560906342546665204e-15
-5.493678754222072696e-15
-5.423036216222291608e-15
-5.349109484952436376e-15
-5.272033741389318077e-15
-5.191948275849928010e-15
-5.108996166906474751e-15
-5.023323955228530464e-15
-4.935081313182207578e-15
-4.844420710877613090e-15
-4.751497079514298077e-15
-4.656467472745612407e-15
-4.559490726854517452e-15
-4.460727120529520452e-15
-4.360338034951374346e-15
-4.258485614951451431e-15
-4.155332432030247109e-15
-4.051041149885002463e-15
-3.945774193229264687e-15
-3.839693420555238225e-15
-3.732959801542631557e-15
-3.625733099797979116e-15
-3.518171561533843245e-15
-3.410431610822867306e-15
-3.302667552073152619e-15
-3.195031280244942434e-15
-3.087671999422350266e-15
-2.980735950237850176e-15
-2.874366146676335052e-15
-2.768702122753502638e-15
-2.663879689499293680e-15
-2.560030702679907401e-15
-2.457282841688334157e-15
-2.355759399930188131e-15
-2.255579087082140012e-15
-2.156855843510747821e-15
-2.059698667141720444e-15
-1.964211453039896952e-15
-1.870492845900246122e-15
-1.778636105640132972e-15
-1.688728986271436620e-15
-1.600853628147883285e-15
-1.515086463704498679e-15
-1.431498136738959487e-15
-1.350153435270294149e-15
-1.271111237984611488e-15
-1.194424474227403408e-15
-1.120140097484376094e-15
-1.048299072273877423e-15
-9.789363743218690838e-16
-9.120810038766467261e-16
-8.477560119947758300e-16
-7.859785395887493276e-16
-7.267598690175687252e-16
-6.701054879635739931e-16
-6.160151653166852345e-16
-5.644830387679742935e-16
-5.154977137870525130e-16
-4.690423736362735637e-16
-4.250949000553733283e-16
-3.836280042296666745e-16
-3.446093676334324283e-16
-3.080017923290763719e-16
-2.737633602789305386e-16
-2.418476012114887606e-16
-2.122036685794720189e-16
-1.847765231188123740e-16
-1.595071235172921000e-16
-1.363326236906592050e-16
-1.151865761416804040e-16
-9.599914089158351414e-17
-7.869729944612154954e-17
-6.320507325993642803e-17
-4.944374616814541895e-17
-3.733209023292410041e-17
-2.678659446544550038e-17
-1.772169588148548717e-17
-1.005001233497127135e-17
-3.682576601600605997e-18
1.470928836230311818e-18
5.501936839712276745e-18
8.502761018818204190e-18
1.056636202716785606e-17
1.178611525520489644e-17
1.225558042812589145e-17
1.206827361228632160e-17
1.131744210836587096e-17
1.009584270892023031e-17
8.495523786589092430e-18
6.607611652560767112e-18
4.522101627439953879e-18
2.327654237843546311e-18
1.113969422831002862e-19
-2.041268224478437430e-18
-4.046850726449864401e-18
-5.823950965135018888e-18
-7.293432752779484215e-18
-8.378588508810317212e-18
-9.005296884023639625e-18
-9.102172544014447535e-18
-8.600707856418230973e-18
-7.435406253153191209e-18
-5.543907058540003326e-18
-2.867101592662220018e-18
6.507596136656635627e-19
5.061968639015810932e-18
1.041527114837189943e-17
1.675578662853937739e-17
2.412493796121597111e-17
3.256039038827626824e-17
4.209599990883429882e-17
5.276177111934568420e-17
6.458382448711543417e-17
7.758437303347475241e-17
9.178170837228055241e-17
1.071901960348133750e-16
1.238202799940806168e-16
1.416784962702803727e-16
1.607674954978739603e-16
1.810860743001642832e-16
2.026292153021448392e-16
2.253881356076952914e-16
2.493503435285675685e-16
2.744997033536597423e-16
3.008165079264446595e-16
3.282775587743622704e-16
3.568562535373160284e-16
3.865226804121169390e-16
4.172437193220102137e-16
4.489831495185114254e-16
4.817017632923690644e-16
5.153574854769864382e-16
5.499054984120887863e-16
5.852983720183142956e-16
6.214861986445188066e-16
6.584167323234054543e-16
6.960355320724160720e-16
7.342861088801571749e-16
7.731100759957810339e-16
8.124473021525490845e-16
8.522360673461443535e-16
8.924132207829450913e-16
9.329143406257021993e-16
9.736738951476029670e-16
1.014625404917399874e-15
1.055701605640700682e-15
1.096834611276428886e-15
1.137956077057816811e-15
1.178997362050657048e-15
1.219889690883101231e-15
1.260564314293761555e-15
1.300952668139430614e-15
1.340986530524336277e-15
1.380598176714963220e-15
1.419720531507487972e-15
1.458287318734646170e-15
1.496233207598402581e-15
1.533493955535505085e-15
1.570006547326378495e-15
1.605709330165638837e-15
1.640542144440294548e-15
1.674446449959263687e-15
1.707365447392194273e-15
1.739244194699582510e-15
1.770029718333104111e-15
1.799671119020101152e-15
1.828119671940528282e-15
1.855328921124451320e-15
1.881254767926523563e-15
1.905855553433111401e-15
1.929092134671494225e-15
1.950927954524994411e-15
1.971329105244816070e-15
1.990264385498540095e-15
2.007705350878785218e-15
2.023626357822709955e-15
2.038004600924018755e-15
2.050820143611160714e-15
2.062055942184259769e-15
2.071697863238988043e-15
2.079734694484591729e-15
2.086158149022651332e-15
2.090962863123510766e-15
2.094146387571618886e-15
2.095709172679183483e-15
2.095654547053824624e-15
2.093988690225552463e-15
2.090720599273562123e-15
2.085862049563822202e-15
2.079427549773534596e-15
2.071434291336754616e-15
2.061902092483472038e-15
2.050853337067287287e-15
2.038312908357429141e-15
2.024308117989681754e-15
2.008868630301047950e-15
1.992026382238633036e-15
1.973815499095936033e-15
1.954272206281573269e-15
1.933434737361336670e-15
1.911343238631926871e-15
1.888039670454371525e-15
1.863567705613647844e-15
1.837972624947509280e-15
1.811301210515830473e-15
1.783601636570327948e-15
1.754923358585312185e-15
1.725317000611872612e-15
1.694834241239351952e-15
1.663527698412735985e-15
1.631450813385938489e-15
1.598657734066386512e-15
1.565203198024986034e-15
1.531142415432463632e-15
1.496530952178506748e-15
1.461424613427573367e-15
1.425879327879211089e-15
1.389951032965554789e-15
1.353695561241163277e-15
1.317168528195480218e-15
1.280425221728703925e-15
1.243520493516796988e-15
1.206508652482901639e-15
1.169443360586761756e-15
1.132377531148668177e-15
1.095363229894439292e-15
1.058451578918735951e-15
1.021692663741964817e-15
9.851354436391821037e-16
9.488276654026041401e-16
9.128157806903101696e-16
8.771448671033618230e-16
8.418585531335437590e-16
8.069989470984975973e-16
7.726065701825338069e-16
7.387202936832173507e-16
7.053772805610814924e-16
6.726129313734028550e-16
6.404608346636700460e-16
6.089527218658226563e-16
5.781184267796340154e-16
5.479858496515455580e-16
5.185809258923931489e-16
4.899275994489862721e-16
4.620478008386606940e-16
4.349614298440936333e-16
4.086863428542801526e-16
3.832383448276525227e-16
3.586311858465957174e-16
3.348765622177000686e-16
3.119841220654902270e-16
2.899614753570420083e-16
2.688142082854293657e-16
2.485459019325205463e-16
2.291581551203338751e-16
2.106506113540709873e-16
1.930209897500978858e-16
1.762651198369941151e-16
1.603769801065425986e-16
1.453487401882742672e-16
1.311708065114069802e-16
1.178318713139600948e-16
1.053189648522757055e-16
9.361751065669928859e-17
8.271138367746652185e-17
7.258297115733476071e-17
6.321323606388894471e-17
5.458178291200138975e-17
4.666692580049720238e-17
3.944575848682525820e-17
3.289422632021356336e-17
2.698719984994780664e-17
2.169854992593266246e-17
1.700122410582059282e-17
1.286732418296385463e-17
9.268184648979234227e-18
6.174451903063500945e-18
3.556164023079587417e-18
1.382830913107806523e-18
-3.764853581596256122e-19
-1.753090209281063205e-18
-2.778576369821685682e-18
-3.484744053904508593e-18
-3.903521658629854243e-18
-4.066887160892480771e-18
-4.006790380847674908e-18
-3.755076276686507099e-18
-3.343409432848675206e-18
-2.803199897594125433e-18
-2.165530521646026897e-18
-1.461085945215064564e-18
-7.200833739296001586e-19
2.779471921844290956e-20
7.534658366841467201e-19
1.428510520293586632e-18
2.025233117119855433e-18
2.516720137561299377e-18
2.876896100151786522e-18
3.080576765114411036e-18
3.103519666798721379e-18
2.922471859774237759e-18
2.515214802916679775e-18
1.860606311947845170e-18
9.386195183291543129e-19
-2.696212201894149428e-19
-1.781807504154107461e-18
-3.614417211881183588e-18
-5.782687986259160589e-18
-8.300593913021056517e-18
-1.118082540790848012e-17
-1.443477232287040645e-17
-1.807251027300162162e-17
-2.210279018000880279e-17
-2.653303101989544565e-17
-3.136931575540888753e-17
-3.661639042818835046e-17
-4.227766637640947608e-17
-4.835522553886106205e-17
-5.484982880004130537e-17
-6.176092732231593175e-17
-6.908667680776193257e-17
-7.682395462456687035e-17
-8.496837972739618328e-17
-9.351433529681453468e-17
-1.024549940153460922e-16
-1.117823458942008406e-16
-1.214872285611746881e-16
-1.315593599113970944e-16
-1.419873730233843078e-16
-1.527588532353652159e-16
-1.638603772739757167e-16
-1.752775543257355200e-16
-1.869950689347973052e-16
-1.989967256113296096e-16
-2.112654950310513915e-16
-2.237835617022174321e-16
-2.365323729775709060e-16
-2.494926892850924343e-16
-2.626446354497878966e-16
-2.759677529799682045e-16
-2.894410531866814615e-16
-3.030430710087681387e-16
-3.167519194136341860e-16
-3.305453442428229702e-16
-3.444007793748407911e-16
-3.582954020760180426e-16
-3.722061884117230169e-16
-3.861099685923616121e-16
-3.999834821280209304e-16
-4.138034326706193846e-16
-4.275465424211065107e-16
-4.411896059832172980e-16
-4.547095435485258422e-16
-4.680834532981811736e-16
-4.812886629119100535e-16
-4.943027800763158416e-16
-5.071037418884785890e-16
-5.196698630559520369e-16
-5.319798827950444703e-16
-5.440130103357496429e-16
-5.557489689445428578e-16
-5.671680383820230733e-16
-5.782510957147833942e-16
-5.889796544056297145e-16
-5.993359016132212819e-16
-6.093027336357291211e-16
-6.188637894355801494e-16
-6.280034821917219470e-16
-6.367070288266687886e-16
-6.449604774656343051e-16
-6.527507327841027062e-16
-6.600655792089932967e-16
-6.668937019447722815e-16
-6.732247057995218306e-16
-6.790491317887638148e-16
-6.843584715054215457e-16
-6.891451792439102961e-16
-6.934026818780210382e-16
-6.971253864892905942e-16
-7.003086857529072623e-16
-7.029489610936211479e-16
-7.050435836273505293e-16
-7.065909129060417388e-16
-7.075902934949713989e-16
-7.080420494086671925e-16
-7.079474764450278698e-16
-7.073088324506288077e-16
-7.061293255624008513e-16
-7.044131004740231414e-16
-7.021652227779303906e-16
-6.993916614342348236e-16
-6.960992694295774840e-16
