-1.822123739082080078e+02
-1.821966659449400368e+02
-1.821809579816720941e+02
-1.821652500184041230e+02
-1.821495420551361804e+02
-1.821338340918682093e+02
-1.821181261286002666e+02
-1.821024181653322955e+02
-1.820867102020643529e+02
-1.820710022387963818e+02
-1.820552942755284391e+02
-1.820395863122604680e+02
-1.820238783489925254e+02
-1.820081703857245543e+02
-1.819924624224566116e+02
-1.819767544591886406e+02
-1.819610464959206979e+02
-1.819453385326527268e+02
-1.819296305693847842e+02
-1.819139226061168131e+02
-1.818982146428488704e+02
-1.818825066795808993e+02
-1.818667987163129567e+02
-1.818510907530449856e+02
-1.818353827897770429e+02
-1.818196748265090719e+02
-1.818039668632411292e+02
-1.817882588999731581e+02
-1.817725509367052155e+02
-1.817568429734372444e+02
-1.817411350101693017e+02
-1.817254270469013306e+02
-1.817097190836333880e+02
-1.816940111203654169e+02
-1.816783031570974742e+02
-1.816625951938295032e+02
-1.816468872305615605e+02
-1.816311792672935894e+02
-1.816154713040256468e+02
-1.815997633407576757e+02
-1.815840553774897330e+02
-1.815683474142217619e+02
-1.815526394509538193e+02
-1.815369314876858482e+02
-1.815212235244179055e+02
-1.815055155611499345e+02
-1.814898075978819918e+02
-1.814740996346140207e+02
-1.814583916713460781e+02
-1.814426837080781070e+02
-1.814269757448101643e+02
-1.814112677815421932e+02
-1.813955598182742506e+02
-1.813798518550062795e+02
-1.813641438917383368e+02
-1.813484359284703658e+02
-1.813327279652023947e+02
-1.813170200019344520e+02
-1.813013120386664809e+02
-1.812856040753985383e+02
-1.812698961121305672e+02
-1.812541881488626245e+02
-1.812384801855946534e+02
-1.812227722223267108e+02
-1.812070642590587397e+02
-1.811913562957907970e+02
-1.811756483325228260e+02
-1.811599403692548833e+02
-1.811442324059869122e+02
-1.811285244427189696e+02
-1.811128164794509985e+02
-1.810971085161830558e+02
-1.810814005529150847e+02
-1.810656925896471421e+02
-1.810499846263791710e+02
-1.810342766631112283e+02
-1.810185686998432573e+02
-1.810028607365753146e+02
-1.809871527733073435e+02
-1.809714448100394009e+02
-1.809557368467714298e+02
-1.809400288835034871e+02
-1.809243209202355160e+02
-1.809086129569675734e+02
-1.808929049936996023e+02
-1.808771970304316596e+02
-1.808614890671636886e+02
-1.808457811038957459e+02
-1.808300731406277748e+02
-1.808143651773598322e+02
-1.807986572140918611e+02
-1.807829492508239184e+02
-1.807672412875559473e+02
-1.807515333242880047e+02
-1.807358253610200336e+02
-1.807201173977520909e+02
-1.807044094344841199e+02
-1.806887014712161772e+02
-1.806729935079482061e+02
-1.806572855446802635e+02
-1.806415775814122924e+02
-1.806258696181443497e+02
-1.806101616548763786e+02
-1.805944536916084360e+02
-1.805787457283404649e+02
-1.805630377650725222e+02
-1.805473298018045512e+02
-1.805316218385366085e+02
-1.805159138752686374e+02
-1.805002059120006948e+02
-1.804844979487327237e+02
-1.804687899854647810e+02
-1.804530820221968099e+02
-1.804373740589288673e+02
-1.804216660956608962e+02
-1.804059581323929535e+02
-1.803902501691249824e+02
-1.803745422058570398e+02
-1.803588342425890687e+02
-1.803431262793211260e+02
-1.803274183160531550e+02
-1.803117103527852123e+02
-1.802960023895172412e+02
-1.802802944262492986e+02
-1.802645864629813275e+02
-1.802488784997133848e+02
-1.802331705364454137e+02
-1.802174625731774711e+02
-1.802017546099095000e+02
-1.801860466466415573e+02
-1.801703386833735863e+02
-1.801546307201056436e+02
-1.801389227568376725e+02
-1.801232147935697299e+02
-1.801075068303017588e+02
-1.800917988670338161e+02
-1.800760909037658450e+02
-1.800603829404979024e+02
-1.800446749772299313e+02
-1.800289670139619886e+02
-1.800132590506940176e+02
-1.799975510874260749e+02
-1.799818431241581038e+02
-1.799661351608901612e+02
-1.799504271976221901e+02
-1.799347192343542474e+02
-1.799190112710862763e+02
-1.799033033078183337e+02
-1.798875953445503626e+02
-1.798718873812824199e+02
-1.798561794180144489e+02
-1.798404714547465062e+02
-1.798247634914785351e+02
-1.798090555282105925e+02
-1.797933475649426214e+02
-1.797776396016746787e+02
-1.797619316384067076e+02
-1.797462236751387650e+02
-1.797305157118707939e+02
-1.797148077486028512e+02
-1.796990997853348802e+02
-1.796833918220669375e+02
-1.796676838587989664e+02
-1.796519758955309953e+02
-1.796362679322630527e+02
-1.796205599689950816e+02
-1.796048520057271389e+02
-1.795891440424591678e+02
-1.795734360791912252e+02
-1.795577281159232541e+02
-1.795420201526553114e+02
-1.795263121893873404e+02
-1.795106042261193977e+02
-1.794948962628514266e+02
-1.794791882995834840e+02
-1.794634803363155129e+02
-1.794477723730475702e+02
-1.794320644097795991e+02
-1.794163564465116565e+02
-1.794006484832436854e+02
-1.793849405199757427e+02
-1.793692325567077717e+02
-1.793535245934398290e+02
-1.793378166301718579e+02
-1.793221086669039153e+02
-1.793064007036359442e+02
-1.792906927403680015e+02
-1.792749847771000304e+02
-1.792592768138320878e+02
-1.792435688505641167e+02
-1.792278608872961740e+02
-1.792121529240282030e+02
-1.791964449607602603e+02
-1.791807369974922892e+02
-1.791650290342243466e+02
-1.791493210709563755e+02
-1.791336131076884328e+02
-1.791179051444204617e+02
-1.791021971811525191e+02
-1.790864892178845480e+02
-1.790707812546166053e+02
-1.790550732913486343e+02
-1.790393653280806916e+02
-1.790236573648127205e+02
-1.790079494015447779e+02
-1.789922414382768068e+02
-1.789765334750088641e+02
-1.789608255117408930e+02
-1.789451175484729504e+02
-1.789294095852049793e+02
-1.789137016219370366e+02
-1.788979936586690656e+02
-1.788822856954011229e+02
-1.788665777321331518e+02
-1.788508697688652092e+02
-1.788351618055972381e+02
-1.788194538423292954e+02
-1.788037458790613243e+02
-1.787880379157933817e+02
-1.787723299525254106e+02
-1.787566219892574679e+02
-1.787409140259894968e+02
-1.787252060627215542e+02
-1.787094980994535831e+02
-1.786937901361856404e+02
-1.786780821729176694e+02
-1.786623742096497267e+02
-1.786466662463817556e+02
-1.786309582831138130e+02
-1.786152503198458419e+02
-1.785995423565778992e+02
-1.785838343933099281e+02
-1.785681264300419855e+02
-1.785524184667740144e+02
-1.785367105035060717e+02
-1.785210025402381007e+02
-1.785052945769701580e+02
-1.784895866137021869e+02
-1.784738786504342443e+02
-1.784581706871662732e+02
-1.784424627238983305e+02
-1.784267547606303594e+02
-1.784110467973624168e+02
-1.783953388340944457e+02
-1.783796308708265030e+02
-1.783639229075585320e+02
-1.783482149442905893e+02
-1.783325069810226182e+02
-1.783167990177546756e+02
-1.783010910544867045e+02
-1.782853830912187618e+02
-1.782696751279507907e+02
-1.782539671646828481e+02
-1.782382592014148770e+02
-1.782225512381469343e+02
-1.782068432748789633e+02
-1.781911353116110206e+02
-1.781754273483430495e+02
-1.781597193850751069e+02
-1.781440114218071358e+02
-1.781283034585391931e+02
-1.781125954952712220e+02
-1.780968875320032794e+02
-1.780811795687353083e+02
-1.780654716054673656e+02
-1.780497636421993946e+02
-1.780340556789314519e+02
-1.780183477156634808e+02
-1.780026397523955382e+02
-1.779869317891275671e+02
-1.779712238258596244e+02
-1.779555158625916533e+02
-1.779398078993236822e+02
-1.779240999360557396e+02
-1.779083919727877685e+02
-1.778926840095198258e+02
-1.778769760462518548e+02
-1.778612680829839121e+02
-1.778455601197159410e+02
-1.778298521564479984e+02
-1.778141441931800273e+02
-1.777984362299120846e+02
-1.777827282666441135e+02
-1.777670203033761709e+02
-1.777513123401081998e+02
-1.777356043768402571e+02
-1.777198964135722861e+02
-1.777041884503043434e+02
-1.776884804870363723e+02
-1.776727725237684297e+02
-1.776570645605004586e+02
-1.776413565972325159e+02
-1.776256486339645448e+02
-1.776099406706966022e+02
-1.775942327074286311e+02
-1.775785247441606884e+02
-1.775628167808927174e+02
-1.775471088176247747e+02
-1.775314008543568036e+02
-1.775156928910888610e+02
-1.774999849278208899e+02
-1.774842769645529472e+02
-1.774685690012849761e+02
-1.774528610380170335e+02
-1.774371530747490624e+02
-1.774214451114811197e+02
-1.774057371482131487e+02
-1.773900291849452060e+02
-1.773743212216772349e+02
-1.773586132584092923e+02
-1.773429052951413212e+02
-1.773271973318733785e+02
-1.773114893686054074e+02
-1.772957814053374648e+02
-1.772800734420694937e+02
-1.772643654788015510e+02
-1.772486575155335800e+02
-1.772329495522656373e+02
-1.772172415889976662e+02
-1.772015336257297236e+02
-1.771858256624617525e+02
-1.771701176991938098e+02
-1.771544097359258387e+02
-1.771387017726578961e+02
-1.771229938093899250e+02
-1.771072858461219823e+02
-1.770915778828540112e+02
-1.770758699195860686e+02
-1.770601619563180975e+02
-1.770444539930501548e+02
-1.770287460297821838e+02
-1.770130380665142411e+02
-1.769973301032462700e+02
-1.769816221399783274e+02
-1.769659141767103563e+02
-1.769502062134424136e+02
-1.769344982501744425e+02
-1.769187902869064999e+02
-1.769030823236385288e+02
-1.768873743603705861e+02
-1.768716663971026151e+02
-1.768559584338346724e+02
-1.768402504705667013e+02
-1.768245425072987587e+02
-1.768088345440307876e+02
-1.767931265807628449e+02
-1.767774186174948738e+02
-1.767617106542269312e+02
-1.767460026909589601e+02
-1.767302947276910174e+02
-1.767145867644230464e+02
-1.766988788011551037e+02
-1.766831708378871326e+02
-1.766674628746191900e+02
-1.766517549113512189e+02
-1.766360469480832762e+02
-1.766203389848153051e+02
-1.766046310215473625e+02
-1.765889230582793914e+02
-1.765732150950114487e+02
-1.765575071317434777e+02
-1.765417991684755350e+02
-1.765260912052075639e+02
-1.765103832419396213e+02
-1.764946752786716502e+02
-1.764789673154037075e+02
-1.764632593521357364e+02
-1.764475513888677938e+02
-1.764318434255998227e+02
-1.764161354623318800e+02
-1.764004274990639090e+02
-1.763847195357959663e+02
-1.763690115725279952e+02
-1.763533036092600526e+02
-1.763375956459920815e+02
-1.763218876827241388e+02
-1.763061797194561677e+02
-1.762904717561882251e+02
-1.762747637929202540e+02
-1.762590558296522829e+02
-1.762433478663843403e+02
-1.762276399031163692e+02
-1.762119319398484265e+02
-1.761962239765804554e+02
-1.761805160133125128e+02
-1.761648080500445417e+02
-1.761491000867765990e+02
-1.761333921235086279e+02
-1.761176841602406853e+02
-1.761019761969727142e+02
-1.760862682337047715e+02
-1.760705602704368005e+02
-1.760548523071688578e+02
-1.760391443439008867e+02
-1.760234363806329441e+02
-1.760077284173649730e+02
-1.759920204540970303e+02
-1.759763124908290592e+02
-1.759606045275611166e+02
-1.759448965642931455e+02
-1.759291886010252028e+02
-1.759134806377572318e+02
-1.758977726744892891e+02
-1.758820647112213180e+02
-1.758663567479533754e+02
-1.758506487846854043e+02
-1.758349408214174616e+02
-1.758192328581494905e+02
-1.758035248948815479e+02
-1.757878169316135768e+02
-1.757721089683456341e+02
-1.757564010050776631e+02
-1.757406930418097204e+02
-1.757249850785417493e+02
-1.757092771152738067e+02
-1.756935691520058356e+02
-1.756778611887378929e+02
-1.756621532254699218e+02
-1.756464452622019792e+02
-1.756307372989340081e+02
-1.756150293356660654e+02
-1.755993213723980944e+02
-1.755836134091301517e+02
-1.755679054458621806e+02
-1.755521974825942380e+02
-1.755364895193262669e+02
-1.755207815560583242e+02
-1.755050735927903531e+02
-1.754893656295224105e+02
-1.754736576662544394e+02
-1.754579497029864967e+02
-1.754422417397185257e+02
-1.754265337764505830e+02
-1.754108258131826119e+02
-1.753951178499146693e+02
-1.753794098866466982e+02
-1.753637019233787555e+02
-1.753479939601107844e+02
-1.753322859968428418e+02
-1.753165780335748707e+02
-1.753008700703069280e+02
-1.752851621070389569e+02
-1.752694541437710143e+02
-1.752537461805030432e+02
-1.752380382172351005e+02
-1.752223302539671295e+02
-1.752066222906991868e+02
-1.751909143274312157e+02
-1.751752063641632731e+02
-1.751594984008953020e+02
-1.751437904376273593e+02
-1.751280824743593882e+02
-1.751123745110914456e+02
-1.750966665478234745e+02
-1.750809585845555318e+02
-1.750652506212875608e+02
-1.750495426580196181e+02
-1.750338346947516470e+02
-1.750181267314837044e+02
-1.750024187682157333e+02
-1.749867108049477906e+02
-1.749710028416798195e+02
-1.749552948784118769e+02
-1.749395869151439058e+02
-1.749238789518759631e+02
-1.749081709886079921e+02
-1.748924630253400494e+02
-1.748767550620720783e+02
-1.748610470988041357e+02
-1.748453391355361646e+02
-1.748296311722682219e+02
-1.748139232090002508e+02
-1.747982152457323082e+02
-1.747825072824643371e+02
-1.747667993191963944e+02
-1.747510913559284234e+02
-1.747353833926604807e+02
-1.747196754293925096e+02
-1.747039674661245670e+02
-1.746882595028565959e+02
-1.746725515395886532e+02
-1.746568435763206821e+02
-1.746411356130527395e+02
-1.746254276497847684e+02
-1.746097196865168257e+02
-1.745940117232488547e+02
-1.745783037599809120e+02
-1.745625957967129409e+02
-1.745468878334449698e+02
-1.745311798701770272e+02
-1.745154719069090561e+02
-1.744997639436411134e+02
-1.744840559803731423e+02
-1.744683480171051997e+02
-1.744526400538372286e+02
-1.744369320905692859e+02
-1.744212241273013149e+02
-1.744055161640333722e+02
-1.743898082007654011e+02
-1.743741002374974585e+02
-1.743583922742294874e+02
-1.743426843109615447e+02
-1.743269763476935736e+02
-1.743112683844256310e+02
-1.742955604211576599e+02
-1.742798524578897172e+02
-1.742641444946217462e+02
-1.742484365313538035e+02
-1.742327285680858324e+02
-1.742170206048178898e+02
-1.742013126415499187e+02
-1.741856046782819760e+02
-1.741698967150140049e+02
-1.741541887517460623e+02
-1.741384807884780912e+02
-1.741227728252101485e+02
-1.741070648619421775e+02
-1.740913568986742348e+02
-1.740756489354062637e+02
-1.740599409721383211e+02
-1.740442330088703500e+02
-1.740285250456024073e+02
-1.740128170823344362e+02
-1.739971091190664936e+02
-1.739814011557985225e+02
-1.739656931925305798e+02
-1.739499852292626088e+02
-1.739342772659946661e+02
-1.739185693027266950e+02
-1.739028613394587524e+02
-1.738871533761907813e+02
-1.738714454129228386e+02
-1.738557374496548675e+02
-1.738400294863869249e+02
-1.738243215231189538e+02
-1.738086135598510111e+02
-1.737929055965830401e+02
-1.737771976333150974e+02
-1.737614896700471263e+02
-1.737457817067791837e+02
-1.737300737435112126e+02
-1.737143657802432699e+02
-1.736986578169752988e+02
-1.736829498537073562e+02
-1.736672418904393851e+02
-1.736515339271714424e+02
-1.736358259639034713e+02
-1.736201180006355287e+02
-1.736044100373675576e+02
-1.735887020740996149e+02
-1.735729941108316439e+02
-1.735572861475637012e+02
-1.735415781842957301e+02
-1.735258702210277875e+02
-1.735101622577598164e+02
-1.734944542944918737e+02
-1.734787463312239026e+02
-1.734630383679559600e+02
-1.734473304046879889e+02
-1.734316224414200462e+02
-1.734159144781520752e+02
-1.734002065148841325e+02
-1.733844985516161614e+02
-1.733687905883482188e+02
-1.733530826250802477e+02
-1.733373746618123050e+02
-1.733216666985443339e+02
-1.733059587352763913e+02
-1.732902507720084202e+02
-1.732745428087404775e+02
-1.732588348454725065e+02
-1.732431268822045638e+02
-1.732274189189365927e+02
-1.732117109556686501e+02
-1.731960029924006790e+02
-1.731802950291327363e+02
-1.731645870658647652e+02
-1.731488791025968226e+02
-1.731331711393288515e+02
-1.731174631760609088e+02
-1.731017552127929378e+02
-1.730860472495249951e+02
-1.730703392862570240e+02
-1.730546313229890814e+02
-1.730389233597211103e+02
-1.730232153964531676e+02
-1.730075074331851965e+02
-1.729917994699172539e+02
-1.729760915066492828e+02
-1.729603835433813401e+02
-1.729446755801133691e+02
-1.729289676168454264e+02
-1.729132596535774553e+02
-1.728975516903095127e+02
-1.728818437270415416e+02
-1.728661357637735989e+02
-1.728504278005056278e+02
-1.728347198372376567e+02
-1.728190118739697141e+02
-1.728033039107017430e+02
-1.727875959474338003e+02
-1.727718879841658293e+02
-1.727561800208978866e+02
-1.727404720576299155e+02
-1.727247640943619729e+02
-1.727090561310940018e+02
-1.726933481678260591e+02
-1.726776402045580880e+02
-1.726619322412901454e+02
-1.726462242780221743e+02
-1.726305163147542316e+02
-1.726148083514862606e+02
-1.725991003882183179e+02
-1.725833924249503468e+02
-1.725676844616824042e+02
-1.725519764984144331e+02
-1.725362685351464904e+02
-1.725205605718785193e+02
-1.725048526086105767e+02
-1.724891446453426056e+02
-1.724734366820746629e+02
-1.724577287188066919e+02
-1.724420207555387492e+02
-1.724263127922707781e+02
-1.724106048290028355e+02
-1.723948968657348644e+02
-1.723791889024669217e+02
-1.723634809391989506e+02
-1.723477729759310080e+02
-1.723320650126630369e+02
-1.723163570493950942e+02
-1.723006490861271232e+02
-1.722849411228591805e+02
-1.722692331595912094e+02
-1.722535251963232668e+02
-1.722378172330552957e+02
-1.722221092697873530e+02
-1.722064013065193819e+02
-1.721906933432514393e+02
-1.721749853799834682e+02
-1.721592774167155255e+02
-1.721435694534475545e+02
-1.721278614901796118e+02
-1.721121535269116407e+02
-1.720964455636436981e+02
-1.720807376003757270e+02
-1.720650296371077843e+02
-1.720493216738398132e+02
-1.720336137105718706e+02
-1.720179057473038995e+02
-1.720021977840359568e+02
-1.719864898207679857e+02
-1.719707818575000431e+02
-1.719550738942320720e+02
-1.719393659309641293e+02
-1.719236579676961583e+02
-1.719079500044282156e+02
-1.718922420411602445e+02
-1.718765340778923019e+02
-1.718608261146243308e+02
-1.718451181513563881e+02
-1.718294101880884170e+02
-1.718137022248204744e+02
-1.717979942615525033e+02
-1.717822862982845606e+02
-1.717665783350165896e+02
-1.717508703717486469e+02
-1.717351624084806758e+02
-1.717194544452127332e+02
-1.717037464819447621e+02
-1.716880385186768194e+02
-1.716723305554088483e+02
-1.716566225921409057e+02
-1.716409146288729346e+02
-1.716252066656049919e+02
-1.716094987023370209e+02
-1.715937907390690782e+02
-1.715780827758011071e+02
-1.715623748125331645e+02
-1.715466668492651934e+02
-1.715309588859972507e+02
-1.715152509227292796e+02
-1.714995429594613370e+02
-1.714838349961933659e+02
-1.714681270329254232e+02
-1.714524190696574522e+02
-1.714367111063895095e+02
-1.714210031431215384e+02
-1.714052951798535958e+02
-1.713895872165856247e+02
-1.713738792533176820e+02
-1.713581712900497109e+02
-1.713424633267817683e+02
-1.713267553635137972e+02
-1.713110474002458545e+02
-1.712953394369778835e+02
-1.712796314737099408e+02
-1.712639235104419697e+02
-1.712482155471740271e+02
-1.712325075839060560e+02
-1.712167996206381133e+02
-1.712010916573701422e+02
-1.711853836941021996e+02
-1.711696757308342285e+02
-1.711539677675662574e+02
-1.711382598042983147e+02
-1.711225518410303437e+02
-1.711068438777624010e+02
-1.710911359144944299e+02
-1.710754279512264873e+02
-1.710597199879585162e+02
-1.710440120246905735e+02
-1.710283040614226024e+02
-1.710125960981546598e+02
-1.709968881348866887e+02
-1.709811801716187460e+02
-1.709654722083507750e+02
-1.709497642450828323e+02
-1.709340562818148612e+02
-1.709183483185469186e+02
-1.709026403552789475e+02
-1.708869323920110048e+02
-1.708712244287430337e+02
-1.708555164654750911e+02
-1.708398085022071200e+02
-1.708241005389391773e+02
-1.708083925756712063e+02
-1.707926846124032636e+02
-1.707769766491352925e+02
-1.707612686858673499e+02
-1.707455607225993788e+02
-1.707298527593314361e+02
-1.707141447960634650e+02
-1.706984368327955224e+02
-1.706827288695275513e+02
-1.706670209062596086e+02
-1.706513129429916376e+02
-1.706356049797236949e+02
-1.706198970164557238e+02
-1.706041890531877812e+02
-1.705884810899198101e+02
-1.705727731266518674e+02
-1.705570651633838963e+02
-1.705413572001159537e+02
-1.705256492368479826e+02
-1.705099412735800399e+02
-1.704942333103120689e+02
-1.704785253470441262e+02
-1.704628173837761551e+02
-1.704471094205082125e+02
-1.704314014572402414e+02
-1.704156934939722987e+02
-1.703999855307043276e+02
-1.703842775674363850e+02
-1.703685696041684139e+02
-1.703528616409004712e+02
-1.703371536776325001e+02
-1.703214457143645575e+02
-1.703057377510965864e+02
-1.702900297878286437e+02
-1.702743218245606727e+02
-1.702586138612927300e+02
-1.702429058980247589e+02
-1.702271979347568163e+02
-1.702114899714888452e+02
-1.701957820082209025e+02
-1.701800740449529314e+02
-1.701643660816849888e+02
-1.701486581184170177e+02
-1.701329501551490750e+02
-1.701172421918811040e+02
-1.701015342286131613e+02
-1.700858262653451902e+02
-1.700701183020772476e+02
-1.700544103388092765e+02
-1.700387023755413338e+02
-1.700229944122733627e+02
-1.700072864490054201e+02
-1.699915784857374490e+02
-1.699758705224695063e+02
-1.699601625592015353e+02
-1.699444545959335926e+02
-1.699287466326656215e+02
-1.699130386693976789e+02
-1.698973307061297078e+02
-1.698816227428617651e+02
-1.698659147795937940e+02
-1.698502068163258514e+02
-1.698344988530578803e+02
-1.698187908897899376e+02
-1.698030829265219666e+02
-1.697873749632540239e+02
-1.697716669999860528e+02
-1.697559590367181102e+02
-1.697402510734501391e+02
-1.697245431101821964e+02
-1.697088351469142253e+02
-1.696931271836462827e+02
-1.696774192203783116e+02
-1.696617112571103689e+02
-1.696460032938423979e+02
-1.696302953305744552e+02
-1.696145873673064841e+02
-1.695988794040385415e+02
-1.695831714407705704e+02
-1.695674634775026277e+02
-1.695517555142346566e+02
-1.695360475509667140e+02
-1.695203395876987429e+02
-1.695046316244308002e+02
-1.694889236611628291e+02
-1.694732156978948865e+02
-1.694575077346269154e+02
-1.694417997713589443e+02
-1.694260918080910017e+02
-1.694103838448230306e+02
-1.693946758815550879e+02
-1.693789679182871168e+02
-1.693632599550191742e+02
-1.693475519917512031e+02
-1.693318440284832604e+02
-1.693161360652152894e+02
-1.693004281019473467e+02
-1.692847201386793756e+02
-1.692690121754114330e+02
-1.692533042121434619e+02
-1.692375962488755192e+02
-1.692218882856075481e+02
-1.692061803223396055e+02
-1.691904723590716344e+02
-1.691747643958036917e+02
-1.691590564325357207e+02
-1.691433484692677780e+02
-1.691276405059998069e+02
-1.691119325427318643e+02
-1.690962245794638932e+02
-1.690805166161959505e+02
-1.690648086529279794e+02
-1.690491006896600368e+02
-1.690333927263920657e+02
-1.690176847631241230e+02
-1.690019767998561520e+02
-1.689862688365882093e+02
-1.689705608733202382e+02
-1.689548529100522956e+02
-1.689391449467843245e+02
-1.689234369835163818e+02
-1.689077290202484107e+02
-1.688920210569804681e+02
-1.688763130937124970e+02
-1.688606051304445543e+02
-1.688448971671765833e+02
-1.688291892039086406e+02
-1.688134812406406695e+02
-1.687977732773727269e+02
-1.687820653141047558e+02
-1.687663573508368131e+02
-1.687506493875688420e+02
-1.687349414243008994e+02
-1.687192334610329283e+02
-1.687035254977649856e+02
-1.686878175344970145e+02
-1.686721095712290719e+02
-1.686564016079611008e+02
-1.686406936446931581e+02
-1.686249856814251871e+02
-1.686092777181572444e+02
-1.685935697548892733e+02
-1.685778617916213307e+02
-1.685621538283533596e+02
-1.685464458650854169e+02
-1.685307379018174458e+02
-1.685150299385495032e+02
-1.684993219752815321e+02
-1.684836140120135894e+02
-1.684679060487456184e+02
-1.684521980854776757e+02
-1.684364901222097046e+02
-1.684207821589417620e+02
-1.684050741956737909e+02
-1.683893662324058482e+02
-1.683736582691378771e+02
-1.683579503058699345e+02
-1.683422423426019634e+02
-1.683265343793340207e+02
-1.683108264160660497e+02
-1.682951184527981070e+02
-1.682794104895301359e+02
-1.682637025262621933e+02
-1.682479945629942222e+02
-1.682322865997262795e+02
-1.682165786364583084e+02
-1.682008706731903658e+02
-1.681851627099223947e+02
-1.681694547466544520e+02
-1.681537467833864810e+02
-1.681380388201185383e+02
-1.681223308568505672e+02
-1.681066228935826246e+02
-1.680909149303146535e+02
-1.680752069670467108e+02
-1.680594990037787397e+02
-1.680437910405107971e+02
-1.680280830772428260e+02
-1.680123751139748833e+02
-1.679966671507069123e+02
-1.679809591874389696e+02
-1.679652512241709985e+02
-1.679495432609030559e+02
-1.679338352976350848e+02
-1.679181273343671421e+02
-1.679024193710991710e+02
-1.678867114078312284e+02
-1.678710034445632573e+02
-1.678552954812953146e+02
-1.678395875180273435e+02
-1.678238795547594009e+02
-1.678081715914914298e+02
-1.677924636282234871e+02
-1.677767556649555161e+02
-1.677610477016875734e+02
-1.677453397384196023e+02
-1.677296317751516312e+02
-1.677139238118836886e+02
-1.676982158486157175e+02
-1.676825078853477748e+02
-1.676667999220798038e+02
-1.676510919588118611e+02
-1.676353839955438900e+02
-1.676196760322759474e+02
-1.676039680690079763e+02
-1.675882601057400336e+02
-1.675725521424720625e+02
-1.675568441792041199e+02
-1.675411362159361488e+02
-1.675254282526682061e+02
-1.675097202894002351e+02
-1.674940123261322924e+02
-1.674783043628643213e+02
-1.674625963995963787e+02
-1.674468884363284076e+02
-1.674311804730604649e+02
-1.674154725097924938e+02
-1.673997645465245512e+02
-1.673840565832565801e+02
-1.673683486199886374e+02
-1.673526406567206664e+02
-1.673369326934527237e+02
-1.673212247301847526e+02
-1.673055167669168100e+02
-1.672898088036488389e+02
-1.672741008403808962e+02
-1.672583928771129251e+02
-1.672426849138449825e+02
-1.672269769505770114e+02
-1.672112689873090687e+02
-1.671955610240410977e+02
-1.671798530607731550e+02
-1.671641450975051839e+02
-1.671484371342372413e+02
-1.671327291709692702e+02
-1.671170212077013275e+02
-1.671013132444333564e+02
-1.670856052811654138e+02
-1.670698973178974427e+02
-1.670541893546295000e+02
-1.670384813913615289e+02
-1.670227734280935863e+02
-1.670070654648256152e+02
-1.669913575015576725e+02
-1.669756495382897015e+02
-1.669599415750217588e+02
-1.669442336117537877e+02
-1.669285256484858451e+02
-1.669128176852178740e+02
-1.668971097219499313e+02
-1.668814017586819602e+02
-1.668656937954140176e+02
-1.668499858321460465e+02
-1.668342778688781038e+02
-1.668185699056101328e+02
-1.668028619423421901e+02
-1.667871539790742190e+02
-1.667714460158062764e+02
-1.667557380525383053e+02
-1.667400300892703626e+02
-1.667243221260023915e+02
-1.667086141627344489e+02
-1.666929061994664778e+02
-1.666771982361985351e+02
-1.666614902729305641e+02
-1.666457823096626214e+02
-1.666300743463946503e+02
-1.666143663831267077e+02
-1.665986584198587366e+02
-1.665829504565907939e+02
-1.665672424933228228e+02
-1.665515345300548802e+02
-1.665358265667869091e+02
-1.665201186035189664e+02
-1.665044106402509954e+02
-1.664887026769830527e+02
-1.664729947137150816e+02
-1.664572867504471390e+02
-1.664415787871791679e+02
-1.664258708239112252e+02
-1.664101628606432541e+02
-1.663944548973753115e+02
-1.663787469341073404e+02
-1.663630389708393977e+02
-1.663473310075714267e+02
-1.663316230443034840e+02
-1.663159150810355129e+02
-1.663002071177675703e+02
-1.662844991544995992e+02
-1.662687911912316565e+02
-1.662530832279636854e+02
-1.662373752646957428e+02
-1.662216673014277717e+02
-1.662059593381598290e+02
-1.661902513748918579e+02
-1.661745434116239153e+02
-1.661588354483559442e+02
-1.661431274850880015e+02
-1.661274195218200305e+02
-1.661117115585520878e+02
-1.660960035952841167e+02
-1.660802956320161741e+02
-1.660645876687482030e+02
-1.660488797054802319e+02
-1.660331717422122892e+02
-1.660174637789443182e+02
-1.660017558156763755e+02
-1.659860478524084044e+02
-1.659703398891404618e+02
-1.659546319258724907e+02
-1.659389239626045480e+02
-1.659232159993365769e+02
-1.659075080360686343e+02
-1.658918000728006632e+02
-1.658760921095327205e+02
-1.658603841462647495e+02
-1.658446761829968068e+02
-1.658289682197288357e+02
-1.658132602564608931e+02
-1.657975522931929220e+02
-1.657818443299249793e+02
-1.657661363666570082e+02
-1.657504284033890656e+02
-1.657347204401210945e+02
-1.657190124768531518e+02
-1.657033045135851808e+02
-1.656875965503172381e+02
-1.656718885870492670e+02
-1.656561806237813244e+02
-1.656404726605133533e+02
-1.656247646972454106e+02
-1.656090567339774395e+02
-1.655933487707094969e+02
-1.655776408074415258e+02
-1.655619328441735831e+02
-1.655462248809056121e+02
-1.655305169176376694e+02
-1.655148089543696983e+02
-1.654991009911017557e+02
-1.654833930278337846e+02
-1.654676850645658419e+02
-1.654519771012978708e+02
-1.654362691380299282e+02
-1.654205611747619571e+02
-1.654048532114940144e+02
-1.653891452482260433e+02
-1.653734372849581007e+02
-1.653577293216901296e+02
-1.653420213584221869e+02
-1.653263133951542159e+02
-1.653106054318862732e+02
-1.652948974686183021e+02
-1.652791895053503595e+02
-1.652634815420823884e+02
-1.652477735788144457e+02
-1.652320656155464746e+02
-1.652163576522785320e+02
-1.652006496890105609e+02
-1.651849417257426182e+02
-1.651692337624746472e+02
-1.651535257992067045e+02
-1.651378178359387334e+02
-1.651221098726707908e+02
-1.651064019094028197e+02
-1.650906939461348770e+02
-1.650749859828669059e+02
-1.650592780195989633e+02
-1.650435700563309922e+02
-1.650278620930630495e+02
-1.650121541297950785e+02
-1.649964461665271358e+02
-1.649807382032591647e+02
-1.649650302399912221e+02
-1.649493222767232510e+02
-1.649336143134553083e+02
-1.649179063501873372e+02
-1.649021983869193946e+02
-1.648864904236514235e+02
-1.648707824603834808e+02
-1.648550744971155098e+02
-1.648393665338475671e+02
-1.648236585705795960e+02
-1.648079506073116534e+02
-1.647922426440436823e+02
-1.647765346807757396e+02
-1.647608267175077685e+02
-1.647451187542398259e+02
-1.647294107909718548e+02
-1.647137028277039121e+02
-1.646979948644359411e+02
-1.646822869011679984e+02
-1.646665789379000273e+02
-1.646508709746320847e+02
-1.646351630113641136e+02
-1.646194550480961709e+02
-1.646037470848281998e+02
-1.645880391215602572e+02
-1.645723311582922861e+02
-1.645566231950243434e+02
-1.645409152317563723e+02
-1.645252072684884297e+02
-1.645094993052204586e+02
-1.644937913419525159e+02
-1.644780833786845449e+02
-1.644623754154166022e+02
-1.644466674521486311e+02
-1.644309594888806885e+02
-1.644152515256127174e+02
-1.643995435623447747e+02
-1.643838355990768036e+02
-1.643681276358088610e+02
-1.643524196725408899e+02
-1.643367117092729188e+02
-1.643210037460049762e+02
-1.643052957827370051e+02
-1.642895878194690624e+02
-1.642738798562010913e+02
-1.642581718929331487e+02
-1.642424639296651776e+02
-1.642267559663972349e+02
-1.642110480031292639e+02
-1.641953400398613212e+02
-1.641796320765933501e+02
-1.641639241133254075e+02
-1.641482161500574364e+02
-1.641325081867894937e+02
-1.641168002235215226e+02
-1.641010922602535800e+02
-1.640853842969856089e+02
-1.640696763337176662e+02
-1.640539683704496952e+02
-1.640382604071817525e+02
-1.640225524439137814e+02
-1.640068444806458388e+02
-1.639911365173778677e+02
-1.639754285541099250e+02
-1.639597205908419539e+02
-1.639440126275740113e+02
-1.639283046643060402e+02
-1.639125967010380975e+02
-1.638968887377701265e+02
-1.638811807745021838e+02
-1.638654728112342127e+02
-1.638497648479662701e+02
-1.638340568846982990e+02
-1.638183489214303563e+02
-1.638026409581623852e+02
-1.637869329948944426e+02
-1.637712250316264715e+02
-1.637555170683585288e+02
-1.637398091050905578e+02
-1.637241011418226151e+02
-1.637083931785546440e+02
-1.636926852152867014e+02
-1.636769772520187303e+02
-1.636612692887507876e+02
-1.636455613254828165e+02
-1.636298533622148739e+02
-1.636141453989469028e+02
-1.635984374356789601e+02
-1.635827294724109890e+02
-1.635670215091430464e+02
-1.635513135458750753e+02
-1.635356055826071326e+02
-1.635198976193391616e+02
-1.635041896560712189e+02
-1.634884816928032478e+02
-1.634727737295353052e+02
-1.634570657662673341e+02
-1.634413578029993914e+02
-1.634256498397314203e+02
-1.634099418764634777e+02
-1.633942339131955066e+02
-1.633785259499275639e+02
-1.633628179866595929e+02
-1.633471100233916502e+02
-1.633314020601236791e+02
-1.633156940968557365e+02
-1.632999861335877654e+02
-1.632842781703198227e+02
-1.632685702070518516e+02
-1.632528622437839090e+02
-1.632371542805159379e+02
-1.632214463172479952e+02
-1.632057383539800242e+02
-1.631900303907120815e+02
-1.631743224274441104e+02
-1.631586144641761678e+02
-1.631429065009081967e+02
-1.631271985376402540e+02
-1.631114905743722829e+02
-1.630957826111043403e+02
-1.630800746478363692e+02
-1.630643666845684265e+02
-1.630486587213004555e+02
-1.630329507580325128e+02
-1.630172427947645417e+02
-1.630015348314965991e+02
-1.629858268682286280e+02
-1.629701189049606853e+02
-1.629544109416927142e+02
-1.629387029784247716e+02
-1.629229950151568005e+02
-1.629072870518888578e+02
-1.628915790886208868e+02
-1.628758711253529441e+02
-1.628601631620849730e+02
-1.628444551988170304e+02
-1.628287472355490593e+02
-1.628130392722811166e+02
-1.627973313090131455e+02
-1.627816233457452029e+02
-1.627659153824772318e+02
-1.627502074192092891e+02
-1.627344994559413180e+02
-1.627187914926733754e+02
-1.627030835294054043e+02
-1.626873755661374616e+02
-1.626716676028694906e+02
-1.626559596396015479e+02
-1.626402516763335768e+02
-1.626245437130656057e+02
-1.626088357497976631e+02
-1.625931277865296920e+02
-1.625774198232617493e+02
-1.625617118599937783e+02
-1.625460038967258356e+02
-1.625302959334578645e+02
-1.625145879701899219e+02
-1.624988800069219508e+02
-1.624831720436540081e+02
-1.624674640803860370e+02
-1.624517561171180944e+02
-1.624360481538501233e+02
-1.624203401905821806e+02
-1.624046322273142096e+02
-1.623889242640462669e+02
-1.623732163007782958e+02
-1.623575083375103532e+02
-1.623418003742423821e+02
-1.623260924109744394e+02
-1.623103844477064683e+02
-1.622946764844385257e+02
-1.622789685211705546e+02
-1.622632605579026119e+02
-1.622475525946346409e+02
-1.622318446313666982e+02
-1.622161366680987271e+02
-1.622004287048307845e+02
-1.621847207415628134e+02
-1.621690127782948707e+02
-1.621533048150268996e+02
-1.621375968517589570e+02
-1.621218888884909859e+02
-1.621061809252230432e+02
-1.620904729619550722e+02
-1.620747649986871295e+02
-1.620590570354191584e+02
-1.620433490721512158e+02
-1.620276411088832447e+02
-1.620119331456153020e+02
-1.619962251823473309e+02
-1.619805172190793883e+02
-1.619648092558114172e+02
-1.619491012925434745e+02
-1.619333933292755034e+02
-1.619176853660075608e+02
-1.619019774027395897e+02
-1.618862694394716470e+02
-1.618705614762036760e+02
-1.618548535129357333e+02
-1.618391455496677622e+02
-1.618234375863998196e+02
-1.618077296231318485e+02
-1.617920216598639058e+02
-1.617763136965959347e+02
-1.617606057333279921e+02
-1.617448977700600210e+02
-1.617291898067920783e+02
-1.617134818435241073e+02
-1.616977738802561646e+02
-1.616820659169881935e+02
-1.616663579537202509e+02
-1.616506499904522798e+02
-1.616349420271843371e+02
-1.616192340639163660e+02
-1.616035261006484234e+02
-1.615878181373804523e+02
-1.615721101741125096e+02
-1.615564022108445386e+02
-1.615406942475765959e+02
-1.615249862843086248e+02
-1.615092783210406822e+02
-1.614935703577727111e+02
-1.614778623945047684e+02
-1.614621544312367973e+02
-1.614464464679688547e+02
-1.614307385047008836e+02
-1.614150305414329409e+02
-1.613993225781649699e+02
-1.613836146148970272e+02
-1.613679066516290561e+02
-1.613521986883611135e+02
-1.613364907250931424e+02
-1.613207827618251997e+02
-1.613050747985572286e+02
-1.612893668352892860e+02
-1.612736588720213149e+02
-1.612579509087533722e+02
-1.612422429454854012e+02
-1.612265349822174585e+02
-1.612108270189494874e+02
-1.611951190556815448e+02
-1.611794110924135737e+02
-1.611637031291456310e+02
-1.611479951658776599e+02
-1.611322872026097173e+02
-1.611165792393417462e+02
-1.611008712760738035e+02
-1.610851633128058324e+02
-1.610694553495378898e+02
-1.610537473862699187e+02
-1.610380394230019760e+02
-1.610223314597340050e+02
-1.610066234964660623e+02
-1.609909155331980912e+02
-1.609752075699301486e+02
-1.609594996066621775e+02
-1.609437916433942064e+02
-1.609280836801262637e+02
-1.609123757168582927e+02
-1.608966677535903500e+02
-1.608809597903223789e+02
-1.608652518270544363e+02
-1.608495438637864652e+02
-1.608338359005185225e+02
-1.608181279372505514e+02
-1.608024199739826088e+02
-1.607867120107146377e+02
-1.607710040474466950e+02
-1.607552960841787240e+02
-1.607395881209107813e+02
-1.607238801576428102e+02
-1.607081721943748676e+02
-1.606924642311068965e+02
-1.606767562678389538e+02
-1.606610483045709827e+02
-1.606453403413030401e+02
-1.606296323780350690e+02
-1.606139244147671263e+02
-1.605982164514991553e+02
-1.605825084882312126e+02
-1.605668005249632415e+02
-1.605510925616952989e+02
-1.605353845984273278e+02
-1.605196766351593851e+02
-1.605039686718914140e+02
-1.604882607086234714e+02
-1.604725527453555003e+02
-1.604568447820875576e+02
-1.604411368188195866e+02
-1.604254288555516439e+02
-1.604097208922836728e+02
-1.603940129290157302e+02
-1.603783049657477591e+02
-1.603625970024798164e+02
-1.603468890392118453e+02
-1.603311810759439027e+02
-1.603154731126759316e+02
-1.602997651494079889e+02
-1.602840571861400178e+02
-1.602683492228720752e+02
-1.602526412596041041e+02
-1.602369332963361614e+02
-1.602212253330681904e+02
-1.602055173698002477e+02
-1.601898094065322766e+02
-1.601741014432643340e+02
-1.601583934799963629e+02
-1.601426855167284202e+02
-1.601269775534604491e+02
-1.601112695901925065e+02
-1.600955616269245354e+02
-1.600798536636565927e+02
-1.600641457003886217e+02
-1.600484377371206790e+02
-1.600327297738527079e+02
-1.600170218105847653e+02
-1.600013138473167942e+02
-1.599856058840488515e+02
-1.599698979207808804e+02
-1.599541899575129378e+02
-1.599384819942449667e+02
-1.599227740309770240e+02
-1.599070660677090530e+02
-1.598913581044411103e+02
-1.598756501411731392e+02
-1.598599421779051966e+02
-1.598442342146372255e+02
-1.598285262513692828e+02
-1.598128182881013117e+02
-1.597971103248333691e+02
-1.597814023615653980e+02
-1.597656943982974553e+02
-1.597499864350294843e+02
-1.597342784717615416e+02
-1.597185705084935705e+02
-1.597028625452256279e+02
-1.596871545819576568e+02
-1.596714466186897141e+02
-1.596557386554217430e+02
-1.596400306921538004e+02
-1.596243227288858293e+02
-1.596086147656178866e+02
-1.595929068023499156e+02
-1.595771988390819729e+02
-1.595614908758140018e+02
-1.595457829125460592e+02
-1.595300749492780881e+02
-1.595143669860101454e+02
-1.594986590227421743e+02
-1.594829510594742317e+02
-1.594672430962062606e+02
-1.594515351329383179e+02
-1.594358271696703468e+02
-1.594201192064024042e+02
-1.594044112431344331e+02
-1.593887032798664904e+02
-1.593729953165985194e+02
-1.593572873533305767e+02
-1.593415793900626056e+02
-1.593258714267946630e+02
-1.593101634635266919e+02
-1.592944555002587492e+02
-1.592787475369907781e+02
-1.592630395737228355e+02
-1.592473316104548644e+02
-1.592316236471868933e+02
-1.592159156839189507e+02
-1.592002077206509796e+02
-1.591844997573830369e+02
-1.591687917941150658e+02
-1.591530838308471232e+02
-1.591373758675791521e+02
-1.591216679043112094e+02
-1.591059599410432384e+02
-1.590902519777752957e+02
-1.590745440145073246e+02
-1.590588360512393820e+02
-1.590431280879714109e+02
-1.590274201247034682e+02
-1.590117121614354971e+02
-1.589960041981675545e+02
-1.589802962348995834e+02
-1.589645882716316407e+02
-1.589488803083636697e+02
-1.589331723450957270e+02
-1.589174643818277559e+02
-1.589017564185598133e+02
-1.588860484552918422e+02
-1.588703404920238995e+02
-1.588546325287559284e+02
-1.588389245654879858e+02
-1.588232166022200147e+02
-1.588075086389520720e+02
-1.587918006756841010e+02
-1.587760927124161583e+02
-1.587603847491481872e+02
-1.587446767858802446e+02
-1.587289688226122735e+02
-1.587132608593443308e+02
-1.586975528960763597e+02
-1.586818449328084171e+02
-1.586661369695404460e+02
-1.586504290062725033e+02
-1.586347210430045322e+02
-1.586190130797365896e+02
-1.586033051164686185e+02
-1.585875971532006758e+02
-1.585718891899327048e+02
-1.585561812266647621e+02
-1.585404732633967910e+02
-1.585247653001288484e+02
-1.585090573368608773e+02
-1.584933493735929346e+02
-1.584776414103249635e+02
-1.584619334470570209e+02
-1.584462254837890498e+02
-1.584305175205211071e+02
-1.584148095572531361e+02
-1.583991015939851934e+02
-1.583833936307172223e+02
-1.583676856674492797e+02
-1.583519777041813086e+02
-1.583362697409133659e+02
-1.583205617776453948e+02
-1.583048538143774522e+02
-1.582891458511094811e+02
-1.582734378878415384e+02
-1.582577299245735674e+02
-1.582420219613056247e+02
-1.582263139980376536e+02
-1.582106060347697110e+02
-1.581948980715017399e+02
-1.581791901082337972e+02
-1.581634821449658261e+02
-1.581477741816978835e+02
-1.581320662184299124e+02
-1.581163582551619697e+02
-1.581006502918939987e+02
-1.580849423286260560e+02
-1.580692343653580849e+02
-1.580535264020901423e+02
-1.580378184388221712e+02
-1.580221104755542285e+02
-1.580064025122862574e+02
-1.579906945490183148e+02
-1.579749865857503437e+02
-1.579592786224824010e+02
-1.579435706592144300e+02
-1.579278626959464873e+02
-1.579121547326785162e+02
-1.578964467694105736e+02
-1.578807388061426025e+02
-1.578650308428746598e+02
-1.578493228796066887e+02
-1.578336149163387461e+02
-1.578179069530707750e+02
-1.578021989898028323e+02
-1.577864910265348612e+02
-1.577707830632669186e+02
-1.577550750999989475e+02
-1.577393671367310048e+02
-1.577236591734630338e+02
-1.577079512101950911e+02
-1.576922432469271200e+02
-1.576765352836591774e+02
-1.576608273203912063e+02
-1.576451193571232636e+02
-1.576294113938552925e+02
-1.576137034305873499e+02
-1.575979954673193788e+02
-1.575822875040514361e+02
-1.575665795407834651e+02
-1.575508715775154940e+02
-1.575351636142475513e+02
-1.575194556509795802e+02
-1.575037476877116376e+02
-1.574880397244436665e+02
-1.574723317611757238e+02
-1.574566237979077528e+02
-1.574409158346398101e+02
-1.574252078713718390e+02
-1.574094999081038964e+02
-1.573937919448359253e+02
-1.573780839815679826e+02
-1.573623760183000115e+02
-1.573466680550320689e+02
-1.573309600917640978e+02
-1.573152521284961551e+02
-1.572995441652281841e+02
-1.572838362019602414e+02
-1.572681282386922703e+02
-1.572524202754243277e+02
-1.572367123121563566e+02
-1.572210043488884139e+02
-1.572052963856204428e+02
-1.571895884223525002e+02
-1.571738804590845291e+02
-1.571581724958165864e+02
-1.571424645325486154e+02
-1.571267565692806727e+02
-1.571110486060127016e+02
-1.570953406427447590e+02
-1.570796326794767879e+02
-1.570639247162088452e+02
-1.570482167529408741e+02
-1.570325087896729315e+02
-1.570168008264049604e+02
-1.570010928631370177e+02
-1.569853848998690466e+02
-1.569696769366011040e+02
-1.569539689733331329e+02
-1.569382610100651902e+02
-1.569225530467972192e+02
-1.569068450835292765e+02
-1.568911371202613054e+02
-1.568754291569933628e+02
-1.568597211937253917e+02
-1.568440132304574490e+02
-1.568283052671894779e+02
-1.568125973039215353e+02
-1.567968893406535642e+02
-1.567811813773856215e+02
-1.567654734141176505e+02
-1.567497654508497078e+02
-1.567340574875817367e+02
-1.567183495243137941e+02
-1.567026415610458230e+02
-1.566869335977778803e+02
-1.566712256345099092e+02
-1.566555176712419666e+02
-1.566398097079739955e+02
-1.566241017447060528e+02
-1.566083937814380818e+02
-1.565926858181701391e+02
-1.565769778549021680e+02
-1.565612698916342254e+02
-1.565455619283662543e+02
-1.565298539650983116e+02
-1.565141460018303405e+02
-1.564984380385623979e+02
-1.564827300752944268e+02
-1.564670221120264841e+02
-1.564513141487585131e+02
-1.564356061854905704e+02
-1.564198982222225993e+02
-1.564041902589546567e+02
-1.563884822956866856e+02
-1.563727743324187429e+02
-1.563570663691507718e+02
-1.563413584058828292e+02
-1.563256504426148581e+02
-1.563099424793469154e+02
-1.562942345160789444e+02
-1.562785265528110017e+02
-1.562628185895430306e+02
-1.562471106262750880e+02
-1.562314026630071169e+02
-1.562156946997391742e+02
-1.561999867364712031e+02
-1.561842787732032605e+02
-1.561685708099352894e+02
-1.561528628466673467e+02
-1.561371548833993756e+02
-1.561214469201314330e+02
-1.561057389568634619e+02
-1.560900309935955192e+02
-1.560743230303275482e+02
-1.560586150670596055e+02
-1.560429071037916344e+02
-1.560271991405236918e+02
-1.560114911772557207e+02
-1.559957832139877780e+02
-1.559800752507198069e+02
-1.559643672874518643e+02
-1.559486593241838932e+02
-1.559329513609159505e+02
-1.559172433976479795e+02
-1.559015354343800368e+02
-1.558858274711120657e+02
-1.558701195078441231e+02
-1.558544115445761520e+02
-1.558387035813081809e+02
-1.558229956180402382e+02
-1.558072876547722672e+02
-1.557915796915043245e+02
-1.557758717282363534e+02
-1.557601637649684108e+02
-1.557444558017004397e+02
-1.557287478384324970e+02
-1.557130398751645259e+02
-1.556973319118965833e+02
-1.556816239486286122e+02
-1.556659159853606695e+02
-1.556502080220926985e+02
-1.556345000588247558e+02
-1.556187920955567847e+02
-1.556030841322888421e+02
-1.555873761690208710e+02
-1.555716682057529283e+02
-1.555559602424849572e+02
-1.555402522792170146e+02
-1.555245443159490435e+02
-1.555088363526811008e+02
-1.554931283894131298e+02
-1.554774204261451871e+02
-1.554617124628772160e+02
-1.554460044996092734e+02
-1.554302965363413023e+02
-1.554145885730733596e+02
-1.553988806098053885e+02
-1.553831726465374459e+02
-1.553674646832694748e+02
-1.553517567200015321e+02
-1.553360487567335610e+02
-1.553203407934656184e+02
-1.553046328301976473e+02
-1.552889248669297046e+02
-1.552732169036617336e+02
-1.552575089403937909e+02
-1.552418009771258198e+02
-1.552260930138578772e+02
-1.552103850505899061e+02
-1.551946770873219634e+02
-1.551789691240539923e+02
-1.551632611607860497e+02
-1.551475531975180786e+02
-1.551318452342501359e+02
-1.551161372709821649e+02
-1.551004293077142222e+02
-1.550847213444462511e+02
-1.550690133811783085e+02
-1.550533054179103374e+02
-1.550375974546423947e+02
-1.550218894913744236e+02
-1.550061815281064810e+02
-1.549904735648385099e+02
-1.549747656015705672e+02
-1.549590576383025962e+02
-1.549433496750346535e+02
-1.549276417117666824e+02
-1.549119337484987398e+02
-1.548962257852307687e+02
-1.548805178219628260e+02
-1.548648098586948549e+02
-1.548491018954269123e+02
-1.548333939321589412e+02
-1.548176859688909985e+02
-1.548019780056230275e+02
-1.547862700423550848e+02
-1.547705620790871137e+02
-1.547548541158191711e+02
-1.547391461525512000e+02
-1.547234381892832573e+02
-1.547077302260152862e+02
-1.546920222627473436e+02
-1.546763142994793725e+02
-1.546606063362114298e+02
-1.546448983729434588e+02
-1.546291904096755161e+02
-1.546134824464075450e+02
-1.545977744831396024e+02
-1.545820665198716313e+02
-1.545663585566036886e+02
-1.545506505933357175e+02
-1.545349426300677749e+02
-1.545192346667998038e+02
-1.545035267035318611e+02
-1.544878187402638900e+02
-1.544721107769959474e+02
-1.544564028137279763e+02
-1.544406948504600336e+02
-1.544249868871920626e+02
-1.544092789239241199e+02
-1.543935709606561488e+02
-1.543778629973882062e+02
-1.543621550341202351e+02
-1.543464470708522924e+02
-1.543307391075843213e+02
-1.543150311443163787e+02
-1.542993231810484076e+02
-1.542836152177804649e+02
-1.542679072545124939e+02
-1.542521992912445512e+02
-1.542364913279765801e+02
-1.542207833647086375e+02
-1.542050754014406664e+02
-1.541893674381727237e+02
-1.541736594749047526e+02
-1.541579515116368100e+02
-1.541422435483688389e+02
-1.541265355851008678e+02
-1.541108276218329252e+02
-1.540951196585649541e+02
-1.540794116952970114e+02
-1.540637037320290403e+02
-1.540479957687610977e+02
-1.540322878054931266e+02
-1.540165798422251839e+02
-1.540008718789572129e+02
-1.539851639156892702e+02
-1.539694559524212991e+02
-1.539537479891533565e+02
-1.539380400258853854e+02
-1.539223320626174427e+02
-1.539066240993494716e+02
-1.538909161360815290e+02
-1.538752081728135579e+02
-1.538595002095456152e+02
-1.538437922462776442e+02
-1.538280842830097015e+02
-1.538123763197417304e+02
-1.537966683564737878e+02
-1.537809603932058167e+02
-1.537652524299378740e+02
-1.537495444666699029e+02
-1.537338365034019603e+02
-1.537181285401339892e+02
-1.537024205768660465e+02
-1.536867126135980754e+02
-1.536710046503301328e+02
-1.536552966870621617e+02
-1.536395887237942190e+02
-1.536238807605262480e+02
-1.536081727972583053e+02
-1.535924648339903342e+02
-1.535767568707223916e+02
-1.535610489074544205e+02
-1.535453409441864778e+02
-1.535296329809185067e+02
-1.535139250176505641e+02
-1.534982170543825930e+02
-1.534825090911146503e+02
-1.534668011278466793e+02
-1.534510931645787366e+02
-1.534353852013107655e+02
-1.534196772380428229e+02
-1.534039692747748518e+02
-1.533882613115069091e+02
-1.533725533482389380e+02
-1.533568453849709954e+02
-1.533411374217030243e+02
-1.533254294584350816e+02
-1.533097214951671106e+02
-1.532940135318991679e+02
-1.532783055686311968e+02
-1.532625976053632542e+02
-1.532468896420952831e+02
-1.532311816788273404e+02
-1.532154737155593693e+02
-1.531997657522914267e+02
-1.531840577890234556e+02
-1.531683498257555129e+02
-1.531526418624875419e+02
-1.531369338992195992e+02
-1.531212259359516281e+02
-1.531055179726836855e+02
-1.530898100094157144e+02
-1.530741020461477717e+02
-1.530583940828798006e+02
-1.530426861196118580e+02
-1.530269781563438869e+02
-1.530112701930759442e+02
-1.529955622298079732e+02
-1.529798542665400305e+02
-1.529641463032720594e+02
-1.529484383400041168e+02
-1.529327303767361457e+02
-1.529170224134682030e+02
-1.529013144502002319e+02
-1.528856064869322893e+02
-1.528698985236643182e+02
-1.528541905603963755e+02
-1.528384825971284044e+02
-1.528227746338604618e+02
-1.528070666705924907e+02
-1.527913587073245480e+02
-1.527756507440565770e+02
-1.527599427807886343e+02
-1.527442348175206632e+02
-1.527285268542527206e+02
-1.527128188909847495e+02
-1.526971109277168068e+02
-1.526814029644488357e+02
-1.526656950011808931e+02
-1.526499870379129220e+02
-1.526342790746449793e+02
-1.526185711113770083e+02
-1.526028631481090656e+02
-1.525871551848410945e+02
-1.525714472215731519e+02
-1.525557392583051808e+02
-1.525400312950372381e+02
-1.525243233317692670e+02
-1.525086153685013244e+02
-1.524929074052333533e+02
-1.524771994419654106e+02
-1.524614914786974396e+02
-1.524457835154294685e+02
-1.524300755521615258e+02
-1.524143675888935547e+02
-1.523986596256256121e+02
-1.523829516623576410e+02
-1.523672436990896983e+02
-1.523515357358217273e+02
-1.523358277725537846e+02
-1.523201198092858135e+02
-1.523044118460178709e+02
-1.522887038827498998e+02
-1.522729959194819571e+02
-1.522572879562139860e+02
-1.522415799929460434e+02
-1.522258720296780723e+02
-1.522101640664101296e+02
-1.521944561031421586e+02
-1.521787481398742159e+02
-1.521630401766062448e+02
-1.521473322133383022e+02
-1.521316242500703311e+02
-1.521159162868023884e+02
-1.521002083235344173e+02
-1.520845003602664747e+02
-1.520687923969985036e+02
-1.520530844337305609e+02
-1.520373764704625899e+02
-1.520216685071946472e+02
-1.520059605439266761e+02
-1.519902525806587335e+02
-1.519745446173907624e+02
-1.519588366541228197e+02
-1.519431286908548486e+02
-1.519274207275869060e+02
-1.519117127643189349e+02
-1.518960048010509922e+02
-1.518802968377830211e+02
-1.518645888745150785e+02
-1.518488809112471074e+02
-1.518331729479791647e+02
-1.518174649847111937e+02
-1.518017570214432510e+02
-1.517860490581752799e+02
-1.517703410949073373e+02
-1.517546331316393662e+02
-1.517389251683714235e+02
-1.517232172051034524e+02
-1.517075092418355098e+02
-1.516918012785675387e+02
-1.516760933152995960e+02
-1.516603853520316250e+02
-1.516446773887636823e+02
-1.516289694254957112e+02
-1.516132614622277686e+02
-1.515975534989597975e+02
-1.515818455356918548e+02
-1.515661375724238837e+02
-1.515504296091559411e+02
-1.515347216458879700e+02
-1.515190136826200273e+02
-1.515033057193520563e+02
-1.514875977560841136e+02
-1.514718897928161425e+02
-1.514561818295481999e+02
-1.514404738662802288e+02
-1.514247659030122861e+02
-1.514090579397443150e+02
-1.513933499764763724e+02
-1.513776420132084013e+02
-1.513619340499404586e+02
-1.513462260866724876e+02
-1.513305181234045449e+02
-1.513148101601365738e+02
-1.512991021968686312e+02
-1.512833942336006601e+02
-1.512676862703327174e+02
-1.512519783070647463e+02
-1.512362703437968037e+02
-1.512205623805288326e+02
-1.512048544172608899e+02
-1.511891464539929189e+02
-1.511734384907249762e+02
-1.511577305274570051e+02
-1.511420225641890625e+02
-1.511263146009210914e+02
-1.511106066376531487e+02
-1.510948986743851776e+02
-1.510791907111172350e+02
-1.510634827478492639e+02
-1.510477747845813212e+02
-1.510320668213133501e+02
-1.510163588580454075e+02
-1.510006508947774364e+02
-1.509849429315094937e+02
-1.509692349682415227e+02
-1.509535270049735800e+02
-1.509378190417056089e+02
-1.509221110784376663e+02
-1.509064031151696952e+02
-1.508906951519017525e+02
-1.508749871886337814e+02
-1.508592792253658388e+02
-1.508435712620978677e+02
-1.508278632988299250e+02
-1.508121553355619540e+02
-1.507964473722940113e+02
-1.507807394090260402e+02
-1.507650314457580976e+02
-1.507493234824901265e+02
-1.507336155192221554e+02
-1.507179075559542127e+02
-1.507021995926862417e+02
-1.506864916294182990e+02
-1.506707836661503279e+02
-1.506550757028823853e+02
-1.506393677396144142e+02
-1.506236597763464715e+02
-1.506079518130785004e+02
-1.505922438498105578e+02
-1.505765358865425867e+02
-1.505608279232746440e+02
-1.505451199600066730e+02
-1.505294119967387303e+02
-1.505137040334707592e+02
-1.504979960702028166e+02
-1.504822881069348455e+02
-1.504665801436669028e+02
-1.504508721803989317e+02
-1.504351642171309891e+02
-1.504194562538630180e+02
-1.504037482905950753e+02
-1.503880403273271043e+02
-1.503723323640591616e+02
-1.503566244007911905e+02
-1.503409164375232479e+02
-1.503252084742552768e+02
-1.503095005109873341e+02
-1.502937925477193630e+02
-1.502780845844514204e+02
-1.502623766211834493e+02
-1.502466686579155066e+02
-1.502309606946475355e+02
-1.502152527313795929e+02
-1.501995447681116218e+02
-1.501838368048436791e+02
-1.501681288415757081e+02
-1.501524208783077654e+02
-1.501367129150397943e+02
-1.501210049517718517e+02
-1.501052969885038806e+02
-1.500895890252359379e+02
-1.500738810619679668e+02
-1.500581730987000242e+02
-1.500424651354320531e+02
-1.500267571721641104e+02
-1.500110492088961394e+02
-1.499953412456281967e+02
-1.499796332823602256e+02
-1.499639253190922830e+02
-1.499482173558243119e+02
-1.499325093925563692e+02
-1.499168014292883981e+02
-1.499010934660204555e+02
-1.498853855027524844e+02
-1.498696775394845417e+02
-1.498539695762165707e+02
-1.498382616129486280e+02
-1.498225536496806569e+02
-1.498068456864127143e+02
-1.497911377231447432e+02
-1.497754297598768005e+02
-1.497597217966088294e+02
-1.497440138333408868e+02
-1.497283058700729157e+02
-1.497125979068049730e+02
-1.496968899435370020e+02
-1.496811819802690593e+02
-1.496654740170010882e+02
-1.496497660537331456e+02
-1.496340580904651745e+02
-1.496183501271972318e+02
-1.496026421639292607e+02
-1.495869342006613181e+02
-1.495712262373933470e+02
-1.495555182741254043e+02
-1.495398103108574333e+02
-1.495241023475894906e+02
-1.495083943843215195e+02
-1.494926864210535769e+02
-1.494769784577856058e+02
-1.494612704945176631e+02
-1.494455625312496920e+02
-1.494298545679817494e+02
-1.494141466047137783e+02
-1.493984386414458356e+02
-1.493827306781778645e+02
-1.493670227149099219e+02
-1.493513147516419508e+02
-1.493356067883740081e+02
-1.493198988251060371e+02
-1.493041908618380944e+02
-1.492884828985701233e+02
-1.492727749353021807e+02
-1.492570669720342096e+02
-1.492413590087662669e+02
-1.492256510454982958e+02
-1.492099430822303532e+02
-1.491942351189623821e+02
-1.491785271556944394e+02
-1.491628191924264684e+02
-1.491471112291585257e+02
-1.491314032658905546e+02
-1.491156953026226120e+02
-1.490999873393546409e+02
-1.490842793760866982e+02
-1.490685714128187271e+02
-1.490528634495507845e+02
-1.490371554862828134e+02
-1.490214475230148423e+02
-1.490057395597468997e+02
-1.489900315964789286e+02
-1.489743236332109859e+02
-1.489586156699430148e+02
-1.489429077066750722e+02
-1.489271997434071011e+02
-1.489114917801391584e+02
-1.488957838168711874e+02
-1.488800758536032447e+02
-1.488643678903352736e+02
-1.488486599270673310e+02
-1.488329519637993599e+02
-1.488172440005314172e+02
-1.488015360372634461e+02
-1.487858280739955035e+02
-1.487701201107275324e+02
-1.487544121474595897e+02
-1.487387041841916187e+02
-1.487229962209236760e+02
-1.487072882576557049e+02
-1.486915802943877623e+02
-1.486758723311197912e+02
-1.486601643678518485e+02
-1.486444564045838774e+02
-1.486287484413159348e+02
-1.486130404780479637e+02
-1.485973325147800210e+02
-1.485816245515120499e+02
-1.485659165882441073e+02
-1.485502086249761362e+02
-1.485345006617081935e+02
-1.485187926984402225e+02
-1.485030847351722798e+02
-1.484873767719043087e+02
-1.484716688086363661e+02
-1.484559608453683950e+02
-1.484402528821004523e+02
-1.484245449188324812e+02
-1.484088369555645386e+02
-1.483931289922965675e+02
-1.483774210290286248e+02
-1.483617130657606538e+02
-1.483460051024927111e+02
-1.483302971392247400e+02
-1.483145891759567974e+02
-1.482988812126888263e+02
-1.482831732494208836e+02
-1.482674652861529125e+02
-1.482517573228849699e+02
-1.482360493596169988e+02
-1.482203413963490561e+02
-1.482046334330810851e+02
-1.481889254698131424e+02
-1.481732175065451713e+02
-1.481575095432772287e+02
-1.481418015800092576e+02
-1.481260936167413149e+02
-1.481103856534733438e+02
-1.480946776902054012e+02
-1.480789697269374301e+02
-1.480632617636694874e+02
-1.480475538004015164e+02
-1.480318458371335737e+02
-1.480161378738656026e+02
-1.480004299105976600e+02
-1.479847219473296889e+02
-1.479690139840617462e+02
-1.479533060207937751e+02
-1.479375980575258325e+02
-1.479218900942578614e+02
-1.479061821309899187e+02
-1.478904741677219477e+02
-1.478747662044540050e+02
-1.478590582411860339e+02
-1.478433502779180913e+02
-1.478276423146501202e+02
-1.478119343513821775e+02
-1.477962263881142064e+02
-1.477805184248462638e+02
-1.477648104615782927e+02
-1.477491024983103500e+02
-1.477333945350423789e+02
-1.477176865717744363e+02
-1.477019786085064652e+02
-1.476862706452385225e+02
-1.476705626819705515e+02
-1.476548547187026088e+02
-1.476391467554346377e+02
-1.476234387921666951e+02
-1.476077308288987240e+02
-1.475920228656307813e+02
-1.475763149023628102e+02
-1.475606069390948676e+02
-1.475448989758268965e+02
-1.475291910125589538e+02
-1.475134830492909828e+02
-1.474977750860230401e+02
-1.474820671227550690e+02
-1.474663591594871264e+02
-1.474506511962191553e+02
-1.474349432329512126e+02
-1.474192352696832415e+02
-1.474035273064152989e+02
-1.473878193431473278e+02
-1.473721113798793851e+02
-1.473564034166114141e+02
-1.473406954533434430e+02
-1.473249874900755003e+02
-1.473092795268075292e+02
-1.472935715635395866e+02
-1.472778636002716155e+02
-1.472621556370036728e+02
-1.472464476737357018e+02
-1.472307397104677591e+02
-1.472150317471997880e+02
-1.471993237839318454e+02
-1.471836158206638743e+02
-1.471679078573959316e+02
-1.471521998941279605e+02
-1.471364919308600179e+02
-1.471207839675920468e+02
-1.471050760043241041e+02
-1.470893680410561331e+02
-1.470736600777881904e+02
-1.470579521145202193e+02
-1.470422441512522767e+02
-1.470265361879843056e+02
-1.470108282247163629e+02
-1.469951202614483918e+02
-1.469794122981804492e+02
-1.469637043349124781e+02
-1.469479963716445354e+02
-1.469322884083765643e+02
-1.469165804451086217e+02
-1.469008724818406506e+02
-1.468851645185727079e+02
-1.468694565553047369e+02
-1.468537485920367942e+02
-1.468380406287688231e+02
-1.468223326655008805e+02
-1.468066247022329094e+02
-1.467909167389649667e+02
-1.467752087756969956e+02
-1.467595008124290530e+02
-1.467437928491610819e+02
-1.467280848858931392e+02
-1.467123769226251682e+02
-1.466966689593572255e+02
-1.466809609960892544e+02
-1.466652530328213118e+02
-1.466495450695533407e+02
-1.466338371062853980e+02
-1.466181291430174269e+02
-1.466024211797494843e+02
-1.465867132164815132e+02
-1.465710052532135705e+02
-1.465552972899455995e+02
-1.465395893266776568e+02
-1.465238813634096857e+02
-1.465081734001417431e+02
-1.464924654368737720e+02
-1.464767574736058293e+02
-1.464610495103378582e+02
-1.464453415470699156e+02
-1.464296335838019445e+02
-1.464139256205340018e+02
-1.463982176572660308e+02
-1.463825096939980881e+02
-1.463668017307301170e+02
-1.463510937674621744e+02
-1.463353858041942033e+02
-1.463196778409262606e+02
-1.463039698776582895e+02
-1.462882619143903469e+02
-1.462725539511223758e+02
-1.462568459878544331e+02
-1.462411380245864621e+02
-1.462254300613185194e+02
-1.462097220980505483e+02
-1.461940141347826057e+02
-1.461783061715146346e+02
-1.461625982082466919e+02
-1.461468902449787208e+02
-1.461311822817107782e+02
-1.461154743184428071e+02
-1.460997663551748644e+02
-1.460840583919068933e+02
-1.460683504286389507e+02
-1.460526424653709796e+02
-1.460369345021030369e+02
-1.460212265388350659e+02
-1.460055185755671232e+02
-1.459898106122991521e+02
-1.459741026490312095e+02
-1.459583946857632384e+02
-1.459426867224952957e+02
-1.459269787592273246e+02
-1.459112707959593820e+02
-1.458955628326914109e+02
-1.458798548694234682e+02
-1.458641469061554972e+02
-1.458484389428875545e+02
-1.458327309796195834e+02
-1.458170230163516408e+02
-1.458013150530836697e+02
-1.457856070898157270e+02
-1.457698991265477559e+02
-1.457541911632798133e+02
-1.457384832000118422e+02
-1.457227752367438995e+02
-1.457070672734759285e+02
-1.456913593102079858e+02
-1.456756513469400147e+02
-1.456599433836720721e+02
-1.456442354204041010e+02
-1.456285274571361299e+02
-1.456128194938681872e+02
-1.455971115306002162e+02
-1.455814035673322735e+02
-1.455656956040643024e+02
-1.455499876407963598e+02
-1.455342796775283887e+02
-1.455185717142604460e+02
-1.455028637509924749e+02
-1.454871557877245323e+02
-1.454714478244565612e+02
-1.454557398611886185e+02
-1.454400318979206475e+02
-1.454243239346527048e+02
-1.454086159713847337e+02
-1.453929080081167911e+02
-1.453772000448488200e+02
-1.453614920815808773e+02
-1.453457841183129062e+02
-1.453300761550449636e+02
-1.453143681917769925e+02
-1.452986602285090498e+02
-1.452829522652410787e+02
-1.452672443019731361e+02
-1.452515363387051650e+02
-1.452358283754372223e+02
-1.452201204121692513e+02
-1.452044124489013086e+02
-1.451887044856333375e+02
-1.451729965223653949e+02
-1.451572885590974238e+02
-1.451415805958294811e+02
-1.451258726325615100e+02
-1.451101646692935674e+02
-1.450944567060255963e+02
-1.450787487427576536e+02
-1.450630407794896826e+02
-1.450473328162217399e+02
-1.450316248529537688e+02
-1.450159168896858262e+02
-1.450002089264178551e+02
-1.449845009631499124e+02
-1.449687929998819413e+02
-1.449530850366139987e+02
-1.449373770733460276e+02
-1.449216691100780849e+02
-1.449059611468101139e+02
-1.448902531835421712e+02
-1.448745452202742001e+02
-1.448588372570062575e+02
-1.448431292937382864e+02
-1.448274213304703437e+02
-1.448117133672023726e+02
-1.447960054039344300e+02
-1.447802974406664589e+02
-1.447645894773985162e+02
-1.447488815141305452e+02
-1.447331735508626025e+02
-1.447174655875946314e+02
-1.447017576243266888e+02
-1.446860496610587177e+02
-1.446703416977907750e+02
-1.446546337345228039e+02
-1.446389257712548613e+02
-1.446232178079868902e+02
-1.446075098447189475e+02
-1.445918018814509765e+02
-1.445760939181830338e+02
-1.445603859549150627e+02
-1.445446779916471201e+02
-1.445289700283791490e+02
-1.445132620651112063e+02
-1.444975541018432352e+02
-1.444818461385752926e+02
-1.444661381753073215e+02
-1.444504302120393788e+02
-1.444347222487714077e+02
-1.444190142855034651e+02
-1.444033063222354940e+02
-1.443875983589675513e+02
-1.443718903956995803e+02
-1.443561824324316376e+02
-1.443404744691636665e+02
-1.443247665058957239e+02
-1.443090585426277528e+02
-1.442933505793598101e+02
-1.442776426160918390e+02
-1.442619346528238964e+02
-1.442462266895559253e+02
-1.442305187262879826e+02
-1.442148107630200116e+02
-1.441991027997520689e+02
-1.441833948364840978e+02
-1.441676868732161552e+02
-1.441519789099481841e+02
-1.441362709466802414e+02
-1.441205629834122703e+02
-1.441048550201443277e+02
-1.440891470568763566e+02
-1.440734390936084139e+02
-1.440577311303404429e+02
-1.440420231670725002e+02
-1.440263152038045291e+02
-1.440106072405365865e+02
-1.439948992772686154e+02
-1.439791913140006727e+02
-1.439634833507327016e+02
-1.439477753874647306e+02
-1.439320674241967879e+02
-1.439163594609288168e+02
-1.439006514976608742e+02
-1.438849435343929031e+02
-1.438692355711249604e+02
-1.438535276078569893e+02
-1.438378196445890467e+02
-1.438221116813210756e+02
-1.438064037180531329e+02
-1.437906957547851619e+02
-1.437749877915172192e+02
-1.437592798282492481e+02
-1.437435718649813055e+02
-1.437278639017133344e+02
-1.437121559384453917e+02
-1.436964479751774206e+02
-1.436807400119094780e+02
-1.436650320486415069e+02
-1.436493240853735642e+02
-1.436336161221055931e+02
-1.436179081588376505e+02
-1.436022001955696794e+02
-1.435864922323017367e+02
-1.435707842690337657e+02
-1.435550763057658230e+02
-1.435393683424978519e+02
-1.435236603792299093e+02
-1.435079524159619382e+02
-1.434922444526939955e+02
-1.434765364894260244e+02
-1.434608285261580818e+02
-1.434451205628901107e+02
-1.434294125996221680e+02
-1.434137046363541970e+02
-1.433979966730862543e+02
-1.433822887098182832e+02
-1.433665807465503406e+02
-1.433508727832823695e+02
-1.433351648200144268e+02
-1.433194568567464557e+02
-1.433037488934785131e+02
-1.432880409302105420e+02
-1.432723329669425993e+02
-1.432566250036746283e+02
-1.432409170404066856e+02
-1.432252090771387145e+02
-1.432095011138707719e+02
-1.431937931506028008e+02
-1.431780851873348581e+02
-1.431623772240668870e+02
-1.431466692607989444e+02
-1.431309612975309733e+02
-1.431152533342630306e+02
-1.430995453709950596e+02
-1.430838374077271169e+02
-1.430681294444591458e+02
-1.430524214811912032e+02
-1.430367135179232321e+02
-1.430210055546552894e+02
-1.430052975913873183e+02
-1.429895896281193757e+02
-1.429738816648514046e+02
-1.429581737015834619e+02
-1.429424657383154909e+02
-1.429267577750475482e+02
-1.429110498117795771e+02
-1.428953418485116345e+02
-1.428796338852436634e+02
-1.428639259219757207e+02
-1.428482179587077496e+02
-1.428325099954398070e+02
-1.428168020321718359e+02
-1.428010940689038932e+02
-1.427853861056359221e+02
-1.427696781423679795e+02
-1.427539701791000084e+02
-1.427382622158320657e+02
-1.427225542525640947e+02
-1.427068462892961520e+02
-1.426911383260281809e+02
-1.426754303627602383e+02
-1.426597223994922672e+02
-1.426440144362243245e+02
-1.426283064729563534e+02
-1.426125985096884108e+02
-1.425968905464204397e+02
-1.425811825831524970e+02
-1.425654746198845260e+02
-1.425497666566165833e+02
-1.425340586933486122e+02
-1.425183507300806696e+02
-1.425026427668126985e+02
-1.424869348035447558e+02
-1.424712268402767847e+02
-1.424555188770088421e+02
-1.424398109137408710e+02
-1.424241029504729283e+02
-1.424083949872049573e+02
-1.423926870239370146e+02
-1.423769790606690435e+02
-1.423612710974011009e+02
-1.423455631341331298e+02
-1.423298551708651871e+02
-1.423141472075972160e+02
-1.422984392443292734e+02
-1.422827312810613023e+02
-1.422670233177933596e+02
-1.422513153545253886e+02
-1.422356073912574175e+02
-1.422198994279894748e+02
-1.422041914647215037e+02
-1.421884835014535611e+02
-1.421727755381855900e+02
-1.421570675749176473e+02
-1.421413596116496763e+02
-1.421256516483817336e+02
-1.421099436851137625e+02
-1.420942357218458199e+02
-1.420785277585778488e+02
-1.420628197953099061e+02
-1.420471118320419350e+02
-1.420314038687739924e+02
-1.420156959055060213e+02
-1.419999879422380786e+02
-1.419842799789701075e+02
-1.419685720157021649e+02
-1.419528640524341938e+02
-1.419371560891662511e+02
-1.419214481258982801e+02
-1.419057401626303374e+02
-1.418900321993623663e+02
-1.418743242360944237e+02
-1.418586162728264526e+02
-1.418429083095585099e+02
-1.418272003462905388e+02
-1.418114923830225962e+02
-1.417957844197546251e+02
-1.417800764564866824e+02
-1.417643684932187114e+02
-1.417486605299507687e+02
-1.417329525666827976e+02
-1.417172446034148550e+02
-1.417015366401468839e+02
-1.416858286768789412e+02
-1.416701207136109701e+02
-1.416544127503430275e+02
-1.416387047870750564e+02
-1.416229968238071137e+02
-1.416072888605391427e+02
-1.415915808972712000e+02
-1.415758729340032289e+02
-1.415601649707352863e+02
-1.415444570074673152e+02
-1.415287490441993725e+02
-1.415130410809314014e+02
-1.414973331176634588e+02
-1.414816251543954877e+02
-1.414659171911275450e+02
-1.414502092278595740e+02
-1.414345012645916313e+02
-1.414187933013236602e+02
-1.414030853380557176e+02
-1.413873773747877465e+02
-1.413716694115198038e+02
-1.413559614482518327e+02
-1.413402534849838901e+02
-1.413245455217159190e+02
-1.413088375584479763e+02
-1.412931295951800053e+02
-1.412774216319120626e+02
-1.412617136686440915e+02
-1.412460057053761489e+02
-1.412302977421081778e+02
-1.412145897788402351e+02
-1.411988818155722640e+02
-1.411831738523043214e+02
-1.411674658890363503e+02
-1.411517579257684076e+02
-1.411360499625004365e+02
-1.411203419992324939e+02
-1.411046340359645228e+02
-1.410889260726965801e+02
-1.410732181094286091e+02
-1.410575101461606664e+02
-1.410418021828926953e+02
-1.410260942196247527e+02
-1.410103862563567816e+02
-1.409946782930888389e+02
-1.409789703298208678e+02
-1.409632623665529252e+02
-1.409475544032849541e+02
-1.409318464400170114e+02
-1.409161384767490404e+02
-1.409004305134810977e+02
-1.408847225502131266e+02
-1.408690145869451840e+02
-1.408533066236772129e+02
-1.408375986604092702e+02
-1.408218906971412991e+02
-1.408061827338733565e+02
-1.407904747706053854e+02
-1.407747668073374427e+02
-1.407590588440694717e+02
-1.407433508808015290e+02
-1.407276429175335579e+02
-1.407119349542656153e+02
-1.406962269909976442e+02
-1.406805190277297015e+02
-1.406648110644617304e+02
-1.406491031011937878e+02
-1.406333951379258167e+02
-1.406176871746578740e+02
-1.406019792113899030e+02
-1.405862712481219603e+02
-1.405705632848539892e+02
-1.405548553215860466e+02
-1.405391473583180755e+02
-1.405234393950501044e+02
-1.405077314317821617e+02
-1.404920234685141907e+02
-1.404763155052462480e+02
-1.404606075419782769e+02
-1.404448995787103343e+02
-1.404291916154423632e+02
-1.404134836521744205e+02
-1.403977756889064494e+02
-1.403820677256385068e+02
-1.403663597623705357e+02
-1.403506517991025930e+02
-1.403349438358346220e+02
-1.403192358725666793e+02
-1.403035279092987082e+02
-1.402878199460307655e+02
-1.402721119827627945e+02
-1.402564040194948518e+02
-1.402406960562268807e+02
-1.402249880929589381e+02
-1.402092801296909670e+02
-1.401935721664230243e+02
-1.401778642031550532e+02
-1.401621562398871106e+02
-1.401464482766191395e+02
-1.401307403133511968e+02
-1.401150323500832258e+02
-1.400993243868152831e+02
-1.400836164235473120e+02
-1.400679084602793694e+02
-1.400522004970113983e+02
-1.400364925337434556e+02
-1.400207845704754845e+02
-1.400050766072075419e+02
-1.399893686439395708e+02
-1.399736606806716281e+02
-1.399579527174036571e+02
-1.399422447541357144e+02
-1.399265367908677433e+02
-1.399108288275998007e+02
-1.398951208643318296e+02
-1.398794129010638869e+02
-1.398637049377959158e+02
-1.398479969745279732e+02
-1.398322890112600021e+02
-1.398165810479920594e+02
-1.398008730847240884e+02
-1.397851651214561457e+02
-1.397694571581881746e+02
-1.397537491949202320e+02
-1.397380412316522609e+02
-1.397223332683843182e+02
-1.397066253051163471e+02
-1.396909173418484045e+02
-1.396752093785804334e+02
-1.396595014153124907e+02
-1.396437934520445197e+02
-1.396280854887765770e+02
-1.396123775255086059e+02
-1.395966695622406633e+02
-1.395809615989726922e+02
-1.395652536357047495e+02
-1.395495456724367784e+02
-1.395338377091688358e+02
-1.395181297459008647e+02
-1.395024217826329220e+02
-1.394867138193649510e+02
-1.394710058560970083e+02
-1.394552978928290372e+02
-1.394395899295610946e+02
-1.394238819662931235e+02
-1.394081740030251808e+02
-1.393924660397572097e+02
-1.393767580764892671e+02
-1.393610501132212960e+02
-1.393453421499533533e+02
-1.393296341866853822e+02
-1.393139262234174396e+02
-1.392982182601494685e+02
-1.392825102968815258e+02
-1.392668023336135548e+02
-1.392510943703456121e+02
-1.392353864070776410e+02
-1.392196784438096984e+02
-1.392039704805417273e+02
-1.391882625172737846e+02
-1.391725545540058135e+02
-1.391568465907378709e+02
-1.391411386274698998e+02
-1.391254306642019571e+02
-1.391097227009339861e+02
-1.390940147376660434e+02
-1.390783067743980723e+02
-1.390625988111301297e+02
-1.390468908478621586e+02
-1.390311828845942159e+02
-1.390154749213262448e+02
-1.389997669580583022e+02
-1.389840589947903311e+02
-1.389683510315223884e+02
-1.389526430682544174e+02
-1.389369351049864747e+02
-1.389212271417185036e+02
-1.389055191784505610e+02
-1.388898112151825899e+02
-1.388741032519146472e+02
-1.388583952886466761e+02
-1.388426873253787051e+02
-1.388269793621107624e+02
-1.388112713988427913e+02
-1.387955634355748487e+02
-1.387798554723068776e+02
-1.387641475090389349e+02
-1.387484395457709638e+02
-1.387327315825030212e+02
-1.387170236192350501e+02
-1.387013156559671074e+02
-1.386856076926991364e+02
-1.386698997294311937e+02
-1.386541917661632226e+02
-1.386384838028952800e+02
-1.386227758396273089e+02
-1.386070678763593662e+02
-1.385913599130913951e+02
-1.385756519498234525e+02
-1.385599439865554814e+02
-1.385442360232875387e+02
-1.385285280600195676e+02
-1.385128200967516250e+02
-1.384971121334836539e+02
-1.384814041702157112e+02
-1.384656962069477402e+02
-1.384499882436797975e+02
-1.384342802804118264e+02
-1.384185723171438838e+02
-1.384028643538759127e+02
-1.383871563906079700e+02
-1.383714484273399989e+02
-1.383557404640720563e+02
-1.383400325008040852e+02
-1.383243245375361425e+02
-1.383086165742681715e+02
-1.382929086110002288e+02
-1.382772006477322577e+02
-1.382614926844643151e+02
-1.382457847211963440e+02
-1.382300767579284013e+02
-1.382143687946604302e+02
-1.381986608313924876e+02
-1.381829528681245165e+02
-1.381672449048565738e+02
-1.381515369415886028e+02
-1.381358289783206601e+02
-1.381201210150526890e+02
-1.381044130517847464e+02
-1.380887050885167753e+02
-1.380729971252488326e+02
-1.380572891619808615e+02
-1.380415811987129189e+02
-1.380258732354449478e+02
-1.380101652721770051e+02
-1.379944573089090341e+02
-1.379787493456410914e+02
-1.379630413823731203e+02
-1.379473334191051777e+02
-1.379316254558372066e+02
-1.379159174925692639e+02
-1.379002095293012928e+02
-1.378845015660333502e+02
-1.378687936027653791e+02
-1.378530856394974364e+02
-1.378373776762294654e+02
-1.378216697129615227e+02
-1.378059617496935516e+02
-1.377902537864256090e+02
-1.377745458231576379e+02
-1.377588378598896952e+02
-1.377431298966217241e+02
-1.377274219333537815e+02
-1.377117139700858104e+02
-1.376960060068178677e+02
-1.376802980435498966e+02
-1.376645900802819540e+02
-1.376488821170139829e+02
-1.376331741537460402e+02
-1.376174661904780692e+02
-1.376017582272101265e+02
-1.375860502639421554e+02
-1.375703423006742128e+02
-1.375546343374062417e+02
-1.375389263741382990e+02
-1.375232184108703279e+02
-1.375075104476023853e+02
-1.374918024843344142e+02
-1.374760945210664715e+02
-1.374603865577985005e+02
-1.374446785945305578e+02
-1.374289706312625867e+02
-1.374132626679946441e+02
-1.373975547047266730e+02
-1.373818467414587303e+02
-1.373661387781907592e+02
-1.373504308149228166e+02
-1.373347228516548455e+02
-1.373190148883869028e+02
-1.373033069251189318e+02
-1.372875989618509891e+02
-1.372718909985830180e+02
-1.372561830353150754e+02
-1.372404750720471043e+02
-1.372247671087791616e+02
-1.372090591455111905e+02
-1.371933511822432479e+02
-1.371776432189752768e+02
-1.371619352557073341e+02
-1.371462272924393631e+02
-1.371305193291713920e+02
-1.371148113659034493e+02
-1.370991034026354782e+02
-1.370833954393675356e+02
-1.370676874760995645e+02
-1.370519795128316218e+02
-1.370362715495636508e+02
-1.370205635862957081e+02
-1.370048556230277370e+02
-1.369891476597597944e+02
-1.369734396964918233e+02
-1.369577317332238806e+02
-1.369420237699559095e+02
-1.369263158066879669e+02
-1.369106078434199958e+02
-1.368948998801520531e+02
-1.368791919168840820e+02
-1.368634839536161394e+02
-1.368477759903481683e+02
-1.368320680270802256e+02
-1.368163600638122546e+02
-1.368006521005443119e+02
-1.367849441372763408e+02
-1.367692361740083982e+02
-1.367535282107404271e+02
-1.367378202474724844e+02
-1.367221122842045133e+02
-1.367064043209365707e+02
-1.366906963576685996e+02
-1.366749883944006569e+02
-1.366592804311326859e+02
-1.366435724678647432e+02
-1.366278645045967721e+02
-1.366121565413288295e+02
-1.365964485780608584e+02
-1.365807406147929157e+02
-1.365650326515249446e+02
-1.365493246882570020e+02
-1.365336167249890309e+02
-1.365179087617210882e+02
-1.365022007984531172e+02
-1.364864928351851745e+02
-1.364707848719172034e+02
-1.364550769086492608e+02
-1.364393689453812897e+02
-1.364236609821133470e+02
-1.364079530188453759e+02
-1.363922450555774333e+02
-1.363765370923094622e+02
-1.363608291290415195e+02
-1.363451211657735485e+02
-1.363294132025056058e+02
-1.363137052392376347e+02
-1.362979972759696921e+02
-1.362822893127017210e+02
-1.362665813494337783e+02
-1.362508733861658072e+02
-1.362351654228978646e+02
-1.362194574596298935e+02
-1.362037494963619508e+02
-1.361880415330939798e+02
-1.361723335698260371e+02
-1.361566256065580660e+02
-1.361409176432901234e+02
-1.361252096800221523e+02
-1.361095017167542096e+02
-1.360937937534862385e+02
-1.360780857902182959e+02
-1.360623778269503248e+02
-1.360466698636823821e+02
-1.360309619004144110e+02
-1.360152539371464684e+02
-1.359995459738784973e+02
-1.359838380106105546e+02
-1.359681300473425836e+02
-1.359524220840746409e+02
-1.359367141208066698e+02
-1.359210061575387272e+02
-1.359052981942707561e+02
-1.358895902310028134e+02
-1.358738822677348423e+02
-1.358581743044668997e+02
-1.358424663411989286e+02
-1.358267583779309859e+02
-1.358110504146630149e+02
-1.357953424513950722e+02
-1.357796344881271011e+02
-1.357639265248591585e+02
-1.357482185615911874e+02
-1.357325105983232447e+02
-1.357168026350552736e+02
-1.357010946717873310e+02
-1.356853867085193599e+02
-1.356696787452514172e+02
-1.356539707819834462e+02
-1.356382628187155035e+02
-1.356225548554475324e+02
-1.356068468921795898e+02
-1.355911389289116187e+02
-1.355754309656436760e+02
-1.355597230023757049e+02
-1.355440150391077623e+02
-1.355283070758397912e+02
-1.355125991125718485e+02
-1.354968911493038775e+02
-1.354811831860359348e+02
-1.354654752227679637e+02
-1.354497672595000211e+02
-1.354340592962320500e+02
-1.354183513329640789e+02
-1.354026433696961362e+02
-1.353869354064281652e+02
-1.353712274431602225e+02
-1.353555194798922514e+02
-1.353398115166243088e+02
-1.353241035533563377e+02
-1.353083955900883950e+02
-1.352926876268204239e+02
-1.352769796635524813e+02
-1.352612717002845102e+02
-1.352455637370165675e+02
-1.352298557737485964e+02
-1.352141478104806538e+02
-1.351984398472126827e+02
-1.351827318839447400e+02
-1.351670239206767690e+02
-1.351513159574088263e+02
-1.351356079941408552e+02
-1.351199000308729126e+02
-1.351041920676049415e+02
-1.350884841043369988e+02
-1.350727761410690277e+02
-1.350570681778010851e+02
-1.350413602145331140e+02
-1.350256522512651713e+02
-1.350099442879972003e+02
-1.349942363247292576e+02
-1.349785283614612865e+02
-1.349628203981933439e+02
-1.349471124349253728e+02
-1.349314044716574301e+02
-1.349156965083894590e+02
-1.348999885451215164e+02
-1.348842805818535453e+02
-1.348685726185856026e+02
-1.348528646553176316e+02
-1.348371566920496889e+02
-1.348214487287817178e+02
-1.348057407655137752e+02
-1.347900328022458041e+02
-1.347743248389778614e+02
-1.347586168757098903e+02
-1.347429089124419477e+02
-1.347272009491739766e+02
-1.347114929859060339e+02
-1.346957850226380629e+02
-1.346800770593701202e+02
-1.346643690961021491e+02
-1.346486611328342065e+02
-1.346329531695662354e+02
-1.346172452062982927e+02
-1.346015372430303216e+02
-1.345858292797623790e+02
-1.345701213164944079e+02
-1.345544133532264652e+02
-1.345387053899584942e+02
-1.345229974266905515e+02
-1.345072894634225804e+02
-1.344915815001546378e+02
-1.344758735368866667e+02
-1.344601655736187240e+02
-1.344444576103507529e+02
-1.344287496470828103e+02
-1.344130416838148392e+02
-1.343973337205468965e+02
-1.343816257572789254e+02
-1.343659177940109828e+02
-1.343502098307430117e+02
-1.343345018674750690e+02
-1.343187939042070980e+02
-1.343030859409391553e+02
-1.342873779776711842e+02
-1.342716700144032416e+02
-1.342559620511352705e+02
-1.342402540878673278e+02
-1.342245461245993567e+02
-1.342088381613314141e+02
-1.341931301980634430e+02
-1.341774222347955003e+02
-1.341617142715275293e+02
-1.341460063082595866e+02
-1.341302983449916155e+02
-1.341145903817236729e+02
-1.340988824184557018e+02
-1.340831744551877591e+02
-1.340674664919197880e+02
-1.340517585286518454e+02
-1.340360505653838743e+02
-1.340203426021159316e+02
-1.340046346388479606e+02
-1.339889266755800179e+02
-1.339732187123120468e+02
-1.339575107490441042e+02
-1.339418027857761331e+02
-1.339260948225081904e+02
-1.339103868592402193e+02
-1.338946788959722767e+02
-1.338789709327043056e+02
-1.338632629694363629e+02
-1.338475550061683919e+02
-1.338318470429004492e+02
-1.338161390796324781e+02
-1.338004311163645355e+02
-1.337847231530965644e+02
-1.337690151898286217e+02
-1.337533072265606506e+02
-1.337375992632926796e+02
-1.337218913000247369e+02
-1.337061833367567658e+02
-1.336904753734888232e+02
-1.336747674102208521e+02
-1.336590594469529094e+02
-1.336433514836849383e+02
-1.336276435204169957e+02
-1.336119355571490246e+02
-1.335962275938810819e+02
-1.335805196306131108e+02
-1.335648116673451682e+02
-1.335491037040771971e+02
-1.335333957408092544e+02
-1.335176877775412834e+02
-1.335019798142733407e+02
-1.334862718510053696e+02
-1.334705638877374270e+02
-1.334548559244694559e+02
-1.334391479612015132e+02
-1.334234399979335421e+02
-1.334077320346655995e+02
-1.333920240713976284e+02
-1.333763161081296857e+02
-1.333606081448617147e+02
-1.333449001815937720e+02
-1.333291922183258009e+02
-1.333134842550578583e+02
-1.332977762917898872e+02
-1.332820683285219445e+02
-1.332663603652539734e+02
-1.332506524019860308e+02
-1.332349444387180597e+02
-1.332192364754501170e+02
-1.332035285121821460e+02
-1.331878205489142033e+02
-1.331721125856462322e+02
-1.331564046223782896e+02
-1.331406966591103185e+02
-1.331249886958423758e+02
-1.331092807325744047e+02
-1.330935727693064621e+02
-1.330778648060384910e+02
-1.330621568427705483e+02
-1.330464488795025773e+02
-1.330307409162346346e+02
-1.330150329529666635e+02
-1.329993249896987209e+02
-1.329836170264307498e+02
-1.329679090631628071e+02
-1.329522010998948360e+02
-1.329364931366268934e+02
-1.329207851733589223e+02
-1.329050772100909796e+02
-1.328893692468230086e+02
-1.328736612835550659e+02
-1.328579533202870948e+02
-1.328422453570191522e+02
-1.328265373937511811e+02
-1.328108294304832384e+02
-1.327951214672152673e+02
-1.327794135039473247e+02
-1.327637055406793536e+02
-1.327479975774114109e+02
-1.327322896141434398e+02
-1.327165816508754972e+02
-1.327008736876075261e+02
-1.326851657243395834e+02
-1.326694577610716124e+02
-1.326537497978036697e+02
-1.326380418345356986e+02
-1.326223338712677560e+02
-1.326066259079997849e+02
-1.325909179447318422e+02
-1.325752099814638711e+02
-1.325595020181959285e+02
-1.325437940549279574e+02
-1.325280860916600147e+02
-1.325123781283920437e+02
-1.324966701651241010e+02
-1.324809622018561299e+02
-1.324652542385881873e+02
-1.324495462753202162e+02
-1.324338383120522735e+02
-1.324181303487843024e+02
-1.324024223855163598e+02
-1.323867144222483887e+02
-1.323710064589804460e+02
-1.323552984957124750e+02
-1.323395905324445323e+02
-1.323238825691765612e+02
-1.323081746059086186e+02
-1.322924666426406475e+02
-1.322767586793727048e+02
-1.322610507161047337e+02
-1.322453427528367911e+02
-1.322296347895688200e+02
-1.322139268263008773e+02
-1.321982188630329063e+02
-1.321825108997649636e+02
-1.321668029364969925e+02
-1.321510949732290499e+02
-1.321353870099610788e+02
-1.321196790466931361e+02
-1.321039710834251650e+02
-1.320882631201572224e+02
-1.320725551568892513e+02
-1.320568471936213086e+02
-1.320411392303533376e+02
-1.320254312670853665e+02
-1.320097233038174238e+02
-1.319940153405494527e+02
-1.319783073772815101e+02
-1.319625994140135390e+02
-1.319468914507455963e+02
-1.319311834874776252e+02
-1.319154755242096826e+02
-1.318997675609417115e+02
-1.318840595976737688e+02
-1.318683516344057978e+02
-1.318526436711378551e+02
-1.318369357078698840e+02
-1.318212277446019414e+02
-1.318055197813339703e+02
-1.317898118180660276e+02
-1.317741038547980565e+02
-1.317583958915301139e+02
-1.317426879282621428e+02
-1.317269799649942001e+02
-1.317112720017262291e+02
-1.316955640384582864e+02
-1.316798560751903153e+02
-1.316641481119223727e+02
-1.316484401486544016e+02
-1.316327321853864589e+02
-1.316170242221184878e+02
-1.316013162588505452e+02
-1.315856082955825741e+02
-1.315699003323146314e+02
-1.315541923690466604e+02
-1.315384844057787177e+02
-1.315227764425107466e+02
-1.315070684792428040e+02
-1.314913605159748329e+02
-1.314756525527068902e+02
-1.314599445894389191e+02
-1.314442366261709765e+02
-1.314285286629030054e+02
-1.314128206996350627e+02
-1.313971127363670917e+02
-1.313814047730991490e+02
-1.313656968098311779e+02
-1.313499888465632353e+02
-1.313342808832952642e+02
-1.313185729200273215e+02
-1.313028649567593504e+02
-1.312871569934914078e+02
-1.312714490302234367e+02
-1.312557410669554940e+02
-1.312400331036875230e+02
-1.312243251404195803e+02
-1.312086171771516092e+02
-1.311929092138836666e+02
-1.311772012506156955e+02
-1.311614932873477528e+02
-1.311457853240797817e+02
-1.311300773608118391e+02
-1.311143693975438680e+02
-1.310986614342759253e+02
-1.310829534710079542e+02
-1.310672455077400116e+02
-1.310515375444720405e+02
-1.310358295812040978e+02
-1.310201216179361268e+02
-1.310044136546681841e+02
-1.309887056914002130e+02
-1.309729977281322704e+02
-1.309572897648642993e+02
-1.309415818015963566e+02
-1.309258738383283855e+02
-1.309101658750604429e+02
-1.308944579117924718e+02
-1.308787499485245291e+02
-1.308630419852565581e+02
-1.308473340219886154e+02
-1.308316260587206443e+02
-1.308159180954527017e+02
-1.308002101321847306e+02
-1.307845021689167879e+02
-1.307687942056488168e+02
-1.307530862423808742e+02
-1.307373782791129031e+02
-1.307216703158449604e+02
-1.307059623525769894e+02
-1.306902543893090467e+02
-1.306745464260410756e+02
-1.306588384627731330e+02
-1.306431304995051619e+02
-1.306274225362372192e+02
-1.306117145729692481e+02
-1.305960066097013055e+02
-1.305802986464333344e+02
-1.305645906831653917e+02
-1.305488827198974207e+02
-1.305331747566294780e+02
-1.305174667933615069e+02
-1.305017588300935643e+02
-1.304860508668255932e+02
-1.304703429035576505e+02
-1.304546349402896794e+02
-1.304389269770217368e+02
-1.304232190137537657e+02
-1.304075110504858230e+02
-1.303918030872178520e+02
-1.303760951239499093e+02
-1.303603871606819382e+02
-1.303446791974139956e+02
-1.303289712341460245e+02
-1.303132632708780534e+02
-1.302975553076101107e+02
-1.302818473443421396e+02
-1.302661393810741970e+02
-1.302504314178062259e+02
-1.302347234545382832e+02
-1.302190154912703122e+02
-1.302033075280023695e+02
-1.301875995647343984e+02
-1.301718916014664558e+02
-1.301561836381984847e+02
-1.301404756749305420e+02
-1.301247677116625709e+02
-1.301090597483946283e+02
-1.300933517851266572e+02
-1.300776438218587145e+02
-1.300619358585907435e+02
-1.300462278953228008e+02
-1.300305199320548297e+02
-1.300148119687868871e+02
-1.299991040055189160e+02
-1.299833960422509733e+02
-1.299676880789830022e+02
-1.299519801157150596e+02
-1.299362721524470885e+02
-1.299205641891791458e+02
-1.299048562259111748e+02
-1.298891482626432321e+02
-1.298734402993752610e+02
-1.298577323361073184e+02
-1.298420243728393473e+02
-1.298263164095714046e+02
-1.298106084463034335e+02
-1.297949004830354909e+02
-1.297791925197675198e+02
-1.297634845564995771e+02
-1.297477765932316061e+02
-1.297320686299636634e+02
-1.297163606666956923e+02
-1.297006527034277497e+02
-1.296849447401597786e+02
-1.296692367768918359e+02
-1.296535288136238648e+02
-1.296378208503559222e+02
-1.296221128870879511e+02
-1.296064049238200084e+02
-1.295906969605520374e+02
-1.295749889972840947e+02
-1.295592810340161236e+02
-1.295435730707481810e+02
-1.295278651074802099e+02
-1.295121571442122672e+02
-1.294964491809442961e+02
-1.294807412176763535e+02
-1.294650332544083824e+02
-1.294493252911404397e+02
-1.294336173278724686e+02
-1.294179093646045260e+02
-1.294022014013365549e+02
-1.293864934380686122e+02
-1.293707854748006412e+02
-1.293550775115326985e+02
-1.293393695482647274e+02
-1.293236615849967848e+02
-1.293079536217288137e+02
-1.292922456584608710e+02
-1.292765376951928999e+02
-1.292608297319249573e+02
-1.292451217686569862e+02
-1.292294138053890435e+02
-1.292137058421210725e+02
-1.291979978788531298e+02
-1.291822899155851587e+02
-1.291665819523172161e+02
-1.291508739890492450e+02
-1.291351660257813023e+02
-1.291194580625133312e+02
-1.291037500992453886e+02
-1.290880421359774175e+02
-1.290723341727094748e+02
-1.290566262094415038e+02
-1.290409182461735611e+02
-1.290252102829055900e+02
-1.290095023196376474e+02
-1.289937943563696763e+02
-1.289780863931017336e+02
-1.289623784298337625e+02
-1.289466704665658199e+02
-1.289309625032978488e+02
-1.289152545400299061e+02
-1.288995465767619351e+02
-1.288838386134939924e+02
-1.288681306502260213e+02
-1.288524226869580787e+02
-1.288367147236901076e+02
-1.288210067604221649e+02
-1.288052987971541938e+02
-1.287895908338862512e+02
-1.287738828706182801e+02
-1.287581749073503374e+02
-1.287424669440823664e+02
-1.287267589808144237e+02
-1.287110510175464526e+02
-1.286953430542785100e+02
-1.286796350910105389e+02
-1.286639271277425962e+02
-1.286482191644746251e+02
-1.286325112012066541e+02
-1.286168032379387114e+02
-1.286010952746707403e+02
-1.285853873114027976e+02
-1.285696793481348266e+02
-1.285539713848668839e+02
-1.285382634215989128e+02
-1.285225554583309702e+02
-1.285068474950629991e+02
-1.284911395317950564e+02
-1.284754315685270853e+02
-1.284597236052591427e+02
-1.284440156419911716e+02
-1.284283076787232289e+02
-1.284125997154552579e+02
-1.283968917521873152e+02
-1.283811837889193441e+02
-1.283654758256514015e+02
-1.283497678623834304e+02
-1.283340598991154877e+02
-1.283183519358475166e+02
-1.283026439725795740e+02
-1.282869360093116029e+02
-1.282712280460436602e+02
-1.282555200827756892e+02
-1.282398121195077465e+02
-1.282241041562397754e+02
-1.282083961929718328e+02
-1.281926882297038617e+02
-1.281769802664359190e+02
-1.281612723031679479e+02
-1.281455643399000053e+02
-1.281298563766320342e+02
-1.281141484133640915e+02
-1.280984404500961205e+02
-1.280827324868281778e+02
-1.280670245235602067e+02
-1.280513165602922641e+02
-1.280356085970242930e+02
-1.280199006337563503e+02
-1.280041926704883792e+02
-1.279884847072204366e+02
-1.279727767439524797e+02
-1.279570687806845228e+02
-1.279413608174165660e+02
-1.279256528541486091e+02
-1.279099448908806522e+02
-1.278942369276126954e+02
-1.278785289643447385e+02
-1.278628210010767816e+02
-1.278471130378088247e+02
-1.278314050745408679e+02
-1.278156971112729110e+02
-1.277999891480049541e+02
-1.277842811847369831e+02
-1.277685732214690262e+02
-1.277528652582010693e+02
-1.277371572949331124e+02
-1.277214493316651556e+02
-1.277057413683971987e+02
-1.276900334051292418e+02
-1.276743254418612850e+02
-1.276586174785933281e+02
-1.276429095153253712e+02
-1.276272015520574143e+02
-1.276114935887894575e+02
-1.275957856255215006e+02
-1.275800776622535437e+02
-1.275643696989855869e+02
-1.275486617357176300e+02
-1.275329537724496731e+02
-1.275172458091817163e+02
-1.275015378459137594e+02
-1.274858298826458025e+02
-1.274701219193778456e+02
-1.274544139561098888e+02
-1.274387059928419319e+02
-1.274229980295739750e+02
-1.274072900663060182e+02
-1.273915821030380613e+02
-1.273758741397701044e+02
-1.273601661765021476e+02
-1.273444582132341907e+02
-1.273287502499662338e+02
-1.273130422866982769e+02
-1.272973343234303201e+02
-1.272816263601623632e+02
-1.272659183968944063e+02
-1.272502104336264495e+02
-1.272345024703584926e+02
-1.272187945070905357e+02
-1.272030865438225788e+02
-1.271873785805546220e+02
-1.271716706172866651e+02
-1.271559626540187082e+02
-1.271402546907507514e+02
-1.271245467274827945e+02
-1.271088387642148376e+02
-1.270931308009468808e+02
-1.270774228376789239e+02
-1.270617148744109670e+02
-1.270460069111430101e+02
-1.270302989478750533e+02
-1.270145909846070964e+02
-1.269988830213391395e+02
-1.269831750580711827e+02
-1.269674670948032258e+02
-1.269517591315352689e+02
-1.269360511682673121e+02
-1.269203432049993552e+02
-1.269046352417313983e+02
-1.268889272784634414e+02
-1.268732193151954846e+02
-1.268575113519275277e+02
-1.268418033886595708e+02
-1.268260954253916140e+02
-1.268103874621236571e+02
-1.267946794988557002e+02
-1.267789715355877433e+02
-1.267632635723197865e+02
-1.267475556090518296e+02
-1.267318476457838727e+02
-1.267161396825159159e+02
-1.267004317192479590e+02
-1.266847237559800021e+02
-1.266690157927120453e+02
-1.266533078294440884e+02
-1.266375998661761315e+02
-1.266218919029081746e+02
-1.266061839396402178e+02
-1.265904759763722609e+02
-1.265747680131043040e+02
-1.265590600498363472e+02
-1.265433520865683903e+02
-1.265276441233004334e+02
-1.265119361600324766e+02
-1.264962281967645197e+02
-1.264805202334965628e+02
-1.264648122702286059e+02
-1.264491043069606491e+02
-1.264333963436926922e+02
-1.264176883804247353e+02
-1.264019804171567785e+02
-1.263862724538888216e+02
-1.263705644906208647e+02
-1.263548565273529078e+02
-1.263391485640849510e+02
-1.263234406008169941e+02
-1.263077326375490372e+02
-1.262920246742810804e+02
-1.262763167110131235e+02
-1.262606087477451666e+02
-1.262449007844772098e+02
-1.262291928212092529e+02
-1.262134848579412960e+02
-1.261977768946733391e+02
-1.261820689314053823e+02
-1.261663609681374254e+02
-1.261506530048694685e+02
-1.261349450416015117e+02
-1.261192370783335548e+02
-1.261035291150655979e+02
-1.260878211517976268e+02
-1.260721131885296700e+02
-1.260564052252617131e+02
-1.260406972619937562e+02
-1.260249892987257994e+02
-1.260092813354578425e+02
-1.259935733721898856e+02
-1.259778654089219287e+02
-1.259621574456539719e+02
-1.259464494823860150e+02
-1.259307415191180581e+02
-1.259150335558501013e+02
-1.258993255925821444e+02
-1.258836176293141875e+02
-1.258679096660462307e+02
-1.258522017027782738e+02
-1.258364937395103169e+02
-1.258207857762423600e+02
-1.258050778129744032e+02
-1.257893698497064463e+02
-1.257736618864384894e+02
-1.257579539231705326e+02
-1.257422459599025757e+02
-1.257265379966346188e+02
-1.257108300333666620e+02
-1.256951220700987051e+02
-1.256794141068307482e+02
-1.256637061435627913e+02
-1.256479981802948345e+02
-1.256322902170268776e+02
-1.256165822537589207e+02
-1.256008742904909639e+02
-1.255851663272230070e+02
-1.255694583639550501e+02
-1.255537504006870932e+02
-1.255380424374191364e+02
-1.255223344741511795e+02
-1.255066265108832226e+02
-1.254909185476152658e+02
-1.254752105843473089e+02
-1.254595026210793520e+02
-1.254437946578113952e+02
-1.254280866945434383e+02
-1.254123787312754814e+02
-1.253966707680075245e+02
-1.253809628047395677e+02
-1.253652548414716108e+02
-1.253495468782036539e+02
-1.253338389149356971e+02
-1.253181309516677402e+02
-1.253024229883997833e+02
-1.252867150251318265e+02
-1.252710070618638696e+02
-1.252552990985959127e+02
-1.252395911353279558e+02
-1.252238831720599990e+02
-1.252081752087920421e+02
-1.251924672455240852e+02
-1.251767592822561284e+02
-1.251610513189881715e+02
-1.251453433557202146e+02
-1.251296353924522577e+02
-1.251139274291843009e+02
-1.250982194659163440e+02
-1.250825115026483871e+02
-1.250668035393804303e+02
-1.250510955761124734e+02
-1.250353876128445165e+02
-1.250196796495765597e+02
-1.250039716863086028e+02
-1.249882637230406459e+02
-1.249725557597726890e+02
-1.249568477965047322e+02
-1.249411398332367753e+02
-1.249254318699688184e+02
-1.249097239067008616e+02
-1.248940159434329047e+02
-1.248783079801649478e+02
-1.248626000168969910e+02
-1.248468920536290341e+02
-1.248311840903610772e+02
-1.248154761270931203e+02
-1.247997681638251635e+02
-1.247840602005572066e+02
-1.247683522372892497e+02
-1.247526442740212929e+02
-1.247369363107533360e+02
-1.247212283474853791e+02
-1.247055203842174222e+02
-1.246898124209494654e+02
-1.246741044576815085e+02
-1.246583964944135516e+02
-1.246426885311455948e+02
-1.246269805678776379e+02
-1.246112726046096810e+02
-1.245955646413417242e+02
-1.245798566780737673e+02
-1.245641487148058104e+02
-1.245484407515378535e+02
-1.245327327882698967e+02
-1.245170248250019398e+02
-1.245013168617339829e+02
-1.244856088984660261e+02
-1.244699009351980692e+02
-1.244541929719301123e+02
-1.244384850086621555e+02
-1.244227770453941986e+02
-1.244070690821262417e+02
-1.243913611188582706e+02
-1.243756531555903138e+02
-1.243599451923223569e+02
-1.243442372290544000e+02
-1.243285292657864431e+02
-1.243128213025184863e+02
-1.242971133392505294e+02
-1.242814053759825725e+02
-1.242656974127146157e+02
-1.242499894494466588e+02
-1.242342814861787019e+02
-1.242185735229107451e+02
-1.242028655596427882e+02
-1.241871575963748313e+02
-1.241714496331068744e+02
-1.241557416698389176e+02
-1.241400337065709607e+02
-1.241243257433030038e+02
-1.241086177800350470e+02
-1.240929098167670901e+02
-1.240772018534991332e+02
-1.240614938902311764e+02
-1.240457859269632195e+02
-1.240300779636952626e+02
-1.240143700004273057e+02
-1.239986620371593489e+02
-1.239829540738913920e+02
-1.239672461106234351e+02
-1.239515381473554783e+02
-1.239358301840875214e+02
-1.239201222208195645e+02
-1.239044142575516076e+02
-1.238887062942836508e+02
-1.238729983310156939e+02
-1.238572903677477370e+02
-1.238415824044797802e+02
-1.238258744412118233e+02
-1.238101664779438664e+02
-1.237944585146759096e+02
-1.237787505514079527e+02
-1.237630425881399958e+02
-1.237473346248720389e+02
-1.237316266616040821e+02
-1.237159186983361252e+02
-1.237002107350681683e+02
-1.236845027718002115e+02
-1.236687948085322546e+02
-1.236530868452642977e+02
-1.236373788819963409e+02
-1.236216709187283840e+02
-1.236059629554604271e+02
-1.235902549921924702e+02
-1.235745470289245134e+02
-1.235588390656565565e+02
-1.235431311023885996e+02
-1.235274231391206428e+02
-1.235117151758526859e+02
-1.234960072125847290e+02
-1.234802992493167721e+02
-1.234645912860488153e+02
-1.234488833227808584e+02
-1.234331753595129015e+02
-1.234174673962449447e+02
-1.234017594329769878e+02
-1.233860514697090309e+02
-1.233703435064410741e+02
-1.233546355431731172e+02
-1.233389275799051603e+02
-1.233232196166372034e+02
-1.233075116533692466e+02
-1.232918036901012897e+02
-1.232760957268333328e+02
-1.232603877635653760e+02
-1.232446798002974191e+02
-1.232289718370294622e+02
-1.232132638737615054e+02
-1.231975559104935485e+02
-1.231818479472255916e+02
-1.231661399839576347e+02
-1.231504320206896779e+02
-1.231347240574217210e+02
-1.231190160941537641e+02
-1.231033081308858073e+02
-1.230876001676178504e+02
-1.230718922043498935e+02
-1.230561842410819366e+02
-1.230404762778139798e+02
-1.230247683145460229e+02
-1.230090603512780660e+02
-1.229933523880101092e+02
-1.229776444247421523e+02
-1.229619364614741954e+02
-1.229462284982062386e+02
-1.229305205349382817e+02
-1.229148125716703248e+02
-1.228991046084023679e+02
-1.228833966451344111e+02
-1.228676886818664542e+02
-1.228519807185984973e+02
-1.228362727553305405e+02
-1.228205647920625836e+02
-1.228048568287946267e+02
-1.227891488655266699e+02
-1.227734409022587130e+02
-1.227577329389907561e+02
-1.227420249757227992e+02
-1.227263170124548424e+02
-1.227106090491868855e+02
-1.226949010859189286e+02
-1.226791931226509575e+02
-1.226634851593830007e+02
-1.226477771961150438e+02
-1.226320692328470869e+02
-1.226163612695791301e+02
-1.226006533063111732e+02
-1.225849453430432163e+02
-1.225692373797752595e+02
-1.225535294165073026e+02
-1.225378214532393457e+02
-1.225221134899713888e+02
-1.225064055267034320e+02
-1.224906975634354751e+02
-1.224749896001675182e+02
-1.224592816368995614e+02
-1.224435736736316045e+02
-1.224278657103636476e+02
-1.224121577470956908e+02
-1.223964497838277339e+02
-1.223807418205597770e+02
-1.223650338572918201e+02
-1.223493258940238633e+02
-1.223336179307559064e+02
-1.223179099674879495e+02
-1.223022020042199927e+02
-1.222864940409520358e+02
-1.222707860776840789e+02
-1.222550781144161220e+02
-1.222393701511481652e+02
-1.222236621878802083e+02
-1.222079542246122514e+02
-1.221922462613442946e+02
-1.221765382980763377e+02
-1.221608303348083808e+02
-1.221451223715404240e+02
-1.221294144082724671e+02
-1.221137064450045102e+02
-1.220979984817365533e+02
-1.220822905184685965e+02
-1.220665825552006396e+02
-1.220508745919326827e+02
-1.220351666286647259e+02
-1.220194586653967690e+02
-1.220037507021288121e+02
-1.219880427388608553e+02
-1.219723347755928984e+02
-1.219566268123249415e+02
-1.219409188490569846e+02
-1.219252108857890278e+02
-1.219095029225210709e+02
-1.218937949592531140e+02
-1.218780869959851572e+02
-1.218623790327172003e+02
-1.218466710694492434e+02
-1.218309631061812865e+02
-1.218152551429133297e+02
-1.217995471796453728e+02
-1.217838392163774159e+02
-1.217681312531094591e+02
-1.217524232898415022e+02
-1.217367153265735453e+02
-1.217210073633055885e+02
-1.217052994000376316e+02
-1.216895914367696747e+02
-1.216738834735017178e+02
-1.216581755102337610e+02
-1.216424675469658041e+02
-1.216267595836978472e+02
-1.216110516204298904e+02
-1.215953436571619335e+02
-1.215796356938939766e+02
-1.215639277306260198e+02
-1.215482197673580629e+02
-1.215325118040901060e+02
-1.215168038408221491e+02
-1.215010958775541923e+02
-1.214853879142862354e+02
-1.214696799510182785e+02
-1.214539719877503217e+02
-1.214382640244823648e+02
-1.214225560612144079e+02
-1.214068480979464510e+02
-1.213911401346784942e+02
-1.213754321714105373e+02
-1.213597242081425804e+02
-1.213440162448746236e+02
-1.213283082816066667e+02
-1.213126003183387098e+02
-1.212968923550707530e+02
-1.212811843918027961e+02
-1.212654764285348392e+02
-1.212497684652668823e+02
-1.212340605019989255e+02
-1.212183525387309686e+02
-1.212026445754630117e+02
-1.211869366121950549e+02
-1.211712286489270980e+02
-1.211555206856591411e+02
-1.211398127223911843e+02
-1.211241047591232274e+02
-1.211083967958552705e+02
-1.210926888325873136e+02
-1.210769808693193568e+02
-1.210612729060513999e+02
-1.210455649427834430e+02
-1.210298569795154862e+02
-1.210141490162475293e+02
-1.209984410529795724e+02
-1.209827330897116013e+02
-1.209670251264436445e+02
-1.209513171631756876e+02
-1.209356091999077307e+02
-1.209199012366397739e+02
-1.209041932733718170e+02
-1.208884853101038601e+02
-1.208727773468359032e+02
-1.208570693835679464e+02
-1.208413614202999895e+02
-1.208256534570320326e+02
-1.208099454937640758e+02
-1.207942375304961189e+02
-1.207785295672281620e+02
-1.207628216039602052e+02
-1.207471136406922483e+02
-1.207314056774242914e+02
-1.207156977141563345e+02
-1.206999897508883777e+02
-1.206842817876204208e+02
-1.206685738243524639e+02
-1.206528658610845071e+02
-1.206371578978165502e+02
-1.206214499345485933e+02
-1.206057419712806364e+02
-1.205900340080126796e+02
-1.205743260447447227e+02
-1.205586180814767658e+02
-1.205429101182088090e+02
-1.205272021549408521e+02
-1.205114941916728952e+02
-1.204957862284049384e+02
-1.204800782651369815e+02
-1.204643703018690246e+02
-1.204486623386010677e+02
-1.204329543753331109e+02
-1.204172464120651540e+02
-1.204015384487971971e+02
-1.203858304855292403e+02
-1.203701225222612834e+02
-1.203544145589933265e+02
-1.203387065957253697e+02
-1.203229986324574128e+02
-1.203072906691894559e+02
-1.202915827059214990e+02
-1.202758747426535422e+02
-1.202601667793855853e+02
-1.202444588161176284e+02
-1.202287508528496716e+02
-1.202130428895817147e+02
-1.201973349263137578e+02
-1.201816269630458009e+02
-1.201659189997778441e+02
-1.201502110365098872e+02
-1.201345030732419303e+02
-1.201187951099739735e+02
-1.201030871467060166e+02
-1.200873791834380597e+02
-1.200716712201701029e+02
-1.200559632569021460e+02
-1.200402552936341891e+02
-1.200245473303662322e+02
-1.200088393670982754e+02
-1.199931314038303185e+02
-1.199774234405623616e+02
-1.199617154772944048e+02
-1.199460075140264479e+02
-1.199302995507584910e+02
-1.199145915874905342e+02
-1.198988836242225773e+02
-1.198831756609546204e+02
-1.198674676976866635e+02
-1.198517597344187067e+02
-1.198360517711507498e+02
-1.198203438078827929e+02
-1.198046358446148361e+02
-1.197889278813468792e+02
-1.197732199180789223e+02
-1.197575119548109654e+02
-1.197418039915430086e+02
-1.197260960282750517e+02
-1.197103880650070948e+02
-1.196946801017391380e+02
-1.196789721384711811e+02
-1.196632641752032242e+02
-1.196475562119352674e+02
-1.196318482486673105e+02
-1.196161402853993536e+02
-1.196004323221313967e+02
-1.195847243588634399e+02
-1.195690163955954830e+02
-1.195533084323275261e+02
-1.195376004690595693e+02
-1.195218925057916124e+02
-1.195061845425236555e+02
-1.194904765792556987e+02
-1.194747686159877418e+02
-1.194590606527197849e+02
-1.194433526894518280e+02
-1.194276447261838712e+02
-1.194119367629159143e+02
-1.193962287996479574e+02
-1.193805208363800006e+02
-1.193648128731120437e+02
-1.193491049098440868e+02
-1.193333969465761299e+02
-1.193176889833081731e+02
-1.193019810200402162e+02
-1.192862730567722451e+02
-1.192705650935042883e+02
-1.192548571302363314e+02
-1.192391491669683745e+02
-1.192234412037004176e+02
-1.192077332404324608e+02
-1.191920252771645039e+02
-1.191763173138965470e+02
-1.191606093506285902e+02
-1.191449013873606333e+02
-1.191291934240926764e+02
-1.191134854608247196e+02
-1.190977774975567627e+02
-1.190820695342888058e+02
-1.190663615710208489e+02
-1.190506536077528921e+02
-1.190349456444849352e+02
-1.190192376812169783e+02
-1.190035297179490215e+02
-1.189878217546810646e+02
-1.189721137914131077e+02
-1.189564058281451508e+02
-1.189406978648771940e+02
-1.189249899016092371e+02
-1.189092819383412802e+02
-1.188935739750733234e+02
-1.188778660118053665e+02
-1.188621580485374096e+02
-1.188464500852694528e+02
-1.188307421220014959e+02
-1.188150341587335390e+02
-1.187993261954655821e+02
-1.187836182321976253e+02
-1.187679102689296684e+02
-1.187522023056617115e+02
-1.187364943423937547e+02
-1.187207863791257978e+02
-1.187050784158578409e+02
-1.186893704525898841e+02
-1.186736624893219272e+02
-1.186579545260539703e+02
-1.186422465627860134e+02
-1.186265385995180566e+02
-1.186108306362500997e+02
-1.185951226729821428e+02
-1.185794147097141860e+02
-1.185637067464462291e+02
-1.185479987831782722e+02
-1.185322908199103153e+02
-1.185165828566423585e+02
-1.185008748933744016e+02
-1.184851669301064447e+02
-1.184694589668384879e+02
-1.184537510035705310e+02
-1.184380430403025741e+02
-1.184223350770346173e+02
-1.184066271137666604e+02
-1.183909191504987035e+02
-1.183752111872307466e+02
-1.183595032239627898e+02
-1.183437952606948329e+02
-1.183280872974268760e+02
-1.183123793341589192e+02
-1.182966713708909623e+02
-1.182809634076230054e+02
-1.182652554443550486e+02
-1.182495474810870917e+02
-1.182338395178191348e+02
-1.182181315545511779e+02
-1.182024235912832211e+02
-1.181867156280152642e+02
-1.181710076647473073e+02
-1.181552997014793505e+02
-1.181395917382113936e+02
-1.181238837749434367e+02
-1.181081758116754798e+02
-1.180924678484075230e+02
-1.180767598851395661e+02
-1.180610519218716092e+02
-1.180453439586036524e+02
-1.180296359953356955e+02
-1.180139280320677386e+02
-1.179982200687997818e+02
-1.179825121055318249e+02
-1.179668041422638680e+02
-1.179510961789959111e+02
-1.179353882157279543e+02
-1.179196802524599974e+02
-1.179039722891920405e+02
-1.178882643259240837e+02
-1.178725563626561268e+02
-1.178568483993881699e+02
-1.178411404361202131e+02
-1.178254324728522562e+02
-1.178097245095842993e+02
-1.177940165463163424e+02
-1.177783085830483856e+02
-1.177626006197804287e+02
-1.177468926565124718e+02
-1.177311846932445150e+02
-1.177154767299765581e+02
-1.176997687667086012e+02
-1.176840608034406443e+02
-1.176683528401726875e+02
-1.176526448769047306e+02
-1.176369369136367737e+02
-1.176212289503688169e+02
-1.176055209871008600e+02
-1.175898130238329031e+02
-1.175741050605649320e+02
-1.175583970972969752e+02
-1.175426891340290183e+02
-1.175269811707610614e+02
-1.175112732074931046e+02
-1.174955652442251477e+02
-1.174798572809571908e+02
-1.174641493176892340e+02
-1.174484413544212771e+02
-1.174327333911533202e+02
-1.174170254278853633e+02
-1.174013174646174065e+02
-1.173856095013494496e+02
-1.173699015380814927e+02
-1.173541935748135359e+02
-1.173384856115455790e+02
-1.173227776482776221e+02
-1.173070696850096652e+02
-1.172913617217417084e+02
-1.172756537584737515e+02
-1.172599457952057946e+02
-1.172442378319378378e+02
-1.172285298686698809e+02
-1.172128219054019240e+02
-1.171971139421339672e+02
-1.171814059788660103e+02
-1.171656980155980534e+02
-1.171499900523300965e+02
-1.171342820890621397e+02
-1.171185741257941828e+02
-1.171028661625262259e+02
-1.170871581992582691e+02
-1.170714502359903122e+02
-1.170557422727223553e+02
-1.170400343094543985e+02
-1.170243263461864416e+02
-1.170086183829184847e+02
-1.169929104196505278e+02
-1.169772024563825710e+02
-1.169614944931146141e+02
-1.169457865298466572e+02
-1.169300785665787004e+02
-1.169143706033107435e+02
-1.168986626400427866e+02
-1.168829546767748297e+02
-1.168672467135068729e+02
-1.168515387502389160e+02
-1.168358307869709591e+02
-1.168201228237030023e+02
-1.168044148604350454e+02
-1.167887068971670885e+02
-1.167729989338991317e+02
-1.167572909706311748e+02
-1.167415830073632179e+02
-1.167258750440952610e+02
-1.167101670808273042e+02
-1.166944591175593473e+02
-1.166787511542913904e+02
-1.166630431910234336e+02
-1.166473352277554767e+02
-1.166316272644875198e+02
-1.166159193012195630e+02
-1.166002113379516061e+02
-1.165845033746836492e+02
-1.165687954114156923e+02
-1.165530874481477355e+02
-1.165373794848797786e+02
-1.165216715216118217e+02
-1.165059635583438649e+02
-1.164902555950759080e+02
-1.164745476318079511e+02
-1.164588396685399942e+02
-1.164431317052720374e+02
-1.164274237420040805e+02
-1.164117157787361236e+02
-1.163960078154681668e+02
-1.163802998522002099e+02
-1.163645918889322530e+02
-1.163488839256642962e+02
-1.163331759623963393e+02
-1.163174679991283824e+02
-1.163017600358604255e+02
-1.162860520725924687e+02
-1.162703441093245118e+02
-1.162546361460565549e+02
-1.162389281827885981e+02
-1.162232202195206412e+02
-1.162075122562526843e+02
-1.161918042929847275e+02
-1.161760963297167706e+02
-1.161603883664488137e+02
-1.161446804031808568e+02
-1.161289724399129000e+02
-1.161132644766449431e+02
-1.160975565133769862e+02
-1.160818485501090294e+02
-1.160661405868410725e+02
-1.160504326235731156e+02
-1.160347246603051587e+02
-1.160190166970372019e+02
-1.160033087337692450e+02
-1.159876007705012881e+02
-1.159718928072333313e+02
-1.159561848439653744e+02
-1.159404768806974175e+02
-1.159247689174294607e+02
-1.159090609541615038e+02
-1.158933529908935469e+02
-1.158776450276255758e+02
-1.158619370643576190e+02
-1.158462291010896621e+02
-1.158305211378217052e+02
-1.158148131745537484e+02
-1.157991052112857915e+02
-1.157833972480178346e+02
-1.157676892847498777e+02
-1.157519813214819209e+02
-1.157362733582139640e+02
-1.157205653949460071e+02
-1.157048574316780503e+02
-1.156891494684100934e+02
-1.156734415051421365e+02
-1.156577335418741797e+02
-1.156420255786062228e+02
-1.156263176153382659e+02
-1.156106096520703090e+02
-1.155949016888023522e+02
-1.155791937255343953e+02
-1.155634857622664384e+02
-1.155477777989984816e+02
-1.155320698357305247e+02
-1.155163618724625678e+02
-1.155006539091946109e+02
-1.154849459459266541e+02
-1.154692379826586972e+02
-1.154535300193907403e+02
-1.154378220561227835e+02
-1.154221140928548266e+02
-1.154064061295868697e+02
-1.153906981663189129e+02
-1.153749902030509560e+02
-1.153592822397829991e+02
-1.153435742765150422e+02
-1.153278663132470854e+02
-1.153121583499791285e+02
-1.152964503867111716e+02
-1.152807424234432148e+02
-1.152650344601752579e+02
-1.152493264969073010e+02
-1.152336185336393442e+02
-1.152179105703713873e+02
-1.152022026071034304e+02
-1.151864946438354735e+02
-1.151707866805675167e+02
-1.151550787172995598e+02
-1.151393707540316029e+02
-1.151236627907636461e+02
-1.151079548274956892e+02
-1.150922468642277323e+02
-1.150765389009597754e+02
-1.150608309376918186e+02
-1.150451229744238617e+02
-1.150294150111559048e+02
-1.150137070478879480e+02
-1.149979990846199911e+02
-1.149822911213520342e+02
-1.149665831580840774e+02
-1.149508751948161205e+02
-1.149351672315481636e+02
-1.149194592682802067e+02
-1.149037513050122499e+02
-1.148880433417442930e+02
-1.148723353784763361e+02
-1.148566274152083793e+02
-1.148409194519404224e+02
-1.148252114886724655e+02
-1.148095035254045087e+02
-1.147937955621365518e+02
-1.147780875988685949e+02
-1.147623796356006380e+02
-1.147466716723326812e+02
-1.147309637090647243e+02
-1.147152557457967674e+02
-1.146995477825288106e+02
-1.146838398192608537e+02
-1.146681318559928968e+02
-1.146524238927249399e+02
-1.146367159294569831e+02
-1.146210079661890262e+02
-1.146053000029210693e+02
-1.145895920396531125e+02
-1.145738840763851556e+02
-1.145581761131171987e+02
-1.145424681498492419e+02
-1.145267601865812850e+02
-1.145110522233133281e+02
-1.144953442600453712e+02
-1.144796362967774144e+02
-1.144639283335094575e+02
-1.144482203702415006e+02
-1.144325124069735438e+02
-1.144168044437055869e+02
-1.144010964804376300e+02
-1.143853885171696732e+02
-1.143696805539017163e+02
-1.143539725906337594e+02
-1.143382646273658025e+02
-1.143225566640978457e+02
-1.143068487008298888e+02
-1.142911407375619319e+02
-1.142754327742939751e+02
-1.142597248110260182e+02
-1.142440168477580613e+02
-1.142283088844901044e+02
-1.142126009212221476e+02
-1.141968929579541907e+02
-1.141811849946862196e+02
-1.141654770314182628e+02
-1.141497690681503059e+02
-1.141340611048823490e+02
-1.141183531416143921e+02
-1.141026451783464353e+02
-1.140869372150784784e+02
-1.140712292518105215e+02
-1.140555212885425647e+02
-1.140398133252746078e+02
-1.140241053620066509e+02
-1.140083973987386941e+02
-1.139926894354707372e+02
-1.139769814722027803e+02
-1.139612735089348234e+02
-1.139455655456668666e+02
-1.139298575823989097e+02
-1.139141496191309528e+02
-1.138984416558629960e+02
-1.138827336925950391e+02
-1.138670257293270822e+02
-1.138513177660591253e+02
-1.138356098027911685e+02
-1.138199018395232116e+02
-1.138041938762552547e+02
-1.137884859129872979e+02
-1.137727779497193410e+02
-1.137570699864513841e+02
-1.137413620231834273e+02
-1.137256540599154704e+02
-1.137099460966475135e+02
-1.136942381333795566e+02
-1.136785301701115998e+02
-1.136628222068436429e+02
-1.136471142435756860e+02
-1.136314062803077292e+02
-1.136156983170397723e+02
-1.135999903537718154e+02
-1.135842823905038586e+02
-1.135685744272359017e+02
-1.135528664639679448e+02
-1.135371585006999879e+02
-1.135214505374320311e+02
-1.135057425741640742e+02
-1.134900346108961173e+02
-1.134743266476281605e+02
-1.134586186843602036e+02
-1.134429107210922467e+02
-1.134272027578242898e+02
-1.134114947945563330e+02
-1.133957868312883761e+02
-1.133800788680204192e+02
-1.133643709047524624e+02
-1.133486629414845055e+02
-1.133329549782165486e+02
-1.133172470149485918e+02
-1.133015390516806349e+02
-1.132858310884126780e+02
-1.132701231251447211e+02
-1.132544151618767643e+02
-1.132387071986088074e+02
-1.132229992353408505e+02
-1.132072912720728937e+02
-1.131915833088049368e+02
-1.131758753455369799e+02
-1.131601673822690231e+02
-1.131444594190010662e+02
-1.131287514557331093e+02
-1.131130434924651524e+02
-1.130973355291971956e+02
-1.130816275659292387e+02
-1.130659196026612818e+02
-1.130502116393933250e+02
-1.130345036761253681e+02
-1.130187957128574112e+02
-1.130030877495894543e+02
-1.129873797863214975e+02
-1.129716718230535406e+02
-1.129559638597855837e+02
-1.129402558965176269e+02
-1.129245479332496700e+02
-1.129088399699817131e+02
-1.128931320067137563e+02
-1.128774240434457994e+02
-1.128617160801778425e+02
-1.128460081169098856e+02
-1.128303001536419288e+02
-1.128145921903739719e+02
-1.127988842271060150e+02
-1.127831762638380582e+02
-1.127674683005701013e+02
-1.127517603373021444e+02
-1.127360523740341876e+02
-1.127203444107662307e+02
-1.127046364474982738e+02
-1.126889284842303169e+02
-1.126732205209623601e+02
-1.126575125576944032e+02
-1.126418045944264463e+02
-1.126260966311584895e+02
-1.126103886678905326e+02
-1.125946807046225757e+02
-1.125789727413546188e+02
-1.125632647780866620e+02
-1.125475568148187051e+02
-1.125318488515507482e+02
-1.125161408882827914e+02
-1.125004329250148345e+02
-1.124847249617468634e+02
-1.124690169984789065e+02
-1.124533090352109497e+02
-1.124376010719429928e+02
-1.124218931086750359e+02
-1.124061851454070791e+02
-1.123904771821391222e+02
-1.123747692188711653e+02
-1.123590612556032085e+02
-1.123433532923352516e+02
-1.123276453290672947e+02
-1.123119373657993378e+02
-1.122962294025313810e+02
-1.122805214392634241e+02
-1.122648134759954672e+02
-1.122491055127275104e+02
-1.122333975494595535e+02
-1.122176895861915966e+02
-1.122019816229236397e+02
-1.121862736596556829e+02
-1.121705656963877260e+02
-1.121548577331197691e+02
-1.121391497698518123e+02
-1.121234418065838554e+02
-1.121077338433158985e+02
-1.120920258800479417e+02
-1.120763179167799848e+02
-1.120606099535120279e+02
-1.120449019902440710e+02
-1.120291940269761142e+02
-1.120134860637081573e+02
-1.119977781004402004e+02
-1.119820701371722436e+02
-1.119663621739042867e+02
-1.119506542106363298e+02
-1.119349462473683730e+02
-1.119192382841004161e+02
-1.119035303208324592e+02
-1.118878223575645023e+02
-1.118721143942965455e+02
-1.118564064310285886e+02
-1.118406984677606317e+02
-1.118249905044926749e+02
-1.118092825412247180e+02
-1.117935745779567611e+02
-1.117778666146888042e+02
-1.117621586514208474e+02
-1.117464506881528905e+02
-1.117307427248849336e+02
-1.117150347616169768e+02
-1.116993267983490199e+02
-1.116836188350810630e+02
-1.116679108718131062e+02
-1.116522029085451493e+02
-1.116364949452771924e+02
-1.116207869820092355e+02
-1.116050790187412787e+02
-1.115893710554733218e+02
-1.115736630922053649e+02
-1.115579551289374081e+02
-1.115422471656694512e+02
-1.115265392024014943e+02
-1.115108312391335375e+02
-1.114951232758655806e+02
-1.114794153125976237e+02
-1.114637073493296668e+02
-1.114479993860617100e+02
-1.114322914227937531e+02
-1.114165834595257962e+02
-1.114008754962578394e+02
-1.113851675329898825e+02
-1.113694595697219256e+02
-1.113537516064539687e+02
-1.113380436431860119e+02
-1.113223356799180550e+02
-1.113066277166500981e+02
-1.112909197533821413e+02
-1.112752117901141844e+02
-1.112595038268462275e+02
-1.112437958635782707e+02
-1.112280879003103138e+02
-1.112123799370423569e+02
-1.111966719737744000e+02
-1.111809640105064432e+02
-1.111652560472384863e+02
-1.111495480839705294e+02
-1.111338401207025726e+02
-1.111181321574346157e+02
-1.111024241941666588e+02
-1.110867162308987020e+02
-1.110710082676307451e+02
-1.110553003043627882e+02
-1.110395923410948313e+02
-1.110238843778268745e+02
-1.110081764145589176e+02
-1.109924684512909607e+02
-1.109767604880230039e+02
-1.109610525247550470e+02
-1.109453445614870901e+02
-1.109296365982191332e+02
-1.109139286349511764e+02
-1.108982206716832195e+02
-1.108825127084152626e+02
-1.108668047451473058e+02
-1.108510967818793489e+02
-1.108353888186113920e+02
-1.108196808553434352e+02
-1.108039728920754783e+02
-1.107882649288075214e+02
-1.107725569655395503e+02
-1.107568490022715935e+02
-1.107411410390036366e+02
-1.107254330757356797e+02
-1.107097251124677229e+02
-1.106940171491997660e+02
-1.106783091859318091e+02
-1.106626012226638522e+02
-1.106468932593958954e+02
-1.106311852961279385e+02
-1.106154773328599816e+02
-1.105997693695920248e+02
-1.105840614063240679e+02
-1.105683534430561110e+02
-1.105526454797881541e+02
-1.105369375165201973e+02
-1.105212295532522404e+02
-1.105055215899842835e+02
-1.104898136267163267e+02
-1.104741056634483698e+02
-1.104583977001804129e+02
-1.104426897369124561e+02
-1.104269817736444992e+02
-1.104112738103765423e+02
-1.103955658471085854e+02
-1.103798578838406286e+02
-1.103641499205726717e+02
-1.103484419573047148e+02
-1.103327339940367580e+02
-1.103170260307688011e+02
-1.103013180675008442e+02
-1.102856101042328874e+02
-1.102699021409649305e+02
-1.102541941776969736e+02
-1.102384862144290167e+02
-1.102227782511610599e+02
-1.102070702878931030e+02
-1.101913623246251461e+02
-1.101756543613571893e+02
-1.101599463980892324e+02
-1.101442384348212755e+02
-1.101285304715533186e+02
-1.101128225082853618e+02
-1.100971145450174049e+02
-1.100814065817494480e+02
-1.100656986184814912e+02
-1.100499906552135343e+02
-1.100342826919455774e+02
-1.100185747286776206e+02
-1.100028667654096637e+02
-1.099871588021417068e+02
-1.099714508388737499e+02
-1.099557428756057931e+02
-1.099400349123378362e+02
-1.099243269490698793e+02
-1.099086189858019225e+02
-1.098929110225339656e+02
-1.098772030592660087e+02
-1.098614950959980519e+02
-1.098457871327300950e+02
-1.098300791694621381e+02
-1.098143712061941812e+02
-1.097986632429262244e+02
-1.097829552796582675e+02
-1.097672473163903106e+02
-1.097515393531223538e+02
-1.097358313898543969e+02
-1.097201234265864400e+02
-1.097044154633184831e+02
-1.096887075000505263e+02
-1.096729995367825694e+02
-1.096572915735146125e+02
-1.096415836102466557e+02
-1.096258756469786988e+02
-1.096101676837107419e+02
-1.095944597204427851e+02
-1.095787517571748282e+02
-1.095630437939068713e+02
-1.095473358306389144e+02
-1.095316278673709576e+02
-1.095159199041030007e+02
-1.095002119408350438e+02
-1.094845039775670870e+02
-1.094687960142991301e+02
-1.094530880510311732e+02
-1.094373800877632164e+02
-1.094216721244952595e+02
-1.094059641612273026e+02
-1.093902561979593457e+02
-1.093745482346913889e+02
-1.093588402714234320e+02
-1.093431323081554751e+02
-1.093274243448875183e+02
-1.093117163816195614e+02
-1.092960084183516045e+02
-1.092803004550836476e+02
-1.092645924918156908e+02
-1.092488845285477339e+02
-1.092331765652797770e+02
-1.092174686020118202e+02
-1.092017606387438633e+02
-1.091860526754759064e+02
-1.091703447122079496e+02
-1.091546367489399927e+02
-1.091389287856720358e+02
-1.091232208224040789e+02
-1.091075128591361221e+02
-1.090918048958681652e+02
-1.090760969326001941e+02
-1.090603889693322373e+02
-1.090446810060642804e+02
-1.090289730427963235e+02
-1.090132650795283666e+02
-1.089975571162604098e+02
-1.089818491529924529e+02
-1.089661411897244960e+02
-1.089504332264565392e+02
-1.089347252631885823e+02
-1.089190172999206254e+02
-1.089033093366526685e+02
-1.088876013733847117e+02
-1.088718934101167548e+02
-1.088561854468487979e+02
-1.088404774835808411e+02
-1.088247695203128842e+02
-1.088090615570449273e+02
-1.087933535937769705e+02
-1.087776456305090136e+02
-1.087619376672410567e+02
-1.087462297039730998e+02
-1.087305217407051430e+02
-1.087148137774371861e+02
-1.086991058141692292e+02
-1.086833978509012724e+02
-1.086676898876333155e+02
-1.086519819243653586e+02
-1.086362739610974018e+02
-1.086205659978294449e+02
-1.086048580345614880e+02
-1.085891500712935311e+02
-1.085734421080255743e+02
-1.085577341447576174e+02
-1.085420261814896605e+02
-1.085263182182217037e+02
-1.085106102549537468e+02
-1.084949022916857899e+02
-1.084791943284178330e+02
-1.084634863651498762e+02
-1.084477784018819193e+02
-1.084320704386139624e+02
-1.084163624753460056e+02
-1.084006545120780487e+02
-1.083849465488100918e+02
-1.083692385855421350e+02
-1.083535306222741781e+02
-1.083378226590062212e+02
-1.083221146957382643e+02
-1.083064067324703075e+02
-1.082906987692023506e+02
-1.082749908059343937e+02
-1.082592828426664369e+02
-1.082435748793984800e+02
-1.082278669161305231e+02
-1.082121589528625663e+02
-1.081964509895946094e+02
-1.081807430263266525e+02
-1.081650350630586956e+02
-1.081493270997907388e+02
-1.081336191365227819e+02
-1.081179111732548250e+02
-1.081022032099868682e+02
-1.080864952467189113e+02
-1.080707872834509544e+02
-1.080550793201829975e+02
-1.080393713569150407e+02
-1.080236633936470838e+02
-1.080079554303791269e+02
-1.079922474671111701e+02
-1.079765395038432132e+02
-1.079608315405752563e+02
-1.079451235773072995e+02
-1.079294156140393426e+02
-1.079137076507713857e+02
-1.078979996875034288e+02
-1.078822917242354720e+02
-1.078665837609675151e+02
-1.078508757976995582e+02
-1.078351678344316014e+02
-1.078194598711636445e+02
-1.078037519078956876e+02
-1.077880439446277308e+02
-1.077723359813597739e+02
-1.077566280180918170e+02
-1.077409200548238601e+02
-1.077252120915559033e+02
-1.077095041282879464e+02
-1.076937961650199895e+02
-1.076780882017520327e+02
-1.076623802384840758e+02
-1.076466722752161189e+02
-1.076309643119481620e+02
-1.076152563486802052e+02
-1.075995483854122483e+02
-1.075838404221442914e+02
-1.075681324588763346e+02
-1.075524244956083777e+02
-1.075367165323404208e+02
-1.075210085690724640e+02
-1.075053006058045071e+02
-1.074895926425365502e+02
-1.074738846792685933e+02
-1.074581767160006365e+02
-1.074424687527326796e+02
-1.074267607894647227e+02
-1.074110528261967659e+02
-1.073953448629288090e+02
-1.073796368996608379e+02
-1.073639289363928810e+02
-1.073482209731249242e+02
-1.073325130098569673e+02
-1.073168050465890104e+02
-1.073010970833210536e+02
-1.072853891200530967e+02
-1.072696811567851398e+02
-1.072539731935171829e+02
-1.072382652302492261e+02
-1.072225572669812692e+02
-1.072068493037133123e+02
-1.071911413404453555e+02
-1.071754333771773986e+02
-1.071597254139094417e+02
-1.071440174506414849e+02
-1.071283094873735280e+02
-1.071126015241055711e+02
-1.070968935608376142e+02
-1.070811855975696574e+02
-1.070654776343017005e+02
-1.070497696710337436e+02
-1.070340617077657868e+02
-1.070183537444978299e+02
-1.070026457812298730e+02
-1.069869378179619162e+02
-1.069712298546939593e+02
-1.069555218914260024e+02
-1.069398139281580455e+02
-1.069241059648900887e+02
-1.069083980016221318e+02
-1.068926900383541749e+02
-1.068769820750862181e+02
-1.068612741118182612e+02
-1.068455661485503043e+02
-1.068298581852823474e+02
-1.068141502220143906e+02
-1.067984422587464337e+02
-1.067827342954784768e+02
-1.067670263322105200e+02
-1.067513183689425631e+02
-1.067356104056746062e+02
-1.067199024424066494e+02
-1.067041944791386925e+02
-1.066884865158707356e+02
-1.066727785526027787e+02
-1.066570705893348219e+02
-1.066413626260668650e+02
-1.066256546627989081e+02
-1.066099466995309513e+02
-1.065942387362629944e+02
-1.065785307729950375e+02
-1.065628228097270807e+02
-1.065471148464591238e+02
-1.065314068831911669e+02
-1.065156989199232100e+02
-1.064999909566552532e+02
-1.064842829933872963e+02
-1.064685750301193394e+02
-1.064528670668513826e+02
-1.064371591035834257e+02
-1.064214511403154688e+02
-1.064057431770475119e+02
-1.063900352137795551e+02
-1.063743272505115982e+02
-1.063586192872436413e+02
-1.063429113239756845e+02
-1.063272033607077276e+02
-1.063114953974397707e+02
-1.062957874341718139e+02
-1.062800794709038570e+02
-1.062643715076359001e+02
-1.062486635443679432e+02
-1.062329555810999864e+02
-1.062172476178320295e+02
-1.062015396545640726e+02
-1.061858316912961158e+02
-1.061701237280281589e+02
-1.061544157647602020e+02
-1.061387078014922452e+02
-1.061229998382242883e+02
-1.061072918749563314e+02
-1.060915839116883745e+02
-1.060758759484204177e+02
-1.060601679851524608e+02
-1.060444600218845039e+02
-1.060287520586165471e+02
-1.060130440953485902e+02
-1.059973361320806333e+02
-1.059816281688126764e+02
-1.059659202055447196e+02
-1.059502122422767627e+02
-1.059345042790088058e+02
-1.059187963157408490e+02
-1.059030883524728921e+02
-1.058873803892049352e+02
-1.058716724259369784e+02
-1.058559644626690215e+02
-1.058402564994010646e+02
-1.058245485361331077e+02
-1.058088405728651509e+02
-1.057931326095971940e+02
-1.057774246463292371e+02
-1.057617166830612803e+02
-1.057460087197933234e+02
-1.057303007565253665e+02
-1.057145927932574097e+02
-1.056988848299894528e+02
-1.056831768667214817e+02
-1.056674689034535248e+02
-1.056517609401855680e+02
-1.056360529769176111e+02
-1.056203450136496542e+02
-1.056046370503816973e+02
-1.055889290871137405e+02
-1.055732211238457836e+02
-1.055575131605778267e+02
-1.055418051973098699e+02
-1.055260972340419130e+02
-1.055103892707739561e+02
-1.054946813075059993e+02
-1.054789733442380424e+02
-1.054632653809700855e+02
-1.054475574177021286e+02
-1.054318494544341718e+02
-1.054161414911662149e+02
-1.054004335278982580e+02
-1.053847255646303012e+02
-1.053690176013623443e+02
-1.053533096380943874e+02
-1.053376016748264306e+02
-1.053218937115584737e+02
-1.053061857482905168e+02
-1.052904777850225599e+02
-1.052747698217546031e+02
-1.052590618584866462e+02
-1.052433538952186893e+02
-1.052276459319507325e+02
-1.052119379686827756e+02
-1.051962300054148187e+02
-1.051805220421468618e+02
-1.051648140788789050e+02
-1.051491061156109481e+02
-1.051333981523429912e+02
-1.051176901890750344e+02
-1.051019822258070775e+02
-1.050862742625391206e+02
-1.050705662992711638e+02
-1.050548583360032069e+02
-1.050391503727352500e+02
-1.050234424094672931e+02
-1.050077344461993363e+02
-1.049920264829313794e+02
-1.049763185196634225e+02
-1.049606105563954657e+02
-1.049449025931275088e+02
-1.049291946298595519e+02
-1.049134866665915951e+02
-1.048977787033236382e+02
-1.048820707400556813e+02
-1.048663627767877244e+02
-1.048506548135197676e+02
-1.048349468502518107e+02
-1.048192388869838538e+02
-1.048035309237158970e+02
-1.047878229604479401e+02
-1.047721149971799832e+02
-1.047564070339120263e+02
-1.047406990706440695e+02
-1.047249911073761126e+02
-1.047092831441081557e+02
-1.046935751808401989e+02
-1.046778672175722420e+02
-1.046621592543042851e+02
-1.046464512910363283e+02
-1.046307433277683714e+02
-1.046150353645004145e+02
-1.045993274012324576e+02
-1.045836194379645008e+02
-1.045679114746965439e+02
-1.045522035114285870e+02
-1.045364955481606302e+02
-1.045207875848926733e+02
-1.045050796216247164e+02
-1.044893716583567596e+02
-1.044736636950888027e+02
-1.044579557318208458e+02
-1.044422477685528889e+02
-1.044265398052849321e+02
-1.044108318420169752e+02
-1.043951238787490183e+02
-1.043794159154810615e+02
-1.043637079522131046e+02
-1.043479999889451477e+02
-1.043322920256771908e+02
-1.043165840624092340e+02
-1.043008760991412771e+02
-1.042851681358733202e+02
-1.042694601726053634e+02
-1.042537522093374065e+02
-1.042380442460694496e+02
-1.042223362828014928e+02
-1.042066283195335359e+02
-1.041909203562655790e+02
-1.041752123929976221e+02
-1.041595044297296653e+02
-1.041437964664617084e+02
-1.041280885031937515e+02
-1.041123805399257947e+02
-1.040966725766578378e+02
-1.040809646133898809e+02
-1.040652566501219241e+02
-1.040495486868539672e+02
-1.040338407235860103e+02
-1.040181327603180534e+02
-1.040024247970500966e+02
-1.039867168337821397e+02
-1.039710088705141686e+02
-1.039553009072462118e+02
-1.039395929439782549e+02
-1.039238849807102980e+02
-1.039081770174423411e+02
-1.038924690541743843e+02
-1.038767610909064274e+02
-1.038610531276384705e+02
-1.038453451643705137e+02
-1.038296372011025568e+02
-1.038139292378345999e+02
-1.037982212745666430e+02
-1.037825133112986862e+02
-1.037668053480307293e+02
-1.037510973847627724e+02
-1.037353894214948156e+02
-1.037196814582268587e+02
-1.037039734949589018e+02
-1.036882655316909450e+02
-1.036725575684229881e+02
-1.036568496051550312e+02
-1.036411416418870743e+02
-1.036254336786191175e+02
-1.036097257153511606e+02
-1.035940177520832037e+02
-1.035783097888152469e+02
-1.035626018255472900e+02
-1.035468938622793331e+02
-1.035311858990113763e+02
-1.035154779357434194e+02
-1.034997699724754625e+02
-1.034840620092075056e+02
-1.034683540459395488e+02
-1.034526460826715919e+02
-1.034369381194036350e+02
-1.034212301561356782e+02
-1.034055221928677213e+02
-1.033898142295997644e+02
-1.033741062663318075e+02
-1.033583983030638507e+02
-1.033426903397958938e+02
-1.033269823765279369e+02
-1.033112744132599801e+02
-1.032955664499920232e+02
-1.032798584867240663e+02
-1.032641505234561095e+02
-1.032484425601881526e+02
-1.032327345969201957e+02
-1.032170266336522388e+02
-1.032013186703842820e+02
-1.031856107071163251e+02
-1.031699027438483682e+02
-1.031541947805804114e+02
-1.031384868173124545e+02
-1.031227788540444976e+02
-1.031070708907765408e+02
-1.030913629275085839e+02
-1.030756549642406270e+02
-1.030599470009726701e+02
-1.030442390377047133e+02
-1.030285310744367564e+02
-1.030128231111687995e+02
-1.029971151479008427e+02
-1.029814071846328858e+02
-1.029656992213649289e+02
-1.029499912580969720e+02
-1.029342832948290152e+02
-1.029185753315610583e+02
-1.029028673682931014e+02
-1.028871594050251446e+02
-1.028714514417571877e+02
-1.028557434784892308e+02
-1.028400355152212740e+02
-1.028243275519533171e+02
-1.028086195886853602e+02
-1.027929116254174033e+02
-1.027772036621494465e+02
-1.027614956988814896e+02
-1.027457877356135327e+02
-1.027300797723455759e+02
-1.027143718090776190e+02
-1.026986638458096621e+02
-1.026829558825417053e+02
-1.026672479192737484e+02
-1.026515399560057915e+02
-1.026358319927378346e+02
-1.026201240294698778e+02
-1.026044160662019209e+02
-1.025887081029339640e+02
-1.025730001396660072e+02
-1.025572921763980503e+02
-1.025415842131300934e+02
-1.025258762498621365e+02
-1.025101682865941797e+02
-1.024944603233262228e+02
-1.024787523600582659e+02
-1.024630443967903091e+02
-1.024473364335223522e+02
-1.024316284702543953e+02
-1.024159205069864385e+02
-1.024002125437184816e+02
-1.023845045804505247e+02
-1.023687966171825678e+02
-1.023530886539146110e+02
-1.023373806906466541e+02
-1.023216727273786972e+02
-1.023059647641107404e+02
-1.022902568008427835e+02
-1.022745488375748124e+02
-1.022588408743068555e+02
-1.022431329110388987e+02
-1.022274249477709418e+02
-1.022117169845029849e+02
-1.021960090212350281e+02
-1.021803010579670712e+02
-1.021645930946991143e+02
-1.021488851314311574e+02
-1.021331771681632006e+02
-1.021174692048952437e+02
-1.021017612416272868e+02
-1.020860532783593300e+02
-1.020703453150913731e+02
-1.020546373518234162e+02
-1.020389293885554594e+02
-1.020232214252875025e+02
-1.020075134620195456e+02
-1.019918054987515887e+02
-1.019760975354836319e+02
-1.019603895722156750e+02
-1.019446816089477181e+02
-1.019289736456797613e+02
-1.019132656824118044e+02
-1.018975577191438475e+02
-1.018818497558758907e+02
-1.018661417926079338e+02
-1.018504338293399769e+02
-1.018347258660720200e+02
-1.018190179028040632e+02
-1.018033099395361063e+02
-1.017876019762681494e+02
-1.017718940130001926e+02
-1.017561860497322357e+02
-1.017404780864642788e+02
-1.017247701231963219e+02
-1.017090621599283651e+02
-1.016933541966604082e+02
-1.016776462333924513e+02
-1.016619382701244945e+02
-1.016462303068565376e+02
-1.016305223435885807e+02
-1.016148143803206239e+02
-1.015991064170526670e+02
-1.015833984537847101e+02
-1.015676904905167532e+02
-1.015519825272487964e+02
-1.015362745639808395e+02
-1.015205666007128826e+02
-1.015048586374449258e+02
-1.014891506741769689e+02
-1.014734427109090120e+02
-1.014577347476410552e+02
-1.014420267843730983e+02
-1.014263188211051414e+02
-1.014106108578371845e+02
-1.013949028945692277e+02
-1.013791949313012708e+02
-1.013634869680333139e+02
-1.013477790047653571e+02
-1.013320710414974002e+02
-1.013163630782294433e+02
-1.013006551149614864e+02
-1.012849471516935296e+02
-1.012692391884255727e+02
-1.012535312251576158e+02
-1.012378232618896590e+02
-1.012221152986217021e+02
-1.012064073353537452e+02
-1.011906993720857884e+02
-1.011749914088178315e+02
-1.011592834455498746e+02
-1.011435754822819177e+02
-1.011278675190139609e+02
-1.011121595557460040e+02
-1.010964515924780471e+02
-1.010807436292100903e+02
-1.010650356659421334e+02
-1.010493277026741765e+02
-1.010336197394062197e+02
-1.010179117761382628e+02
-1.010022038128703059e+02
-1.009864958496023490e+02
-1.009707878863343922e+02
-1.009550799230664353e+02
-1.009393719597984784e+02
-1.009236639965305216e+02
-1.009079560332625647e+02
-1.008922480699946078e+02
-1.008765401067266509e+02
-1.008608321434586941e+02
-1.008451241801907372e+02
-1.008294162169227803e+02
-1.008137082536548235e+02
-1.007980002903868666e+02
-1.007822923271189097e+02
-1.007665843638509529e+02
-1.007508764005829960e+02
-1.007351684373150391e+02
-1.007194604740470822e+02
-1.007037525107791254e+02
-1.006880445475111685e+02
-1.006723365842432116e+02
-1.006566286209752548e+02
-1.006409206577072979e+02
-1.006252126944393410e+02
-1.006095047311713842e+02
-1.005937967679034273e+02
-1.005780888046354562e+02
-1.005623808413674993e+02
-1.005466728780995425e+02
-1.005309649148315856e+02
-1.005152569515636287e+02
-1.004995489882956718e+02
-1.004838410250277150e+02
-1.004681330617597581e+02
-1.004524250984918012e+02
-1.004367171352238444e+02
-1.004210091719558875e+02
-1.004053012086879306e+02
-1.003895932454199738e+02
-1.003738852821520169e+02
-1.003581773188840600e+02
-1.003424693556161031e+02
-1.003267613923481463e+02
-1.003110534290801894e+02
-1.002953454658122325e+02
-1.002796375025442757e+02
-1.002639295392763188e+02
-1.002482215760083619e+02
-1.002325136127404051e+02
-1.002168056494724482e+02
-1.002010976862044913e+02
-1.001853897229365344e+02
-1.001696817596685776e+02
-1.001539737964006207e+02
-1.001382658331326638e+02
-1.001225578698647070e+02
-1.001068499065967501e+02
-1.000911419433287932e+02
-1.000754339800608363e+02
-1.000597260167928795e+02
-1.000440180535249226e+02
-1.000283100902569657e+02
-1.000126021269890089e+02
-9.999689416372105200e+01
-9.998118620045309513e+01
-9.996547823718513825e+01
-9.994977027391718138e+01
-9.993406231064922451e+01
-9.991835434738126764e+01
-9.990264638411331077e+01
-9.988693842084535390e+01
-9.987123045757739703e+01
-9.985552249430944016e+01
-9.983981453104148329e+01
-9.982410656777352642e+01
-9.980839860450556955e+01
-9.979269064123761268e+01
-9.977698267796965581e+01
-9.976127471470169894e+01
-9.974556675143374207e+01
-9.972985878816578520e+01
-9.971415082489782833e+01
-9.969844286162987146e+01
-9.968273489836191459e+01
-9.966702693509395772e+01
-9.965131897182600085e+01
-9.963561100855804398e+01
-9.961990304529008711e+01
-9.960419508202213024e+01
-9.958848711875417337e+01
-9.957277915548621650e+01
-9.955707119221825963e+01
-9.954136322895030276e+01
-9.952565526568234588e+01
-9.950994730241438901e+01
-9.949423933914643214e+01
-9.947853137587847527e+01
-9.946282341261051840e+01
-9.944711544934256153e+01
-9.943140748607460466e+01
-9.941569952280664779e+01
-9.939999155953869092e+01
-9.938428359627073405e+01
-9.936857563300277718e+01
-9.935286766973482031e+01
-9.933715970646686344e+01
-9.932145174319890657e+01
-9.930574377993094970e+01
-9.929003581666299283e+01
-9.927432785339503596e+01
-9.925861989012707909e+01
-9.924291192685912222e+01
-9.922720396359116535e+01
-9.921149600032320848e+01
-9.919578803705525161e+01
-9.918008007378729474e+01
-9.916437211051933787e+01
-9.914866414725138100e+01
-9.913295618398342413e+01
-9.911724822071546726e+01
-9.910154025744751038e+01
-9.908583229417955351e+01
-9.907012433091159664e+01
-9.905441636764363977e+01
-9.903870840437568290e+01
-9.902300044110772603e+01
-9.900729247783976916e+01
-9.899158451457181229e+01
-9.897587655130385542e+01
-9.896016858803589855e+01
-9.894446062476794168e+01
-9.892875266149998481e+01
-9.891304469823202794e+01
-9.889733673496407107e+01
-9.888162877169609999e+01
-9.886592080842814312e+01
-9.885021284516018625e+01
-9.883450488189222938e+01
-9.881879691862427251e+01
-9.880308895535631564e+01
-9.878738099208835877e+01
-9.877167302882040190e+01
-9.875596506555244503e+01
-9.874025710228448816e+01
-9.872454913901653129e+01
-9.870884117574857441e+01
-9.869313321248061754e+01
-9.867742524921266067e+01
-9.866171728594470380e+01
-9.864600932267674693e+01
-9.863030135940879006e+01
-9.861459339614083319e+01
-9.859888543287287632e+01
-9.858317746960491945e+01
-9.856746950633696258e+01
-9.855176154306900571e+01
-9.853605357980104884e+01
-9.852034561653309197e+01
-9.850463765326513510e+01
-9.848892968999717823e+01
-9.847322172672922136e+01
-9.845751376346126449e+01
-9.844180580019330762e+01
-9.842609783692535075e+01
-9.841038987365739388e+01
-9.839468191038943701e+01
-9.837897394712148014e+01
-9.836326598385352327e+01
-9.834755802058556640e+01
-9.833185005731760953e+01
-9.831614209404965266e+01
-9.830043413078169579e+01
-9.828472616751373891e+01
-9.826901820424578204e+01
-9.825331024097782517e+01
-9.823760227770986830e+01
-9.822189431444191143e+01
-9.820618635117395456e+01
-9.819047838790599769e+01
-9.817477042463804082e+01
-9.815906246137008395e+01
-9.814335449810212708e+01
-9.812764653483417021e+01
-9.811193857156621334e+01
-9.809623060829825647e+01
-9.808052264503029960e+01
-9.806481468176234273e+01
-9.804910671849438586e+01
-9.803339875522642899e+01
-9.801769079195847212e+01
-9.800198282869051525e+01
-9.798627486542255838e+01
-9.797056690215460151e+01
-9.795485893888664464e+01
-9.793915097561868777e+01
-9.792344301235073090e+01
-9.790773504908277403e+01
-9.789202708581481716e+01
-9.787631912254686029e+01
-9.786061115927890341e+01
-9.784490319601094654e+01
-9.782919523274298967e+01
-9.781348726947503280e+01
-9.779777930620707593e+01
-9.778207134293911906e+01
-9.776636337967116219e+01
-9.775065541640320532e+01
-9.773494745313524845e+01
-9.771923948986729158e+01
-9.770353152659933471e+01
-9.768782356333137784e+01
-9.767211560006342097e+01
-9.765640763679546410e+01
-9.764069967352750723e+01
-9.762499171025955036e+01
-9.760928374699159349e+01
-9.759357578372363662e+01
-9.757786782045567975e+01
-9.756215985718772288e+01
-9.754645189391976601e+01
-9.753074393065180914e+01
-9.751503596738385227e+01
-9.749932800411589540e+01
-9.748362004084793853e+01
-9.746791207757998166e+01
-9.745220411431202479e+01
-9.743649615104406791e+01
-9.742078818777611104e+01
-9.740508022450815417e+01
-9.738937226124019730e+01
-9.737366429797224043e+01
-9.735795633470428356e+01
-9.734224837143632669e+01
-9.732654040816836982e+01
-9.731083244490041295e+01
-9.729512448163245608e+01
-9.727941651836449921e+01
-9.726370855509654234e+01
-9.724800059182858547e+01
-9.723229262856062860e+01
-9.721658466529267173e+01
-9.720087670202471486e+01
-9.718516873875675799e+01
-9.716946077548878691e+01
-9.715375281222083004e+01
-9.713804484895287317e+01
-9.712233688568491630e+01
-9.710662892241695943e+01
-9.709092095914900256e+01
-9.707521299588104569e+01
-9.705950503261308882e+01
-9.704379706934513194e+01
-9.702808910607717507e+01
-9.701238114280921820e+01
-9.699667317954126133e+01
-9.698096521627330446e+01
-9.696525725300534759e+01
-9.694954928973739072e+01
-9.693384132646943385e+01
-9.691813336320147698e+01
-9.690242539993352011e+01
-9.688671743666556324e+01
-9.687100947339760637e+01
-9.685530151012964950e+01
-9.683959354686169263e+01
-9.682388558359373576e+01
-9.680817762032577889e+01
-9.679246965705782202e+01
-9.677676169378986515e+01
-9.676105373052190828e+01
-9.674534576725395141e+01
-9.672963780398599454e+01
-9.671392984071803767e+01
-9.669822187745008080e+01
-9.668251391418212393e+01
-9.666680595091416706e+01
-9.665109798764621019e+01
-9.663539002437825332e+01
-9.661968206111029644e+01
-9.660397409784233957e+01
-9.658826613457438270e+01
-9.657255817130642583e+01
-9.655685020803846896e+01
-9.654114224477051209e+01
-9.652543428150255522e+01
-9.650972631823459835e+01
-9.649401835496664148e+01
-9.647831039169868461e+01
-9.646260242843072774e+01
-9.644689446516277087e+01
-9.643118650189481400e+01
-9.641547853862685713e+01
-9.639977057535890026e+01
-9.638406261209094339e+01
-9.636835464882298652e+01
-9.635264668555502965e+01
-9.633693872228707278e+01
-9.632123075901911591e+01
-9.630552279575115904e+01
-9.628981483248320217e+01
-9.627410686921524530e+01
-9.625839890594728843e+01
-9.624269094267933156e+01
-9.622698297941137469e+01
-9.621127501614341782e+01
-9.619556705287546094e+01
-9.617985908960750407e+01
-9.616415112633954720e+01
-9.614844316307159033e+01
-9.613273519980363346e+01
-9.611702723653567659e+01
-9.610131927326771972e+01
-9.608561130999976285e+01
-9.606990334673180598e+01
-9.605419538346384911e+01
-9.603848742019589224e+01
-9.602277945692793537e+01
-9.600707149365997850e+01
-9.599136353039202163e+01
-9.597565556712406476e+01
-9.595994760385610789e+01
-9.594423964058815102e+01
-9.592853167732019415e+01
-9.591282371405223728e+01
-9.589711575078428041e+01
-9.588140778751632354e+01
-9.586569982424836667e+01
-9.584999186098040980e+01
-9.583428389771245293e+01
-9.581857593444449606e+01
-9.580286797117653919e+01
-9.578716000790858232e+01
-9.577145204464062545e+01
-9.575574408137266857e+01
-9.574003611810471170e+01
-9.572432815483675483e+01
-9.570862019156879796e+01
-9.569291222830084109e+01
-9.567720426503288422e+01
-9.566149630176492735e+01
-9.564578833849697048e+01
-9.563008037522901361e+01
-9.561437241196105674e+01
-9.559866444869309987e+01
-9.558295648542514300e+01
-9.556724852215718613e+01
-9.555154055888922926e+01
-9.553583259562127239e+01
-9.552012463235331552e+01
-9.550441666908535865e+01
-9.548870870581740178e+01
-9.547300074254943070e+01
-9.545729277928147383e+01
-9.544158481601351696e+01
-9.542587685274556009e+01
-9.541016888947760322e+01
-9.539446092620964635e+01
-9.537875296294168947e+01
-9.536304499967373260e+01
-9.534733703640577573e+01
-9.533162907313781886e+01
-9.531592110986986199e+01
-9.530021314660190512e+01
-9.528450518333394825e+01
-9.526879722006599138e+01
-9.525308925679803451e+01
-9.523738129353007764e+01
-9.522167333026212077e+01
-9.520596536699416390e+01
-9.519025740372620703e+01
-9.517454944045825016e+01
-9.515884147719029329e+01
-9.514313351392233642e+01
-9.512742555065437955e+01
-9.511171758738642268e+01
-9.509600962411846581e+01
-9.508030166085050894e+01
-9.506459369758255207e+01
-9.504888573431459520e+01
-9.503317777104663833e+01
-9.501746980777868146e+01
-9.500176184451072459e+01
-9.498605388124276772e+01
-9.497034591797481085e+01
-9.495463795470685398e+01
-9.493892999143889710e+01
-9.492322202817094023e+01
-9.490751406490298336e+01
-9.489180610163502649e+01
-9.487609813836706962e+01
-9.486039017509911275e+01
-9.484468221183115588e+01
-9.482897424856319901e+01
-9.481326628529524214e+01
-9.479755832202728527e+01
-9.478185035875932840e+01
-9.476614239549137153e+01
-9.475043443222341466e+01
-9.473472646895545779e+01
-9.471901850568750092e+01
-9.470331054241954405e+01
-9.468760257915158718e+01
-9.467189461588363031e+01
-9.465618665261567344e+01
-9.464047868934771657e+01
-9.462477072607975970e+01
-9.460906276281180283e+01
-9.459335479954384596e+01
-9.457764683627588909e+01
-9.456193887300793222e+01
-9.454623090973997535e+01
-9.453052294647201848e+01
-9.451481498320406160e+01
-9.449910701993610473e+01
-9.448339905666814786e+01
-9.446769109340019099e+01
-9.445198313013223412e+01
-9.443627516686427725e+01
-9.442056720359632038e+01
-9.440485924032836351e+01
-9.438915127706040664e+01
-9.437344331379244977e+01
-9.435773535052449290e+01
-9.434202738725653603e+01
-9.432631942398857916e+01
-9.431061146072062229e+01
-9.429490349745266542e+01
-9.427919553418470855e+01
-9.426348757091675168e+01
-9.424777960764879481e+01
-9.423207164438083794e+01
-9.421636368111288107e+01
-9.420065571784492420e+01
-9.418494775457696733e+01
-9.416923979130901046e+01
-9.415353182804105359e+01
-9.413782386477309672e+01
-9.412211590150513985e+01
-9.410640793823718298e+01
-9.409069997496922610e+01
-9.407499201170126923e+01
-9.405928404843331236e+01
-9.404357608516535549e+01
-9.402786812189739862e+01
-9.401216015862944175e+01
-9.399645219536148488e+01
-9.398074423209352801e+01
-9.396503626882557114e+01
-9.394932830555761427e+01
-9.393362034228965740e+01
-9.391791237902170053e+01
-9.390220441575374366e+01
-9.388649645248578679e+01
-9.387078848921782992e+01
-9.385508052594987305e+01
-9.383937256268191618e+01
-9.382366459941395931e+01
-9.380795663614600244e+01
-9.379224867287804557e+01
-9.377654070961007449e+01
-9.376083274634211762e+01
-9.374512478307416075e+01
-9.372941681980620388e+01
-9.371370885653824701e+01
-9.369800089327029013e+01
-9.368229293000233326e+01
-9.366658496673437639e+01
-9.365087700346641952e+01
-9.363516904019846265e+01
-9.361946107693050578e+01
-9.360375311366254891e+01
-9.358804515039459204e+01
-9.357233718712663517e+01
-9.355662922385867830e+01
-9.354092126059072143e+01
-9.352521329732276456e+01
-9.350950533405480769e+01
-9.349379737078685082e+01
-9.347808940751889395e+01
-9.346238144425093708e+01
-9.344667348098298021e+01
-9.343096551771502334e+01
-9.341525755444706647e+01
-9.339954959117910960e+01
-9.338384162791115273e+01
-9.336813366464319586e+01
-9.335242570137523899e+01
-9.333671773810728212e+01
-9.332100977483932525e+01
-9.330530181157136838e+01
-9.328959384830341151e+01
-9.327388588503545463e+01
-9.325817792176749776e+01
-9.324246995849954089e+01
-9.322676199523158402e+01
-9.321105403196362715e+01
-9.319534606869567028e+01
-9.317963810542771341e+01
-9.316393014215975654e+01
-9.314822217889179967e+01
-9.313251421562384280e+01
-9.311680625235588593e+01
-9.310109828908792906e+01
-9.308539032581997219e+01
-9.306968236255201532e+01
-9.305397439928405845e+01
-9.303826643601610158e+01
-9.302255847274814471e+01
-9.300685050948018784e+01
-9.299114254621223097e+01
-9.297543458294427410e+01
-9.295972661967631723e+01
-9.294401865640836036e+01
-9.292831069314040349e+01
-9.291260272987244662e+01
-9.289689476660448975e+01
-9.288118680333653288e+01
-9.286547884006857601e+01
-9.284977087680061913e+01
-9.283406291353266226e+01
-9.281835495026470539e+01
-9.280264698699674852e+01
-9.278693902372879165e+01
-9.277123106046083478e+01
-9.275552309719287791e+01
-9.273981513392492104e+01
-9.272410717065696417e+01
-9.270839920738900730e+01
-9.269269124412105043e+01
-9.267698328085309356e+01
-9.266127531758513669e+01
-9.264556735431717982e+01
-9.262985939104922295e+01
-9.261415142778126608e+01
-9.259844346451330921e+01
-9.258273550124535234e+01
-9.256702753797739547e+01
-9.255131957470943860e+01
-9.253561161144148173e+01
-9.251990364817352486e+01
-9.250419568490556799e+01
-9.248848772163761112e+01
-9.247277975836965425e+01
-9.245707179510169738e+01
-9.244136383183374051e+01
-9.242565586856578363e+01
-9.240994790529782676e+01
-9.239423994202986989e+01
-9.237853197876191302e+01
-9.236282401549395615e+01
-9.234711605222599928e+01
-9.233140808895804241e+01
-9.231570012569008554e+01
-9.229999216242212867e+01
-9.228428419915417180e+01
-9.226857623588621493e+01
-9.225286827261825806e+01
-9.223716030935030119e+01
-9.222145234608234432e+01
-9.220574438281438745e+01
-9.219003641954643058e+01
-9.217432845627847371e+01
-9.215862049301051684e+01
-9.214291252974255997e+01
-9.212720456647460310e+01
-9.211149660320664623e+01
-9.209578863993868936e+01
-9.208008067667071828e+01
-9.206437271340276141e+01
-9.204866475013480454e+01
-9.203295678686684766e+01
-9.201724882359889079e+01
-9.200154086033093392e+01
-9.198583289706297705e+01
-9.197012493379502018e+01
-9.195441697052706331e+01
-9.193870900725910644e+01
-9.192300104399114957e+01
-9.190729308072319270e+01
-9.189158511745523583e+01
-9.187587715418727896e+01
-9.186016919091932209e+01
-9.184446122765136522e+01
-9.182875326438340835e+01
-9.181304530111545148e+01
-9.179733733784749461e+01
-9.178162937457953774e+01
-9.176592141131158087e+01
-9.175021344804362400e+01
-9.173450548477566713e+01
-9.171879752150771026e+01
-9.170308955823975339e+01
-9.168738159497179652e+01
-9.167167363170383965e+01
-9.165596566843588278e+01
-9.164025770516792591e+01
-9.162454974189996904e+01
-9.160884177863201216e+01
-9.159313381536405529e+01
-9.157742585209609842e+01
-9.156171788882814155e+01
-9.154600992556018468e+01
-9.153030196229222781e+01
-9.151459399902427094e+01
-9.149888603575631407e+01
-9.148317807248835720e+01
-9.146747010922040033e+01
-9.145176214595244346e+01
-9.143605418268448659e+01
-9.142034621941652972e+01
-9.140463825614857285e+01
-9.138893029288061598e+01
-9.137322232961265911e+01
-9.135751436634470224e+01
-9.134180640307674537e+01
-9.132609843980878850e+01
-9.131039047654083163e+01
-9.129468251327287476e+01
-9.127897455000491789e+01
-9.126326658673696102e+01
-9.124755862346900415e+01
-9.123185066020104728e+01
-9.121614269693309041e+01
-9.120043473366513354e+01
-9.118472677039717667e+01
-9.116901880712921979e+01
-9.115331084386126292e+01
-9.113760288059330605e+01
-9.112189491732534918e+01
-9.110618695405739231e+01
-9.109047899078943544e+01
-9.107477102752147857e+01
-9.105906306425352170e+01
-9.104335510098556483e+01
-9.102764713771760796e+01
-9.101193917444965109e+01
-9.099623121118169422e+01
-9.098052324791373735e+01
-9.096481528464578048e+01
-9.094910732137782361e+01
-9.093339935810986674e+01
-9.091769139484190987e+01
-9.090198343157395300e+01
-9.088627546830599613e+01
-9.087056750503803926e+01
-9.085485954177008239e+01
-9.083915157850212552e+01
-9.082344361523416865e+01
-9.080773565196621178e+01
-9.079202768869825491e+01
-9.077631972543029804e+01
-9.076061176216234117e+01
-9.074490379889438429e+01
-9.072919583562642742e+01
-9.071348787235847055e+01
-9.069777990909051368e+01
-9.068207194582255681e+01
-9.066636398255459994e+01
-9.065065601928664307e+01
-9.063494805601868620e+01
-9.061924009275072933e+01
-9.060353212948277246e+01
-9.058782416621481559e+01
-9.057211620294685872e+01
-9.055640823967890185e+01
-9.054070027641094498e+01
-9.052499231314298811e+01
-9.050928434987503124e+01
-9.049357638660707437e+01
-9.047786842333911750e+01
-9.046216046007116063e+01
-9.044645249680320376e+01
-9.043074453353524689e+01
-9.041503657026729002e+01
-9.039932860699933315e+01
-9.038362064373137628e+01
-9.036791268046340520e+01
-9.035220471719544832e+01
-9.033649675392749145e+01
-9.032078879065953458e+01
-9.030508082739157771e+01
-9.028937286412362084e+01
-9.027366490085566397e+01
-9.025795693758770710e+01
-9.024224897431975023e+01
-9.022654101105179336e+01
-9.021083304778383649e+01
-9.019512508451587962e+01
-9.017941712124792275e+01
-9.016370915797996588e+01
-9.014800119471200901e+01
-9.013229323144405214e+01
-9.011658526817609527e+01
-9.010087730490813840e+01
-9.008516934164018153e+01
-9.006946137837222466e+01
-9.005375341510426779e+01
-9.003804545183631092e+01
-9.002233748856835405e+01
-9.000662952530039718e+01
-8.999092156203244031e+01
-8.997521359876448344e+01
-8.995950563549652657e+01
-8.994379767222856970e+01
-8.992808970896061282e+01
-8.991238174569265595e+01
-8.989667378242469908e+01
-8.988096581915674221e+01
-8.986525785588878534e+01
-8.984954989262082847e+01
-8.983384192935287160e+01
-8.981813396608491473e+01
-8.980242600281695786e+01
-8.978671803954900099e+01
-8.977101007628104412e+01
-8.975530211301308725e+01
-8.973959414974513038e+01
-8.972388618647717351e+01
-8.970817822320921664e+01
-8.969247025994125977e+01
-8.967676229667330290e+01
-8.966105433340534603e+01
-8.964534637013738916e+01
-8.962963840686943229e+01
-8.961393044360147542e+01
-8.959822248033351855e+01
-8.958251451706556168e+01
-8.956680655379760481e+01
-8.955109859052964794e+01
-8.953539062726169107e+01
-8.951968266399373420e+01
-8.950397470072577732e+01
-8.948826673745782045e+01
-8.947255877418986358e+01
-8.945685081092190671e+01
-8.944114284765394984e+01
-8.942543488438599297e+01
-8.940972692111803610e+01
-8.939401895785007923e+01
-8.937831099458212236e+01
-8.936260303131416549e+01
-8.934689506804620862e+01
-8.933118710477825175e+01
-8.931547914151029488e+01
-8.929977117824233801e+01
-8.928406321497438114e+01
-8.926835525170642427e+01
-8.925264728843846740e+01
-8.923693932517051053e+01
-8.922123136190255366e+01
-8.920552339863459679e+01
-8.918981543536663992e+01
-8.917410747209868305e+01
-8.915839950883072618e+01
-8.914269154556276931e+01
-8.912698358229481244e+01
-8.911127561902685557e+01
-8.909556765575889870e+01
-8.907985969249094182e+01
-8.906415172922298495e+01
-8.904844376595502808e+01
-8.903273580268707121e+01
-8.901702783941911434e+01
-8.900131987615115747e+01
-8.898561191288320060e+01
-8.896990394961524373e+01
-8.895419598634728686e+01
-8.893848802307932999e+01
-8.892278005981137312e+01
-8.890707209654341625e+01
-8.889136413327545938e+01
-8.887565617000750251e+01
-8.885994820673954564e+01
-8.884424024347158877e+01
-8.882853228020363190e+01
-8.881282431693567503e+01
-8.879711635366771816e+01
-8.878140839039976129e+01
-8.876570042713180442e+01
-8.874999246386384755e+01
-8.873428450059589068e+01
-8.871857653732793381e+01
-8.870286857405997694e+01
-8.868716061079202007e+01
-8.867145264752404898e+01
-8.865574468425609211e+01
-8.864003672098813524e+01
-8.862432875772017837e+01
-8.860862079445222150e+01
-8.859291283118426463e+01
-8.857720486791630776e+01
-8.856149690464835089e+01
-8.854578894138039402e+01
-8.853008097811243715e+01
-8.851437301484448028e+01
-8.849866505157652341e+01
-8.848295708830856654e+01
-8.846724912504060967e+01
-8.845154116177265280e+01
-8.843583319850469593e+01
-8.842012523523673906e+01
-8.840441727196878219e+01
-8.838870930870082532e+01
-8.837300134543286845e+01
-8.835729338216491158e+01
-8.834158541889695471e+01
-8.832587745562899784e+01
-8.831016949236104097e+01
-8.829446152909308410e+01
-8.827875356582512723e+01
-8.826304560255717035e+01
-8.824733763928921348e+01
-8.823162967602125661e+01
-8.821592171275329974e+01
-8.820021374948534287e+01
-8.818450578621738600e+01
-8.816879782294942913e+01
-8.815308985968147226e+01
-8.813738189641351539e+01
-8.812167393314555852e+01
-8.810596596987760165e+01
-8.809025800660964478e+01
-8.807455004334168791e+01
-8.805884208007373104e+01
-8.804313411680577417e+01
-8.802742615353781730e+01
-8.801171819026986043e+01
-8.799601022700190356e+01
-8.798030226373394669e+01
-8.796459430046598982e+01
-8.794888633719803295e+01
-8.793317837393007608e+01
-8.791747041066211921e+01
-8.790176244739416234e+01
-8.788605448412620547e+01
-8.787034652085824860e+01
-8.785463855759029173e+01
-8.783893059432233485e+01
-8.782322263105437798e+01
-8.780751466778642111e+01
-8.779180670451846424e+01
-8.777609874125050737e+01
-8.776039077798255050e+01
-8.774468281471459363e+01
-8.772897485144663676e+01
-8.771326688817867989e+01
-8.769755892491072302e+01
-8.768185096164276615e+01
-8.766614299837480928e+01
-8.765043503510685241e+01
-8.763472707183889554e+01
-8.761901910857093867e+01
-8.760331114530298180e+01
-8.758760318203502493e+01
-8.757189521876706806e+01
-8.755618725549911119e+01
-8.754047929223115432e+01
-8.752477132896319745e+01
-8.750906336569524058e+01
-8.749335540242728371e+01
-8.747764743915932684e+01
-8.746193947589136997e+01
-8.744623151262341310e+01
-8.743052354935545623e+01
-8.741481558608749936e+01
-8.739910762281954248e+01
-8.738339965955158561e+01
-8.736769169628362874e+01
-8.735198373301567187e+01
-8.733627576974771500e+01
-8.732056780647975813e+01
-8.730485984321180126e+01
-8.728915187994384439e+01
-8.727344391667588752e+01
-8.725773595340793065e+01
-8.724202799013997378e+01
-8.722632002687201691e+01
-8.721061206360406004e+01
-8.719490410033610317e+01
-8.717919613706814630e+01
-8.716348817380018943e+01
-8.714778021053223256e+01
-8.713207224726427569e+01
-8.711636428399631882e+01
-8.710065632072836195e+01
-8.708494835746040508e+01
-8.706924039419244821e+01
-8.705353243092449134e+01
-8.703782446765653447e+01
-8.702211650438857760e+01
-8.700640854112062073e+01
-8.699070057785266386e+01
-8.697499261458469277e+01
-8.695928465131673590e+01
-8.694357668804877903e+01
-8.692786872478082216e+01
-8.691216076151286529e+01
-8.689645279824490842e+01
-8.688074483497695155e+01
-8.686503687170899468e+01
-8.684932890844103781e+01
-8.683362094517308094e+01
-8.681791298190512407e+01
-8.680220501863716720e+01
-8.678649705536921033e+01
-8.677078909210125346e+01
-8.675508112883329659e+01
-8.673937316556533972e+01
-8.672366520229738285e+01
-8.670795723902942598e+01
-8.669224927576146911e+01
-8.667654131249351224e+01
-8.666083334922555537e+01
-8.664512538595759850e+01
-8.662941742268964163e+01
-8.661370945942168476e+01
-8.659800149615372789e+01
-8.658229353288577101e+01
-8.656658556961781414e+01
-8.655087760634985727e+01
-8.653516964308190040e+01
-8.651946167981394353e+01
-8.650375371654598666e+01
-8.648804575327802979e+01
-8.647233779001007292e+01
-8.645662982674211605e+01
-8.644092186347415918e+01
-8.642521390020620231e+01
-8.640950593693824544e+01
-8.639379797367028857e+01
-8.637809001040233170e+01
-8.636238204713437483e+01
-8.634667408386641796e+01
-8.633096612059846109e+01
-8.631525815733050422e+01
-8.629955019406254735e+01
-8.628384223079459048e+01
-8.626813426752663361e+01
-8.625242630425867674e+01
-8.623671834099071987e+01
-8.622101037772276300e+01
-8.620530241445480613e+01
-8.618959445118684926e+01
-8.617388648791889239e+01
-8.615817852465093551e+01
-8.614247056138297864e+01
-8.612676259811502177e+01
-8.611105463484706490e+01
-8.609534667157910803e+01
-8.607963870831115116e+01
-8.606393074504319429e+01
-8.604822278177523742e+01
-8.603251481850728055e+01
-8.601680685523932368e+01
-8.600109889197136681e+01
-8.598539092870340994e+01
-8.596968296543545307e+01
-8.595397500216749620e+01
-8.593826703889953933e+01
-8.592255907563158246e+01
-8.590685111236362559e+01
-8.589114314909566872e+01
-8.587543518582771185e+01
-8.585972722255975498e+01
-8.584401925929179811e+01
-8.582831129602384124e+01
-8.581260333275588437e+01
-8.579689536948792750e+01
-8.578118740621997063e+01
-8.576547944295201376e+01
-8.574977147968405689e+01
-8.573406351641610001e+01
-8.571835555314814314e+01
-8.570264758988018627e+01
-8.568693962661222940e+01
-8.567123166334427253e+01
-8.565552370007631566e+01
-8.563981573680835879e+01
-8.562410777354040192e+01
-8.560839981027244505e+01
-8.559269184700448818e+01
-8.557698388373653131e+01
-8.556127592046857444e+01
-8.554556795720061757e+01
-8.552985999393266070e+01
-8.551415203066470383e+01
-8.549844406739674696e+01
-8.548273610412879009e+01
-8.546702814086083322e+01
-8.545132017759287635e+01
-8.543561221432491948e+01
-8.541990425105696261e+01
-8.540419628778900574e+01
-8.538848832452104887e+01
-8.537278036125309200e+01
-8.535707239798513513e+01
-8.534136443471717826e+01
-8.532565647144922139e+01
-8.530994850818126451e+01
-8.529424054491330764e+01
-8.527853258164535077e+01
-8.526282461837737969e+01
-8.524711665510942282e+01
-8.523140869184146595e+01
-8.521570072857350908e+01
-8.519999276530555221e+01
-8.518428480203759534e+01
-8.516857683876963847e+01
-8.515286887550168160e+01
-8.513716091223372473e+01
-8.512145294896576786e+01
-8.510574498569781099e+01
-8.509003702242985412e+01
-8.507432905916189725e+01
-8.505862109589394038e+01
-8.504291313262598351e+01
-8.502720516935802664e+01
-8.501149720609006977e+01
-8.499578924282211290e+01
-8.498008127955415603e+01
-8.496437331628619916e+01
-8.494866535301824229e+01
-8.493295738975028542e+01
-8.491724942648232854e+01
-8.490154146321437167e+01
-8.488583349994641480e+01
-8.487012553667845793e+01
-8.485441757341050106e+01
-8.483870961014254419e+01
-8.482300164687458732e+01
-8.480729368360663045e+01
-8.479158572033867358e+01
-8.477587775707071671e+01
-8.476016979380275984e+01
-8.474446183053480297e+01
-8.472875386726684610e+01
-8.471304590399888923e+01
-8.469733794073093236e+01
-8.468162997746297549e+01
-8.466592201419501862e+01
-8.465021405092706175e+01
-8.463450608765910488e+01
-8.461879812439114801e+01
-8.460309016112319114e+01
-8.458738219785523427e+01
-8.457167423458727740e+01
-8.455596627131932053e+01
-8.454025830805136366e+01
-8.452455034478340679e+01
-8.450884238151544992e+01
-8.449313441824749304e+01
-8.447742645497953617e+01
-8.446171849171157930e+01
-8.444601052844362243e+01
-8.443030256517566556e+01
-8.441459460190770869e+01
-8.439888663863975182e+01
-8.438317867537179495e+01
-8.436747071210383808e+01
-8.435176274883588121e+01
-8.433605478556792434e+01
-8.432034682229996747e+01
-8.430463885903201060e+01
-8.428893089576405373e+01
-8.427322293249609686e+01
-8.425751496922813999e+01
-8.424180700596018312e+01
-8.422609904269222625e+01
-8.421039107942426938e+01
-8.419468311615631251e+01
-8.417897515288835564e+01
-8.416326718962039877e+01
-8.414755922635244190e+01
-8.413185126308448503e+01
-8.411614329981652816e+01
-8.410043533654857129e+01
-8.408472737328061442e+01
-8.406901941001265754e+01
-8.405331144674470067e+01
-8.403760348347674380e+01
-8.402189552020878693e+01
-8.400618755694083006e+01
-8.399047959367287319e+01
-8.397477163040491632e+01
-8.395906366713695945e+01
-8.394335570386900258e+01
-8.392764774060104571e+01
-8.391193977733308884e+01
-8.389623181406513197e+01
-8.388052385079717510e+01
-8.386481588752921823e+01
-8.384910792426126136e+01
-8.383339996099330449e+01
-8.381769199772534762e+01
-8.380198403445739075e+01
-8.378627607118943388e+01
-8.377056810792147701e+01
-8.375486014465352014e+01
-8.373915218138556327e+01
-8.372344421811760640e+01
-8.370773625484964953e+01
-8.369202829158169266e+01
-8.367632032831373579e+01
-8.366061236504577892e+01
-8.364490440177782205e+01
-8.362919643850986517e+01
-8.361348847524190830e+01
-8.359778051197395143e+01
-8.358207254870599456e+01
-8.356636458543802348e+01
-8.355065662217006661e+01
-8.353494865890210974e+01
-8.351924069563415287e+01
-8.350353273236619600e+01
-8.348782476909823913e+01
-8.347211680583028226e+01
-8.345640884256232539e+01
-8.344070087929436852e+01
-8.342499291602641165e+01
-8.340928495275845478e+01
-8.339357698949049791e+01
-8.337786902622254104e+01
-8.336216106295458417e+01
-8.334645309968662730e+01
-8.333074513641867043e+01
-8.331503717315071356e+01
-8.329932920988275669e+01
-8.328362124661479982e+01
-8.326791328334684295e+01
-8.325220532007888607e+01
-8.323649735681092920e+01
-8.322078939354297233e+01
-8.320508143027501546e+01
-8.318937346700705859e+01
-8.317366550373910172e+01
-8.315795754047114485e+01
-8.314224957720318798e+01
-8.312654161393523111e+01
-8.311083365066727424e+01
-8.309512568739931737e+01
-8.307941772413136050e+01
-8.306370976086340363e+01
-8.304800179759544676e+01
-8.303229383432748989e+01
-8.301658587105953302e+01
-8.300087790779157615e+01
-8.298516994452361928e+01
-8.296946198125566241e+01
-8.295375401798770554e+01
-8.293804605471974867e+01
-8.292233809145179180e+01
-8.290663012818383493e+01
-8.289092216491587806e+01
-8.287521420164792119e+01
-8.285950623837996432e+01
-8.284379827511200745e+01
-8.282809031184405058e+01
-8.281238234857609370e+01
-8.279667438530813683e+01
-8.278096642204017996e+01
-8.276525845877222309e+01
-8.274955049550426622e+01
-8.273384253223630935e+01
-8.271813456896835248e+01
-8.270242660570039561e+01
-8.268671864243243874e+01
-8.267101067916448187e+01
-8.265530271589652500e+01
-8.263959475262856813e+01
-8.262388678936061126e+01
-8.260817882609265439e+01
-8.259247086282469752e+01
-8.257676289955674065e+01
-8.256105493628878378e+01
-8.254534697302082691e+01
-8.252963900975287004e+01
-8.251393104648491317e+01
-8.249822308321695630e+01
-8.248251511994899943e+01
-8.246680715668104256e+01
-8.245109919341308569e+01
-8.243539123014512882e+01
-8.241968326687717195e+01
-8.240397530360921508e+01
-8.238826734034125820e+01
-8.237255937707330133e+01
-8.235685141380534446e+01
-8.234114345053738759e+01
-8.232543548726943072e+01
-8.230972752400147385e+01
-8.229401956073351698e+01
-8.227831159746556011e+01
-8.226260363419760324e+01
-8.224689567092964637e+01
-8.223118770766168950e+01
-8.221547974439373263e+01
-8.219977178112577576e+01
-8.218406381785781889e+01
-8.216835585458986202e+01
-8.215264789132190515e+01
-8.213693992805394828e+01
-8.212123196478599141e+01
-8.210552400151803454e+01
-8.208981603825007767e+01
-8.207410807498212080e+01
-8.205840011171416393e+01
-8.204269214844620706e+01
-8.202698418517825019e+01
-8.201127622191029332e+01
-8.199556825864233645e+01
-8.197986029537437958e+01
-8.196415233210642270e+01
-8.194844436883846583e+01
-8.193273640557050896e+01
-8.191702844230255209e+01
-8.190132047903459522e+01
-8.188561251576663835e+01
-8.186990455249866727e+01
-8.185419658923071040e+01
-8.183848862596275353e+01
-8.182278066269479666e+01
-8.180707269942683979e+01
-8.179136473615888292e+01
-8.177565677289092605e+01
-8.175994880962296918e+01
-8.174424084635501231e+01
-8.172853288308705544e+01
-8.171282491981909857e+01
-8.169711695655114170e+01
-8.168140899328318483e+01
-8.166570103001522796e+01
-8.164999306674727109e+01
-8.163428510347931422e+01
-8.161857714021135735e+01
-8.160286917694340048e+01
-8.158716121367544361e+01
-8.157145325040748673e+01
-8.155574528713952986e+01
-8.154003732387157299e+01
-8.152432936060361612e+01
-8.150862139733565925e+01
-8.149291343406770238e+01
-8.147720547079974551e+01
-8.146149750753178864e+01
-8.144578954426383177e+01
-8.143008158099587490e+01
-8.141437361772791803e+01
-8.139866565445996116e+01
-8.138295769119200429e+01
-8.136724972792404742e+01
-8.135154176465609055e+01
-8.133583380138813368e+01
-8.132012583812017681e+01
-8.130441787485221994e+01
-8.128870991158426307e+01
-8.127300194831630620e+01
-8.125729398504834933e+01
-8.124158602178039246e+01
-8.122587805851243559e+01
-8.121017009524447872e+01
-8.119446213197652185e+01
-8.117875416870856498e+01
-8.116304620544060811e+01
-8.114733824217265123e+01
-8.113163027890469436e+01
-8.111592231563673749e+01
-8.110021435236878062e+01
-8.108450638910082375e+01
-8.106879842583286688e+01
-8.105309046256491001e+01
-8.103738249929695314e+01
-8.102167453602899627e+01
-8.100596657276103940e+01
-8.099025860949308253e+01
-8.097455064622512566e+01
-8.095884268295716879e+01
-8.094313471968921192e+01
-8.092742675642125505e+01
-8.091171879315329818e+01
-8.089601082988534131e+01
-8.088030286661738444e+01
-8.086459490334942757e+01
-8.084888694008147070e+01
-8.083317897681351383e+01
-8.081747101354555696e+01
-8.080176305027760009e+01
-8.078605508700964322e+01
-8.077034712374168635e+01
-8.075463916047372948e+01
-8.073893119720577261e+01
-8.072322323393781573e+01
-8.070751527066985886e+01
-8.069180730740190199e+01
-8.067609934413394512e+01
-8.066039138086598825e+01
-8.064468341759803138e+01
-8.062897545433007451e+01
-8.061326749106211764e+01
-8.059755952779416077e+01
-8.058185156452620390e+01
-8.056614360125824703e+01
-8.055043563799029016e+01
-8.053472767472233329e+01
-8.051901971145437642e+01
-8.050331174818641955e+01
-8.048760378491846268e+01
-8.047189582165050581e+01
-8.045618785838254894e+01
-8.044047989511459207e+01
-8.042477193184663520e+01
-8.040906396857867833e+01
-8.039335600531072146e+01
-8.037764804204276459e+01
-8.036194007877480772e+01
-8.034623211550685085e+01
-8.033052415223889398e+01
-8.031481618897093711e+01
-8.029910822570298023e+01
-8.028340026243502336e+01
-8.026769229916706649e+01
-8.025198433589910962e+01
-8.023627637263115275e+01
-8.022056840936319588e+01
-8.020486044609523901e+01
-8.018915248282728214e+01
-8.017344451955931106e+01
-8.015773655629135419e+01
-8.014202859302339732e+01
-8.012632062975544045e+01
-8.011061266648748358e+01
-8.009490470321952671e+01
-8.007919673995156984e+01
-8.006348877668361297e+01
-8.004778081341565610e+01
-8.003207285014769923e+01
-8.001636488687974236e+01
-8.000065692361178549e+01
-7.998494896034382862e+01
-7.996924099707587175e+01
-7.995353303380791488e+01
-7.993782507053995801e+01
-7.992211710727200114e+01
-7.990640914400404426e+01
-7.989070118073608739e+01
-7.987499321746813052e+01
-7.985928525420017365e+01
-7.984357729093221678e+01
-7.982786932766425991e+01
-7.981216136439630304e+01
-7.979645340112834617e+01
-7.978074543786038930e+01
-7.976503747459243243e+01
-7.974932951132447556e+01
-7.973362154805651869e+01
-7.971791358478856182e+01
-7.970220562152060495e+01
-7.968649765825264808e+01
-7.967078969498469121e+01
-7.965508173171673434e+01
-7.963937376844877747e+01
-7.962366580518082060e+01
-7.960795784191286373e+01
-7.959224987864490686e+01
-7.957654191537694999e+01
-7.956083395210899312e+01
-7.954512598884103625e+01
-7.952941802557307938e+01
-7.951371006230512251e+01
-7.949800209903716564e+01
-7.948229413576920876e+01
-7.946658617250125189e+01
-7.945087820923329502e+01
-7.943517024596533815e+01
-7.941946228269738128e+01
-7.940375431942942441e+01
-7.938804635616146754e+01
-7.937233839289351067e+01
-7.935663042962555380e+01
-7.934092246635759693e+01
-7.932521450308964006e+01
-7.930950653982168319e+01
-7.929379857655372632e+01
-7.927809061328576945e+01
-7.926238265001781258e+01
-7.924667468674985571e+01
-7.923096672348189884e+01
-7.921525876021394197e+01
-7.919955079694598510e+01
-7.918384283367802823e+01
-7.916813487041007136e+01
-7.915242690714211449e+01
-7.913671894387415762e+01
-7.912101098060620075e+01
-7.910530301733824388e+01
-7.908959505407028701e+01
-7.907388709080233014e+01
-7.905817912753437327e+01
-7.904247116426641639e+01
-7.902676320099845952e+01
-7.901105523773050265e+01
-7.899534727446254578e+01
-7.897963931119458891e+01
-7.896393134792663204e+01
-7.894822338465867517e+01
-7.893251542139071830e+01
-7.891680745812276143e+01
-7.890109949485480456e+01
-7.888539153158684769e+01
-7.886968356831889082e+01
-7.885397560505093395e+01
-7.883826764178297708e+01
-7.882255967851502021e+01
-7.880685171524706334e+01
-7.879114375197910647e+01
-7.877543578871114960e+01
-7.875972782544319273e+01
-7.874401986217523586e+01
-7.872831189890727899e+01
-7.871260393563932212e+01
-7.869689597237136525e+01
-7.868118800910340838e+01
-7.866548004583545151e+01
-7.864977208256749464e+01
-7.863406411929953777e+01
-7.861835615603158089e+01
-7.860264819276362402e+01
-7.858694022949566715e+01
-7.857123226622771028e+01
-7.855552430295975341e+01
-7.853981633969179654e+01
-7.852410837642383967e+01
-7.850840041315588280e+01
-7.849269244988792593e+01
-7.847698448661996906e+01
-7.846127652335199798e+01
-7.844556856008404111e+01
-7.842986059681608424e+01
-7.841415263354812737e+01
-7.839844467028017050e+01
-7.838273670701221363e+01
-7.836702874374425676e+01
-7.835132078047629989e+01
-7.833561281720834302e+01
-7.831990485394038615e+01
-7.830419689067242928e+01
-7.828848892740447241e+01
-7.827278096413651554e+01
-7.825707300086855867e+01
-7.824136503760060180e+01
-7.822565707433264492e+01
-7.820994911106468805e+01
-7.819424114779673118e+01
-7.817853318452877431e+01
-7.816282522126081744e+01
-7.814711725799286057e+01
-7.813140929472490370e+01
-7.811570133145694683e+01
-7.809999336818898996e+01
-7.808428540492103309e+01
-7.806857744165307622e+01
-7.805286947838511935e+01
-7.803716151511716248e+01
-7.802145355184920561e+01
-7.800574558858124874e+01
-7.799003762531329187e+01
-7.797432966204533500e+01
-7.795862169877737813e+01
-7.794291373550942126e+01
-7.792720577224146439e+01
-7.791149780897350752e+01
-7.789578984570555065e+01
-7.788008188243759378e+01
-7.786437391916963691e+01
-7.784866595590168004e+01
-7.783295799263372317e+01
-7.781725002936576630e+01
-7.780154206609780942e+01
-7.778583410282985255e+01
-7.777012613956189568e+01
-7.775441817629393881e+01
-7.773871021302598194e+01
-7.772300224975802507e+01
-7.770729428649006820e+01
-7.769158632322211133e+01
-7.767587835995415446e+01
-7.766017039668619759e+01
-7.764446243341824072e+01
-7.762875447015028385e+01
-7.761304650688232698e+01
-7.759733854361437011e+01
-7.758163058034641324e+01
-7.756592261707845637e+01
-7.755021465381049950e+01
-7.753450669054254263e+01
-7.751879872727458576e+01
-7.750309076400662889e+01
-7.748738280073867202e+01
-7.747167483747071515e+01
-7.745596687420275828e+01
-7.744025891093480141e+01
-7.742455094766684454e+01
-7.740884298439888767e+01
-7.739313502113093080e+01
-7.737742705786297392e+01
-7.736171909459501705e+01
-7.734601113132706018e+01
-7.733030316805910331e+01
-7.731459520479114644e+01
-7.729888724152318957e+01
-7.728317927825523270e+01
-7.726747131498727583e+01
-7.725176335171931896e+01
-7.723605538845136209e+01
-7.722034742518340522e+01
-7.720463946191544835e+01
-7.718893149864749148e+01
-7.717322353537953461e+01
-7.715751557211157774e+01
-7.714180760884362087e+01
-7.712609964557566400e+01
-7.711039168230770713e+01
-7.709468371903975026e+01
-7.707897575577179339e+01
-7.706326779250383652e+01
-7.704755982923587965e+01
-7.703185186596792278e+01
-7.701614390269996591e+01
-7.700043593943200904e+01
-7.698472797616405217e+01
-7.696902001289609530e+01
-7.695331204962813842e+01
-7.693760408636018155e+01
-7.692189612309222468e+01
-7.690618815982426781e+01
-7.689048019655631094e+01
-7.687477223328835407e+01
-7.685906427002039720e+01
-7.684335630675244033e+01
-7.682764834348448346e+01
-7.681194038021652659e+01
-7.679623241694856972e+01
-7.678052445368061285e+01
-7.676481649041264177e+01
-7.674910852714468490e+01
-7.673340056387672803e+01
-7.671769260060877116e+01
-7.670198463734081429e+01
-7.668627667407285742e+01
-7.667056871080490055e+01
-7.665486074753694368e+01
-7.663915278426898681e+01
-7.662344482100102994e+01
-7.660773685773307307e+01
-7.659202889446511620e+01
-7.657632093119715933e+01
-7.656061296792920245e+01
-7.654490500466124558e+01
-7.652919704139328871e+01
-7.651348907812533184e+01
-7.649778111485737497e+01
-7.648207315158941810e+01
-7.646636518832146123e+01
-7.645065722505350436e+01
-7.643494926178554749e+01
-7.641924129851759062e+01
-7.640353333524963375e+01
-7.638782537198167688e+01
-7.637211740871372001e+01
-7.635640944544576314e+01
-7.634070148217780627e+01
-7.632499351890984940e+01
-7.630928555564189253e+01
-7.629357759237393566e+01
-7.627786962910597879e+01
-7.626216166583802192e+01
-7.624645370257006505e+01
-7.623074573930210818e+01
-7.621503777603415131e+01
-7.619932981276619444e+01
-7.618362184949823757e+01
-7.616791388623028070e+01
-7.615220592296232383e+01
-7.613649795969436695e+01
-7.612078999642641008e+01
-7.610508203315845321e+01
-7.608937406989049634e+01
-7.607366610662253947e+01
-7.605795814335458260e+01
-7.604225018008662573e+01
-7.602654221681866886e+01
-7.601083425355071199e+01
-7.599512629028275512e+01
-7.597941832701479825e+01
-7.596371036374684138e+01
-7.594800240047888451e+01
-7.593229443721092764e+01
-7.591658647394297077e+01
-7.590087851067501390e+01
-7.588517054740705703e+01
-7.586946258413910016e+01
-7.585375462087114329e+01
-7.583804665760318642e+01
-7.582233869433522955e+01
-7.580663073106727268e+01
-7.579092276779931581e+01
-7.577521480453135894e+01
-7.575950684126340207e+01
-7.574379887799544520e+01
-7.572809091472748833e+01
-7.571238295145953145e+01
-7.569667498819157458e+01
-7.568096702492361771e+01
-7.566525906165566084e+01
-7.564955109838770397e+01
-7.563384313511974710e+01
-7.561813517185179023e+01
-7.560242720858383336e+01
-7.558671924531587649e+01
-7.557101128204791962e+01
-7.555530331877996275e+01
-7.553959535551200588e+01
-7.552388739224404901e+01
-7.550817942897609214e+01
-7.549247146570813527e+01
-7.547676350244017840e+01
-7.546105553917222153e+01
-7.544534757590426466e+01
-7.542963961263630779e+01
-7.541393164936835092e+01
-7.539822368610039405e+01
-7.538251572283243718e+01
-7.536680775956448031e+01
-7.535109979629652344e+01
-7.533539183302856657e+01
-7.531968386976060970e+01
-7.530397590649265283e+01
-7.528826794322469595e+01
-7.527255997995673908e+01
-7.525685201668878221e+01
-7.524114405342082534e+01
-7.522543609015286847e+01
-7.520972812688491160e+01
-7.519402016361695473e+01
-7.517831220034899786e+01
-7.516260423708104099e+01
-7.514689627381308412e+01
-7.513118831054512725e+01
-7.511548034727717038e+01
-7.509977238400921351e+01
-7.508406442074125664e+01
-7.506835645747328556e+01
-7.505264849420532869e+01
-7.503694053093737182e+01
-7.502123256766941495e+01
-7.500552460440145808e+01
-7.498981664113350121e+01
-7.497410867786554434e+01
-7.495840071459758747e+01
-7.494269275132963060e+01
-7.492698478806167373e+01
-7.491127682479371686e+01
-7.489556886152575998e+01
-7.487986089825780311e+01
-7.486415293498984624e+01
-7.484844497172188937e+01
-7.483273700845393250e+01
-7.481702904518597563e+01
-7.480132108191801876e+01
-7.478561311865006189e+01
-7.476990515538210502e+01
-7.475419719211414815e+01
-7.473848922884619128e+01
-7.472278126557823441e+01
-7.470707330231027754e+01
-7.469136533904232067e+01
-7.467565737577436380e+01
-7.465994941250640693e+01
-7.464424144923845006e+01
-7.462853348597049319e+01
-7.461282552270253632e+01
-7.459711755943457945e+01
-7.458140959616662258e+01
-7.456570163289866571e+01
-7.454999366963070884e+01
-7.453428570636275197e+01
-7.451857774309479510e+01
-7.450286977982683823e+01
-7.448716181655888136e+01
-7.447145385329092449e+01
-7.445574589002296761e+01
-7.444003792675501074e+01
-7.442432996348705387e+01
-7.440862200021909700e+01
-7.439291403695114013e+01
-7.437720607368318326e+01
-7.436149811041522639e+01
-7.434579014714726952e+01
-7.433008218387931265e+01
-7.431437422061135578e+01
-7.429866625734339891e+01
-7.428295829407544204e+01
-7.426725033080748517e+01
-7.425154236753952830e+01
-7.423583440427157143e+01
-7.422012644100361456e+01
-7.420441847773565769e+01
-7.418871051446770082e+01
-7.417300255119974395e+01
-7.415729458793178708e+01
-7.414158662466383021e+01
-7.412587866139587334e+01
-7.411017069812791647e+01
-7.409446273485995960e+01
-7.407875477159200273e+01
-7.406304680832404586e+01
-7.404733884505608899e+01
-7.403163088178813211e+01
-7.401592291852017524e+01
-7.400021495525221837e+01
-7.398450699198426150e+01
-7.396879902871630463e+01
-7.395309106544834776e+01
-7.393738310218039089e+01
-7.392167513891243402e+01
-7.390596717564447715e+01
-7.389025921237652028e+01
-7.387455124910856341e+01
-7.385884328584060654e+01
-7.384313532257264967e+01
-7.382742735930469280e+01
-7.381171939603673593e+01
-7.379601143276877906e+01
-7.378030346950082219e+01
-7.376459550623286532e+01
-7.374888754296490845e+01
-7.373317957969695158e+01
-7.371747161642899471e+01
-7.370176365316103784e+01
-7.368605568989308097e+01
-7.367034772662512410e+01
-7.365463976335716723e+01
-7.363893180008921036e+01
-7.362322383682125349e+01
-7.360751587355329661e+01
-7.359180791028533974e+01
-7.357609994701738287e+01
-7.356039198374942600e+01
-7.354468402048146913e+01
-7.352897605721351226e+01
-7.351326809394555539e+01
-7.349756013067759852e+01
-7.348185216740964165e+01
-7.346614420414168478e+01
-7.345043624087372791e+01
-7.343472827760577104e+01
-7.341902031433781417e+01
-7.340331235106985730e+01
-7.338760438780190043e+01
-7.337189642453392935e+01
-7.335618846126597248e+01
-7.334048049799801561e+01
-7.332477253473005874e+01
-7.330906457146210187e+01
-7.329335660819414500e+01
-7.327764864492618813e+01
-7.326194068165823126e+01
-7.324623271839027439e+01
-7.323052475512231752e+01
-7.321481679185436064e+01
-7.319910882858640377e+01
-7.318340086531844690e+01
-7.316769290205049003e+01
-7.315198493878253316e+01
-7.313627697551457629e+01
-7.312056901224661942e+01
-7.310486104897866255e+01
-7.308915308571070568e+01
-7.307344512244274881e+01
-7.305773715917479194e+01
-7.304202919590683507e+01
-7.302632123263887820e+01
-7.301061326937092133e+01
-7.299490530610296446e+01
-7.297919734283500759e+01
-7.296348937956705072e+01
-7.294778141629909385e+01
-7.293207345303113698e+01
-7.291636548976318011e+01
-7.290065752649522324e+01
-7.288494956322726637e+01
-7.286924159995930950e+01
-7.285353363669135263e+01
-7.283782567342339576e+01
-7.282211771015543889e+01
-7.280640974688748202e+01
-7.279070178361952514e+01
-7.277499382035156827e+01
-7.275928585708361140e+01
-7.274357789381565453e+01
-7.272786993054769766e+01
-7.271216196727974079e+01
-7.269645400401178392e+01
-7.268074604074382705e+01
-7.266503807747587018e+01
-7.264933011420791331e+01
-7.263362215093995644e+01
-7.261791418767199957e+01
-7.260220622440404270e+01
-7.258649826113608583e+01
-7.257079029786812896e+01
-7.255508233460017209e+01
-7.253937437133221522e+01
-7.252366640806425835e+01
-7.250795844479630148e+01
-7.249225048152834461e+01
-7.247654251826038774e+01
-7.246083455499243087e+01
-7.244512659172447400e+01
-7.242941862845651713e+01
-7.241371066518856026e+01
-7.239800270192060339e+01
-7.238229473865264652e+01
-7.236658677538468964e+01
-7.235087881211673277e+01
-7.233517084884877590e+01
-7.231946288558081903e+01
-7.230375492231286216e+01
-7.228804695904490529e+01
-7.227233899577694842e+01
-7.225663103250899155e+01
-7.224092306924103468e+01
-7.222521510597307781e+01
-7.220950714270512094e+01
-7.219379917943716407e+01
-7.217809121616920720e+01
-7.216238325290125033e+01
-7.214667528963329346e+01
-7.213096732636533659e+01
-7.211525936309737972e+01
-7.209955139982942285e+01
-7.208384343656146598e+01
-7.206813547329350911e+01
-7.205242751002555224e+01
-7.203671954675759537e+01
-7.202101158348963850e+01
-7.200530362022168163e+01
-7.198959565695372476e+01
-7.197388769368576789e+01
-7.195817973041781102e+01
-7.194247176714985414e+01
-7.192676380388189727e+01
-7.191105584061394040e+01
-7.189534787734598353e+01
-7.187963991407802666e+01
-7.186393195081006979e+01
-7.184822398754211292e+01
-7.183251602427415605e+01
-7.181680806100619918e+01
-7.180110009773824231e+01
-7.178539213447028544e+01
-7.176968417120232857e+01
-7.175397620793437170e+01
-7.173826824466641483e+01
-7.172256028139845796e+01
-7.170685231813050109e+01
-7.169114435486254422e+01
-7.167543639159458735e+01
-7.165972842832661627e+01
-7.164402046505865940e+01
-7.162831250179070253e+01
-7.161260453852274566e+01
-7.159689657525478879e+01
-7.158118861198683192e+01
-7.156548064871887505e+01
-7.154977268545091817e+01
-7.153406472218296130e+01
-7.151835675891500443e+01
-7.150264879564704756e+01
-7.148694083237909069e+01
-7.147123286911113382e+01
-7.145552490584317695e+01
-7.143981694257522008e+01
-7.142410897930726321e+01
-7.140840101603930634e+01
-7.139269305277134947e+01
-7.137698508950339260e+01
-7.136127712623543573e+01
-7.134556916296747886e+01
-7.132986119969952199e+01
-7.131415323643156512e+01
-7.129844527316360825e+01
-7.128273730989565138e+01
-7.126702934662769451e+01
-7.125132138335973764e+01
-7.123561342009178077e+01
-7.121990545682382390e+01
-7.120419749355586703e+01
-7.118848953028791016e+01
-7.117278156701995329e+01
-7.115707360375199642e+01
-7.114136564048403955e+01
-7.112565767721608267e+01
-7.110994971394812580e+01
-7.109424175068016893e+01
-7.107853378741221206e+01
-7.106282582414425519e+01
-7.104711786087629832e+01
-7.103140989760834145e+01
-7.101570193434038458e+01
-7.099999397107242771e+01
-7.098428600780447084e+01
-7.096857804453651397e+01
-7.095287008126855710e+01
-7.093716211800060023e+01
-7.092145415473264336e+01
-7.090574619146468649e+01
-7.089003822819672962e+01
-7.087433026492877275e+01
-7.085862230166081588e+01
-7.084291433839285901e+01
-7.082720637512490214e+01
-7.081149841185694527e+01
-7.079579044858898840e+01
-7.078008248532103153e+01
-7.076437452205307466e+01
-7.074866655878511779e+01
-7.073295859551716092e+01
-7.071725063224920405e+01
-7.070154266898124717e+01
-7.068583470571329030e+01
-7.067012674244533343e+01
-7.065441877917737656e+01
-7.063871081590941969e+01
-7.062300285264146282e+01
-7.060729488937350595e+01
-7.059158692610554908e+01
-7.057587896283759221e+01
-7.056017099956963534e+01
-7.054446303630167847e+01
-7.052875507303372160e+01
-7.051304710976576473e+01
-7.049733914649780786e+01
-7.048163118322985099e+01
-7.046592321996189412e+01
-7.045021525669393725e+01
-7.043450729342598038e+01
-7.041879933015802351e+01
-7.040309136689006664e+01
-7.038738340362210977e+01
-7.037167544035415290e+01
-7.035596747708619603e+01
-7.034025951381823916e+01
-7.032455155055028229e+01
-7.030884358728232542e+01
-7.029313562401436855e+01
-7.027742766074641168e+01
-7.026171969747845480e+01
-7.024601173421049793e+01
-7.023030377094254106e+01
-7.021459580767458419e+01
-7.019888784440662732e+01
-7.018317988113867045e+01
-7.016747191787071358e+01
-7.015176395460275671e+01
-7.013605599133479984e+01
-7.012034802806684297e+01
-7.010464006479888610e+01
-7.008893210153092923e+01
-7.007322413826297236e+01
-7.005751617499501549e+01
-7.004180821172705862e+01
-7.002610024845910175e+01
-7.001039228519114488e+01
-6.999468432192318801e+01
-6.997897635865523114e+01
-6.996326839538726006e+01
-6.994756043211930319e+01
-6.993185246885134632e+01
-6.991614450558338945e+01
-6.990043654231543258e+01
-6.988472857904747571e+01
-6.986902061577951883e+01
-6.985331265251156196e+01
-6.983760468924360509e+01
-6.982189672597564822e+01
-6.980618876270769135e+01
-6.979048079943973448e+01
-6.977477283617177761e+01
-6.975906487290382074e+01
-6.974335690963586387e+01
-6.972764894636790700e+01
-6.971194098309995013e+01
-6.969623301983199326e+01
-6.968052505656403639e+01
-6.966481709329607952e+01
-6.964910913002812265e+01
-6.963340116676016578e+01
-6.961769320349220891e+01
-6.960198524022425204e+01
-6.958627727695629517e+01
-6.957056931368833830e+01
-6.955486135042038143e+01
-6.953915338715242456e+01
-6.952344542388446769e+01
-6.950773746061651082e+01
-6.949202949734855395e+01
-6.947632153408059708e+01
-6.946061357081264021e+01
-6.944490560754468333e+01
-6.942919764427672646e+01
-6.941348968100876959e+01
-6.939778171774081272e+01
-6.938207375447285585e+01
-6.936636579120489898e+01
-6.935065782793694211e+01
-6.933494986466898524e+01
-6.931924190140102837e+01
-6.930353393813307150e+01
-6.928782597486511463e+01
-6.927211801159715776e+01
-6.925641004832920089e+01
-6.924070208506124402e+01
-6.922499412179328715e+01
-6.920928615852533028e+01
-6.919357819525737341e+01
-6.917787023198941654e+01
-6.916216226872145967e+01
-6.914645430545350280e+01
-6.913074634218554593e+01
-6.911503837891758906e+01
-6.909933041564963219e+01
-6.908362245238167532e+01
-6.906791448911371845e+01
-6.905220652584576158e+01
-6.903649856257780471e+01
-6.902079059930984783e+01
-6.900508263604189096e+01
-6.898937467277393409e+01
-6.897366670950597722e+01
-6.895795874623802035e+01
-6.894225078297006348e+01
-6.892654281970210661e+01
-6.891083485643414974e+01
-6.889512689316619287e+01
-6.887941892989823600e+01
-6.886371096663027913e+01
-6.884800300336232226e+01
-6.883229504009436539e+01
-6.881658707682640852e+01
-6.880087911355845165e+01
-6.878517115029049478e+01
-6.876946318702253791e+01
-6.875375522375458104e+01
-6.873804726048662417e+01
-6.872233929721866730e+01
-6.870663133395071043e+01
-6.869092337068275356e+01
-6.867521540741479669e+01
-6.865950744414683982e+01
-6.864379948087888295e+01
-6.862809151761092608e+01
-6.861238355434296921e+01
-6.859667559107501233e+01
-6.858096762780705546e+01
-6.856525966453909859e+01
-6.854955170127114172e+01
-6.853384373800318485e+01
-6.851813577473522798e+01
-6.850242781146727111e+01
-6.848671984819931424e+01
-6.847101188493135737e+01
-6.845530392166340050e+01
-6.843959595839544363e+01
-6.842388799512748676e+01
-6.840818003185952989e+01
-6.839247206859157302e+01
-6.837676410532361615e+01
-6.836105614205565928e+01
-6.834534817878770241e+01
-6.832964021551974554e+01
-6.831393225225178867e+01
-6.829822428898383180e+01
-6.828251632571587493e+01
-6.826680836244790385e+01
-6.825110039917994698e+01
-6.823539243591199011e+01
-6.821968447264403324e+01
-6.820397650937607636e+01
-6.818826854610811949e+01
-6.817256058284016262e+01
-6.815685261957220575e+01
-6.814114465630424888e+01
-6.812543669303629201e+01
-6.810972872976833514e+01
-6.809402076650037827e+01
-6.807831280323242140e+01
-6.806260483996446453e+01
-6.804689687669650766e+01
-6.803118891342855079e+01
-6.801548095016059392e+01
-6.799977298689263705e+01
-6.798406502362468018e+01
-6.796835706035672331e+01
-6.795264909708876644e+01
-6.793694113382080957e+01
-6.792123317055285270e+01
-6.790552520728489583e+01
-6.788981724401693896e+01
-6.787410928074898209e+01
-6.785840131748102522e+01
-6.784269335421306835e+01
-6.782698539094511148e+01
-6.781127742767715461e+01
-6.779556946440919774e+01
-6.777986150114124086e+01
-6.776415353787328399e+01
-6.774844557460532712e+01
-6.773273761133737025e+01
-6.771702964806941338e+01
-6.770132168480145651e+01
-6.768561372153349964e+01
-6.766990575826554277e+01
-6.765419779499758590e+01
-6.763848983172962903e+01
-6.762278186846167216e+01
-6.760707390519371529e+01
-6.759136594192575842e+01
-6.757565797865780155e+01
-6.755995001538984468e+01
-6.754424205212188781e+01
-6.752853408885393094e+01
-6.751282612558597407e+01
-6.749711816231801720e+01
-6.748141019905006033e+01
-6.746570223578210346e+01
-6.744999427251414659e+01
-6.743428630924618972e+01
-6.741857834597823285e+01
-6.740287038271027598e+01
-6.738716241944231911e+01
-6.737145445617436224e+01
-6.735574649290640536e+01
-6.734003852963844849e+01
-6.732433056637049162e+01
-6.730862260310253475e+01
-6.729291463983457788e+01
-6.727720667656662101e+01
-6.726149871329866414e+01
-6.724579075003070727e+01
-6.723008278676275040e+01
-6.721437482349479353e+01
-6.719866686022683666e+01
-6.718295889695887979e+01
-6.716725093369092292e+01
-6.715154297042296605e+01
-6.713583500715500918e+01
-6.712012704388705231e+01
-6.710441908061909544e+01
-6.708871111735113857e+01
-6.707300315408318170e+01
-6.705729519081522483e+01
-6.704158722754726796e+01
-6.702587926427931109e+01
-6.701017130101135422e+01
-6.699446333774339735e+01
-6.697875537447544048e+01
-6.696304741120748361e+01
-6.694733944793952674e+01
-6.693163148467156986e+01
-6.691592352140361299e+01
-6.690021555813565612e+01
-6.688450759486769925e+01
-6.686879963159974238e+01
-6.685309166833178551e+01
-6.683738370506382864e+01
-6.682167574179587177e+01
-6.680596777852791490e+01
-6.679025981525995803e+01
-6.677455185199200116e+01
-6.675884388872404429e+01
-6.674313592545608742e+01
-6.672742796218813055e+01
-6.671171999892017368e+01
-6.669601203565221681e+01
-6.668030407238425994e+01
-6.666459610911630307e+01
-6.664888814584834620e+01
-6.663318018258038933e+01
-6.661747221931243246e+01
-6.660176425604447559e+01
-6.658605629277651872e+01
-6.657034832950854764e+01
-6.655464036624059077e+01
-6.653893240297263389e+01
-6.652322443970467702e+01
-6.650751647643672015e+01
-6.649180851316876328e+01
-6.647610054990080641e+01
-6.646039258663284954e+01
-6.644468462336489267e+01
-6.642897666009693580e+01
-6.641326869682897893e+01
-6.639756073356102206e+01
-6.638185277029306519e+01
-6.636614480702510832e+01
-6.635043684375715145e+01
-6.633472888048919458e+01
-6.631902091722123771e+01
-6.630331295395328084e+01
-6.628760499068532397e+01
-6.627189702741736710e+01
-6.625618906414941023e+01
-6.624048110088145336e+01
-6.622477313761349649e+01
-6.620906517434553962e+01
-6.619335721107758275e+01
-6.617764924780962588e+01
-6.616194128454166901e+01
-6.614623332127371214e+01
-6.613052535800575527e+01
-6.611481739473779839e+01
-6.609910943146984152e+01
-6.608340146820188465e+01
-6.606769350493392778e+01
-6.605198554166597091e+01
-6.603627757839801404e+01
-6.602056961513005717e+01
-6.600486165186210030e+01
-6.598915368859414343e+01
-6.597344572532618656e+01
-6.595773776205822969e+01
-6.594202979879027282e+01
-6.592632183552231595e+01
-6.591061387225435908e+01
-6.589490590898640221e+01
-6.587919794571844534e+01
-6.586348998245048847e+01
-6.584778201918253160e+01
-6.583207405591457473e+01
-6.581636609264661786e+01
-6.580065812937866099e+01
-6.578495016611070412e+01
-6.576924220284274725e+01
-6.575353423957479038e+01
-6.573782627630683351e+01
-6.572211831303887664e+01
-6.570641034977091977e+01
-6.569070238650296290e+01
-6.567499442323500602e+01
-6.565928645996704915e+01
-6.564357849669909228e+01
-6.562787053343113541e+01
-6.561216257016317854e+01
-6.559645460689522167e+01
-6.558074664362726480e+01
-6.556503868035930793e+01
-6.554933071709135106e+01
-6.553362275382339419e+01
-6.551791479055543732e+01
-6.550220682728748045e+01
-6.548649886401952358e+01
-6.547079090075156671e+01
-6.545508293748360984e+01
-6.543937497421565297e+01
-6.542366701094769610e+01
-6.540795904767973923e+01
-6.539225108441178236e+01
-6.537654312114382549e+01
-6.536083515787586862e+01
-6.534512719460791175e+01
-6.532941923133995488e+01
-6.531371126807199801e+01
-6.529800330480404114e+01
-6.528229534153608427e+01
-6.526658737826812740e+01
-6.525087941500017052e+01
-6.523517145173221365e+01
-6.521946348846425678e+01
-6.520375552519629991e+01
-6.518804756192834304e+01
-6.517233959866038617e+01
-6.515663163539242930e+01
-6.514092367212447243e+01
-6.512521570885651556e+01
-6.510950774558855869e+01
-6.509379978232060182e+01
-6.507809181905264495e+01
-6.506238385578468808e+01
-6.504667589251673121e+01
-6.503096792924877434e+01
-6.501525996598081747e+01
-6.499955200271286060e+01
-6.498384403944490373e+01
-6.496813607617694686e+01
-6.495242811290898999e+01
-6.493672014964103312e+01
-6.492101218637307625e+01
-6.490530422310511938e+01
-6.488959625983716251e+01
-6.487388829656920564e+01
-6.485818033330123455e+01
-6.484247237003327768e+01
-6.482676440676532081e+01
-6.481105644349736394e+01
-6.479534848022940707e+01
-6.477964051696145020e+01
-6.476393255369349333e+01
-6.474822459042553646e+01
-6.473251662715757959e+01
-6.471680866388962272e+01
-6.470110070062166585e+01
-6.468539273735370898e+01
-6.466968477408575211e+01
-6.465397681081779524e+01
-6.463826884754983837e+01
-6.462256088428188150e+01
-6.460685292101392463e+01
-6.459114495774596776e+01
-6.457543699447801089e+01
-6.455972903121005402e+01
-6.454402106794209715e+01
-6.452831310467414028e+01
-6.451260514140618341e+01
-6.449689717813822654e+01
-6.448118921487026967e+01
-6.446548125160231280e+01
-6.444977328833435593e+01
-6.443406532506639905e+01
-6.441835736179844218e+01
-6.440264939853048531e+01
-6.438694143526252844e+01
-6.437123347199457157e+01
-6.435552550872661470e+01
-6.433981754545865783e+01
-6.432410958219070096e+01
-6.430840161892274409e+01
-6.429269365565478722e+01
-6.427698569238683035e+01
-6.426127772911887348e+01
-6.424556976585091661e+01
-6.422986180258295974e+01
-6.421415383931500287e+01
-6.419844587604704600e+01
-6.418273791277908913e+01
-6.416702994951113226e+01
-6.415132198624317539e+01
-6.413561402297521852e+01
-6.411990605970726165e+01
-6.410419809643930478e+01
-6.408849013317134791e+01
-6.407278216990339104e+01
-6.405707420663543417e+01
-6.404136624336747730e+01
-6.402565828009952043e+01
-6.400995031683156355e+01
-6.399424235356360668e+01
-6.397853439029564981e+01
-6.396282642702769294e+01
-6.394711846375973607e+01
-6.393141050049177920e+01
-6.391570253722382233e+01
-6.389999457395586546e+01
-6.388428661068790859e+01
-6.386857864741995172e+01
-6.385287068415199485e+01
-6.383716272088403798e+01
-6.382145475761608111e+01
-6.380574679434812424e+01
-6.379003883108016737e+01
-6.377433086781221050e+01
-6.375862290454425363e+01
-6.374291494127629676e+01
-6.372720697800833989e+01
-6.371149901474038302e+01
-6.369579105147242615e+01
-6.368008308820446928e+01
-6.366437512493651241e+01
-6.364866716166855554e+01
-6.363295919840059867e+01
-6.361725123513264180e+01
-6.360154327186468493e+01
-6.358583530859672095e+01
-6.357012734532876408e+01
-6.355441938206080721e+01
-6.353871141879285034e+01
-6.352300345552489347e+01
-6.350729549225693660e+01
-6.349158752898897973e+01
-6.347587956572102286e+01
-6.346017160245306599e+01
-6.344446363918510912e+01
-6.342875567591715225e+01
-6.341304771264919538e+01
-6.339733974938123851e+01
-6.338163178611328163e+01
-6.336592382284532476e+01
-6.335021585957736789e+01
-6.333450789630941102e+01
-6.331879993304145415e+01
-6.330309196977349728e+01
-6.328738400650554041e+01
-6.327167604323758354e+01
-6.325596807996962667e+01
-6.324026011670166980e+01
-6.322455215343371293e+01
-6.320884419016575606e+01
-6.319313622689779919e+01
-6.317742826362984232e+01
-6.316172030036188545e+01
-6.314601233709392858e+01
-6.313030437382597171e+01
-6.311459641055801484e+01
-6.309888844729005797e+01
-6.308318048402210110e+01
-6.306747252075414423e+01
-6.305176455748618736e+01
-6.303605659421823049e+01
-6.302034863095027362e+01
-6.300464066768231675e+01
-6.298893270441435988e+01
-6.297322474114640301e+01
-6.295751677787844613e+01
-6.294180881461048926e+01
-6.292610085134253239e+01
-6.291039288807457552e+01
-6.289468492480661865e+01
-6.287897696153866178e+01
-6.286326899827070491e+01
-6.284756103500274804e+01
-6.283185307173479117e+01
-6.281614510846683430e+01
-6.280043714519887743e+01
-6.278472918193092056e+01
-6.276902121866296369e+01
-6.275331325539500682e+01
-6.273760529212704284e+01
-6.272189732885908597e+01
-6.270618936559112910e+01
-6.269048140232317223e+01
-6.267477343905521536e+01
-6.265906547578725849e+01
-6.264335751251930162e+01
-6.262764954925134475e+01
-6.261194158598338788e+01
-6.259623362271543101e+01
-6.258052565944747414e+01
-6.256481769617951727e+01
-6.254910973291156040e+01
-6.253340176964360353e+01
-6.251769380637564666e+01
-6.250198584310768979e+01
-6.248627787983973292e+01
-6.247056991657177605e+01
-6.245486195330381918e+01
-6.243915399003586231e+01
-6.242344602676790544e+01
-6.240773806349994857e+01
-6.239203010023199170e+01
-6.237632213696403483e+01
-6.236061417369607796e+01
-6.234490621042812108e+01
-6.232919824716016421e+01
-6.231349028389220734e+01
-6.229778232062425047e+01
-6.228207435735629360e+01
-6.226636639408833673e+01
-6.225065843082037986e+01
-6.223495046755242299e+01
-6.221924250428446612e+01
-6.220353454101650925e+01
-6.218782657774855238e+01
-6.217211861448059551e+01
-6.215641065121263864e+01
-6.214070268794468177e+01
-6.212499472467672490e+01
-6.210928676140876803e+01
-6.209357879814081116e+01
-6.207787083487285429e+01
-6.206216287160489742e+01
-6.204645490833694055e+01
-6.203074694506898368e+01
-6.201503898180102681e+01
-6.199933101853306994e+01
-6.198362305526511307e+01
-6.196791509199715620e+01
-6.195220712872919933e+01
-6.193649916546124246e+01
-6.192079120219328559e+01
-6.190508323892532871e+01
-6.188937527565736474e+01
-6.187366731238940787e+01
-6.185795934912145100e+01
-6.184225138585349413e+01
-6.182654342258553726e+01
-6.181083545931758039e+01
-6.179512749604962352e+01
-6.177941953278166665e+01
-6.176371156951370978e+01
-6.174800360624575291e+01
-6.173229564297779604e+01
-6.171658767970983916e+01
-6.170087971644188229e+01
-6.168517175317392542e+01
-6.166946378990596855e+01
-6.165375582663801168e+01
-6.163804786337005481e+01
-6.162233990010209794e+01
-6.160663193683414107e+01
-6.159092397356618420e+01
-6.157521601029822733e+01
-6.155950804703027046e+01
-6.154380008376231359e+01
-6.152809212049435672e+01
-6.151238415722639985e+01
-6.149667619395844298e+01
-6.148096823069048611e+01
-6.146526026742252924e+01
-6.144955230415457237e+01
-6.143384434088661550e+01
-6.141813637761865863e+01
-6.140242841435070176e+01
-6.138672045108274489e+01
-6.137101248781478802e+01
-6.135530452454683115e+01
-6.133959656127887428e+01
-6.132388859801091741e+01
-6.130818063474296054e+01
-6.129247267147500366e+01
-6.127676470820704679e+01
-6.126105674493908992e+01
-6.124534878167113305e+01
-6.122964081840317618e+01
-6.121393285513521931e+01
-6.119822489186726244e+01
-6.118251692859930557e+01
-6.116680896533134870e+01
-6.115110100206339183e+01
-6.113539303879543496e+01
-6.111968507552747809e+01
-6.110397711225952122e+01
-6.108826914899156435e+01
-6.107256118572360748e+01
-6.105685322245565061e+01
-6.104114525918768663e+01
-6.102543729591972976e+01
-6.100972933265177289e+01
-6.099402136938381602e+01
-6.097831340611585915e+01
-6.096260544284790228e+01
-6.094689747957994541e+01
-6.093118951631198854e+01
-6.091548155304403167e+01
-6.089977358977607480e+01
-6.088406562650811793e+01
-6.086835766324016106e+01
-6.085264969997220419e+01
-6.083694173670424732e+01
-6.082123377343629045e+01
-6.080552581016833358e+01
-6.078981784690037671e+01
-6.077410988363241984e+01
-6.075840192036446297e+01
-6.074269395709650610e+01
-6.072698599382854923e+01
-6.071127803056059236e+01
-6.069557006729263549e+01
-6.067986210402467862e+01
-6.066415414075672174e+01
-6.064844617748876487e+01
-6.063273821422080800e+01
-6.061703025095285113e+01
-6.060132228768489426e+01
-6.058561432441693739e+01
-6.056990636114898052e+01
-6.055419839788102365e+01
-6.053849043461306678e+01
-6.052278247134510991e+01
-6.050707450807715304e+01
-6.049136654480919617e+01
-6.047565858154123930e+01
-6.045995061827328243e+01
-6.044424265500532556e+01
-6.042853469173736869e+01
-6.041282672846941182e+01
-6.039711876520145495e+01
-6.038141080193349808e+01
-6.036570283866554121e+01
-6.034999487539758434e+01
-6.033428691212962747e+01
-6.031857894886167060e+01
-6.030287098559371373e+01
-6.028716302232575686e+01
-6.027145505905779999e+01
-6.025574709578984312e+01
-6.024003913252188624e+01
-6.022433116925392937e+01
-6.020862320598597250e+01
-6.019291524271800853e+01
-6.017720727945005166e+01
-6.016149931618209479e+01
-6.014579135291413792e+01
-6.013008338964618105e+01
-6.011437542637822418e+01
-6.009866746311026731e+01
-6.008295949984231044e+01
-6.006725153657435357e+01
-6.005154357330639669e+01
-6.003583561003843982e+01
-6.002012764677048295e+01
-6.000441968350252608e+01
-5.998871172023456921e+01
-5.997300375696661234e+01
-5.995729579369865547e+01
-5.994158783043069860e+01
-5.992587986716274173e+01
-5.991017190389478486e+01
-5.989446394062682799e+01
-5.987875597735887112e+01
-5.986304801409091425e+01
-5.984734005082295738e+01
-5.983163208755500051e+01
-5.981592412428704364e+01
-5.980021616101908677e+01
-5.978450819775112990e+01
-5.976880023448317303e+01
-5.975309227121521616e+01
-5.973738430794725929e+01
-5.972167634467930242e+01
-5.970596838141134555e+01
-5.969026041814338868e+01
-5.967455245487543181e+01
-5.965884449160747494e+01
-5.964313652833951807e+01
-5.962742856507156120e+01
-5.961172060180360432e+01
-5.959601263853564745e+01
-5.958030467526769058e+01
-5.956459671199973371e+01
-5.954888874873177684e+01
-5.953318078546381997e+01
-5.951747282219586310e+01
-5.950176485892790623e+01
-5.948605689565994936e+01
-5.947034893239199249e+01
-5.945464096912403562e+01
-5.943893300585607875e+01
-5.942322504258812188e+01
-5.940751707932016501e+01
-5.939180911605220814e+01
-5.937610115278425127e+01
-5.936039318951629440e+01
-5.934468522624833753e+01
-5.932897726298037355e+01
-5.931326929971241668e+01
-5.929756133644445981e+01
-5.928185337317650294e+01
-5.926614540990854607e+01
-5.925043744664058920e+01
-5.923472948337263233e+01
-5.921902152010467546e+01
-5.920331355683671859e+01
-5.918760559356876172e+01
-5.917189763030080485e+01
-5.915618966703284798e+01
-5.914048170376489111e+01
-5.912477374049693424e+01
-5.910906577722897737e+01
-5.909335781396102050e+01
-5.907764985069306363e+01
-5.906194188742510676e+01
-5.904623392415714989e+01
-5.903052596088919302e+01
-5.901481799762123615e+01
-5.899911003435327927e+01
-5.898340207108532240e+01
-5.896769410781736553e+01
-5.895198614454940866e+01
-5.893627818128145179e+01
-5.892057021801349492e+01
-5.890486225474553805e+01
-5.888915429147758118e+01
-5.887344632820962431e+01
-5.885773836494166744e+01
-5.884203040167371057e+01
-5.882632243840575370e+01
-5.881061447513779683e+01
-5.879490651186983996e+01
-5.877919854860188309e+01
-5.876349058533392622e+01
-5.874778262206596935e+01
-5.873207465879801248e+01
-5.871636669553005561e+01
-5.870065873226209874e+01
-5.868495076899414187e+01
-5.866924280572618500e+01
-5.865353484245822813e+01
-5.863782687919027126e+01
-5.862211891592231439e+01
-5.860641095265435752e+01
-5.859070298938640065e+01
-5.857499502611844377e+01
-5.855928706285048690e+01
-5.854357909958253003e+01
-5.852787113631457316e+01
-5.851216317304661629e+01
-5.849645520977865942e+01
-5.848074724651069545e+01
-5.846503928324273858e+01
-5.844933131997478171e+01
-5.843362335670682484e+01
-5.841791539343886797e+01
-5.840220743017091110e+01
-5.838649946690295423e+01
-5.837079150363499735e+01
-5.835508354036704048e+01
-5.833937557709908361e+01
-5.832366761383112674e+01
-5.830795965056316987e+01
-5.829225168729521300e+01
-5.827654372402725613e+01
-5.826083576075929926e+01
-5.824512779749134239e+01
-5.822941983422338552e+01
-5.821371187095542865e+01
-5.819800390768747178e+01
-5.818229594441951491e+01
-5.816658798115155804e+01
-5.815088001788360117e+01
-5.813517205461564430e+01
-5.811946409134768743e+01
-5.810375612807973056e+01
-5.808804816481177369e+01
-5.807234020154381682e+01
-5.805663223827585995e+01
-5.804092427500790308e+01
-5.802521631173994621e+01
-5.800950834847198934e+01
-5.799380038520403247e+01
-5.797809242193607560e+01
-5.796238445866811873e+01
-5.794667649540016185e+01
-5.793096853213220498e+01
-5.791526056886424811e+01
-5.789955260559629124e+01
-5.788384464232833437e+01
-5.786813667906037750e+01
-5.785242871579242063e+01
-5.783672075252446376e+01
-5.782101278925650689e+01
-5.780530482598855002e+01
-5.778959686272059315e+01
-5.777388889945263628e+01
-5.775818093618467941e+01
-5.774247297291672254e+01
-5.772676500964876567e+01
-5.771105704638080880e+01
-5.769534908311285193e+01
-5.767964111984489506e+01
-5.766393315657693819e+01
-5.764822519330898132e+01
-5.763251723004101734e+01
-5.761680926677306047e+01
-5.760110130350510360e+01
-5.758539334023714673e+01
-5.756968537696918986e+01
-5.755397741370123299e+01
-5.753826945043327612e+01
-5.752256148716531925e+01
-5.750685352389736238e+01
-5.749114556062940551e+01
-5.747543759736144864e+01
-5.745972963409349177e+01
-5.744402167082553490e+01
-5.742831370755757803e+01
-5.741260574428962116e+01
-5.739689778102166429e+01
-5.738118981775370742e+01
-5.736548185448575055e+01
-5.734977389121779368e+01
-5.733406592794983681e+01
-5.731835796468187993e+01
-5.730265000141392306e+01
-5.728694203814596619e+01
-5.727123407487800932e+01
-5.725552611161005245e+01
-5.723981814834209558e+01
-5.722411018507413871e+01
-5.720840222180618184e+01
-5.719269425853822497e+01
-5.717698629527026810e+01
-5.716127833200231123e+01
-5.714557036873435436e+01
-5.712986240546639749e+01
-5.711415444219844062e+01
-5.709844647893048375e+01
-5.708273851566252688e+01
-5.706703055239457001e+01
-5.705132258912661314e+01
-5.703561462585865627e+01
-5.701990666259069940e+01
-5.700419869932274253e+01
-5.698849073605478566e+01
-5.697278277278682879e+01
-5.695707480951887192e+01
-5.694136684625091505e+01
-5.692565888298295818e+01
-5.690995091971500131e+01
-5.689424295644704443e+01
-5.687853499317908756e+01
-5.686282702991113069e+01
-5.684711906664317382e+01
-5.683141110337521695e+01
-5.681570314010726008e+01
-5.679999517683930321e+01
-5.678428721357133924e+01
-5.676857925030338237e+01
-5.675287128703542550e+01
-5.673716332376746863e+01
-5.672145536049951176e+01
-5.670574739723155488e+01
-5.669003943396359801e+01
-5.667433147069564114e+01
-5.665862350742768427e+01
-5.664291554415972740e+01
-5.662720758089177053e+01
-5.661149961762381366e+01
-5.659579165435585679e+01
-5.658008369108789992e+01
-5.656437572781994305e+01
-5.654866776455198618e+01
-5.653295980128402931e+01
-5.651725183801607244e+01
-5.650154387474811557e+01
-5.648583591148015870e+01
-5.647012794821220183e+01
-5.645441998494424496e+01
-5.643871202167628809e+01
-5.642300405840833122e+01
-5.640729609514037435e+01
-5.639158813187241748e+01
-5.637588016860446061e+01
-5.636017220533650374e+01
-5.634446424206854687e+01
-5.632875627880059000e+01
-5.631304831553263313e+01
-5.629734035226467626e+01
-5.628163238899671938e+01
-5.626592442572876251e+01
-5.625021646246080564e+01
-5.623450849919284877e+01
-5.621880053592489190e+01
-5.620309257265693503e+01
-5.618738460938897816e+01
-5.617167664612102129e+01
-5.615596868285306442e+01
-5.614026071958510755e+01
-5.612455275631715068e+01
-5.610884479304919381e+01
-5.609313682978123694e+01
-5.607742886651328007e+01
-5.606172090324532320e+01
-5.604601293997736633e+01
-5.603030497670940946e+01
-5.601459701344145259e+01
-5.599888905017349572e+01
-5.598318108690553885e+01
-5.596747312363758198e+01
-5.595176516036962511e+01
-5.593605719710166113e+01
-5.592034923383370426e+01
-5.590464127056574739e+01
-5.588893330729779052e+01
-5.587322534402983365e+01
-5.585751738076187678e+01
-5.584180941749391991e+01
-5.582610145422596304e+01
-5.581039349095800617e+01
-5.579468552769004930e+01
-5.577897756442209243e+01
-5.576326960115413556e+01
-5.574756163788617869e+01
-5.573185367461822182e+01
-5.571614571135026495e+01
-5.570043774808230808e+01
-5.568472978481435121e+01
-5.566902182154639434e+01
-5.565331385827843746e+01
-5.563760589501048059e+01
-5.562189793174252372e+01
-5.560618996847456685e+01
-5.559048200520660998e+01
-5.557477404193865311e+01
-5.555906607867069624e+01
-5.554335811540273937e+01
-5.552765015213478250e+01
-5.551194218886682563e+01
-5.549623422559886876e+01
-5.548052626233091189e+01
-5.546481829906295502e+01
-5.544911033579499815e+01
-5.543340237252704128e+01
-5.541769440925908441e+01
-5.540198644599112754e+01
-5.538627848272317067e+01
-5.537057051945521380e+01
-5.535486255618725693e+01
-5.533915459291930006e+01
-5.532344662965134319e+01
-5.530773866638338632e+01
-5.529203070311542945e+01
-5.527632273984747258e+01
-5.526061477657951571e+01
-5.524490681331155884e+01
-5.522919885004360196e+01
-5.521349088677564509e+01
-5.519778292350768822e+01
-5.518207496023973135e+01
-5.516636699697177448e+01
-5.515065903370381761e+01
-5.513495107043586074e+01
-5.511924310716790387e+01
-5.510353514389994700e+01
-5.508782718063198303e+01
-5.507211921736402616e+01
-5.505641125409606929e+01
-5.504070329082811242e+01
-5.502499532756015554e+01
-5.500928736429219867e+01
-5.499357940102424180e+01
-5.497787143775628493e+01
-5.496216347448832806e+01
-5.494645551122037119e+01
-5.493074754795241432e+01
-5.491503958468445745e+01
-5.489933162141650058e+01
-5.488362365814854371e+01
-5.486791569488058684e+01
-5.485220773161262997e+01
-5.483649976834467310e+01
-5.482079180507671623e+01
-5.480508384180875936e+01
-5.478937587854080249e+01
-5.477366791527284562e+01
-5.475795995200488875e+01
-5.474225198873693188e+01
-5.472654402546897501e+01
-5.471083606220101814e+01
-5.469512809893306127e+01
-5.467942013566510440e+01
-5.466371217239714753e+01
-5.464800420912919066e+01
-5.463229624586123379e+01
-5.461658828259327692e+01
-5.460088031932532004e+01
-5.458517235605736317e+01
-5.456946439278940630e+01
-5.455375642952144943e+01
-5.453804846625349256e+01
-5.452234050298553569e+01
-5.450663253971757882e+01
-5.449092457644962195e+01
-5.447521661318166508e+01
-5.445950864991370821e+01
-5.444380068664575134e+01
-5.442809272337779447e+01
-5.441238476010983760e+01
-5.439667679684188073e+01
-5.438096883357392386e+01
-5.436526087030596699e+01
-5.434955290703801012e+01
-5.433384494377005325e+01
-5.431813698050209638e+01
-5.430242901723413951e+01
-5.428672105396618264e+01
-5.427101309069822577e+01
-5.425530512743026890e+01
-5.423959716416230492e+01
-5.422388920089434805e+01
-5.420818123762639118e+01
-5.419247327435843431e+01
-5.417676531109047744e+01
-5.416105734782252057e+01
-5.414534938455456370e+01
-5.412964142128660683e+01
-5.411393345801864996e+01
-5.409822549475069309e+01
-5.408251753148273622e+01
-5.406680956821477935e+01
-5.405110160494682248e+01
-5.403539364167886561e+01
-5.401968567841090874e+01
-5.400397771514295187e+01
-5.398826975187499499e+01
-5.397256178860703812e+01
-5.395685382533908125e+01
-5.394114586207112438e+01
-5.392543789880316751e+01
-5.390972993553521064e+01
-5.389402197226725377e+01
-5.387831400899929690e+01
-5.386260604573134003e+01
-5.384689808246338316e+01
-5.383119011919542629e+01
-5.381548215592746942e+01
-5.379977419265951255e+01
-5.378406622939155568e+01
-5.376835826612359881e+01
-5.375265030285564194e+01
-5.373694233958768507e+01
-5.372123437631972820e+01
-5.370552641305177133e+01
-5.368981844978381446e+01
-5.367411048651585759e+01
-5.365840252324790072e+01
-5.364269455997994385e+01
-5.362698659671198698e+01
-5.361127863344403011e+01
-5.359557067017607324e+01
-5.357986270690811637e+01
-5.356415474364015950e+01
-5.354844678037220262e+01
-5.353273881710424575e+01
-5.351703085383628888e+01
-5.350132289056833201e+01
-5.348561492730037514e+01
-5.346990696403241827e+01
-5.345419900076446140e+01
-5.343849103749650453e+01
-5.342278307422854766e+01
-5.340707511096059079e+01
-5.339136714769263392e+01
-5.337565918442466995e+01
-5.335995122115671307e+01
-5.334424325788875620e+01
-5.332853529462079933e+01
-5.331282733135284246e+01
-5.329711936808488559e+01
-5.328141140481692872e+01
-5.326570344154897185e+01
-5.324999547828101498e+01
-5.323428751501305811e+01
-5.321857955174510124e+01
-5.320287158847714437e+01
-5.318716362520918750e+01
-5.317145566194123063e+01
-5.315574769867327376e+01
-5.314003973540531689e+01
-5.312433177213736002e+01
-5.310862380886940315e+01
-5.309291584560144628e+01
-5.307720788233348941e+01
-5.306149991906553254e+01
-5.304579195579757567e+01
-5.303008399252961880e+01
-5.301437602926166193e+01
-5.299866806599370506e+01
-5.298296010272574819e+01
-5.296725213945779132e+01
-5.295154417618983445e+01
-5.293583621292187757e+01
-5.292012824965392070e+01
-5.290442028638596383e+01
-5.288871232311800696e+01
-5.287300435985005009e+01
-5.285729639658209322e+01
-5.284158843331413635e+01
-5.282588047004617948e+01
-5.281017250677822261e+01
-5.279446454351026574e+01
-5.277875658024230887e+01
-5.276304861697435200e+01
-5.274734065370639513e+01
-5.273163269043843826e+01
-5.271592472717048139e+01
-5.270021676390252452e+01
-5.268450880063456765e+01
-5.266880083736661078e+01
-5.265309287409865391e+01
-5.263738491083069704e+01
-5.262167694756274017e+01
-5.260596898429478330e+01
-5.259026102102682643e+01
-5.257455305775886956e+01
-5.255884509449091269e+01
-5.254313713122295582e+01
-5.252742916795499184e+01
-5.251172120468703497e+01
-5.249601324141907810e+01
-5.248030527815112123e+01
-5.246459731488316436e+01
-5.244888935161520749e+01
-5.243318138834725062e+01
-5.241747342507929375e+01
-5.240176546181133688e+01
-5.238605749854338001e+01
-5.237034953527542314e+01
-5.235464157200746627e+01
-5.233893360873950940e+01
-5.232322564547155253e+01
-5.230751768220359565e+01
-5.229180971893563878e+01
-5.227610175566768191e+01
-5.226039379239972504e+01
-5.224468582913176817e+01
-5.222897786586381130e+01
-5.221326990259585443e+01
-5.219756193932789756e+01
-5.218185397605994069e+01
-5.216614601279198382e+01
-5.215043804952402695e+01
-5.213473008625607008e+01
-5.211902212298811321e+01
-5.210331415972015634e+01
-5.208760619645219947e+01
-5.207189823318424260e+01
-5.205619026991628573e+01
-5.204048230664832886e+01
-5.202477434338037199e+01
-5.200906638011241512e+01
-5.199335841684445825e+01
-5.197765045357650138e+01
-5.196194249030854451e+01
-5.194623452704058764e+01
-5.193052656377263077e+01
-5.191481860050467390e+01
-5.189911063723671703e+01
-5.188340267396876015e+01
-5.186769471070080328e+01
-5.185198674743284641e+01
-5.183627878416488954e+01
-5.182057082089693267e+01
-5.180486285762897580e+01
-5.178915489436101893e+01
-5.177344693109306206e+01
-5.175773896782510519e+01
-5.174203100455714832e+01
-5.172632304128919145e+01
-5.171061507802123458e+01
-5.169490711475327771e+01
-5.167919915148531373e+01
-5.166349118821735686e+01
-5.164778322494939999e+01
-5.163207526168144312e+01
-5.161636729841348625e+01
-5.160065933514552938e+01
-5.158495137187757251e+01
-5.156924340860961564e+01
-5.155353544534165877e+01
-5.153782748207370190e+01
-5.152211951880574503e+01
-5.150641155553778816e+01
-5.149070359226983129e+01
-5.147499562900187442e+01
-5.145928766573391755e+01
-5.144357970246596068e+01
-5.142787173919800381e+01
-5.141216377593004694e+01
-5.139645581266209007e+01
-5.138074784939413320e+01
-5.136503988612617633e+01
-5.134933192285821946e+01
-5.133362395959026259e+01
-5.131791599632230572e+01
-5.130220803305434885e+01
-5.128650006978639198e+01
-5.127079210651843511e+01
-5.125508414325047823e+01
-5.123937617998252136e+01
-5.122366821671456449e+01
-5.120796025344660762e+01
-5.119225229017865075e+01
-5.117654432691069388e+01
-5.116083636364273701e+01
-5.114512840037478014e+01
-5.112942043710682327e+01
-5.111371247383886640e+01
-5.109800451057090953e+01
-5.108229654730295266e+01
-5.106658858403499579e+01
-5.105088062076703892e+01
-5.103517265749908205e+01
-5.101946469423112518e+01
-5.100375673096316831e+01
-5.098804876769521144e+01
-5.097234080442725457e+01
-5.095663284115929770e+01
-5.094092487789134083e+01
-5.092521691462338396e+01
-5.090950895135542709e+01
-5.089380098808747022e+01
-5.087809302481951335e+01
-5.086238506155155648e+01
-5.084667709828359961e+01
-5.083096913501563563e+01
-5.081526117174767876e+01
-5.079955320847972189e+01
-5.078384524521176502e+01
-5.076813728194380815e+01
-5.075242931867585128e+01
-5.073672135540789441e+01
-5.072101339213993754e+01
-5.070530542887198067e+01
-5.068959746560402380e+01
-5.067388950233606693e+01
-5.065818153906811006e+01
-5.064247357580015318e+01
-5.062676561253219631e+01
-5.061105764926423944e+01
-5.059534968599628257e+01
-5.057964172272832570e+01
-5.056393375946036883e+01
-5.054822579619241196e+01
-5.053251783292445509e+01
-5.051680986965649822e+01
-5.050110190638854135e+01
-5.048539394312058448e+01
-5.046968597985262761e+01
-5.045397801658467074e+01
-5.043827005331671387e+01
-5.042256209004875700e+01
-5.040685412678080013e+01
-5.039114616351284326e+01
-5.037543820024488639e+01
-5.035973023697692952e+01
-5.034402227370897265e+01
-5.032831431044101578e+01
-5.031260634717305891e+01
-5.029689838390510204e+01
-5.028119042063714517e+01
-5.026548245736918830e+01
-5.024977449410123143e+01
-5.023406653083327456e+01
-5.021835856756531768e+01
-5.020265060429736081e+01
-5.018694264102940394e+01
-5.017123467776144707e+01
-5.015552671449349020e+01
-5.013981875122553333e+01
-5.012411078795757646e+01
-5.010840282468961959e+01
-5.009269486142166272e+01
-5.007698689815370585e+01
-5.006127893488574898e+01
-5.004557097161779211e+01
-5.002986300834983524e+01
-5.001415504508187837e+01
-4.999844708181392150e+01
-4.998273911854595752e+01
-4.996703115527800065e+01
-4.995132319201004378e+01
-4.993561522874208691e+01
-4.991990726547413004e+01
-4.990419930220617317e+01
-4.988849133893821630e+01
-4.987278337567025943e+01
-4.985707541240230256e+01
-4.984136744913434569e+01
-4.982565948586638882e+01
-4.980995152259843195e+01
-4.979424355933047508e+01
-4.977853559606251821e+01
-4.976282763279456134e+01
-4.974711966952660447e+01
-4.973141170625864760e+01
-4.971570374299069073e+01
-4.969999577972273386e+01
-4.968428781645477699e+01
-4.966857985318682012e+01
-4.965287188991886325e+01
-4.963716392665090638e+01
-4.962145596338294951e+01
-4.960574800011499264e+01
-4.959004003684703576e+01
-4.957433207357907889e+01
-4.955862411031112202e+01
-4.954291614704316515e+01
-4.952720818377520828e+01
-4.951150022050725141e+01
-4.949579225723929454e+01
-4.948008429397133767e+01
-4.946437633070338080e+01
-4.944866836743542393e+01
-4.943296040416746706e+01
-4.941725244089951019e+01
-4.940154447763155332e+01
-4.938583651436359645e+01
-4.937012855109563958e+01
-4.935442058782768271e+01
-4.933871262455972584e+01
-4.932300466129176897e+01
-4.930729669802381210e+01
-4.929158873475585523e+01
-4.927588077148789836e+01
-4.926017280821994149e+01
-4.924446484495198462e+01
-4.922875688168402775e+01
-4.921304891841607088e+01
-4.919734095514811401e+01
-4.918163299188015714e+01
-4.916592502861220026e+01
-4.915021706534424339e+01
-4.913450910207627942e+01
-4.911880113880832255e+01
-4.910309317554036568e+01
-4.908738521227240881e+01
-4.907167724900445194e+01
-4.905596928573649507e+01
-4.904026132246853820e+01
-4.902455335920058133e+01
-4.900884539593262446e+01
-4.899313743266466759e+01
-4.897742946939671072e+01
-4.896172150612875384e+01
-4.894601354286079697e+01
-4.893030557959284010e+01
-4.891459761632488323e+01
-4.889888965305692636e+01
-4.888318168978896949e+01
-4.886747372652101262e+01
-4.885176576325305575e+01
-4.883605779998509888e+01
-4.882034983671714201e+01
-4.880464187344918514e+01
-4.878893391018122827e+01
-4.877322594691327140e+01
-4.875751798364531453e+01
-4.874181002037735766e+01
-4.872610205710940079e+01
-4.871039409384144392e+01
-4.869468613057348705e+01
-4.867897816730553018e+01
-4.866327020403757331e+01
-4.864756224076961644e+01
-4.863185427750165957e+01
-4.861614631423370270e+01
-4.860043835096574583e+01
-4.858473038769778896e+01
-4.856902242442983209e+01
-4.855331446116187522e+01
-4.853760649789391834e+01
-4.852189853462596147e+01
-4.850619057135800460e+01
-4.849048260809004773e+01
-4.847477464482209086e+01
-4.845906668155413399e+01
-4.844335871828617712e+01
-4.842765075501822025e+01
-4.841194279175026338e+01
-4.839623482848230651e+01
-4.838052686521434964e+01
-4.836481890194639277e+01
-4.834911093867843590e+01
-4.833340297541047903e+01
-4.831769501214252216e+01
-4.830198704887456529e+01
-4.828627908560660131e+01
-4.827057112233864444e+01
-4.825486315907068757e+01
-4.823915519580273070e+01
-4.822344723253477383e+01
-4.820773926926681696e+01
-4.819203130599886009e+01
-4.817632334273090322e+01
-4.816061537946294635e+01
-4.814490741619498948e+01
-4.812919945292703261e+01
-4.811349148965907574e+01
-4.809778352639111887e+01
-4.808207556312316200e+01
-4.806636759985520513e+01
-4.805065963658724826e+01
-4.803495167331929139e+01
-4.801924371005133452e+01
-4.800353574678337765e+01
-4.798782778351542078e+01
-4.797211982024746391e+01
-4.795641185697950704e+01
-4.794070389371155017e+01
-4.792499593044359329e+01
-4.790928796717563642e+01
-4.789358000390767955e+01
-4.787787204063972268e+01
-4.786216407737176581e+01
-4.784645611410380894e+01
-4.783074815083585207e+01
-4.781504018756789520e+01
-4.779933222429993833e+01
-4.778362426103198146e+01
-4.776791629776402459e+01
-4.775220833449606772e+01
-4.773650037122811085e+01
-4.772079240796015398e+01
-4.770508444469219711e+01
-4.768937648142424024e+01
-4.767366851815628337e+01
-4.765796055488832650e+01
-4.764225259162036963e+01
-4.762654462835241276e+01
-4.761083666508445589e+01
-4.759512870181649902e+01
-4.757942073854854215e+01
-4.756371277528058528e+01
-4.754800481201262841e+01
-4.753229684874467154e+01
-4.751658888547671467e+01
-4.750088092220875780e+01
-4.748517295894080092e+01
-4.746946499567284405e+01
-4.745375703240488718e+01
-4.743804906913692321e+01
-4.742234110586896634e+01
-4.740663314260100947e+01
-4.739092517933305260e+01
-4.737521721606509573e+01
-4.735950925279713886e+01
-4.734380128952918199e+01
-4.732809332626122512e+01
-4.731238536299326825e+01
-4.729667739972531137e+01
-4.728096943645735450e+01
-4.726526147318939763e+01
-4.724955350992144076e+01
-4.723384554665348389e+01
-4.721813758338552702e+01
-4.720242962011757015e+01
-4.718672165684961328e+01
-4.717101369358165641e+01
-4.715530573031369954e+01
-4.713959776704574267e+01
-4.712388980377778580e+01
-4.710818184050982893e+01
-4.709247387724187206e+01
-4.707676591397391519e+01
-4.706105795070595832e+01
-4.704534998743800145e+01
-4.702964202417004458e+01
-4.701393406090208771e+01
-4.699822609763413084e+01
-4.698251813436617397e+01
-4.696681017109821710e+01
-4.695110220783026023e+01
-4.693539424456230336e+01
-4.691968628129434649e+01
-4.690397831802638962e+01
-4.688827035475843275e+01
-4.687256239149047587e+01
-4.685685442822251900e+01
-4.684114646495456213e+01
-4.682543850168660526e+01
-4.680973053841864839e+01
-4.679402257515069152e+01
-4.677831461188273465e+01
-4.676260664861477778e+01
-4.674689868534682091e+01
-4.673119072207886404e+01
-4.671548275881090717e+01
-4.669977479554295030e+01
-4.668406683227499343e+01
-4.666835886900703656e+01
-4.665265090573907969e+01
-4.663694294247112282e+01
-4.662123497920316595e+01
-4.660552701593520908e+01
-4.658981905266725221e+01
-4.657411108939928823e+01
-4.655840312613133136e+01
-4.654269516286337449e+01
-4.652698719959541762e+01
-4.651127923632746075e+01
-4.649557127305950388e+01
-4.647986330979154701e+01
-4.646415534652359014e+01
-4.644844738325563327e+01
-4.643273941998767640e+01
-4.641703145671971953e+01
-4.640132349345176266e+01
-4.638561553018380579e+01
-4.636990756691584892e+01
-4.635419960364789205e+01
-4.633849164037993518e+01
-4.632278367711197831e+01
-4.630707571384402144e+01
-4.629136775057606457e+01
-4.627565978730810770e+01
-4.625995182404015083e+01
-4.624424386077219395e+01
-4.622853589750423708e+01
-4.621282793423628021e+01
-4.619711997096832334e+01
-4.618141200770036647e+01
-4.616570404443240960e+01
-4.614999608116445273e+01
-4.613428811789649586e+01
-4.611858015462853899e+01
-4.610287219136058212e+01
-4.608716422809262525e+01
-4.607145626482466838e+01
-4.605574830155671151e+01
-4.604004033828875464e+01
-4.602433237502079777e+01
-4.600862441175284090e+01
-4.599291644848488403e+01
-4.597720848521692716e+01
-4.596150052194897029e+01
-4.594579255868101342e+01
-4.593008459541305655e+01
-4.591437663214509968e+01
-4.589866866887714281e+01
-4.588296070560918594e+01
-4.586725274234122907e+01
-4.585154477907327220e+01
-4.583583681580531533e+01
-4.582012885253735845e+01
-4.580442088926940158e+01
-4.578871292600144471e+01
-4.577300496273348784e+01
-4.575729699946553097e+01
-4.574158903619757410e+01
-4.572588107292961013e+01
-4.571017310966165326e+01
-4.569446514639369639e+01
-4.567875718312573952e+01
-4.566304921985778265e+01
-4.564734125658982578e+01
-4.563163329332186890e+01
-4.561592533005391203e+01
-4.560021736678595516e+01
-4.558450940351799829e+01
-4.556880144025004142e+01
-4.555309347698208455e+01
-4.553738551371412768e+01
-4.552167755044617081e+01
-4.550596958717821394e+01
-4.549026162391025707e+01
-4.547455366064230020e+01
-4.545884569737434333e+01
-4.544313773410638646e+01
-4.542742977083842959e+01
-4.541172180757047272e+01
-4.539601384430251585e+01
-4.538030588103455898e+01
-4.536459791776660211e+01
-4.534888995449864524e+01
-4.533318199123068837e+01
-4.531747402796273150e+01
-4.530176606469477463e+01
-4.528605810142681776e+01
-4.527035013815886089e+01
-4.525464217489090402e+01
-4.523893421162294715e+01
-4.522322624835499028e+01
-4.520751828508703341e+01
-4.519181032181907653e+01
-4.517610235855111966e+01
-4.516039439528316279e+01
-4.514468643201520592e+01
-4.512897846874724905e+01
-4.511327050547929218e+01
-4.509756254221133531e+01
-4.508185457894337844e+01
-4.506614661567542157e+01
-4.505043865240746470e+01
-4.503473068913950783e+01
-4.501902272587155096e+01
-4.500331476260359409e+01
-4.498760679933563722e+01
-4.497189883606768035e+01
-4.495619087279972348e+01
-4.494048290953176661e+01
-4.492477494626380974e+01
-4.490906698299585287e+01
-4.489335901972789600e+01
-4.487765105645993202e+01
-4.486194309319197515e+01
-4.484623512992401828e+01
-4.483052716665606141e+01
-4.481481920338810454e+01
-4.479911124012014767e+01
-4.478340327685219080e+01
-4.476769531358423393e+01
-4.475198735031627706e+01
-4.473627938704832019e+01
-4.472057142378036332e+01
-4.470486346051240645e+01
-4.468915549724444958e+01
-4.467344753397649271e+01
-4.465773957070853584e+01
-4.464203160744057897e+01
-4.462632364417262210e+01
-4.461061568090466523e+01
-4.459490771763670836e+01
-4.457919975436875148e+01
-4.456349179110079461e+01
-4.454778382783283774e+01
-4.453207586456488087e+01
-4.451636790129692400e+01
-4.450065993802896713e+01
-4.448495197476101026e+01
-4.446924401149305339e+01
-4.445353604822509652e+01
-4.443782808495713965e+01
-4.442212012168918278e+01
-4.440641215842122591e+01
-4.439070419515326904e+01
-4.437499623188531217e+01
-4.435928826861735530e+01
-4.434358030534939843e+01
-4.432787234208144156e+01
-4.431216437881348469e+01
-4.429645641554552782e+01
-4.428074845227757095e+01
-4.426504048900961408e+01
-4.424933252574165721e+01
-4.423362456247370034e+01
-4.421791659920574347e+01
-4.420220863593778660e+01
-4.418650067266982973e+01
-4.417079270940187286e+01
-4.415508474613391598e+01
-4.413937678286595911e+01
-4.412366881959800224e+01
-4.410796085633004537e+01
-4.409225289306208850e+01
-4.407654492979413163e+01
-4.406083696652617476e+01
-4.404512900325821789e+01
-4.402942103999025392e+01
-4.401371307672229705e+01
-4.399800511345434018e+01
-4.398229715018638331e+01
-4.396658918691842644e+01
-4.395088122365046956e+01
-4.393517326038251269e+01
-4.391946529711455582e+01
-4.390375733384659895e+01
-4.388804937057864208e+01
-4.387234140731068521e+01
-4.385663344404272834e+01
-4.384092548077477147e+01
-4.382521751750681460e+01
-4.380950955423885773e+01
-4.379380159097090086e+01
-4.377809362770294399e+01
-4.376238566443498712e+01
-4.374667770116703025e+01
-4.373096973789907338e+01
-4.371526177463111651e+01
-4.369955381136315964e+01
-4.368384584809520277e+01
-4.366813788482724590e+01
-4.365242992155928903e+01
-4.363672195829133216e+01
-4.362101399502337529e+01
-4.360530603175541842e+01
-4.358959806848746155e+01
-4.357389010521950468e+01
-4.355818214195154781e+01
-4.354247417868359094e+01
-4.352676621541563406e+01
-4.351105825214767719e+01
-4.349535028887972032e+01
-4.347964232561176345e+01
-4.346393436234380658e+01
-4.344822639907584971e+01
-4.343251843580789284e+01
-4.341681047253993597e+01
-4.340110250927197910e+01
-4.338539454600402223e+01
-4.336968658273606536e+01
-4.335397861946810849e+01
-4.333827065620015162e+01
-4.332256269293219475e+01
-4.330685472966423788e+01
-4.329114676639628101e+01
-4.327543880312832414e+01
-4.325973083986036727e+01
-4.324402287659241040e+01
-4.322831491332445353e+01
-4.321260695005649666e+01
-4.319689898678853979e+01
-4.318119102352057581e+01
-4.316548306025261894e+01
-4.314977509698466207e+01
-4.313406713371670520e+01
-4.311835917044874833e+01
-4.310265120718079146e+01
-4.308694324391283459e+01
-4.307123528064487772e+01
-4.305552731737692085e+01
-4.303981935410896398e+01
-4.302411139084100711e+01
-4.300840342757305024e+01
-4.299269546430509337e+01
-4.297698750103713650e+01
-4.296127953776917963e+01
-4.294557157450122276e+01
-4.292986361123326589e+01
-4.291415564796530902e+01
-4.289844768469735214e+01
-4.288273972142939527e+01
-4.286703175816143840e+01
-4.285132379489348153e+01
-4.283561583162552466e+01
-4.281990786835756779e+01
-4.280419990508961092e+01
-4.278849194182165405e+01
-4.277278397855369718e+01
-4.275707601528574031e+01
-4.274136805201778344e+01
-4.272566008874982657e+01
-4.270995212548186970e+01
-4.269424416221391283e+01
-4.267853619894595596e+01
-4.266282823567799909e+01
-4.264712027241004222e+01
-4.263141230914208535e+01
-4.261570434587412848e+01
-4.259999638260617161e+01
-4.258428841933821474e+01
-4.256858045607025787e+01
-4.255287249280230100e+01
-4.253716452953434413e+01
-4.252145656626638726e+01
-4.250574860299843039e+01
-4.249004063973047352e+01
-4.247433267646251664e+01
-4.245862471319455977e+01
-4.244291674992660290e+01
-4.242720878665864603e+01
-4.241150082339068916e+01
-4.239579286012273229e+01
-4.238008489685477542e+01
-4.236437693358681855e+01
-4.234866897031886168e+01
-4.233296100705089771e+01
-4.231725304378294084e+01
-4.230154508051498397e+01
-4.228583711724702709e+01
-4.227012915397907022e+01
-4.225442119071111335e+01
-4.223871322744315648e+01
-4.222300526417519961e+01
-4.220729730090724274e+01
-4.219158933763928587e+01
-4.217588137437132900e+01
-4.216017341110337213e+01
-4.214446544783541526e+01
-4.212875748456745839e+01
-4.211304952129950152e+01
-4.209734155803154465e+01
-4.208163359476358778e+01
-4.206592563149563091e+01
-4.205021766822767404e+01
-4.203450970495971717e+01
-4.201880174169176030e+01
-4.200309377842380343e+01
-4.198738581515584656e+01
-4.197167785188788969e+01
-4.195596988861993282e+01
-4.194026192535197595e+01
-4.192455396208401908e+01
-4.190884599881606221e+01
-4.189313803554810534e+01
-4.187743007228014847e+01
-4.186172210901219159e+01
-4.184601414574423472e+01
-4.183030618247627785e+01
-4.181459821920832098e+01
-4.179889025594036411e+01
-4.178318229267240724e+01
-4.176747432940445037e+01
-4.175176636613649350e+01
-4.173605840286853663e+01
-4.172035043960057976e+01
-4.170464247633262289e+01
-4.168893451306466602e+01
-4.167322654979670915e+01
-4.165751858652875228e+01
-4.164181062326079541e+01
-4.162610265999283854e+01
-4.161039469672488167e+01
-4.159468673345692480e+01
-4.157897877018896793e+01
-4.156327080692101106e+01
-4.154756284365305419e+01
-4.153185488038509732e+01
-4.151614691711714045e+01
-4.150043895384918358e+01
-4.148473099058121960e+01
-4.146902302731326273e+01
-4.145331506404530586e+01
-4.143760710077734899e+01
-4.142189913750939212e+01
-4.140619117424143525e+01
-4.139048321097347838e+01
-4.137477524770552151e+01
-4.135906728443756464e+01
-4.134335932116960777e+01
-4.132765135790165090e+01
-4.131194339463369403e+01
-4.129623543136573716e+01
-4.128052746809778029e+01
-4.126481950482982342e+01
-4.124911154156186655e+01
-4.123340357829390967e+01
-4.121769561502595280e+01
-4.120198765175799593e+01
-4.118627968849003906e+01
-4.117057172522208219e+01
-4.115486376195412532e+01
-4.113915579868616845e+01
-4.112344783541821158e+01
-4.110773987215025471e+01
-4.109203190888229784e+01
-4.107632394561434097e+01
-4.106061598234638410e+01
-4.104490801907842723e+01
-4.102920005581047036e+01
-4.101349209254251349e+01
-4.099778412927455662e+01
-4.098207616600659975e+01
-4.096636820273864288e+01
-4.095066023947068601e+01
-4.093495227620272914e+01
-4.091924431293477227e+01
-4.090353634966681540e+01
-4.088782838639885853e+01
-4.087212042313090166e+01
-4.085641245986294479e+01
-4.084070449659498792e+01
-4.082499653332703105e+01
-4.080928857005907417e+01
-4.079358060679111730e+01
-4.077787264352316043e+01
-4.076216468025520356e+01
-4.074645671698724669e+01
-4.073074875371928982e+01
-4.071504079045133295e+01
-4.069933282718337608e+01
-4.068362486391541921e+01
-4.066791690064746234e+01
-4.065220893737950547e+01
-4.063650097411154150e+01
-4.062079301084358463e+01
-4.060508504757562775e+01
-4.058937708430767088e+01
-4.057366912103971401e+01
-4.055796115777175714e+01
-4.054225319450380027e+01
-4.052654523123584340e+01
-4.051083726796788653e+01
-4.049512930469992966e+01
-4.047942134143197279e+01
-4.046371337816401592e+01
-4.044800541489605905e+01
-4.043229745162810218e+01
-4.041658948836014531e+01
-4.040088152509218844e+01
-4.038517356182423157e+01
-4.036946559855627470e+01
-4.035375763528831783e+01
-4.033804967202036096e+01
-4.032234170875240409e+01
-4.030663374548444722e+01
-4.029092578221649035e+01
-4.027521781894853348e+01
-4.025950985568057661e+01
-4.024380189241261974e+01
-4.022809392914466287e+01
-4.021238596587670600e+01
-4.019667800260874913e+01
-4.018097003934079225e+01
-4.016526207607283538e+01
-4.014955411280487851e+01
-4.013384614953692164e+01
-4.011813818626896477e+01
-4.010243022300100790e+01
-4.008672225973305103e+01
-4.007101429646509416e+01
-4.005530633319713729e+01
-4.003959836992918042e+01
-4.002389040666122355e+01
-4.000818244339326668e+01
-3.999247448012530981e+01
-3.997676651685735294e+01
-3.996105855358939607e+01
-3.994535059032143920e+01
-3.992964262705348233e+01
-3.991393466378552546e+01
-3.989822670051756859e+01
-3.988251873724961172e+01
-3.986681077398165485e+01
-3.985110281071369798e+01
-3.983539484744574111e+01
-3.981968688417778424e+01
-3.980397892090982737e+01
-3.978827095764187050e+01
-3.977256299437390652e+01
-3.975685503110594965e+01
-3.974114706783799278e+01
-3.972543910457003591e+01
-3.970973114130207904e+01
-3.969402317803412217e+01
-3.967831521476616530e+01
-3.966260725149820843e+01
-3.964689928823025156e+01
-3.963119132496229469e+01
-3.961548336169433782e+01
-3.959977539842638095e+01
-3.958406743515842408e+01
-3.956835947189046720e+01
-3.955265150862251033e+01
-3.953694354535455346e+01
-3.952123558208659659e+01
-3.950552761881863972e+01
-3.948981965555068285e+01
-3.947411169228272598e+01
-3.945840372901476911e+01
-3.944269576574681224e+01
-3.942698780247885537e+01
-3.941127983921089850e+01
-3.939557187594294163e+01
-3.937986391267498476e+01
-3.936415594940702789e+01
-3.934844798613907102e+01
-3.933274002287111415e+01
-3.931703205960315728e+01
-3.930132409633520041e+01
-3.928561613306724354e+01
-3.926990816979928667e+01
-3.925420020653132980e+01
-3.923849224326337293e+01
-3.922278427999541606e+01
-3.920707631672745919e+01
-3.919136835345950232e+01
-3.917566039019154545e+01
-3.915995242692358858e+01
-3.914424446365563171e+01
-3.912853650038767483e+01
-3.911282853711971796e+01
-3.909712057385176109e+01
-3.908141261058380422e+01
-3.906570464731584735e+01
-3.904999668404789048e+01
-3.903428872077993361e+01
-3.901858075751197674e+01
-3.900287279424401987e+01
-3.898716483097606300e+01
-3.897145686770810613e+01
-3.895574890444014926e+01
-3.894004094117219239e+01
-3.892433297790422841e+01
-3.890862501463627154e+01
-3.889291705136831467e+01
-3.887720908810035780e+01
-3.886150112483240093e+01
-3.884579316156444406e+01
-3.883008519829648719e+01
-3.881437723502853032e+01
-3.879866927176057345e+01
-3.878296130849261658e+01
-3.876725334522465971e+01
-3.875154538195670284e+01
-3.873583741868874597e+01
-3.872012945542078910e+01
-3.870442149215283223e+01
-3.868871352888487536e+01
-3.867300556561691849e+01
-3.865729760234896162e+01
-3.864158963908100475e+01
-3.862588167581304788e+01
-3.861017371254509101e+01
-3.859446574927713414e+01
-3.857875778600917727e+01
-3.856304982274122040e+01
-3.854734185947326353e+01
-3.853163389620530666e+01
-3.851592593293734978e+01
-3.850021796966939291e+01
-3.848451000640143604e+01
-3.846880204313347917e+01
-3.845309407986552230e+01
-3.843738611659756543e+01
-3.842167815332960856e+01
-3.840597019006165169e+01
-3.839026222679369482e+01
-3.837455426352573795e+01
-3.835884630025778108e+01
-3.834313833698982421e+01
-3.832743037372186734e+01
-3.831172241045391047e+01
-3.829601444718595360e+01
-3.828030648391799673e+01
-3.826459852065003986e+01
-3.824889055738208299e+01
-3.823318259411412612e+01
-3.821747463084616925e+01
-3.820176666757821238e+01
-3.818605870431025551e+01
-3.817035074104229864e+01
-3.815464277777434177e+01
-3.813893481450638490e+01
-3.812322685123842803e+01
-3.810751888797047116e+01
-3.809181092470251428e+01
-3.807610296143455031e+01
-3.806039499816659344e+01
-3.804468703489863657e+01
-3.802897907163067970e+01
-3.801327110836272283e+01
-3.799756314509476596e+01
-3.798185518182680909e+01
-3.796614721855885222e+01
-3.795043925529089535e+01
-3.793473129202293848e+01
-3.791902332875498161e+01
-3.790331536548702474e+01
-3.788760740221906786e+01
-3.787189943895111099e+01
-3.785619147568315412e+01
-3.784048351241519725e+01
-3.782477554914724038e+01
-3.780906758587928351e+01
-3.779335962261132664e+01
-3.777765165934336977e+01
-3.776194369607541290e+01
-3.774623573280745603e+01
-3.773052776953949916e+01
-3.771481980627154229e+01
-3.769911184300358542e+01
-3.768340387973562855e+01
-3.766769591646767168e+01
-3.765198795319971481e+01
-3.763627998993175794e+01
-3.762057202666380107e+01
-3.760486406339584420e+01
-3.758915610012788733e+01
-3.757344813685993046e+01
-3.755774017359197359e+01
-3.754203221032401672e+01
-3.752632424705605985e+01
-3.751061628378810298e+01
-3.749490832052014611e+01
-3.747920035725218924e+01
-3.746349239398423236e+01
-3.744778443071627549e+01
-3.743207646744831862e+01
-3.741636850418036175e+01
-3.740066054091240488e+01
-3.738495257764444801e+01
-3.736924461437649114e+01
-3.735353665110853427e+01
-3.733782868784057740e+01
-3.732212072457262053e+01
-3.730641276130466366e+01
-3.729070479803670679e+01
-3.727499683476874992e+01
-3.725928887150079305e+01
-3.724358090823283618e+01
-3.722787294496487220e+01
-3.721216498169691533e+01
-3.719645701842895846e+01
-3.718074905516100159e+01
-3.716504109189304472e+01
-3.714933312862508785e+01
-3.713362516535713098e+01
-3.711791720208917411e+01
-3.710220923882121724e+01
-3.708650127555326037e+01
-3.707079331228530350e+01
-3.705508534901734663e+01
-3.703937738574938976e+01
-3.702366942248143289e+01
-3.700796145921347602e+01
-3.699225349594551915e+01
-3.697654553267756228e+01
-3.696083756940960541e+01
-3.694512960614164854e+01
-3.692942164287369167e+01
-3.691371367960573480e+01
-3.689800571633777793e+01
-3.688229775306982106e+01
-3.686658978980186419e+01
-3.685088182653390732e+01
-3.683517386326595044e+01
-3.681946589999799357e+01
-3.680375793673003670e+01
-3.678804997346207983e+01
-3.677234201019412296e+01
-3.675663404692616609e+01
-3.674092608365820922e+01
-3.672521812039025235e+01
-3.670951015712229548e+01
-3.669380219385433861e+01
-3.667809423058638174e+01
-3.666238626731842487e+01
-3.664667830405046800e+01
-3.663097034078251113e+01
-3.661526237751455426e+01
-3.659955441424659739e+01
-3.658384645097864052e+01
-3.656813848771068365e+01
-3.655243052444272678e+01
-3.653672256117476991e+01
-3.652101459790681304e+01
-3.650530663463885617e+01
-3.648959867137089930e+01
-3.647389070810294243e+01
-3.645818274483498556e+01
-3.644247478156702869e+01
-3.642676681829907182e+01
-3.641105885503111494e+01
-3.639535089176315807e+01
-3.637964292849519410e+01
-3.636393496522723723e+01
-3.634822700195928036e+01
-3.633251903869132349e+01
-3.631681107542336662e+01
-3.630110311215540975e+01
-3.628539514888745288e+01
-3.626968718561949601e+01
-3.625397922235153914e+01
-3.623827125908358227e+01
-3.622256329581562539e+01
-3.620685533254766852e+01
-3.619114736927971165e+01
-3.617543940601175478e+01
-3.615973144274379791e+01
-3.614402347947584104e+01
-3.612831551620788417e+01
-3.611260755293992730e+01
-3.609689958967197043e+01
-3.608119162640401356e+01
-3.606548366313605669e+01
-3.604977569986809982e+01
-3.603406773660014295e+01
-3.601835977333218608e+01
-3.600265181006422921e+01
-3.598694384679627234e+01
-3.597123588352831547e+01
-3.595552792026035860e+01
-3.593981995699240173e+01
-3.592411199372444486e+01
-3.590840403045648799e+01
-3.589269606718853112e+01
-3.587698810392057425e+01
-3.586128014065261738e+01
-3.584557217738466051e+01
-3.582986421411670364e+01
-3.581415625084874677e+01
-3.579844828758078989e+01
-3.578274032431283302e+01
-3.576703236104487615e+01
-3.575132439777691928e+01
-3.573561643450896241e+01
-3.571990847124100554e+01
-3.570420050797304867e+01
-3.568849254470509180e+01
-3.567278458143713493e+01
-3.565707661816917806e+01
-3.564136865490122119e+01
-3.562566069163326432e+01
-3.560995272836530745e+01
-3.559424476509735058e+01
-3.557853680182939371e+01
-3.556282883856143684e+01
-3.554712087529347997e+01
-3.553141291202551599e+01
-3.551570494875755912e+01
-3.549999698548960225e+01
-3.548428902222164538e+01
-3.546858105895368851e+01
-3.545287309568573164e+01
-3.543716513241777477e+01
-3.542145716914981790e+01
-3.540574920588186103e+01
-3.539004124261390416e+01
-3.537433327934594729e+01
-3.535862531607799042e+01
-3.534291735281003355e+01
-3.532720938954207668e+01
-3.531150142627411981e+01
-3.529579346300616294e+01
-3.528008549973820607e+01
-3.526437753647024920e+01
-3.524866957320229233e+01
-3.523296160993433546e+01
-3.521725364666637859e+01
-3.520154568339842172e+01
-3.518583772013046485e+01
-3.517012975686250797e+01
-3.515442179359455110e+01
-3.513871383032659423e+01
-3.512300586705863736e+01
-3.510729790379068049e+01
-3.509158994052272362e+01
-3.507588197725476675e+01
-3.506017401398680988e+01
-3.504446605071885301e+01
-3.502875808745089614e+01
-3.501305012418293927e+01
-3.499734216091498240e+01
-3.498163419764702553e+01
-3.496592623437906866e+01
-3.495021827111111179e+01
-3.493451030784315492e+01
-3.491880234457519805e+01
-3.490309438130724118e+01
-3.488738641803928431e+01
-3.487167845477132744e+01
-3.485597049150337057e+01
-3.484026252823541370e+01
-3.482455456496745683e+01
-3.480884660169949996e+01
-3.479313863843154309e+01
-3.477743067516358622e+01
-3.476172271189562935e+01
-3.474601474862767247e+01
-3.473030678535971560e+01
-3.471459882209175873e+01
-3.469889085882380186e+01
-3.468318289555583789e+01
-3.466747493228788102e+01
-3.465176696901992415e+01
-3.463605900575196728e+01
-3.462035104248401041e+01
-3.460464307921605354e+01
-3.458893511594809667e+01
-3.457322715268013980e+01
-3.455751918941218293e+01
-3.454181122614422605e+01
-3.452610326287626918e+01
-3.451039529960831231e+01
-3.449468733634035544e+01
-3.447897937307239857e+01
-3.446327140980444170e+01
-3.444756344653648483e+01
-3.443185548326852796e+01
-3.441614752000057109e+01
-3.440043955673261422e+01
-3.438473159346465735e+01
-3.436902363019670048e+01
-3.435331566692874361e+01
-3.433760770366078674e+01
-3.432189974039282987e+01
-3.430619177712487300e+01
-3.429048381385691613e+01
-3.427477585058895926e+01
-3.425906788732100239e+01
-3.424335992405304552e+01
-3.422765196078508865e+01
-3.421194399751713178e+01
-3.419623603424917491e+01
-3.418052807098121804e+01
-3.416482010771326117e+01
-3.414911214444530430e+01
-3.413340418117734743e+01
-3.411769621790939055e+01
-3.410198825464143368e+01
-3.408628029137347681e+01
-3.407057232810551994e+01
-3.405486436483756307e+01
-3.403915640156960620e+01
-3.402344843830164933e+01
-3.400774047503369246e+01
-3.399203251176573559e+01
-3.397632454849777872e+01
-3.396061658522982185e+01
-3.394490862196186498e+01
-3.392920065869390811e+01
-3.391349269542595124e+01
-3.389778473215799437e+01
-3.388207676889003750e+01
-3.386636880562208063e+01
-3.385066084235412376e+01
-3.383495287908616689e+01
-3.381924491581820291e+01
-3.380353695255024604e+01
-3.378782898928228917e+01
-3.377212102601433230e+01
-3.375641306274637543e+01
-3.374070509947841856e+01
-3.372499713621046169e+01
-3.370928917294250482e+01
-3.369358120967454795e+01
-3.367787324640659108e+01
-3.366216528313863421e+01
-3.364645731987067734e+01
-3.363074935660272047e+01
-3.361504139333476360e+01
-3.359933343006680673e+01
-3.358362546679884986e+01
-3.356791750353089299e+01
-3.355220954026293612e+01
-3.353650157699497925e+01
-3.352079361372702238e+01
-3.350508565045906550e+01
-3.348937768719110863e+01
-3.347366972392315176e+01
-3.345796176065519489e+01
-3.344225379738723802e+01
-3.342654583411928115e+01
-3.341083787085132428e+01
-3.339512990758336741e+01
-3.337942194431541054e+01
-3.336371398104745367e+01
-3.334800601777949680e+01
-3.333229805451153993e+01
-3.331659009124358306e+01
-3.330088212797562619e+01
-3.328517416470766932e+01
-3.326946620143971245e+01
-3.325375823817175558e+01
-3.323805027490379871e+01
-3.322234231163584184e+01
-3.320663434836788497e+01
-3.319092638509992810e+01
-3.317521842183197123e+01
-3.315951045856401436e+01
-3.314380249529605749e+01
-3.312809453202810062e+01
-3.311238656876014375e+01
-3.309667860549218688e+01
-3.308097064222423001e+01
-3.306526267895627313e+01
-3.304955471568831626e+01
-3.303384675242035939e+01
-3.301813878915240252e+01
-3.300243082588444565e+01
-3.298672286261648878e+01
-3.297101489934852481e+01
-3.295530693608056794e+01
-3.293959897281261107e+01
-3.292389100954465420e+01
-3.290818304627669733e+01
-3.289247508300874046e+01
-3.287676711974078358e+01
-3.286105915647282671e+01
-3.284535119320486984e+01
-3.282964322993691297e+01
-3.281393526666895610e+01
-3.279822730340099923e+01
-3.278251934013304236e+01
-3.276681137686508549e+01
-3.275110341359712862e+01
-3.273539545032917175e+01
-3.271968748706121488e+01
-3.270397952379325801e+01
-3.268827156052530114e+01
-3.267256359725734427e+01
-3.265685563398938740e+01
-3.264114767072143053e+01
-3.262543970745347366e+01
-3.260973174418551679e+01
-3.259402378091755992e+01
-3.257831581764960305e+01
-3.256260785438164618e+01
-3.254689989111368931e+01
-3.253119192784573244e+01
-3.251548396457777557e+01
-3.249977600130981870e+01
-3.248406803804186183e+01
-3.246836007477390496e+01
-3.245265211150594808e+01
-3.243694414823799121e+01
-3.242123618497003434e+01
-3.240552822170207747e+01
-3.238982025843412060e+01
-3.237411229516616373e+01
-3.235840433189820686e+01
-3.234269636863024999e+01
-3.232698840536229312e+01
-3.231128044209433625e+01
-3.229557247882637938e+01
-3.227986451555842251e+01
-3.226415655229046564e+01
-3.224844858902250877e+01
-3.223274062575455190e+01
-3.221703266248659503e+01
-3.220132469921863816e+01
-3.218561673595068129e+01
-3.216990877268272442e+01
-3.215420080941476755e+01
-3.213849284614681068e+01
-3.212278488287884670e+01
-3.210707691961088983e+01
-3.209136895634293296e+01
-3.207566099307497609e+01
-3.205995302980701922e+01
-3.204424506653906235e+01
-3.202853710327110548e+01
-3.201282914000314861e+01
-3.199712117673519529e+01
-3.198141321346723842e+01
-3.196570525019928155e+01
-3.194999728693132468e+01
-3.193428932366336781e+01
-3.191858136039540739e+01
-3.190287339712745052e+01
-3.188716543385949365e+01
-3.187145747059153678e+01
-3.185574950732357991e+01
-3.184004154405562304e+01
-3.182433358078766616e+01
-3.180862561751970929e+01
-3.179291765425175242e+01
-3.177720969098379555e+01
-3.176150172771583868e+01
-3.174579376444788181e+01
-3.173008580117992494e+01
-3.171437783791196807e+01
-3.169866987464401120e+01
-3.168296191137605433e+01
-3.166725394810809746e+01
-3.165154598484014059e+01
-3.163583802157218372e+01
-3.162013005830422685e+01
-3.160442209503626998e+01
-3.158871413176831311e+01
-3.157300616850035624e+01
-3.155729820523239937e+01
-3.154159024196444250e+01
-3.152588227869648563e+01
-3.151017431542852876e+01
-3.149446635216056833e+01
-3.147875838889261146e+01
-3.146305042562465459e+01
-3.144734246235669772e+01
-3.143163449908874085e+01
-3.141592653582078398e+01
-3.140021857255282711e+01
-3.138451060928487024e+01
-3.136880264601691337e+01
-3.135309468274895650e+01
-3.133738671948099963e+01
-3.132167875621304276e+01
-3.130597079294508589e+01
-3.129026282967712902e+01
-3.127455486640917215e+01
-3.125884690314121528e+01
-3.124313893987325841e+01
-3.122743097660530154e+01
-3.121172301333734467e+01
-3.119601505006938780e+01
-3.118030708680143093e+01
-3.116459912353347406e+01
-3.114889116026551719e+01
-3.113318319699756032e+01
-3.111747523372960345e+01
-3.110176727046164658e+01
-3.108605930719368970e+01
-3.107035134392572928e+01
-3.105464338065777241e+01
-3.103893541738981554e+01
-3.102322745412185867e+01
-3.100751949085390180e+01
-3.099181152758594493e+01
-3.097610356431798806e+01
-3.096039560105003119e+01
-3.094468763778207432e+01
-3.092897967451411745e+01
-3.091327171124616058e+01
-3.089756374797820371e+01
-3.088185578471024684e+01
-3.086614782144228997e+01
-3.085043985817433310e+01
-3.083473189490637623e+01
-3.081902393163841936e+01
-3.080331596837046249e+01
-3.078760800510250562e+01
-3.077190004183454874e+01
-3.075619207856659187e+01
-3.074048411529863500e+01
-3.072477615203067813e+01
-3.070906818876272126e+01
-3.069336022549476439e+01
-3.067765226222680752e+01
-3.066194429895885065e+01
-3.064623633569089378e+01
-3.063052837242293336e+01
-3.061482040915497649e+01
-3.059911244588701962e+01
-3.058340448261906275e+01
-3.056769651935110588e+01
-3.055198855608314901e+01
-3.053628059281519214e+01
-3.052057262954723527e+01
-3.050486466627927840e+01
-3.048915670301132153e+01
-3.047344873974336465e+01
-3.045774077647540778e+01
-3.044203281320745091e+01
-3.042632484993949404e+01
-3.041061688667153717e+01
-3.039490892340358030e+01
-3.037920096013562343e+01
-3.036349299686766656e+01
-3.034778503359970969e+01
-3.033207707033175282e+01
-3.031636910706379595e+01
-3.030066114379583908e+01
-3.028495318052788221e+01
-3.026924521725992534e+01
-3.025353725399196847e+01
-3.023782929072401160e+01
-3.022212132745605473e+01
-3.020641336418809431e+01
-3.019070540092013744e+01
-3.017499743765218057e+01
-3.015928947438422369e+01
-3.014358151111626682e+01
-3.012787354784830995e+01
-3.011216558458035308e+01
-3.009645762131239621e+01
-3.008074965804443934e+01
-3.006504169477648247e+01
-3.004933373150852560e+01
-3.003362576824056873e+01
-3.001791780497261186e+01
-3.000220984170465499e+01
-2.998650187843669812e+01
-2.997079391516874125e+01
-2.995508595190078438e+01
-2.993937798863282751e+01
-2.992367002536487064e+01
-2.990796206209691377e+01
-2.989225409882895690e+01
-2.987654613556100003e+01
-2.986083817229304316e+01
-2.984513020902508629e+01
-2.982942224575712942e+01
-2.981371428248917255e+01
-2.979800631922121568e+01
-2.978229835595325525e+01
-2.976659039268529838e+01
-2.975088242941734151e+01
-2.973517446614938464e+01
-2.971946650288142777e+01
-2.970375853961347090e+01
-2.968805057634551403e+01
-2.967234261307755716e+01
-2.965663464980960029e+01
-2.964092668654164342e+01
-2.962521872327368655e+01
-2.960951076000572968e+01
-2.959380279673777281e+01
-2.957809483346981594e+01
-2.956238687020185907e+01
-2.954667890693390220e+01
-2.953097094366594533e+01
-2.951526298039798846e+01
-2.949955501713003159e+01
-2.948384705386207472e+01
-2.946813909059411785e+01
-2.945243112732616098e+01
-2.943672316405820411e+01
-2.942101520079024723e+01
-2.940530723752229036e+01
-2.938959927425433349e+01
-2.937389131098637662e+01
-2.935818334771841620e+01
-2.934247538445045933e+01
-2.932676742118250246e+01
-2.931105945791454559e+01
-2.929535149464658872e+01
-2.927964353137863185e+01
-2.926393556811067498e+01
-2.924822760484271811e+01
-2.923251964157476124e+01
-2.921681167830680437e+01
-2.920110371503884750e+01
-2.918539575177089063e+01
-2.916968778850293376e+01
-2.915397982523497689e+01
-2.913827186196702002e+01
-2.912256389869906315e+01
-2.910685593543110627e+01
-2.909114797216314940e+01
-2.907544000889519253e+01
-2.905973204562723566e+01
-2.904402408235927879e+01
-2.902831611909132192e+01
-2.901260815582336505e+01
-2.899690019255540818e+01
-2.898119222928745131e+01
-2.896548426601949444e+01
-2.894977630275153757e+01
-2.893406833948357715e+01
-2.891836037621562028e+01
-2.890265241294766341e+01
-2.888694444967970654e+01
-2.887123648641174967e+01
-2.885552852314379280e+01
-2.883982055987583593e+01
-2.882411259660787906e+01
-2.880840463333992219e+01
-2.879269667007196531e+01
-2.877698870680400844e+01
-2.876128074353605157e+01
-2.874557278026809470e+01
-2.872986481700013783e+01
-2.871415685373218096e+01
-2.869844889046422409e+01
-2.868274092719626722e+01
-2.866703296392831035e+01
-2.865132500066035348e+01
-2.863561703739239661e+01
-2.861990907412443974e+01
-2.860420111085648287e+01
-2.858849314758852600e+01
-2.857278518432056913e+01
-2.855707722105261226e+01
-2.854136925778465539e+01
-2.852566129451669852e+01
-2.850995333124873810e+01
-2.849424536798078123e+01
-2.847853740471282435e+01
-2.846282944144486748e+01
-2.844712147817691061e+01
-2.843141351490895374e+01
-2.841570555164099687e+01
-2.839999758837304000e+01
-2.838428962510508313e+01
-2.836858166183712626e+01
-2.835287369856916939e+01
-2.833716573530121252e+01
-2.832145777203325565e+01
-2.830574980876529878e+01
-2.829004184549734191e+01
-2.827433388222938504e+01
-2.825862591896142817e+01
-2.824291795569347130e+01
-2.822720999242551443e+01
-2.821150202915755756e+01
-2.819579406588960069e+01
-2.818008610262164382e+01
-2.816437813935368695e+01
-2.814867017608573008e+01
-2.813296221281777321e+01
-2.811725424954981634e+01
-2.810154628628185947e+01
-2.808583832301389904e+01
-2.807013035974594217e+01
-2.805442239647798530e+01
-2.803871443321002843e+01
-2.802300646994207156e+01
-2.800729850667411469e+01
-2.799159054340615782e+01
-2.797588258013820095e+01
-2.796017461687024408e+01
-2.794446665360228721e+01
-2.792875869033433034e+01
-2.791305072706637347e+01
-2.789734276379841660e+01
-2.788163480053045973e+01
-2.786592683726250286e+01
-2.785021887399454599e+01
-2.783451091072658912e+01
-2.781880294745863225e+01
-2.780309498419067538e+01
-2.778738702092271851e+01
-2.777167905765476164e+01
-2.775597109438680477e+01
-2.774026313111884789e+01
-2.772455516785089102e+01
-2.770884720458293415e+01
-2.769313924131497728e+01
-2.767743127804702041e+01
-2.766172331477905999e+01
-2.764601535151110312e+01
-2.763030738824314625e+01
-2.761459942497518938e+01
-2.759889146170723251e+01
-2.758318349843927564e+01
-2.756747553517131877e+01
-2.755176757190336190e+01
-2.753605960863540503e+01
-2.752035164536744816e+01
-2.750464368209949129e+01
-2.748893571883153442e+01
-2.747322775556357755e+01
-2.745751979229562068e+01
-2.744181182902766380e+01
-2.742610386575970693e+01
-2.741039590249175006e+01
-2.739468793922379319e+01
-2.737897997595583632e+01
-2.736327201268787945e+01
-2.734756404941992258e+01
-2.733185608615196571e+01
-2.731614812288400884e+01
-2.730044015961605197e+01
-2.728473219634809510e+01
-2.726902423308013823e+01
-2.725331626981218136e+01
-2.723760830654422094e+01
-2.722190034327626407e+01
-2.720619238000830720e+01
-2.719048441674035033e+01
-2.717477645347239346e+01
-2.715906849020443659e+01
-2.714336052693647972e+01
-2.712765256366852284e+01
-2.711194460040056597e+01
-2.709623663713260910e+01
-2.708052867386465223e+01
-2.706482071059669536e+01
-2.704911274732873849e+01
-2.703340478406078162e+01
-2.701769682079282475e+01
-2.700198885752486788e+01
-2.698628089425691101e+01
-2.697057293098895414e+01
-2.695486496772099727e+01
-2.693915700445304040e+01
-2.692344904118508353e+01
-2.690774107791712666e+01
-2.689203311464916979e+01
-2.687632515138121292e+01
-2.686061718811325605e+01
-2.684490922484529918e+01
-2.682920126157734231e+01
-2.681349329830938188e+01
-2.679778533504142501e+01
-2.678207737177346814e+01
-2.676636940850551127e+01
-2.675066144523755440e+01
-2.673495348196959753e+01
-2.671924551870164066e+01
-2.670353755543368379e+01
-2.668782959216572692e+01
-2.667212162889777005e+01
-2.665641366562981318e+01
-2.664070570236185631e+01
-2.662499773909389944e+01
-2.660928977582594257e+01
-2.659358181255798570e+01
-2.657787384929002883e+01
-2.656216588602207196e+01
-2.654645792275411509e+01
-2.653074995948615822e+01
-2.651504199621820135e+01
-2.649933403295024448e+01
-2.648362606968228761e+01
-2.646791810641433074e+01
-2.645221014314637387e+01
-2.643650217987841700e+01
-2.642079421661046013e+01
-2.640508625334250326e+01
-2.638937829007454283e+01
-2.637367032680658596e+01
-2.635796236353862909e+01
-2.634225440027067222e+01
-2.632654643700271535e+01
-2.631083847373475848e+01
-2.629513051046680161e+01
-2.627942254719884474e+01
-2.626371458393088787e+01
-2.624800662066293100e+01
-2.623229865739497413e+01
-2.621659069412701726e+01
-2.620088273085906039e+01
-2.618517476759110352e+01
-2.616946680432314665e+01
-2.615375884105518978e+01
-2.613805087778723291e+01
-2.612234291451927604e+01
-2.610663495125131917e+01
-2.609092698798336230e+01
-2.607521902471540542e+01
-2.605951106144744855e+01
-2.604380309817949168e+01
-2.602809513491153481e+01
-2.601238717164357794e+01
-2.599667920837562107e+01
-2.598097124510766420e+01
-2.596526328183970378e+01
-2.594955531857174691e+01
-2.593384735530379004e+01
-2.591813939203583317e+01
-2.590243142876787630e+01
-2.588672346549991943e+01
-2.587101550223196256e+01
-2.585530753896400569e+01
-2.583959957569604882e+01
-2.582389161242809195e+01
-2.580818364916013508e+01
-2.579247568589217821e+01
-2.577676772262422134e+01
-2.576105975935626446e+01
-2.574535179608830759e+01
-2.572964383282035072e+01
-2.571393586955239385e+01
-2.569822790628443698e+01
-2.568251994301648011e+01
-2.566681197974852324e+01
-2.565110401648056637e+01
-2.563539605321260950e+01
-2.561968808994465263e+01
-2.560398012667669576e+01
-2.558827216340873889e+01
-2.557256420014078202e+01
-2.555685623687282515e+01
-2.554114827360486473e+01
-2.552544031033690786e+01
-2.550973234706895099e+01
-2.549402438380099412e+01
-2.547831642053303725e+01
-2.546260845726508038e+01
-2.544690049399712350e+01
-2.543119253072916663e+01
-2.541548456746120976e+01
-2.539977660419325289e+01
-2.538406864092529602e+01
-2.536836067765733915e+01
-2.535265271438938228e+01
-2.533694475112142541e+01
-2.532123678785346854e+01
-2.530552882458551167e+01
-2.528982086131755480e+01
-2.527411289804959793e+01
-2.525840493478164106e+01
-2.524269697151368419e+01
-2.522698900824572732e+01
-2.521128104497777045e+01
-2.519557308170981358e+01
-2.517986511844185671e+01
-2.516415715517389984e+01
-2.514844919190594297e+01
-2.513274122863798610e+01
-2.511703326537002567e+01
-2.510132530210206880e+01
-2.508561733883411193e+01
-2.506990937556615506e+01
-2.505420141229819819e+01
-2.503849344903024132e+01
-2.502278548576228445e+01
-2.500707752249432758e+01
-2.499136955922637071e+01
-2.497566159595841384e+01
-2.495995363269045697e+01
-2.494424566942250010e+01
-2.492853770615454323e+01
-2.491282974288658636e+01
-2.489712177961862949e+01
-2.488141381635067262e+01
-2.486570585308271575e+01
-2.484999788981475888e+01
-2.483428992654680201e+01
-2.481858196327884514e+01
-2.480287400001088827e+01
-2.478716603674293140e+01
-2.477145807347497453e+01
-2.475575011020701766e+01
-2.474004214693906079e+01
-2.472433418367110392e+01
-2.470862622040314704e+01
-2.469291825713518662e+01
-2.467721029386722975e+01
-2.466150233059927288e+01
-2.464579436733131601e+01
-2.463008640406335914e+01
-2.461437844079540227e+01
-2.459867047752744540e+01
-2.458296251425948853e+01
-2.456725455099153166e+01
-2.455154658772357479e+01
-2.453583862445561792e+01
-2.452013066118766105e+01
-2.450442269791970418e+01
-2.448871473465174731e+01
-2.447300677138379044e+01
-2.445729880811583357e+01
-2.444159084484787670e+01
-2.442588288157991983e+01
-2.441017491831196295e+01
-2.439446695504400608e+01
-2.437875899177604921e+01
-2.436305102850809234e+01
-2.434734306524013547e+01
-2.433163510197217860e+01
-2.431592713870422173e+01
-2.430021917543626486e+01
-2.428451121216830799e+01
-2.426880324890035112e+01
-2.425309528563239070e+01
-2.423738732236443383e+01
-2.422167935909647696e+01
-2.420597139582852009e+01
-2.419026343256056322e+01
-2.417455546929260635e+01
-2.415884750602464948e+01
-2.414313954275669261e+01
-2.412743157948873574e+01
-2.411172361622077887e+01
-2.409601565295282199e+01
-2.408030768968486512e+01
-2.406459972641690825e+01
-2.404889176314895138e+01
-2.403318379988099451e+01
-2.401747583661303764e+01
-2.400176787334508077e+01
-2.398605991007712390e+01
-2.397035194680916703e+01
-2.395464398354121016e+01
-2.393893602027325329e+01
-2.392322805700529642e+01
-2.390752009373733955e+01
-2.389181213046938268e+01
-2.387610416720142581e+01
-2.386039620393346894e+01
-2.384468824066551207e+01
-2.382898027739755165e+01
-2.381327231412959478e+01
-2.379756435086163791e+01
-2.378185638759368103e+01
-2.376614842432572416e+01
-2.375044046105776729e+01
-2.373473249778981042e+01
-2.371902453452185355e+01
-2.370331657125389668e+01
-2.368760860798593981e+01
-2.367190064471798294e+01
-2.365619268145002607e+01
-2.364048471818206920e+01
-2.362477675491411233e+01
-2.360906879164615546e+01
-2.359336082837819859e+01
-2.357765286511024172e+01
-2.356194490184228485e+01
-2.354623693857432798e+01
-2.353052897530637111e+01
-2.351482101203841424e+01
-2.349911304877045737e+01
-2.348340508550250050e+01
-2.346769712223454363e+01
-2.345198915896658676e+01
-2.343628119569862989e+01
-2.342057323243067302e+01
-2.340486526916271259e+01
-2.338915730589475572e+01
-2.337344934262679885e+01
-2.335774137935884198e+01
-2.334203341609088511e+01
-2.332632545282292824e+01
-2.331061748955497137e+01
-2.329490952628701450e+01
-2.327920156301905763e+01
-2.326349359975110076e+01
-2.324778563648314389e+01
-2.323207767321518702e+01
-2.321636970994723015e+01
-2.320066174667927328e+01
-2.318495378341131641e+01
-2.316924582014335954e+01
-2.315353785687540267e+01
-2.313782989360744580e+01
-2.312212193033948893e+01
-2.310641396707153206e+01
-2.309070600380357519e+01
-2.307499804053561832e+01
-2.305929007726766145e+01
-2.304358211399970457e+01
-2.302787415073174770e+01
-2.301216618746379083e+01
-2.299645822419583396e+01
-2.298075026092787354e+01
-2.296504229765991667e+01
-2.294933433439195980e+01
-2.293362637112400293e+01
-2.291791840785604606e+01
-2.290221044458808919e+01
-2.288650248132013232e+01
-2.287079451805217545e+01
-2.285508655478421858e+01
-2.283937859151626171e+01
-2.282367062824830484e+01
-2.280796266498034797e+01
-2.279225470171239110e+01
-2.277654673844443423e+01
-2.276083877517647736e+01
-2.274513081190852049e+01
-2.272942284864056361e+01
-2.271371488537260674e+01
-2.269800692210464987e+01
-2.268229895883669300e+01
-2.266659099556873613e+01
-2.265088303230077926e+01
-2.263517506903282239e+01
-2.261946710576486552e+01
-2.260375914249690865e+01
-2.258805117922895178e+01
-2.257234321596099491e+01
-2.255663525269303449e+01
-2.254092728942507762e+01
-2.252521932615712075e+01
-2.250951136288916388e+01
-2.249380339962120701e+01
-2.247809543635325014e+01
-2.246238747308529327e+01
-2.244667950981733640e+01
-2.243097154654937953e+01
-2.241526358328142265e+01
-2.239955562001346578e+01
-2.238384765674550891e+01
-2.236813969347755204e+01
-2.235243173020959517e+01
-2.233672376694163830e+01
-2.232101580367368143e+01
-2.230530784040572456e+01
-2.228959987713776769e+01
-2.227389191386981082e+01
-2.225818395060185395e+01
-2.224247598733389708e+01
-2.222676802406594021e+01
-2.221106006079798334e+01
-2.219535209753002647e+01
-2.217964413426206960e+01
-2.216393617099411273e+01
-2.214822820772615586e+01
-2.213252024445819544e+01
-2.211681228119023856e+01
-2.210110431792228169e+01
-2.208539635465432482e+01
-2.206968839138636795e+01
-2.205398042811841108e+01
-2.203827246485045421e+01
-2.202256450158249734e+01
-2.200685653831454047e+01
-2.199114857504658360e+01
-2.197544061177862673e+01
-2.195973264851066986e+01
-2.194402468524271299e+01
-2.192831672197475612e+01
-2.191260875870679925e+01
-2.189690079543884238e+01
-2.188119283217088551e+01
-2.186548486890292864e+01
-2.184977690563497177e+01
-2.183406894236701490e+01
-2.181836097909905803e+01
-2.180265301583110116e+01
-2.178694505256314429e+01
-2.177123708929518742e+01
-2.175552912602723055e+01
-2.173982116275927368e+01
-2.172411319949131681e+01
-2.170840523622335638e+01
-2.169269727295539951e+01
-2.167698930968744264e+01
-2.166128134641948577e+01
-2.164557338315152890e+01
-2.162986541988357203e+01
-2.161415745661561516e+01
-2.159844949334765829e+01
-2.158274153007970142e+01
-2.156703356681174455e+01
-2.155132560354378768e+01
-2.153561764027583081e+01
-2.151990967700787394e+01
-2.150420171373991707e+01
-2.148849375047196020e+01
-2.147278578720400333e+01
-2.145707782393604646e+01
-2.144136986066808959e+01
-2.142566189740013272e+01
-2.140995393413217585e+01
-2.139424597086421898e+01
-2.137853800759626210e+01
-2.136283004432830523e+01
-2.134712208106034836e+01
-2.133141411779239149e+01
-2.131570615452443462e+01
-2.129999819125647775e+01
-2.128429022798851733e+01
-2.126858226472056046e+01
-2.125287430145260359e+01
-2.123716633818464672e+01
-2.122145837491668985e+01
-2.120575041164873298e+01
-2.119004244838077611e+01
-2.117433448511281924e+01
-2.115862652184486237e+01
-2.114291855857690550e+01
-2.112721059530894863e+01
-2.111150263204099176e+01
-2.109579466877303489e+01
-2.108008670550507802e+01
-2.106437874223712114e+01
-2.104867077896916427e+01
-2.103296281570120740e+01
-2.101725485243325053e+01
-2.100154688916529366e+01
-2.098583892589733679e+01
-2.097013096262937992e+01
-2.095442299936142305e+01
-2.093871503609346618e+01
-2.092300707282550931e+01
-2.090729910955755244e+01
-2.089159114628959557e+01
-2.087588318302163870e+01
-2.086017521975367828e+01
-2.084446725648572141e+01
-2.082875929321776454e+01
-2.081305132994980767e+01
-2.079734336668185080e+01
-2.078163540341389393e+01
-2.076592744014593706e+01
-2.075021947687798018e+01
-2.073451151361002331e+01
-2.071880355034206644e+01
-2.070309558707410957e+01
-2.068738762380615270e+01
-2.067167966053819583e+01
-2.065597169727023896e+01
-2.064026373400228209e+01
-2.062455577073432522e+01
-2.060884780746636835e+01
-2.059313984419841148e+01
-2.057743188093045461e+01
-2.056172391766249774e+01
-2.054601595439454087e+01
-2.053030799112658400e+01
-2.051460002785862713e+01
-2.049889206459067026e+01
-2.048318410132271339e+01
-2.046747613805475652e+01
-2.045176817478679965e+01
-2.043606021151883922e+01
-2.042035224825088235e+01
-2.040464428498292548e+01
-2.038893632171496861e+01
-2.037322835844701174e+01
-2.035752039517905487e+01
-2.034181243191109800e+01
-2.032610446864314113e+01
-2.031039650537518426e+01
-2.029468854210722739e+01
-2.027898057883927052e+01
-2.026327261557131365e+01
-2.024756465230335678e+01
-2.023185668903539991e+01
-2.021614872576744304e+01
-2.020044076249948617e+01
-2.018473279923152930e+01
-2.016902483596357243e+01
-2.015331687269561556e+01
-2.013760890942765869e+01
-2.012190094615970182e+01
-2.010619298289174495e+01
-2.009048501962378808e+01
-2.007477705635583121e+01
-2.005906909308787434e+01
-2.004336112981991747e+01
-2.002765316655196060e+01
-2.001194520328400017e+01
-1.999623724001604330e+01
-1.998052927674808643e+01
-1.996482131348012956e+01
-1.994911335021217269e+01
-1.993340538694421582e+01
-1.991769742367625895e+01
-1.990198946040830208e+01
-1.988628149714034521e+01
-1.987057353387238834e+01
-1.985486557060443147e+01
-1.983915760733647460e+01
-1.982344964406851773e+01
-1.980774168080056086e+01
-1.979203371753260399e+01
-1.977632575426464712e+01
-1.976061779099669025e+01
-1.974490982772873338e+01
-1.972920186446077651e+01
-1.971349390119281964e+01
-1.969778593792486276e+01
-1.968207797465690589e+01
-1.966637001138894902e+01
-1.965066204812099215e+01
-1.963495408485303528e+01
-1.961924612158507841e+01
-1.960353815831712154e+01
-1.958783019504916112e+01
-1.957212223178120425e+01
-1.955641426851324738e+01
-1.954070630524529051e+01
-1.952499834197733364e+01
-1.950929037870937677e+01
-1.949358241544141990e+01
-1.947787445217346303e+01
-1.946216648890550616e+01
-1.944645852563754929e+01
-1.943075056236959242e+01
-1.941504259910163555e+01
-1.939933463583367867e+01
-1.938362667256572180e+01
-1.936791870929776493e+01
-1.935221074602980806e+01
-1.933650278276185119e+01
-1.932079481949389432e+01
-1.930508685622593745e+01
-1.928937889295798058e+01
-1.927367092969002371e+01
-1.925796296642206684e+01
-1.924225500315410997e+01
-1.922654703988615310e+01
-1.921083907661819623e+01
-1.919513111335023936e+01
-1.917942315008228249e+01
-1.916371518681432207e+01
-1.914800722354636520e+01
-1.913229926027840833e+01
-1.911659129701045146e+01
-1.910088333374249459e+01
-1.908517537047453771e+01
-1.906946740720658084e+01
-1.905375944393862397e+01
-1.903805148067066710e+01
-1.902234351740271023e+01
-1.900663555413475336e+01
-1.899092759086679649e+01
-1.897521962759883962e+01
-1.895951166433088275e+01
-1.894380370106292588e+01
-1.892809573779496901e+01
-1.891238777452701214e+01
-1.889667981125905527e+01
-1.888097184799109840e+01
-1.886526388472314153e+01
-1.884955592145518466e+01
-1.883384795818722779e+01
-1.881813999491927092e+01
-1.880243203165131405e+01
-1.878672406838335718e+01
-1.877101610511540031e+01
-1.875530814184744344e+01
-1.873960017857948301e+01
-1.872389221531152614e+01
-1.870818425204356927e+01
-1.869247628877561240e+01
-1.867676832550765553e+01
-1.866106036223969866e+01
-1.864535239897174179e+01
-1.862964443570378492e+01
-1.861393647243582805e+01
-1.859822850916787118e+01
-1.858252054589991431e+01
-1.856681258263195744e+01
-1.855110461936400057e+01
-1.853539665609604370e+01
-1.851968869282808683e+01
-1.850398072956012996e+01
-1.848827276629217309e+01
-1.847256480302421622e+01
-1.845685683975625935e+01
-1.844114887648830248e+01
-1.842544091322034561e+01
-1.840973294995238874e+01
-1.839402498668443187e+01
-1.837831702341647500e+01
-1.836260906014851813e+01
-1.834690109688056125e+01
-1.833119313361260438e+01
-1.831548517034464396e+01
-1.829977720707668709e+01
-1.828406924380873022e+01
-1.826836128054077335e+01
-1.825265331727281648e+01
-1.823694535400485961e+01
-1.822123739073690274e+01
-1.820552942746894587e+01
-1.818982146420098900e+01
-1.817411350093303213e+01
-1.815840553766507526e+01
-1.814269757439711839e+01
-1.812698961112916152e+01
-1.811128164786120465e+01
-1.809557368459324778e+01
-1.807986572132529091e+01
-1.806415775805733404e+01
-1.804844979478937717e+01
-1.803274183152142029e+01
-1.801703386825346342e+01
-1.800132590498550655e+01
-1.798561794171754968e+01
-1.796990997844959281e+01
-1.795420201518163594e+01
-1.793849405191367907e+01
-1.792278608864572220e+01
-1.790707812537776533e+01
-1.789137016210980846e+01
-1.787566219884184804e+01
-1.785995423557389117e+01
-1.784424627230593430e+01
-1.782853830903797743e+01
-1.781283034577002056e+01
-1.779712238250206369e+01
-1.778141441923410682e+01
-1.776570645596614995e+01
-1.774999849269819308e+01
-1.773429052943023621e+01
-1.771858256616227933e+01
-1.770287460289432246e+01
-1.768716663962636559e+01
-1.767145867635840872e+01
-1.765575071309045185e+01
-1.764004274982249498e+01
-1.762433478655453811e+01
-1.760862682328658124e+01
-1.759291886001862437e+01
-1.757721089675066750e+01
-1.756150293348271063e+01
-1.754579497021475376e+01
-1.753008700694679689e+01
-1.751437904367884002e+01
-1.749867108041088315e+01
-1.748296311714292628e+01
-1.746725515387496941e+01
-1.745154719060700899e+01
-1.743583922733905212e+01
-1.742013126407109525e+01
-1.740442330080313837e+01
-1.738871533753518150e+01
-1.737300737426722463e+01
-1.735729941099926776e+01
-1.734159144773131089e+01
-1.732588348446335402e+01
-1.731017552119539715e+01
-1.729446755792744028e+01
-1.727875959465948341e+01
-1.726305163139152654e+01
-1.724734366812356967e+01
-1.723163570485561280e+01
-1.721592774158765593e+01
-1.720021977831969906e+01
-1.718451181505174219e+01
-1.716880385178378532e+01
-1.715309588851582845e+01
-1.713738792524787158e+01
-1.712167996197991471e+01
-1.710597199871195784e+01
-1.709026403544400097e+01
-1.707455607217604410e+01
-1.705884810890808723e+01
-1.704314014564013036e+01
-1.702743218237216993e+01
-1.701172421910421306e+01
-1.699601625583625619e+01
-1.698030829256829932e+01
-1.696460032930034245e+01
-1.694889236603238558e+01
-1.693318440276442871e+01
-1.691747643949647184e+01
-1.690176847622851497e+01
-1.688606051296055810e+01
-1.687035254969260123e+01
-1.685464458642464436e+01
-1.683893662315668749e+01
-1.682322865988873062e+01
-1.680752069662077375e+01
-1.679181273335281688e+01
-1.677610477008486001e+01
-1.676039680681690314e+01
-1.674468884354894627e+01
-1.672898088028098940e+01
-1.671327291701303253e+01
-1.669756495374507566e+01
-1.668185699047711879e+01
-1.666614902720916191e+01
-1.665044106394120504e+01
-1.663473310067324817e+01
-1.661902513740529130e+01
-1.660331717413733088e+01
-1.658760921086937401e+01
-1.657190124760141714e+01
-1.655619328433346027e+01
-1.654048532106550340e+01
-1.652477735779754653e+01
-1.650906939452958966e+01
-1.649336143126163279e+01
-1.647765346799367592e+01
-1.646194550472571905e+01
-1.644623754145776218e+01
-1.643052957818980531e+01
-1.641482161492184844e+01
-1.639911365165389157e+01
-1.638340568838593470e+01
-1.636769772511797782e+01
-1.635198976185002095e+01
-1.633628179858206408e+01
-1.632057383531410721e+01
-1.630486587204615034e+01
-1.628915790877819347e+01
-1.627344994551023660e+01
-1.625774198224227973e+01
-1.624203401897432286e+01
-1.622632605570636599e+01
-1.621061809243840912e+01
-1.619491012917045225e+01
-1.617920216590249183e+01
-1.616349420263453496e+01
-1.614778623936657809e+01
-1.613207827609862122e+01
-1.611637031283066435e+01
-1.610066234956270748e+01
-1.608495438629475061e+01
-1.606924642302679374e+01
-1.605353845975883686e+01
-1.603783049649087999e+01
-1.602212253322292312e+01
-1.600641456995496625e+01
-1.599070660668700938e+01
-1.597499864341905251e+01
-1.595929068015109564e+01
-1.594358271688313877e+01
-1.592787475361518190e+01
-1.591216679034722503e+01
-1.589645882707926816e+01
-1.588075086381131129e+01
-1.586504290054335264e+01
-1.584933493727539577e+01
-1.583362697400743890e+01
-1.581791901073948203e+01
-1.580221104747152516e+01
-1.578650308420356829e+01
-1.577079512093561142e+01
-1.575508715766765455e+01
-1.573937919439969768e+01
-1.572367123113174081e+01
-1.570796326786378394e+01
-1.569225530459582707e+01
-1.567654734132787020e+01
-1.566083937805991333e+01
-1.564513141479195468e+01
-1.562942345152399781e+01
-1.561371548825604094e+01
-1.559800752498808407e+01
-1.558229956172012720e+01
-1.556659159845217033e+01
-1.555088363518421346e+01
-1.553517567191625659e+01
-1.551946770864829972e+01
-1.550375974538034285e+01
-1.548805178211238598e+01
-1.547234381884442911e+01
-1.545663585557647224e+01
-1.544092789230851359e+01
-1.542521992904055672e+01
-1.540951196577259985e+01
-1.539380400250464298e+01
-1.537809603923668611e+01
-1.536238807596872924e+01
-1.534668011270077237e+01
-1.533097214943281550e+01
-1.531526418616485863e+01
-1.529955622289690176e+01
-1.528384825962894489e+01
-1.526814029636098802e+01
-1.525243233309303115e+01
-1.523672436982507428e+01
-1.522101640655711563e+01
-1.520530844328915876e+01
-1.518960048002120189e+01
-1.517389251675324502e+01
-1.515818455348528815e+01
-1.514247659021733128e+01
-1.512676862694937441e+01
-1.511106066368141754e+01
-1.509535270041346067e+01
-1.507964473714550380e+01
-1.506393677387754693e+01
-1.504822881060959006e+01
-1.503252084734163319e+01
-1.501681288407367454e+01
-1.500110492080571767e+01
-1.498539695753776080e+01
-1.496968899426980393e+01
-1.495398103100184706e+01
-1.493827306773389019e+01
-1.492256510446593332e+01
-1.490685714119797645e+01
-1.489114917793001958e+01
-1.487544121466206271e+01
-1.485973325139410584e+01
-1.484402528812614896e+01
-1.482831732485819209e+01
-1.481260936159023522e+01
-1.479690139832227658e+01
-1.478119343505431971e+01
-1.476548547178636284e+01
-1.474977750851840597e+01
-1.473406954525044910e+01
-1.471836158198249223e+01
-1.470265361871453536e+01
-1.468694565544657848e+01
-1.467123769217862161e+01
-1.465552972891066474e+01
-1.463982176564270787e+01
-1.462411380237475100e+01
-1.460840583910679413e+01
-1.459269787583883549e+01
-1.457698991257087862e+01
-1.456128194930292175e+01
-1.454557398603496488e+01
-1.452986602276700800e+01
-1.451415805949905113e+01
-1.449845009623109426e+01
-1.448274213296313739e+01
-1.446703416969518052e+01
-1.445132620642722365e+01
-1.443561824315926678e+01
-1.441991027989130991e+01
-1.440420231662335304e+01
-1.438849435335539617e+01
-1.437278639008743752e+01
-1.435707842681948065e+01
-1.434137046355152378e+01
-1.432566250028356691e+01
-1.430995453701561004e+01
-1.429424657374765317e+01
-1.427853861047969630e+01
-1.426283064721173943e+01
-1.424712268394378256e+01
-1.423141472067582569e+01
-1.421570675740786882e+01
-1.419999879413991195e+01
-1.418429083087195508e+01
-1.416858286760399643e+01
-1.415287490433603956e+01
-1.413716694106808269e+01
-1.412145897780012582e+01
-1.410575101453216895e+01
-1.409004305126421208e+01
-1.407433508799625521e+01
-1.405862712472829834e+01
-1.404291916146034147e+01
-1.402721119819238460e+01
-1.401150323492442773e+01
-1.399579527165647086e+01
-1.398008730838851399e+01
-1.396437934512055712e+01
-1.394867138185259847e+01
-1.393296341858464160e+01
-1.391725545531668473e+01
-1.390154749204872786e+01
-1.388583952878077099e+01
-1.387013156551281412e+01
-1.385442360224485725e+01
-1.383871563897690038e+01
-1.382300767570894351e+01
-1.380729971244098664e+01
-1.379159174917302977e+01
-1.377588378590507290e+01
-1.376017582263711603e+01
-1.374446785936915738e+01
-1.372875989610120051e+01
-1.371305193283324364e+01
-1.369734396956528677e+01
-1.368163600629732990e+01
-1.366592804302937303e+01
-1.365022007976141616e+01
-1.363451211649345929e+01
-1.361880415322550242e+01
-1.360309618995754555e+01
-1.358738822668958868e+01
-1.357168026342163181e+01
-1.355597230015367494e+01
-1.354026433688571807e+01
-1.352455637361775942e+01
-1.350884841034980255e+01
-1.349314044708184568e+01
-1.347743248381388881e+01
-1.346172452054593194e+01
-1.344601655727797507e+01
-1.343030859401001820e+01
-1.341460063074206133e+01
-1.339889266747410446e+01
-1.338318470420614759e+01
-1.336747674093819072e+01
-1.335176877767023385e+01
-1.333606081440227697e+01
-1.332035285113431833e+01
-1.330464488786636146e+01
-1.328893692459840459e+01
-1.327322896133044772e+01
-1.325752099806249085e+01
-1.324181303479453398e+01
-1.322610507152657711e+01
-1.321039710825862024e+01
-1.319468914499066337e+01
-1.317898118172270649e+01
-1.316327321845474962e+01
-1.314756525518679275e+01
-1.313185729191883588e+01
-1.311614932865087901e+01
-1.310044136538292037e+01
-1.308473340211496350e+01
-1.306902543884700663e+01
-1.305331747557904976e+01
-1.303760951231109289e+01
-1.302190154904313601e+01
-1.300619358577517914e+01
-1.299048562250722227e+01
-1.297477765923926540e+01
-1.295906969597130853e+01
-1.294336173270335166e+01
-1.292765376943539479e+01
-1.291194580616743792e+01
-1.289623784289948105e+01
-1.288052987963152241e+01
-1.286482191636356553e+01
-1.284911395309560866e+01
-1.283340598982765179e+01
-1.281769802655969492e+01
-1.280199006329173805e+01
-1.278628210002378118e+01
-1.277057413675582431e+01
-1.275486617348786744e+01
-1.273915821021991057e+01
-1.272345024695195370e+01
-1.270774228368399683e+01
-1.269203432041603996e+01
-1.267632635714808131e+01
-1.266061839388012444e+01
-1.264491043061216757e+01
-1.262920246734421070e+01
-1.261349450407625383e+01
-1.259778654080829696e+01
-1.258207857754034009e+01
-1.256637061427238322e+01
-1.255066265100442635e+01
-1.253495468773646948e+01
-1.251924672446851261e+01
-1.250353876120055574e+01
-1.248783079793259887e+01
-1.247212283466464200e+01
-1.245641487139668335e+01
-1.244070690812872648e+01
-1.242499894486076961e+01
-1.240929098159281274e+01
-1.239358301832485587e+01
-1.237787505505689900e+01
-1.236216709178894213e+01
-1.234645912852098526e+01
-1.233075116525302839e+01
-1.231504320198507152e+01
-1.229933523871711465e+01
-1.228362727544915778e+01
-1.226791931218120091e+01
-1.225221134891324226e+01
-1.223650338564528539e+01
-1.222079542237732852e+01
-1.220508745910937165e+01
-1.218937949584141478e+01
-1.217367153257345791e+01
-1.215796356930550104e+01
-1.214225560603754417e+01
-1.212654764276958730e+01
-1.211083967950163043e+01
-1.209513171623367356e+01
-1.207942375296571669e+01
-1.206371578969775982e+01
-1.204800782642980295e+01
-1.203229986316184430e+01
-1.201659189989388743e+01
-1.200088393662593056e+01
-1.198517597335797369e+01
-1.196946801009001682e+01
-1.195376004682205995e+01
-1.193805208355410308e+01
-1.192234412028614621e+01
-1.190663615701818934e+01
-1.189092819375023247e+01
-1.187522023048227560e+01
-1.185951226721431873e+01
-1.184380430394636186e+01
-1.182809634067840321e+01
-1.181238837741044634e+01
-1.179668041414248947e+01
-1.178097245087453260e+01
-1.176526448760657573e+01
-1.174955652433861886e+01
-1.173384856107066199e+01
-1.171814059780270512e+01
-1.170243263453474825e+01
-1.168672467126679138e+01
-1.167101670799883451e+01
-1.165530874473087763e+01
-1.163960078146292076e+01
-1.162389281819496389e+01
-1.160818485492700525e+01
-1.159247689165904838e+01
-1.157676892839109151e+01
-1.156106096512313464e+01
-1.154535300185517777e+01
-1.152964503858722090e+01
-1.151393707531926403e+01
-1.149822911205130715e+01
-1.148252114878335028e+01
-1.146681318551539341e+01
-1.145110522224743654e+01
-1.143539725897947967e+01
-1.141968929571152280e+01
-1.140398133244356416e+01
-1.138827336917560729e+01
-1.137256540590765042e+01
-1.135685744263969355e+01
-1.134114947937173667e+01
-1.132544151610377980e+01
-1.130973355283582293e+01
-1.129402558956786606e+01
-1.127831762629990919e+01
-1.126260966303195232e+01
-1.124690169976399545e+01
-1.123119373649603858e+01
-1.121548577322808171e+01
-1.119977780996012484e+01
-1.118406984669216619e+01
-1.116836188342420932e+01
-1.115265392015625245e+01
-1.113694595688829558e+01
-1.112123799362033871e+01
-1.110553003035238184e+01
-1.108982206708442497e+01
-1.107411410381646810e+01
-1.105840614054851123e+01
-1.104269817728055436e+01
-1.102699021401259749e+01
-1.101128225074464062e+01
-1.099557428747668375e+01
-1.097986632420872510e+01
-1.096415836094076823e+01
-1.094845039767281136e+01
-1.093274243440485449e+01
-1.091703447113689762e+01
-1.090132650786894075e+01
-1.088561854460098388e+01
-1.086991058133302701e+01
-1.085420261806507014e+01
-1.083849465479711327e+01
-1.082278669152915640e+01
-1.080707872826119953e+01
-1.079137076499324266e+01
-1.077566280172528579e+01
-1.075995483845732714e+01
-1.074424687518937027e+01
-1.072853891192141340e+01
-1.071283094865345653e+01
-1.069712298538549966e+01
-1.068141502211754279e+01
-1.066570705884958592e+01
-1.064999909558162905e+01
-1.063429113231367218e+01
-1.061858316904571531e+01
-1.060287520577775844e+01
-1.058716724250980157e+01
-1.057145927924184470e+01
-1.055575131597388605e+01
-1.054004335270592918e+01
-1.052433538943797231e+01
-1.050862742617001544e+01
-1.049291946290205857e+01
-1.047721149963410170e+01
-1.046150353636614483e+01
-1.044579557309818796e+01
-1.043008760983023109e+01
-1.041437964656227422e+01
-1.039867168329431735e+01
-1.038296372002636048e+01
-1.036725575675840361e+01
-1.035154779349044674e+01
-1.033583983022248809e+01
-1.032013186695453122e+01
-1.030442390368657435e+01
-1.028871594041861748e+01
-1.027300797715066061e+01
-1.025730001388270374e+01
-1.024159205061474687e+01
-1.022588408734679000e+01
-1.021017612407883313e+01
-1.019446816081087626e+01
-1.017876019754291939e+01
-1.016305223427496252e+01
-1.014734427100700564e+01
-1.013163630773904700e+01
-1.011592834447109013e+01
-1.010022038120313326e+01
-1.008451241793517639e+01
-1.006880445466721952e+01
-1.005309649139926265e+01
-1.003738852813130578e+01
-1.002168056486334891e+01
-1.000597260159539204e+01
-9.990264638327435165e+00
-9.974556675059478295e+00
-9.958848711791521424e+00
-9.943140748523564554e+00
-9.927432785255607683e+00
-9.911724821987649037e+00
-9.896016858719692166e+00
-9.880308895451735296e+00
-9.864600932183778426e+00
-9.848892968915821555e+00
-9.833185005647864685e+00
-9.817477042379907815e+00
-9.801769079111950944e+00
-9.786061115843994074e+00
-9.770353152576037203e+00
-9.754645189308080333e+00
-9.738937226040123463e+00
-9.723229262772166592e+00
-9.707521299504209722e+00
-9.691813336236251075e+00
-9.676105372968294205e+00
-9.660397409700337334e+00
-9.644689446432380464e+00
-9.628981483164423594e+00
-9.613273519896466723e+00
-9.597565556628509853e+00
-9.581857593360552983e+00
-9.566149630092596112e+00
-9.550441666824639242e+00
-9.534733703556682372e+00
-9.519025740288725501e+00
-9.503317777020768631e+00
-9.487609813752809984e+00
-9.471901850484853114e+00
-9.456193887216896243e+00
-9.440485923948939373e+00
-9.424777960680982503e+00
-9.409069997413025632e+00
-9.393362034145068762e+00
-9.377654070877111891e+00
-9.361946107609155021e+00
-9.346238144341198151e+00
-9.330530181073241280e+00
-9.314822217805284410e+00
-9.299114254537327540e+00
-9.283406291269370669e+00
-9.267698328001412023e+00
-9.251990364733455152e+00
-9.236282401465498282e+00
-9.220574438197541411e+00
-9.204866474929584541e+00
-9.189158511661627671e+00
-9.173450548393670800e+00
-9.157742585125713930e+00
-9.142034621857757060e+00
-9.126326658589800189e+00
-9.110618695321843319e+00
-9.094910732053886449e+00
-9.079202768785929578e+00
-9.063494805517970931e+00
-9.047786842250014061e+00
-9.032078878982057191e+00
-9.016370915714100320e+00
-9.000662952446143450e+00
-8.984954989178186580e+00
-8.969247025910229709e+00
-8.953539062642272839e+00
-8.937831099374315968e+00
-8.922123136106359098e+00
-8.906415172838402228e+00
-8.890707209570445357e+00
-8.874999246302488487e+00
-8.859291283034531617e+00
-8.843583319766572970e+00
-8.827875356498616100e+00
-8.812167393230659229e+00
-8.796459429962702359e+00
-8.780751466694745488e+00
-8.765043503426788618e+00
-8.749335540158831748e+00
-8.733627576890874877e+00
-8.717919613622918007e+00
-8.702211650354961137e+00
-8.686503687087004266e+00
-8.670795723819047396e+00
-8.655087760551090525e+00
-8.639379797283131879e+00
-8.623671834015175008e+00
-8.607963870747218138e+00
-8.592255907479261268e+00
-8.576547944211304397e+00
-8.560839980943347527e+00
-8.545132017675390657e+00
-8.529424054407433786e+00
-8.513716091139476916e+00
-8.498008127871520045e+00
-8.482300164603563175e+00
-8.466592201335606305e+00
-8.450884238067649434e+00
-8.435176274799692564e+00
-8.419468311531733917e+00
-8.403760348263777047e+00
-8.388052384995820177e+00
-8.372344421727863306e+00
-8.356636458459906436e+00
-8.340928495191949565e+00
-8.325220531923992695e+00
-8.309512568656035825e+00
-8.293804605388078954e+00
-8.278096642120122084e+00
-8.262388678852165214e+00
-8.246680715584208343e+00
-8.230972752316251473e+00
-8.215264789048292826e+00
-8.199556825780335956e+00
-8.183848862512379085e+00
-8.168140899244422215e+00
-8.152432935976465345e+00
-8.136724972708508474e+00
-8.121017009440551604e+00
-8.105309046172594734e+00
-8.089601082904637863e+00
-8.073893119636680993e+00
-8.058185156368724122e+00
-8.042477193100767252e+00
-8.026769229832810382e+00
-8.011061266564853511e+00
-7.995353303296895753e+00
-7.979645340028938882e+00
-7.963937376760982012e+00
-7.948229413493024254e+00
-7.932521450225067383e+00
-7.916813486957110513e+00
-7.901105523689153642e+00
-7.885397560421196772e+00
-7.869689597153239902e+00
-7.853981633885283031e+00
-7.838273670617325273e+00
-7.822565707349368402e+00
-7.806857744081411532e+00
-7.791149780813454662e+00
-7.775441817545497791e+00
-7.759733854277540921e+00
-7.744025891009584051e+00
-7.728317927741626292e+00
-7.712609964473669422e+00
-7.696902001205712551e+00
-7.681194037937755681e+00
-7.665486074669798811e+00
-7.649778111401841940e+00
-7.634070148133884182e+00
-7.618362184865927311e+00
-7.602654221597970441e+00
-7.586946258330013571e+00
-7.571238295062056700e+00
-7.555530331794099830e+00
-7.539822368526142959e+00
-7.524114405258185201e+00
-7.508406441990228330e+00
-7.492698478722271460e+00
-7.476990515454314590e+00
-7.461282552186357719e+00
-7.445574588918400849e+00
-7.429866625650443979e+00
-7.414158662382486220e+00
-7.398450699114529350e+00
-7.382742735846572479e+00
-7.367034772578615609e+00
-7.351326809310658739e+00
-7.335618846042701868e+00
-7.319910882774744998e+00
-7.304202919506787239e+00
-7.288494956238830369e+00
-7.272786992970873499e+00
-7.257079029702916628e+00
-7.241371066434959758e+00
-7.225663103167002888e+00
-7.209955139899046017e+00
-7.194247176631088259e+00
-7.178539213363131388e+00
-7.162831250095174518e+00
-7.147123286827217647e+00
-7.131415323559260777e+00
-7.115707360291303907e+00
-7.099999397023346148e+00
-7.084291433755389278e+00
-7.068583470487432407e+00
-7.052875507219475537e+00
-7.037167543951518667e+00
-7.021459580683561796e+00
-7.005751617415604926e+00
-6.990043654147647167e+00
-6.974335690879690297e+00
-6.958627727611733427e+00
-6.942919764343776556e+00
-6.927211801075819686e+00
-6.911503837807862816e+00
-6.895795874539905945e+00
-6.880087911271948187e+00
-6.864379948003991316e+00
-6.848671984736034446e+00
-6.832964021468077576e+00
-6.817256058200120705e+00
-6.801548094932163835e+00
-6.785840131664206965e+00
-6.770132168396249206e+00
-6.754424205128292336e+00
-6.738716241860335465e+00
-6.723008278592378595e+00
-6.707300315324421724e+00
-6.691592352056464854e+00
-6.675884388788507096e+00
-6.660176425520550225e+00
-6.644468462252593355e+00
-6.628760498984636484e+00
-6.613052535716679614e+00
-6.597344572448722744e+00
-6.581636609180765873e+00
-6.565928645912808115e+00
-6.550220682644851244e+00
-6.534512719376894374e+00
-6.518804756108937504e+00
-6.503096792840980633e+00
-6.487388829573023763e+00
-6.471680866305066893e+00
-6.455972903037109134e+00
-6.440264939769152264e+00
-6.424556976501195393e+00
-6.408849013233238523e+00
-6.393141049965281653e+00
-6.377433086697324782e+00
-6.361725123429367912e+00
-6.346017160161410153e+00
-6.330309196893453283e+00
-6.314601233625496413e+00
-6.298893270357539542e+00
-6.283185307089582672e+00
-6.267477343821625801e+00
-6.251769380553668043e+00
-6.236061417285711173e+00
-6.220353454017754302e+00
-6.204645490749797432e+00
-6.188937527481840561e+00
-6.173229564213883691e+00
-6.157521600945926821e+00
-6.141813637677969062e+00
-6.126105674410012192e+00
-6.110397711142055321e+00
-6.094689747874098451e+00
-6.078981784606141581e+00
-6.063273821338184710e+00
-6.047565858070227840e+00
-6.031857894802270081e+00
-6.016149931534313211e+00
-6.000441968266356341e+00
-5.984734004998399470e+00
-5.969026041730442600e+00
-5.953318078462485730e+00
-5.937610115194528859e+00
-5.921902151926571101e+00
-5.906194188658614230e+00
-5.890486225390657360e+00
-5.874778262122700490e+00
-5.859070298854743619e+00
-5.843362335586786749e+00
-5.827654372318829878e+00
-5.811946409050872120e+00
-5.796238445782915250e+00
-5.780530482514958379e+00
-5.764822519247001509e+00
-5.749114555979044638e+00
-5.733406592711087768e+00
-5.717698629443130010e+00
-5.701990666175173139e+00
-5.686282702907216269e+00
-5.670574739639259398e+00
-5.654866776371302528e+00
-5.639158813103345658e+00
-5.623450849835388787e+00
-5.607742886567431029e+00
-5.592034923299474158e+00
-5.576326960031517288e+00
-5.560618996763560418e+00
-5.544911033495603547e+00
-5.529203070227646677e+00
-5.513495106959689807e+00
-5.497787143691732048e+00
-5.482079180423775178e+00
-5.466371217155818307e+00
-5.450663253887861437e+00
-5.434955290619904567e+00
-5.419247327351947696e+00
-5.403539364083990826e+00
-5.387831400816033067e+00
-5.372123437548076197e+00
-5.356415474280119327e+00
-5.340707511012162456e+00
-5.324999547744205586e+00
-5.309291584476248715e+00
-5.293583621208290957e+00
-5.277875657940334087e+00
-5.262167694672377216e+00
-5.246459731404420346e+00
-5.230751768136463475e+00
-5.215043804868506605e+00
-5.199335841600549735e+00
-5.183627878332591976e+00
-5.167919915064635106e+00
-5.152211951796678235e+00
-5.136503988528721365e+00
-5.120796025260764495e+00
-5.105088061992807624e+00
-5.089380098724850754e+00
-5.073672135456892995e+00
-5.057964172188936125e+00
-5.042256208920979255e+00
-5.026548245653022384e+00
-5.010840282385065514e+00
-4.995132319117108644e+00
-4.979424355849151773e+00
-4.963716392581194015e+00
-4.948008429313237144e+00
-4.932300466045280274e+00
-4.916592502777323404e+00
-4.900884539509366533e+00
-4.885176576241409663e+00
-4.869468612973451904e+00
-4.853760649705495034e+00
-4.838052686437538163e+00
-4.822344723169581293e+00
-4.806636759901624423e+00
-4.790928796633667552e+00
-4.775220833365710682e+00
-4.759512870097752923e+00
-4.743804906829796053e+00
-4.728096943561839183e+00
-4.712388980293882312e+00
-4.696681017025925442e+00
-4.680973053757968572e+00
-4.665265090490011701e+00
-4.649557127222053943e+00
-4.633849163954097072e+00
-4.618141200686140202e+00
-4.602433237418183332e+00
-4.586725274150226461e+00
-4.571017310882269591e+00
-4.555309347614312721e+00
-4.539601384346354962e+00
-4.523893421078398092e+00
-4.508185457810441221e+00
-4.492477494542484351e+00
-4.476769531274527480e+00
-4.461061568006570610e+00
-4.445353604738612852e+00
-4.429645641470655981e+00
-4.413937678202699111e+00
-4.398229714934742240e+00
-4.382521751666785370e+00
-4.366813788398828500e+00
-4.351105825130871629e+00
-4.335397861862913871e+00
-4.319689898594957000e+00
-4.303981935327000130e+00
-4.288273972059043260e+00
-4.272566008791086389e+00
-4.256858045523129519e+00
-4.241150082255172649e+00
-4.225442118987214890e+00
-4.209734155719258020e+00
-4.194026192451301149e+00
-4.178318229183344279e+00
-4.162610265915387409e+00
-4.146902302647430538e+00
-4.131194339379473668e+00
-4.115486376111515909e+00
-4.099778412843559039e+00
-4.084070449575602169e+00
-4.068362486307645298e+00
-4.052654523039688428e+00
-4.036946559771731557e+00
-4.021238596503774687e+00
-4.005530633235816929e+00
-3.989822669967860058e+00
-3.974114706699903188e+00
-3.958406743431946317e+00
-3.942698780163989447e+00
-3.926990816896032133e+00
-3.911282853628075262e+00
-3.895574890360118392e+00
-3.879866927092161077e+00
-3.864158963824204207e+00
-3.848451000556247337e+00
-3.832743037288290022e+00
-3.817035074020333152e+00
-3.801327110752376282e+00
-3.785619147484419411e+00
-3.769911184216462097e+00
-3.754203220948505226e+00
-3.738495257680548356e+00
-3.722787294412591041e+00
-3.707079331144634171e+00
-3.691371367876677301e+00
-3.675663404608720430e+00
-3.659955441340763116e+00
-3.644247478072806246e+00
-3.628539514804849375e+00
-3.612831551536892061e+00
-3.597123588268935190e+00
-3.581415625000978320e+00
-3.565707661733021006e+00
-3.549999698465064135e+00
-3.534291735197107265e+00
-3.518583771929150394e+00
-3.502875808661193080e+00
-3.487167845393236210e+00
-3.471459882125279339e+00
-3.455751918857322025e+00
-3.440043955589365154e+00
-3.424335992321408284e+00
-3.408628029053450970e+00
-3.392920065785494099e+00
-3.377212102517537229e+00
-3.361504139249580358e+00
-3.345796175981623044e+00
-3.330088212713666174e+00
-3.314380249445709303e+00
-3.298672286177751989e+00
-3.282964322909795118e+00
-3.267256359641838248e+00
-3.251548396373881378e+00
-3.235840433105924063e+00
-3.220132469837967193e+00
-3.204424506570010323e+00
-3.188716543302053008e+00
-3.173008580034096138e+00
-3.157300616766139267e+00
-3.141592653498181953e+00
-3.125884690230225083e+00
-3.110176726962268212e+00
-3.094468763694311342e+00
-3.078760800426354027e+00
-3.063052837158397157e+00
-3.047344873890440287e+00
-3.031636910622482972e+00
-3.015928947354526102e+00
-3.000220984086569231e+00
-2.984513020818612361e+00
-2.968805057550655047e+00
-2.953097094282698176e+00
-2.937389131014741306e+00
-2.921681167746783991e+00
-2.905973204478827121e+00
-2.890265241210870251e+00
-2.874557277942912936e+00
-2.858849314674956066e+00
-2.843141351406999195e+00
-2.827433388139042325e+00
-2.811725424871085011e+00
-2.796017461603128140e+00
-2.780309498335171270e+00
-2.764601535067213955e+00
-2.748893571799257085e+00
-2.733185608531300215e+00
-2.717477645263342900e+00
-2.701769681995386030e+00
-2.686061718727429160e+00
-2.670353755459472289e+00
-2.654645792191514975e+00
-2.638937828923558104e+00
-2.623229865655601234e+00
-2.607521902387643919e+00
-2.591813939119687049e+00
-2.576105975851730179e+00
-2.560398012583773308e+00
-2.544690049315815994e+00
-2.528982086047859124e+00
-2.513274122779902253e+00
-2.497566159511944939e+00
-2.481858196243988068e+00
-2.466150232976031198e+00
-2.450442269708073884e+00
-2.434734306440117013e+00
-2.419026343172160143e+00
-2.403318379904203272e+00
-2.387610416636245958e+00
-2.371902453368289088e+00
-2.356194490100332217e+00
-2.340486526832374903e+00
-2.324778563564418032e+00
-2.309070600296461162e+00
-2.293362637028503848e+00
-2.277654673760546977e+00
-2.261946710492590107e+00
-2.246238747224633236e+00
-2.230530783956675922e+00
-2.214822820688719052e+00
-2.199114857420762181e+00
-2.183406894152804867e+00
-2.167698930884847996e+00
-2.151990967616891126e+00
-2.136283004348934256e+00
-2.120575041080976941e+00
-2.104867077813020071e+00
-2.089159114545063201e+00
-2.073451151277105886e+00
-2.057743188009149016e+00
-2.042035224741192145e+00
-2.026327261473234831e+00
-2.010619298205277961e+00
-1.994911334937321090e+00
-1.979203371669363998e+00
-1.963495408401407127e+00
-1.947787445133450035e+00
-1.932079481865492943e+00
-1.916371518597536072e+00
-1.900663555329578980e+00
-1.884955592061622109e+00
-1.869247628793665017e+00
-1.853539665525707925e+00
-1.837831702257751054e+00
-1.822123738989793962e+00
-1.806415775721837091e+00
-1.790707812453879999e+00
-1.774999849185922907e+00
-1.759291885917966036e+00
-1.743583922650008944e+00
-1.727875959382052073e+00
-1.712167996114094981e+00
-1.696460032846138111e+00
-1.680752069578181018e+00
-1.665044106310223926e+00
-1.649336143042267055e+00
-1.633628179774309963e+00
-1.617920216506353093e+00
-1.602212253238396000e+00
-1.586504289970438908e+00
-1.570796326702482038e+00
-1.555088363434524945e+00
-1.539380400166568075e+00
-1.523672436898610982e+00
-1.507964473630653890e+00
-1.492256510362697020e+00
-1.476548547094739927e+00
-1.460840583826783057e+00
-1.445132620558825964e+00
-1.429424657290868872e+00
-1.413716694022912002e+00
-1.398008730754954909e+00
-1.382300767486998039e+00
-1.366592804219040946e+00
-1.350884840951084076e+00
-1.335176877683126984e+00
-1.319468914415169891e+00
-1.303760951147213021e+00
-1.288052987879255928e+00
-1.272345024611299058e+00
-1.256637061343341966e+00
-1.240929098075384873e+00
-1.225221134807428003e+00
-1.209513171539470910e+00
-1.193805208271514040e+00
-1.178097245003556948e+00
-1.162389281735599855e+00
-1.146681318467642985e+00
-1.130973355199685892e+00
-1.115265391931729022e+00
-1.099557428663771930e+00
-1.083849465395814837e+00
-1.068141502127857967e+00
-1.052433538859900874e+00
-1.036725575591944004e+00
-1.021017612323986912e+00
-1.005309649056030041e+00
-9.896016857880729489e-01
-9.738937225201159675e-01
-9.581857592521589861e-01
-9.424777959842018937e-01
-9.267698327162449123e-01
-9.110618694482879310e-01
-8.953539061803309496e-01
-8.796459429123739682e-01
-8.639379796444168758e-01
-8.482300163764598944e-01
-8.325220531085029130e-01
-8.168140898405459316e-01
-8.011061265725889502e-01
-7.853981633046318578e-01
-7.696902000366748764e-01
-7.539822367687178950e-01
-7.382742735007609136e-01
-7.225663102328039322e-01
-7.068583469648469508e-01
-6.911503836968898584e-01
-6.754424204289328770e-01
-6.597344571609758956e-01
-6.440264938930189142e-01
-6.283185306250619329e-01
-6.126105673571048404e-01
-5.969026040891478591e-01
-5.811946408211908777e-01
-5.654866775532338963e-01
-5.497787142852769149e-01
-5.340707510173199335e-01
-5.183627877493628411e-01
-5.026548244814058597e-01
-4.869468612134488783e-01
-4.712388979454918969e-01
-4.555309346775348600e-01
-4.398229714095778786e-01
-4.241150081416208972e-01
-4.084070448736638603e-01
-3.926990816057068789e-01
-3.769911183377498975e-01
-3.612831550697928606e-01
-3.455751918018358793e-01
-3.298672285338788424e-01
-3.141592652659218610e-01
-2.984513019979648796e-01
-2.827433387300078427e-01
-2.670353754620508613e-01
-2.513274121940938799e-01
-2.356194489261368430e-01
-2.199114856581798616e-01
-2.042035223902228525e-01
-1.884955591222658433e-01
-1.727875958543088619e-01
-1.570796325863518528e-01
-1.413716693183948436e-01
-1.256637060504378345e-01
-1.099557427824808392e-01
-9.424777951452384395e-02
-7.853981624656683480e-02
-6.283185297860983953e-02
-4.712388971065283733e-02
-3.141592644269583512e-02
-1.570796317473883291e-02
9.321816862517788991e-11
1.570796336117517150e-02
3.141592662913217371e-02
4.712388989708917592e-02
6.283185316504617812e-02
7.853981643300317339e-02
9.424777970096018254e-02
1.099557429689171778e-01
1.256637062368741731e-01
1.413716695048311822e-01
1.570796327727881914e-01
1.727875960407451728e-01
1.884955593087021819e-01
2.042035225766591910e-01
2.199114858446162002e-01
2.356194491125731816e-01
2.513274123805301907e-01
2.670353756484871721e-01
2.827433389164442090e-01
2.984513021844011904e-01
3.141592654523582273e-01
3.298672287203152087e-01
3.455751919882721901e-01
3.612831552562292270e-01
3.769911185241862084e-01
3.926990817921431898e-01
4.084070450601002267e-01
4.241150083280572081e-01
4.398229715960141895e-01
4.555309348639712264e-01
4.712388981319282077e-01
4.869468613998852446e-01
5.026548246678421705e-01
5.183627879357992629e-01
5.340707512037562443e-01
5.497787144717132257e-01
5.654866777396702071e-01
5.811946410076271885e-01
5.969026042755842809e-01
6.126105675435412623e-01
6.283185308114982437e-01
6.440264940794552251e-01
6.597344573474122065e-01
6.754424206153691879e-01
6.911503838833262803e-01
7.068583471512832617e-01
7.225663104192402431e-01
7.382742736871972244e-01
7.539822369551542058e-01
7.696902002231112982e-01
7.853981634910682796e-01
8.011061267590252610e-01
8.168140900269822424e-01
8.325220532949392238e-01
8.482300165628962052e-01
8.639379798308532976e-01
8.796459430988102790e-01
8.953539063667672604e-01
9.110618696347242418e-01
9.267698329026812232e-01
9.424777961706383156e-01
9.581857594385952970e-01
9.738937227065522784e-01
9.896016859745092598e-01
1.005309649242466241e+00
1.021017612510423334e+00
1.036725575778380204e+00
1.052433539046337296e+00
1.068141502314294389e+00
1.083849465582251259e+00
1.099557428850208352e+00
1.115265392118165222e+00
1.130973355386122314e+00
1.146681318654079185e+00
1.162389281922036277e+00
1.178097245189993370e+00
1.193805208457950240e+00
1.209513171725907332e+00
1.225221134993864203e+00
1.240929098261821295e+00
1.256637061529778387e+00
1.272345024797735258e+00
1.288052988065692350e+00
1.303760951333649221e+00
1.319468914601606313e+00
1.335176877869563405e+00
1.350884841137520276e+00
1.366592804405477368e+00
1.382300767673434239e+00
1.398008730941391331e+00
1.413716694209348423e+00
1.429424657477305294e+00
1.445132620745262386e+00
1.460840584013219257e+00
1.476548547281176349e+00
1.492256510549133219e+00
1.507964473817090312e+00
1.523672437085047404e+00
1.539380400353004275e+00
1.555088363620961367e+00
1.570796326888918237e+00
1.586504290156875330e+00
1.602212253424832422e+00
1.617920216692789293e+00
1.633628179960746385e+00
1.649336143228703255e+00
1.665044106496660348e+00
1.680752069764617440e+00
1.696460033032574310e+00
1.712167996300531403e+00
1.727875959568488273e+00
1.743583922836445366e+00
1.759291886104402458e+00
1.774999849372359328e+00
1.790707812640316421e+00
1.806415775908273291e+00
1.822123739176230384e+00
1.837831702444187254e+00
1.853539665712144346e+00
1.869247628980101439e+00
1.884955592248058309e+00
1.900663555516015402e+00
1.916371518783972272e+00
1.932079482051929364e+00
1.947787445319886457e+00
1.963495408587843327e+00
1.979203371855800420e+00
1.994911335123757290e+00
2.010619298391714160e+00
2.026327261659671475e+00
2.042035224927628345e+00
2.057743188195585216e+00
2.073451151463542530e+00
2.089159114731499400e+00
2.104867077999456271e+00
2.120575041267413585e+00
2.136283004535370456e+00
2.151990967803327326e+00
2.167698931071284196e+00
2.183406894339241511e+00
2.199114857607198381e+00
2.214822820875155251e+00
2.230530784143112566e+00
2.246238747411069436e+00
2.261946710679026307e+00
2.277654673946983621e+00
2.293362637214940492e+00
2.309070600482897362e+00
2.324778563750854232e+00
2.340486527018811547e+00
2.356194490286768417e+00
2.371902453554725287e+00
2.387610416822682602e+00
2.403318380090639472e+00
2.419026343358596343e+00
2.434734306626553213e+00
2.450442269894510527e+00
2.466150233162467398e+00
2.481858196430424268e+00
2.497566159698381583e+00
2.513274122966338453e+00
2.528982086234295323e+00
2.544690049502252638e+00
2.560398012770209508e+00
2.576105976038166379e+00
2.591813939306123249e+00
2.607521902574080563e+00
2.623229865842037434e+00
2.638937829109994304e+00
2.654645792377951619e+00
2.670353755645908489e+00
2.686061718913865359e+00
2.701769682181822230e+00
2.717477645449779544e+00
2.733185608717736415e+00
2.748893571985693285e+00
2.764601535253650599e+00
2.780309498521607470e+00
2.796017461789564340e+00
2.811725425057521655e+00
2.827433388325478525e+00
2.843141351593435395e+00
2.858849314861392266e+00
2.874557278129349580e+00
2.890265241397306450e+00
2.905973204665263321e+00
2.921681167933220635e+00
2.937389131201177506e+00
2.953097094469134376e+00
2.968805057737091690e+00
2.984513021005048561e+00
3.000220984273005431e+00
3.015928947540962302e+00
3.031636910808919616e+00
3.047344874076876486e+00
3.063052837344833357e+00
3.078760800612790671e+00
3.094468763880747542e+00
3.110176727148704412e+00
3.125884690416661282e+00
3.141592653684618597e+00
3.157300616952575467e+00
3.173008580220532338e+00
3.188716543488489652e+00
3.204424506756446522e+00
3.220132470024403393e+00
3.235840433292360707e+00
3.251548396560317578e+00
3.267256359828274448e+00
3.282964323096231318e+00
3.298672286364188633e+00
3.314380249632145503e+00
3.330088212900102373e+00
3.345796176168059688e+00
3.361504139436016558e+00
3.377212102703973429e+00
3.392920065971930299e+00
3.408628029239887613e+00
3.424335992507844484e+00
3.440043955775801354e+00
3.455751919043758669e+00
3.471459882311715539e+00
3.487167845579672409e+00
3.502875808847629724e+00
3.518583772115586594e+00
3.534291735383543465e+00
3.549999698651500335e+00
3.565707661919457649e+00
3.581415625187414520e+00
3.597123588455371390e+00
3.612831551723328705e+00
3.628539514991285575e+00
3.644247478259242445e+00
3.659955441527199760e+00
3.675663404795156630e+00
3.691371368063113501e+00
3.707079331331070371e+00
3.722787294599027685e+00
3.738495257866984556e+00
3.754203221134941426e+00
3.769911184402898741e+00
3.785619147670855611e+00
3.801327110938812481e+00
3.817035074206769352e+00
3.832743037474726666e+00
3.848451000742683537e+00
3.864158964010640407e+00
3.879866927278597721e+00
3.895574890546554592e+00
3.911282853814511462e+00
3.926990817082468777e+00
3.942698780350425647e+00
3.958406743618382517e+00
3.974114706886339388e+00
3.989822670154296702e+00
4.005530633422253572e+00
4.021238596690210443e+00
4.036946559958167313e+00
4.052654523226124184e+00
4.068362486494081942e+00
4.084070449762038812e+00
4.099778413029995683e+00
4.115486376297952553e+00
4.131194339565909424e+00
4.146902302833866294e+00
4.162610266101823164e+00
4.178318229369780923e+00
4.194026192637737793e+00
4.209734155905694664e+00
4.225442119173651534e+00
4.241150082441608404e+00
4.256858045709565275e+00
4.272566008977523033e+00
4.288273972245479904e+00
4.303981935513436774e+00
4.319689898781393644e+00
4.335397862049350515e+00
4.351105825317307385e+00
4.366813788585264255e+00
4.382521751853222014e+00
4.398229715121178884e+00
4.413937678389135755e+00
4.429645641657092625e+00
4.445353604925049495e+00
4.461061568193006366e+00
4.476769531460963236e+00
4.492477494728920995e+00
4.508185457996877865e+00
4.523893421264834735e+00
4.539601384532791606e+00
4.555309347800748476e+00
4.571017311068705347e+00
4.586725274336662217e+00
4.602433237604619976e+00
4.618141200872576846e+00
4.633849164140533716e+00
4.649557127408490587e+00
4.665265090676447457e+00
4.680973053944404327e+00
4.696681017212362086e+00
4.712388980480318956e+00
4.728096943748275827e+00
4.743804907016232697e+00
4.759512870284189567e+00
4.775220833552146438e+00
4.790928796820103308e+00
4.806636760088061067e+00
4.822344723356017937e+00
4.838052686623974807e+00
4.853760649891931678e+00
4.869468613159888548e+00
4.885176576427845418e+00
4.900884539695802289e+00
4.916592502963760047e+00
4.932300466231716918e+00
4.948008429499673788e+00
4.963716392767630659e+00
4.979424356035587529e+00
4.995132319303544399e+00
5.010840282571501270e+00
5.026548245839459028e+00
5.042256209107415899e+00
5.057964172375372769e+00
5.073672135643329639e+00
5.089380098911286510e+00
5.105088062179243380e+00
5.120796025447201139e+00
5.136503988715158009e+00
5.152211951983114879e+00
5.167919915251071750e+00
5.183627878519028620e+00
5.199335841786985490e+00
5.215043805054942361e+00
5.230751768322900119e+00
5.246459731590856990e+00
5.262167694858813860e+00
5.277875658126770730e+00
5.293583621394727601e+00
5.309291584662684471e+00
5.324999547930641342e+00
5.340707511198599100e+00
5.356415474466555970e+00
5.372123437734512841e+00
5.387831401002469711e+00
5.403539364270426582e+00
5.419247327538383452e+00
5.434955290806340322e+00
5.450663254074298081e+00
5.466371217342254951e+00
5.482079180610211822e+00
5.497787143878168692e+00
5.513495107146125562e+00
5.529203070414082433e+00
5.544911033682039303e+00
5.560618996949997062e+00
5.576326960217953932e+00
5.592034923485910802e+00
5.607742886753867673e+00
5.623450850021824543e+00
5.639158813289781413e+00
5.654866776557739172e+00
5.670574739825696042e+00
5.686282703093652913e+00
5.701990666361609783e+00
5.717698629629566653e+00
5.733406592897523524e+00
5.749114556165480394e+00
5.764822519433438153e+00
5.780530482701395023e+00
5.796238445969351893e+00
5.811946409237308764e+00
5.827654372505265634e+00
5.843362335773222505e+00
5.859070299041179375e+00
5.874778262309137133e+00
5.890486225577094004e+00
5.906194188845050874e+00
5.921902152113007745e+00
5.937610115380964615e+00
5.953318078648921485e+00
5.969026041916878356e+00
5.984734005184836114e+00
6.000441968452792985e+00
6.016149931720749855e+00
6.031857894988706725e+00
6.047565858256663596e+00
6.063273821524620466e+00
6.078981784792578225e+00
6.094689748060535095e+00
6.110397711328491965e+00
6.126105674596448836e+00
6.141813637864405706e+00
6.157521601132362576e+00
6.173229564400319447e+00
6.188937527668277205e+00
6.204645490936234076e+00
6.220353454204190946e+00
6.236061417472147816e+00
6.251769380740104687e+00
6.267477344008061557e+00
6.283185307276018428e+00
6.298893270543976186e+00
6.314601233811933056e+00
6.330309197079889927e+00
6.346017160347846797e+00
6.361725123615803668e+00
6.377433086883760538e+00
6.393141050151717408e+00
6.408849013419675167e+00
6.424556976687632037e+00
6.440264939955588908e+00
6.455972903223545778e+00
6.471680866491502648e+00
6.487388829759459519e+00
6.503096793027417277e+00
6.518804756295374148e+00
6.534512719563331018e+00
6.550220682831287888e+00
6.565928646099244759e+00
6.581636609367201629e+00
6.597344572635158499e+00
6.613052535903116258e+00
6.628760499171073128e+00
6.644468462439029999e+00
6.660176425706986869e+00
6.675884388974943739e+00
6.691592352242900610e+00
6.707300315510857480e+00
6.723008278778815239e+00
6.738716242046772109e+00
6.754424205314728979e+00
6.770132168582685850e+00
6.785840131850642720e+00
6.801548095118599591e+00
6.817256058386556461e+00
6.832964021654514220e+00
6.848671984922471090e+00
6.864379948190427960e+00
6.880087911458384831e+00
6.895795874726341701e+00
6.911503837994298571e+00
6.927211801262256330e+00
6.942919764530213200e+00
6.958627727798170071e+00
6.974335691066126941e+00
6.990043654334083811e+00
7.005751617602040682e+00
7.021459580869997552e+00
7.037167544137955311e+00
7.052875507405912181e+00
7.068583470673869051e+00
7.084291433941825922e+00
7.099999397209782792e+00
7.115707360477739662e+00
7.131415323745696533e+00
7.147123287013654291e+00
7.162831250281611162e+00
7.178539213549568032e+00
7.194247176817524903e+00
7.209955140085481773e+00
7.225663103353438643e+00
7.241371066621395514e+00
7.257079029889353272e+00
7.272786993157310143e+00
7.288494956425267013e+00
7.304202919693223883e+00
7.319910882961180754e+00
7.335618846229137624e+00
7.351326809497094494e+00
7.367034772765052253e+00
7.382742736033009123e+00
7.398450699300965994e+00
7.414158662568922864e+00
7.429866625836879734e+00
7.445574589104836605e+00
7.461282552372794363e+00
7.476990515640751234e+00
7.492698478908708104e+00
7.508406442176664974e+00
7.524114405444621845e+00
7.539822368712578715e+00
7.555530331980535586e+00
7.571238295248493344e+00
7.586946258516450214e+00
7.602654221784407085e+00
7.618362185052363955e+00
7.634070148320320826e+00
7.649778111588277696e+00
7.665486074856234566e+00
7.681194038124192325e+00
7.696902001392149195e+00
7.712609964660106066e+00
7.728317927928062936e+00
7.744025891196019806e+00
7.759733854463976677e+00
7.775441817731933547e+00
7.791149780999891306e+00
7.806857744267848176e+00
7.822565707535805046e+00
7.838273670803761917e+00
7.853981634071718787e+00
7.869689597339675657e+00
7.885397560607633416e+00
7.901105523875590286e+00
7.916813487143547157e+00
7.932521450411504027e+00
7.948229413679460897e+00
7.963937376947417768e+00
7.979645340215374638e+00
7.995353303483332397e+00
8.011061266751289267e+00
8.026769230019246137e+00
8.042477193287203008e+00
8.058185156555159878e+00
8.073893119823116749e+00
8.089601083091073619e+00
8.105309046359030489e+00
8.121017009626987360e+00
8.136724972894944230e+00
8.152432936162902877e+00
8.168140899430859747e+00
8.183848862698816617e+00
8.199556825966773488e+00
8.215264789234730358e+00
8.230972752502687229e+00
8.246680715770644099e+00
8.262388679038600969e+00
8.278096642306557840e+00
8.293804605574514710e+00
8.309512568842471580e+00
8.325220532110428451e+00
8.340928495378385321e+00
8.356636458646342192e+00
8.372344421914300838e+00
8.388052385182257709e+00
8.403760348450214579e+00
8.419468311718171449e+00
8.435176274986128320e+00
8.450884238254085190e+00
8.466592201522042060e+00
8.482300164789998931e+00
8.498008128057955801e+00
8.513716091325912672e+00
8.529424054593869542e+00
8.545132017861826412e+00
8.560839981129783283e+00
8.576547944397741929e+00
8.592255907665698800e+00
8.607963870933655670e+00
8.623671834201612540e+00
8.639379797469569411e+00
8.655087760737526281e+00
8.670795724005483152e+00
8.686503687273440022e+00
8.702211650541396892e+00
8.717919613809353763e+00
8.733627577077310633e+00
8.749335540345267503e+00
8.765043503613224374e+00
8.780751466881181244e+00
8.796459430149139891e+00
8.812167393417096761e+00
8.827875356685053632e+00
8.843583319953010502e+00
8.859291283220967372e+00
8.874999246488924243e+00
8.890707209756881113e+00
8.906415173024837983e+00
8.922123136292794854e+00
8.937831099560751724e+00
8.953539062828708595e+00
8.969247026096665465e+00
8.984954989364622335e+00
9.000662952632580982e+00
9.016370915900537852e+00
9.032078879168494723e+00
9.047786842436451593e+00
9.063494805704408463e+00
9.079202768972365334e+00
9.094910732240322204e+00
9.110618695508279075e+00
9.126326658776235945e+00
9.142034622044192815e+00
9.157742585312149686e+00
9.173450548580106556e+00
9.189158511848063426e+00
9.204866475116020297e+00
9.220574438383978944e+00
9.236282401651935814e+00
9.251990364919892684e+00
9.267698328187849555e+00
9.283406291455806425e+00
9.299114254723763295e+00
9.314822217991720166e+00
9.330530181259677036e+00
9.346238144527633906e+00
9.361946107795590777e+00
9.377654071063547647e+00
9.393362034331504518e+00
9.409069997599461388e+00
9.424777960867418258e+00
9.440485924135376905e+00
9.456193887403333775e+00
9.471901850671290646e+00
9.487609813939247516e+00
9.503317777207204387e+00
9.519025740475161257e+00
9.534733703743118127e+00
9.550441667011074998e+00
9.566149630279031868e+00
9.581857593546988738e+00
9.597565556814945609e+00
9.613273520082902479e+00
9.628981483350859349e+00
9.644689446618817996e+00
9.660397409886774867e+00
9.676105373154731737e+00
9.691813336422688607e+00
9.707521299690645478e+00
9.723229262958602348e+00
9.738937226226559218e+00
9.754645189494516089e+00
9.770353152762472959e+00
9.786061116030429829e+00
9.801769079298386700e+00
9.817477042566343570e+00
9.833185005834300441e+00
9.848892969102257311e+00
9.864600932370215958e+00
9.880308895638172828e+00
9.896016858906129698e+00
9.911724822174086569e+00
9.927432785442043439e+00
9.943140748710000310e+00
9.958848711977957180e+00
9.974556675245914050e+00
9.990264638513870921e+00
1.000597260178182779e+01
1.002168056504978466e+01
1.003738852831774153e+01
1.005309649158569840e+01
1.006880445485365705e+01
1.008451241812161392e+01
1.010022038138957079e+01
1.011592834465752766e+01
1.013163630792548453e+01
1.014734427119344140e+01
1.016305223446139827e+01
1.017876019772935514e+01
1.019446816099731201e+01
1.021017612426526888e+01
1.022588408753322575e+01
1.024159205080118262e+01
1.025730001406913949e+01
1.027300797733709636e+01
1.028871594060505501e+01
1.030442390387301188e+01
1.032013186714096875e+01
1.033583983040892562e+01
1.035154779367688249e+01
1.036725575694483936e+01
1.038296372021279623e+01
1.039867168348075310e+01
1.041437964674870997e+01
1.043008761001666684e+01
1.044579557328462371e+01
1.046150353655258058e+01
1.047721149982053745e+01
1.049291946308849610e+01
1.050862742635645297e+01
1.052433538962440984e+01
1.054004335289236671e+01
1.055575131616032358e+01
1.057145927942828045e+01
1.058716724269623732e+01
1.060287520596419419e+01
1.061858316923215106e+01
1.063429113250010793e+01
1.064999909576806481e+01
1.066570705903602168e+01
1.068141502230397855e+01
1.069712298557193542e+01
1.071283094883989406e+01
1.072853891210785093e+01
1.074424687537580780e+01
1.075995483864376467e+01
1.077566280191172154e+01
1.079137076517967841e+01
1.080707872844763529e+01
1.082278669171559216e+01
1.083849465498354903e+01
1.085420261825150590e+01
1.086991058151946277e+01
1.088561854478741964e+01
1.090132650805537651e+01
1.091703447132333515e+01
1.093274243459129202e+01
1.094845039785924889e+01
1.096415836112720577e+01
1.097986632439516264e+01
1.099557428766311951e+01
1.101128225093107638e+01
1.102699021419903325e+01
1.104269817746699012e+01
1.105840614073494699e+01
1.107411410400290386e+01
1.108982206727086073e+01
1.110553003053881760e+01
1.112123799380677447e+01
1.113694595707473312e+01
1.115265392034268999e+01
1.116836188361064686e+01
1.118406984687860373e+01
1.119977781014656060e+01
1.121548577341451747e+01
1.123119373668247434e+01
1.124690169995043121e+01
1.126260966321838808e+01
1.127831762648634495e+01
1.129402558975430182e+01
1.130973355302225869e+01
1.132544151629021556e+01
1.134114947955817421e+01
1.135685744282613108e+01
1.137256540609408795e+01
1.138827336936204482e+01
1.140398133263000169e+01
1.141968929589795856e+01
1.143539725916591543e+01
1.145110522243387230e+01
1.146681318570182917e+01
1.148252114896978604e+01
1.149822911223774291e+01
1.151393707550569978e+01
1.152964503877365665e+01
1.154535300204161352e+01
1.156106096530957217e+01
1.157676892857752904e+01
1.159247689184548591e+01
1.160818485511344278e+01
1.162389281838139965e+01
1.163960078164935652e+01
1.165530874491731339e+01
1.167101670818527026e+01
1.168672467145322713e+01
1.170243263472118400e+01
1.171814059798914087e+01
1.173384856125709774e+01
1.174955652452505461e+01
1.176526448779301326e+01
1.178097245106097013e+01
1.179668041432892700e+01
1.181238837759688387e+01
1.182809634086484074e+01
1.184380430413279761e+01
1.185951226740075448e+01
1.187522023066871135e+01
1.189092819393666822e+01
1.190663615720462509e+01
1.192234412047258196e+01
1.193805208374053883e+01
1.195376004700849570e+01
1.196946801027645257e+01
1.198517597354441122e+01
1.200088393681236809e+01
1.201659190008032496e+01
1.203229986334828183e+01
1.204800782661623870e+01
1.206371578988419557e+01
1.207942375315215244e+01
1.209513171642010931e+01
1.211083967968806618e+01
1.212654764295602305e+01
1.214225560622397992e+01
1.215796356949193679e+01
1.217367153275989367e+01
1.218937949602785231e+01
1.220508745929580918e+01
1.222079542256376605e+01
1.223650338583172292e+01
1.225221134909967979e+01
1.226791931236763666e+01
1.228362727563559353e+01
1.229933523890355040e+01
1.231504320217150728e+01
1.233075116543946415e+01
1.234645912870742102e+01
1.236216709197537789e+01
1.237787505524333476e+01
1.239358301851129163e+01
1.240929098177925027e+01
1.242499894504720714e+01
1.244070690831516401e+01
1.245641487158312088e+01
1.247212283485107776e+01
1.248783079811903463e+01
1.250353876138699150e+01
1.251924672465494837e+01
1.253495468792290524e+01
1.255066265119086211e+01
1.256637061445881898e+01
1.258207857772677585e+01
1.259778654099473272e+01
1.261349450426269136e+01
1.262920246753064824e+01
1.264491043079860511e+01
1.266061839406656198e+01
1.267632635733451885e+01
1.269203432060247572e+01
1.270774228387043259e+01
1.272345024713838946e+01
1.273915821040634633e+01
1.275486617367430320e+01
1.277057413694226007e+01
1.278628210021021694e+01
1.280199006347817381e+01
1.281769802674613068e+01
1.283340599001408933e+01
1.284911395328204620e+01
1.286482191655000307e+01
1.288052987981795994e+01
1.289623784308591681e+01
1.291194580635387368e+01
1.292765376962183055e+01
1.294336173288978742e+01
1.295906969615774429e+01
1.297477765942570116e+01
1.299048562269365803e+01
1.300619358596161490e+01
1.302190154922957177e+01
1.303760951249752864e+01
1.305331747576548729e+01
1.306902543903344416e+01
1.308473340230140103e+01
1.310044136556935790e+01
1.311614932883731477e+01
1.313185729210527164e+01
1.314756525537322851e+01
1.316327321864118538e+01
1.317898118190914225e+01
1.319468914517709912e+01
1.321039710844505599e+01
1.322610507171301286e+01
1.324181303498096973e+01
1.325752099824892838e+01
1.327322896151688525e+01
1.328893692478484212e+01
1.330464488805279899e+01
1.332035285132075586e+01
1.333606081458871273e+01
1.335176877785666960e+01
1.336747674112462647e+01
1.338318470439258334e+01
1.339889266766054021e+01
1.341460063092849708e+01
1.343030859419645395e+01
1.344601655746441082e+01
1.346172452073236769e+01
1.347743248400032634e+01
1.349314044726828321e+01
1.350884841053624008e+01
1.352455637380419695e+01
1.354026433707215382e+01
1.355597230034011069e+01
1.357168026360806756e+01
1.358738822687602443e+01
1.360309619014398130e+01
1.361880415341193817e+01
1.363451211667989504e+01
1.365022007994785191e+01
1.366592804321580878e+01
1.368163600648376743e+01
1.369734396975172430e+01
1.371305193301968117e+01
1.372875989628763804e+01
1.374446785955559491e+01
1.376017582282355178e+01
1.377588378609150865e+01
1.379159174935946552e+01
1.380729971262742239e+01
1.382300767589537926e+01
1.383871563916333614e+01
1.385442360243129301e+01
1.387013156569924988e+01
1.388583952896720675e+01
1.390154749223516539e+01
1.391725545550312226e+01
1.393296341877107913e+01
1.394867138203903600e+01
1.396437934530699287e+01
1.398008730857494974e+01
1.399579527184290662e+01
1.401150323511086349e+01
1.402721119837882036e+01
1.404291916164677723e+01
1.405862712491473410e+01
1.407433508818269097e+01
1.409004305145064784e+01
1.410575101471860648e+01
1.412145897798656335e+01
1.413716694125452022e+01
1.415287490452247710e+01
1.416858286779043397e+01
1.418429083105839084e+01
1.419999879432634771e+01
1.421570675759430458e+01
1.423141472086226145e+01
1.424712268413021832e+01
1.426283064739817519e+01
1.427853861066613206e+01
1.429424657393408893e+01
1.430995453720204580e+01
1.432566250047000445e+01
1.434137046373796132e+01
1.435707842700591819e+01
1.437278639027387506e+01
1.438849435354183193e+01
1.440420231680978880e+01
1.441991028007774567e+01
1.443561824334570254e+01
1.445132620661365941e+01
1.446703416988161628e+01
1.448274213314957315e+01
1.449845009641753002e+01
1.451415805968548689e+01
1.452986602295344554e+01
1.454557398622140241e+01
1.456128194948935928e+01
1.457698991275731615e+01
1.459269787602527302e+01
1.460840583929322989e+01
1.462411380256118676e+01
1.463982176582914363e+01
1.465552972909710050e+01
1.467123769236505737e+01
1.468694565563301424e+01
1.470265361890097111e+01
1.471836158216892798e+01
1.473406954543688485e+01
1.474977750870484350e+01
1.476548547197280037e+01
1.478119343524075724e+01
1.479690139850871411e+01
1.481260936177667098e+01
1.482831732504462785e+01
1.484402528831258472e+01
1.485973325158054159e+01
1.487544121484849846e+01
1.489114917811645533e+01
1.490685714138441220e+01
1.492256510465236907e+01
1.493827306792032594e+01
1.495398103118828459e+01
1.496968899445624146e+01
1.498539695772419833e+01
1.500110492099215520e+01
1.501681288426011207e+01
1.503252084752806894e+01
1.504822881079602581e+01
1.506393677406398268e+01
1.507964473733193955e+01
1.509535270059989642e+01
1.511106066386785329e+01
1.512676862713581016e+01
1.514247659040376703e+01
1.515818455367172390e+01
1.517389251693968255e+01
1.518960048020763942e+01
1.520530844347559629e+01
1.522101640674355316e+01
1.523672437001151003e+01
1.525243233327946690e+01
1.526814029654742377e+01
1.528384825981538064e+01
1.529955622308333751e+01
1.531526418635129438e+01
1.533097214961925125e+01
1.534668011288720813e+01
1.536238807615516500e+01
1.537809603942312364e+01
1.539380400269108051e+01
1.540951196595903738e+01
1.542521992922699425e+01
1.544092789249495112e+01
1.545663585576290799e+01
1.547234381903086486e+01
1.548805178229882173e+01
1.550375974556677861e+01
1.551946770883473548e+01
1.553517567210269235e+01
1.555088363537064922e+01
1.556659159863860609e+01
1.558229956190656296e+01
1.559800752517452160e+01
1.561371548844247847e+01
1.562942345171043534e+01
1.564513141497839221e+01
1.566083937824634909e+01
1.567654734151430596e+01
1.569225530478226283e+01
1.570796326805021970e+01
1.572367123131817657e+01
1.573937919458613344e+01
1.575508715785409031e+01
1.577079512112204718e+01
1.578650308439000405e+01
1.580221104765796269e+01
1.581791901092591957e+01
1.583362697419387644e+01
1.584933493746183331e+01
1.586504290072979018e+01
1.588075086399774705e+01
1.589645882726570392e+01
1.591216679053366079e+01
1.592787475380161766e+01
1.594358271706957453e+01
1.595929068033753140e+01
1.597499864360548827e+01
1.599070660687344514e+01
1.600641457014140201e+01
1.602212253340935888e+01
1.603783049667731575e+01
1.605353845994527262e+01
1.606924642321322949e+01
1.608495438648118636e+01
1.610066234974914323e+01
1.611637031301710010e+01
1.613207827628506053e+01
1.614778623955301740e+01
1.616349420282097427e+01
1.617920216608893114e+01
1.619491012935688801e+01
1.621061809262484488e+01
1.622632605589280175e+01
1.624203401916075862e+01
1.625774198242871549e+01
1.627344994569667236e+01
1.628915790896462923e+01
1.630486587223258610e+01
1.632057383550054297e+01
1.633628179876849984e+01
1.635198976203645671e+01
1.636769772530441358e+01
1.638340568857237045e+01
1.639911365184032732e+01
1.641482161510828419e+01
1.643052957837624106e+01
1.644623754164419793e+01
1.646194550491215480e+01
1.647765346818011167e+01
1.649336143144806854e+01
1.650906939471602541e+01
1.652477735798398228e+01
1.654048532125193915e+01
1.655619328451989958e+01
1.657190124778785645e+01
1.658760921105581332e+01
1.660331717432377019e+01
1.661902513759172706e+01
1.663473310085968393e+01
1.665044106412764080e+01
1.666614902739559767e+01
1.668185699066355454e+01
1.669756495393151141e+01
1.671327291719946828e+01
1.672898088046742515e+01
1.674468884373538202e+01
1.676039680700333889e+01
1.677610477027129576e+01
1.679181273353925263e+01
1.680752069680720950e+01
1.682322866007516637e+01
1.683893662334312324e+01
1.685464458661108011e+01
1.687035254987903699e+01
1.688606051314699386e+01
1.690176847641495073e+01
1.691747643968290760e+01
1.693318440295086447e+01
1.694889236621882134e+01
1.696460032948677821e+01
1.698030829275473863e+01
1.699601625602269550e+01
1.701172421929065237e+01
1.702743218255860924e+01
1.704314014582656611e+01
1.705884810909452298e+01
1.707455607236247985e+01
1.709026403563043672e+01
1.710597199889839359e+01
1.712167996216635046e+01
1.713738792543430733e+01
1.715309588870226420e+01
1.716880385197022107e+01
1.718451181523817795e+01
1.720021977850613482e+01
1.721592774177409169e+01
1.723163570504204856e+01
1.724734366831000543e+01
1.726305163157796230e+01
1.727875959484591917e+01
1.729446755811387604e+01
1.731017552138183291e+01
1.732588348464978978e+01
1.734159144791774665e+01
1.735729941118570352e+01
1.737300737445366039e+01
1.738871533772161726e+01
1.740442330098957768e+01
1.742013126425753455e+01
1.743583922752549142e+01
1.745154719079344829e+01
1.746725515406140516e+01
1.748296311732936203e+01
1.749867108059731891e+01
1.751437904386527578e+01
1.753008700713323265e+01
1.754579497040118952e+01
1.756150293366914639e+01
1.757721089693710326e+01
1.759291886020506013e+01
1.760862682347301700e+01
1.762433478674097387e+01
1.764004275000893074e+01
1.765575071327688761e+01
1.767145867654484448e+01
1.768716663981280135e+01
1.770287460308075822e+01
1.771858256634871509e+01
1.773429052961667196e+01
1.774999849288462883e+01
1.776570645615258570e+01
1.778141441942054257e+01
1.779712238268849944e+01
1.781283034595645631e+01
1.782853830922441674e+01
1.784424627249237361e+01
1.785995423576033048e+01
1.787566219902828735e+01
1.789137016229624422e+01
1.790707812556420109e+01
1.792278608883215796e+01
1.793849405210011483e+01
1.795420201536807170e+01
1.796990997863602857e+01
1.798561794190398544e+01
1.800132590517194231e+01
1.801703386843989918e+01
1.803274183170785605e+01
1.804844979497581292e+01
1.806415775824376979e+01
1.807986572151172666e+01
1.809557368477968353e+01
1.811128164804764040e+01
1.812698961131559727e+01
1.814269757458355414e+01
1.815840553785151101e+01
1.817411350111946788e+01
1.818982146438742475e+01
1.820552942765538162e+01
1.822123739092333849e+01
1.823694535419129537e+01
1.825265331745925579e+01
1.826836128072721266e+01
1.828406924399516953e+01
1.829977720726312640e+01
1.831548517053108327e+01
1.833119313379904014e+01
1.834690109706699701e+01
1.836260906033495388e+01
1.837831702360291075e+01
1.839402498687086762e+01
1.840973295013882449e+01
1.842544091340678136e+01
1.844114887667473823e+01
1.845685683994269510e+01
1.847256480321065197e+01
1.848827276647860884e+01
1.850398072974656571e+01
1.851968869301452258e+01
1.853539665628247946e+01
1.855110461955043633e+01
1.856681258281839320e+01
1.858252054608635007e+01
1.859822850935430694e+01
1.861393647262226381e+01
1.862964443589022068e+01
1.864535239915817755e+01
1.866106036242613442e+01
1.867676832569409484e+01
1.869247628896205171e+01
1.870818425223000858e+01
1.872389221549796545e+01
1.873960017876592232e+01
1.875530814203387919e+01
1.877101610530183606e+01
1.878672406856979293e+01
1.880243203183774980e+01
1.881813999510570667e+01
1.883384795837366354e+01
1.884955592164162042e+01
1.886526388490955597e+01
1.888097184817753416e+01
1.889667981144551234e+01
1.891238777471344790e+01
1.892809573798138345e+01
1.894380370124936164e+01
1.895951166451733982e+01
1.897521962778527538e+01
1.899092759105321093e+01
1.900663555432118912e+01
1.902234351758917086e+01
1.903805148085710286e+01
1.905375944412503841e+01
1.906946740739301660e+01
1.908517537066099834e+01
1.910088333392893389e+01
1.911659129719686590e+01
1.913229926046484763e+01
1.914800722373282582e+01
1.916371518700076138e+01
1.917942315026869338e+01
1.919513111353667512e+01
1.921083907680465330e+01
1.922654704007258886e+01
1.924225500334052441e+01
1.925796296660850260e+01
1.927367092987648078e+01
1.928937889314441634e+01
1.930508685641235189e+01
1.932079481968033008e+01
1.933650278294830827e+01
1.935221074621624382e+01
1.936791870948417937e+01
1.938362667275215756e+01
1.939933463602013575e+01
1.941504259928807130e+01
1.943075056255600686e+01
1.944645852582398504e+01
1.946216648909196678e+01
1.947787445235989878e+01
1.949358241562783434e+01
1.950929037889581252e+01
1.952499834216379426e+01
1.954070630543172982e+01
1.955641426869966182e+01
1.957212223196764356e+01
1.958783019523562174e+01
1.960353815850355730e+01
1.961924612177148930e+01
1.963495408503947104e+01
1.965066204830744923e+01
1.966637001157538478e+01
1.968207797484332033e+01
1.969778593811129852e+01
1.971349390137927671e+01
1.972920186464721226e+01
1.974490982791514782e+01
1.976061779118312600e+01
1.977632575445110419e+01
1.979203371771903974e+01
1.980774168098697530e+01
1.982344964425495348e+01
1.983915760752293522e+01
1.985486557079086722e+01
1.987057353405880278e+01
1.988628149732678096e+01
1.990198946059476270e+01
1.991769742386269471e+01
1.993340538713063026e+01
1.994911335039861200e+01
1.996482131366659019e+01
1.998052927693452574e+01
1.999623724020245774e+01
2.001194520347043948e+01
2.002765316673841767e+01
2.004336113000635322e+01
2.005906909327428522e+01
2.007477705654226696e+01
2.009048501981024515e+01
2.010619298307818070e+01
2.012190094634611626e+01
2.013760890961409444e+01
2.015331687288207263e+01
2.016902483615000818e+01
2.018473279941794374e+01
2.020044076268592192e+01
2.021614872595390011e+01
2.023185668922183567e+01
2.024756465248977122e+01
2.026327261575774941e+01
2.027898057902573115e+01
2.029468854229366315e+01
2.031039650556159870e+01
2.032610446882957689e+01
2.034181243209755863e+01
2.035752039536549063e+01
2.037322835863342618e+01
2.038893632190140792e+01
2.040464428516938611e+01
2.042035224843732166e+01
2.043606021170525366e+01
2.045176817497323540e+01
2.046747613824121359e+01
2.048318410150914914e+01
2.049889206477708470e+01
2.051460002804506288e+01
2.053030799131304107e+01
2.054601595458097663e+01
2.056172391784891218e+01
2.057743188111689037e+01
2.059313984438486855e+01
2.060884780765280411e+01
2.062455577092073966e+01
2.064026373418871785e+01
2.065597169745669603e+01
2.067167966072463159e+01
2.068738762399256714e+01
2.070309558726054533e+01
2.071880355052852707e+01
2.073451151379645907e+01
2.075021947706439462e+01
2.076592744033237281e+01
2.078163540360035455e+01
2.079734336686828655e+01
2.081305133013622211e+01
2.082875929340420385e+01
2.084446725667218203e+01
2.086017521994011759e+01
2.087588318320804959e+01
2.089159114647603133e+01
2.090729910974400951e+01
2.092300707301194507e+01
2.093871503627988062e+01
2.095442299954785881e+01
2.097013096281583699e+01
2.098583892608377255e+01
2.100154688935170810e+01
2.101725485261968629e+01
2.103296281588766448e+01
2.104867077915560003e+01
2.106437874242353558e+01
2.108008670569151377e+01
2.109579466895949196e+01
2.111150263222742751e+01
2.112721059549536307e+01
2.114291855876334125e+01
2.115862652203132299e+01
2.117433448529925499e+01
2.119004244856719055e+01
2.120575041183516873e+01
2.122145837510315047e+01
2.123716633837108603e+01
2.125287430163901803e+01
2.126858226490699977e+01
2.128429022817497795e+01
2.129999819144291351e+01
2.131570615471084551e+01
2.133141411797882725e+01
2.134712208124680544e+01
2.136283004451474099e+01
2.137853800778267654e+01
2.139424597105065473e+01
2.140995393431863292e+01
2.142566189758656847e+01
2.144136986085450403e+01
2.145707782412248221e+01
2.147278578739046040e+01
2.148849375065839595e+01
2.150420171392633151e+01
2.151990967719430969e+01
2.153561764046229143e+01
2.155132560373022343e+01
2.156703356699815899e+01
2.158274153026613718e+01
2.159844949353411891e+01
2.161415745680205092e+01
2.162986542006998647e+01
2.164557338333796466e+01
2.166128134660594640e+01
2.167698930987388195e+01
2.169269727314181395e+01
2.170840523640979569e+01
2.172411319967777388e+01
2.173982116294570943e+01
2.175552912621364143e+01
2.177123708948162317e+01
2.178694505274960136e+01
2.180265301601753691e+01
2.181836097928547247e+01
2.183406894255345065e+01
2.184977690582142884e+01
2.186548486908936439e+01
2.188119283235729995e+01
2.189690079562527814e+01
2.191260875889325632e+01
2.192831672216119188e+01
2.194402468542912743e+01
2.195973264869710562e+01
2.197544061196508736e+01
2.199114857523301936e+01
2.200685653850095491e+01
2.202256450176893310e+01
2.203827246503691484e+01
2.205398042830484684e+01
2.206968839157278239e+01
2.208539635484076413e+01
2.210110431810874232e+01
2.211681228137667787e+01
2.213252024464460987e+01
2.214822820791259161e+01
2.216393617118056980e+01
2.217964413444850535e+01
2.219535209771644091e+01
2.221106006098441910e+01
2.222676802425239728e+01
2.224247598752033284e+01
2.225818395078826839e+01
2.227389191405624658e+01
2.228959987732422476e+01
2.230530784059216032e+01
2.232101580386009587e+01
2.233672376712807406e+01
2.235243173039605225e+01
2.236813969366398780e+01
2.238384765693192335e+01
2.239955562019990154e+01
2.241526358346788328e+01
2.243097154673581528e+01
2.244667951000375083e+01
2.246238747327172902e+01
2.247809543653971076e+01
2.249380339980764276e+01
2.250951136307557832e+01
2.252521932634356006e+01
2.254092728961153824e+01
2.255663525287947380e+01
2.257234321614740580e+01
2.258805117941538754e+01
2.260375914268336572e+01
2.261946710595130128e+01
2.263517506921923683e+01
2.265088303248721502e+01
2.266659099575519321e+01
2.268229895902312876e+01
2.269800692229106431e+01
2.271371488555904250e+01
2.272942284882702069e+01
2.274513081209495624e+01
2.276083877536289179e+01
2.277654673863086998e+01
2.279225470189884817e+01
2.280796266516678372e+01
2.282367062843471928e+01
2.283937859170269746e+01
2.285508655497067920e+01
2.287079451823861120e+01
2.288650248150654676e+01
2.290221044477452494e+01
2.291791840804250668e+01
2.293362637131044224e+01
2.294933433457837424e+01
2.296504229784635598e+01
2.298075026111433417e+01
2.299645822438226972e+01
2.301216618765020172e+01
2.302787415091818346e+01
2.304358211418616165e+01
2.305929007745409720e+01
2.307499804072203275e+01
2.309070600399001094e+01
2.310641396725798913e+01
2.312212193052592468e+01
2.313782989379386024e+01
2.315353785706183842e+01
2.316924582032981661e+01
2.318495378359775216e+01
2.320066174686568772e+01
2.321636971013366590e+01
2.323207767340164764e+01
2.324778563666957965e+01
2.326349359993751520e+01
2.327920156320549339e+01
2.329490952647347513e+01
2.331061748974140713e+01
2.332632545300934268e+01
2.334203341627732087e+01
2.335774137954530261e+01
2.337344934281323816e+01
2.338915730608117016e+01
2.340486526934915190e+01
2.342057323261713009e+01
2.343628119588506564e+01
2.345198915915299764e+01
2.346769712242097938e+01
2.348340508568895757e+01
2.349911304895689312e+01
2.351482101222482868e+01
2.353052897549280686e+01
2.354623693876078505e+01
2.356194490202872061e+01
2.357765286529665616e+01
2.359336082856463435e+01
2.360906879183261253e+01
2.362477675510054809e+01
2.364048471836848364e+01
2.365619268163646183e+01
2.367190064490444357e+01
2.368760860817237557e+01
2.370331657144031112e+01
2.371902453470828931e+01
2.373473249797627105e+01
2.375044046124420305e+01
2.376614842451213860e+01
2.378185638778012034e+01
2.379756435104809853e+01
2.381327231431603408e+01
2.382898027758396609e+01
2.384468824085194782e+01
2.386039620411992601e+01
2.387610416738786157e+01
2.389181213065579357e+01
2.390752009392377531e+01
2.392322805719175349e+01
2.393893602045968905e+01
2.395464398372762460e+01
2.397035194699560279e+01
2.398605991026358097e+01
2.400176787353151653e+01
2.401747583679945208e+01
2.403318380006743027e+01
2.404889176333540846e+01
2.406459972660334401e+01
2.408030768987127956e+01
2.409601565313925775e+01
2.411172361640723949e+01
2.412743157967517149e+01
2.414313954294310705e+01
2.415884750621108523e+01
2.417455546947906697e+01
2.419026343274699897e+01
2.420597139601493453e+01
2.422167935928291627e+01
2.423738732255089445e+01
2.425309528581883001e+01
2.426880324908676201e+01
2.428451121235474375e+01
2.430021917562272193e+01
2.431592713889065749e+01
2.433163510215859304e+01
2.434734306542657123e+01
2.436305102869454942e+01
2.437875899196248497e+01
2.439446695523042052e+01
2.441017491849839871e+01
2.442588288176637690e+01
2.444159084503431245e+01
2.445729880830224801e+01
2.447300677157022619e+01
2.448871473483820438e+01
2.450442269810613993e+01
2.452013066137407549e+01
2.453583862464205367e+01
2.455154658791003541e+01
2.456725455117796741e+01
2.458296251444590297e+01
2.459867047771388116e+01
2.461437844098186289e+01
2.463008640424979845e+01
2.464579436751773045e+01
2.466150233078571219e+01
2.467721029405369038e+01
2.469291825732162593e+01
2.470862622058955793e+01
2.472433418385753967e+01
2.474004214712551786e+01
2.475575011039345341e+01
2.477145807366138897e+01
2.478716603692936715e+01
2.480287400019734534e+01
2.481858196346528089e+01
2.483428992673321645e+01
2.484999789000119463e+01
2.486570585326917282e+01
2.488141381653710837e+01
2.489712177980504393e+01
2.491282974307302212e+01
2.492853770634100030e+01
2.494424566960893586e+01
2.495995363287687141e+01
2.497566159614484960e+01
2.499136955941283134e+01
2.500707752268076334e+01
2.502278548594869889e+01
2.503849344921667708e+01
2.505420141248465882e+01
2.506990937575259437e+01
2.508561733902052637e+01
2.510132530228850811e+01
2.511703326555648630e+01
2.513274122882442185e+01
2.514844919209235385e+01
2.516415715536033559e+01
2.517986511862831378e+01
2.519557308189624933e+01
2.521128104516418489e+01
2.522698900843216308e+01
2.524269697170014126e+01
2.525840493496807682e+01
2.527411289823601237e+01
2.528982086150399056e+01
2.530552882477196874e+01
2.532123678803990430e+01
2.533694475130783985e+01
2.535265271457581804e+01
2.536836067784379978e+01
2.538406864111173178e+01
2.539977660437966733e+01
2.541548456764764552e+01
2.543119253091562726e+01
2.544690049418355926e+01
2.546260845745149481e+01
2.547831642071947655e+01
2.549402438398745474e+01
2.550973234725539029e+01
2.552544031052332230e+01
2.554114827379130404e+01
2.555685623705928222e+01
2.557256420032721778e+01
2.558827216359514978e+01
2.560398012686313152e+01
2.561968809013110970e+01
2.563539605339904526e+01
2.565110401666698081e+01
2.566681197993495900e+01
2.568251994320293718e+01
2.569822790647087274e+01
2.571393586973880829e+01
2.572964383300678648e+01
2.574535179627476467e+01
2.576105975954270022e+01
2.577676772281063577e+01
2.579247568607861396e+01
2.580818364934659570e+01
2.582389161261452770e+01
2.583959957588246326e+01
2.585530753915044144e+01
2.587101550241842318e+01
2.588672346568635518e+01
2.590243142895429074e+01
2.591813939222227248e+01
2.593384735549025066e+01
2.594955531875818622e+01
2.596526328202611822e+01
2.598097124529409996e+01
2.599667920856207814e+01
2.601238717183001370e+01
2.602809513509794925e+01
2.604380309836592744e+01
2.605951106163390563e+01
2.607521902490184118e+01
2.609092698816977673e+01
2.610663495143775492e+01
2.612234291470573311e+01
2.613805087797366866e+01
2.615375884124160422e+01
2.616946680450958240e+01
2.618517476777756059e+01
2.620088273104549614e+01
2.621659069431343170e+01
2.623229865758140988e+01
2.624800662084939162e+01
2.626371458411732362e+01
2.627942254738525918e+01
2.629513051065323737e+01
2.631083847392121911e+01
2.632654643718915466e+01
2.634225440045708666e+01
2.635796236372506840e+01
2.637367032699304659e+01
2.638937829026098214e+01
2.640508625352891414e+01
2.642079421679689588e+01
2.643650218006487407e+01
2.645221014333280962e+01
2.646791810660074518e+01
2.648362606986872336e+01
2.649933403313670155e+01
2.651504199640463710e+01
2.653074995967257266e+01
2.654645792294055084e+01
2.656216588620852903e+01
2.657787384947646458e+01
2.659358181274440014e+01
2.660928977601237833e+01
2.662499773928035651e+01
2.664070570254829207e+01
2.665641366581622762e+01
2.667212162908420581e+01
2.668782959235218755e+01
2.670353755562011955e+01
2.671924551888805510e+01
2.673495348215603329e+01
2.675066144542401503e+01
2.676636940869195058e+01
2.678207737195988258e+01
2.679778533522786432e+01
2.681349329849584251e+01
2.682920126176377806e+01
2.684490922503171006e+01
2.686061718829969180e+01
2.687632515156766999e+01
2.689203311483560555e+01
2.690774107810354110e+01
2.692344904137151929e+01
2.693915700463949747e+01
2.695486496790743303e+01
2.697057293117536858e+01
2.698628089444334677e+01
2.700198885771132495e+01
2.701769682097926051e+01
2.703340478424719606e+01
2.704911274751517425e+01
2.706482071078315599e+01
2.708052867405108799e+01
2.709623663731902354e+01
2.711194460058700173e+01
2.712765256385498347e+01
2.714336052712291547e+01
2.715906849039085103e+01
2.717477645365882921e+01
2.719048441692681095e+01
2.720619238019474651e+01
2.722190034346267851e+01
2.723760830673066025e+01
2.725331626999863843e+01
2.726902423326657399e+01
2.728473219653450599e+01
2.730044015980248773e+01
2.731614812307046591e+01
2.733185608633840147e+01
2.734756404960633702e+01
2.736327201287431521e+01
2.737897997614229340e+01
2.739468793941022895e+01
2.741039590267816450e+01
2.742610386594614269e+01
2.744181182921412088e+01
2.745751979248205643e+01
2.747322775574999199e+01
2.748893571901797017e+01
2.750464368228595191e+01
2.752035164555388391e+01
2.753605960882181947e+01
2.755176757208979765e+01
2.756747553535777939e+01
2.758318349862571139e+01
2.759889146189364695e+01
2.761459942516162869e+01
2.763030738842960687e+01
2.764601535169754243e+01
2.766172331496547443e+01
2.767743127823345617e+01
2.769313924150143436e+01
2.770884720476936991e+01
2.772455516803730546e+01
2.774026313130528365e+01
2.775597109457326184e+01
2.777167905784119739e+01
2.778738702110913295e+01
2.780309498437711113e+01
2.781880294764508932e+01
2.783451091091302487e+01
2.785021887418096043e+01
2.786592683744893861e+01
2.788163480071691680e+01
2.789734276398485235e+01
2.791305072725278791e+01
2.792875869052076609e+01
2.794446665378874783e+01
2.796017461705667984e+01
2.797588258032461539e+01
2.799159054359259358e+01
2.800729850686057532e+01
2.802300647012850732e+01
2.803871443339644287e+01
2.805442239666442461e+01
2.807013035993240280e+01
2.808583832320033835e+01
2.810154628646827035e+01
2.811725424973625209e+01
2.813296221300423028e+01
2.814867017627216583e+01
2.816437813954010139e+01
2.818008610280807957e+01
2.819579406607605776e+01
2.821150202934399331e+01
2.822720999261192887e+01
2.824291795587990705e+01
2.825862591914788524e+01
2.827433388241582080e+01
2.829004184568375635e+01
2.830574980895173454e+01
2.832145777221971272e+01
2.833716573548764828e+01
2.835287369875558383e+01
2.836858166202356202e+01
2.838428962529154376e+01
2.839999758855947576e+01
2.841570555182741131e+01
2.843141351509538950e+01
2.844712147836337124e+01
2.846282944163130679e+01
2.847853740489923879e+01
2.849424536816722053e+01
2.850995333143519872e+01
2.852566129470313427e+01
2.854136925797106628e+01
2.855707722123904801e+01
2.857278518450702620e+01
2.858849314777496176e+01
2.860420111104289731e+01
2.861990907431087550e+01
2.863561703757885368e+01
2.865132500084678924e+01
2.866703296411472479e+01
2.868274092738270298e+01
2.869844889065068116e+01
2.871415685391861672e+01
2.872986481718655227e+01
2.874557278045453046e+01
2.876128074372251220e+01
2.877698870699044420e+01
2.879269667025837975e+01
2.880840463352635794e+01
2.882411259679433968e+01
2.883982056006227168e+01
2.885552852333020724e+01
2.887123648659818542e+01
2.888694444986616716e+01
2.890265241313410272e+01
2.891836037640203472e+01
2.893406833967001646e+01
2.894977630293799464e+01
2.896548426620593020e+01
2.898119222947386220e+01
2.899690019274184394e+01
2.901260815600982212e+01
2.902831611927775768e+01
2.904402408254569323e+01
2.905973204581367142e+01
2.907544000908164961e+01
2.909114797234958516e+01
2.910685593561752071e+01
2.912256389888549890e+01
2.913827186215347709e+01
2.915397982542141264e+01
2.916968778868934820e+01
2.918539575195732638e+01
2.920110371522530812e+01
2.921681167849324012e+01
2.923251964176117568e+01
2.924822760502915386e+01
2.926393556829713560e+01
2.927964353156506760e+01
2.929535149483300316e+01
2.931105945810098490e+01
2.932676742136896308e+01
2.934247538463689864e+01
2.935818334790483064e+01
2.937389131117281238e+01
2.938959927444079057e+01
2.940530723770872612e+01
2.942101520097665812e+01
2.943672316424463986e+01
2.945243112751261805e+01
2.946813909078055360e+01
2.948384705404848916e+01
2.949955501731646734e+01
2.951526298058444553e+01
2.953097094385238108e+01
2.954667890712031664e+01
2.956238687038829482e+01
2.957809483365627301e+01
2.959380279692420856e+01
2.960951076019214412e+01
2.962521872346012231e+01
2.964092668672810404e+01
2.965663464999603605e+01
2.967234261326397160e+01
2.968805057653194979e+01
2.970375853979993153e+01
2.971946650306786353e+01
2.973517446633579908e+01
2.975088242960378082e+01
2.976659039287175901e+01
2.978229835613969456e+01
2.979800631940762656e+01
2.981371428267560830e+01
2.982942224594358649e+01
2.984513020921152204e+01
2.986083817247945760e+01
2.987654613574743578e+01
2.989225409901541397e+01
2.990796206228334952e+01
2.992367002555128508e+01
2.993937798881926327e+01
2.995508595208724145e+01
2.997079391535517701e+01
2.998650187862311256e+01
3.000220984189109075e+01
3.001791780515906893e+01
3.003362576842700449e+01
3.004933373169494004e+01
3.006504169496291823e+01
3.008074965823089997e+01
3.009645762149883197e+01
3.011216558476676752e+01
3.012787354803474571e+01
3.014358151130272745e+01
3.015928947457066300e+01
3.017499743783859500e+01
3.019070540110657674e+01
3.020641336437455493e+01
3.022212132764249048e+01
3.023782929091042249e+01
3.025353725417840423e+01
3.026924521744638241e+01
3.028495318071431797e+01
3.030066114398225352e+01
3.031636910725023171e+01
3.033207707051820989e+01
3.034778503378614545e+01
3.036349299705408100e+01
3.037920096032205919e+01
3.039490892359003738e+01
3.041061688685797293e+01
3.042632485012590848e+01
3.044203281339388667e+01
3.045774077666186841e+01
3.047344873992980041e+01
3.048915670319773596e+01
3.050486466646571415e+01
3.052057262973369589e+01
3.053628059300162789e+01
3.055198855626956345e+01
3.056769651953754163e+01
3.058340448280552337e+01
3.059911244607345893e+01
3.061482040934139093e+01
3.063052837260937267e+01
3.064623633587735085e+01
3.066194429914528641e+01
3.067765226241321841e+01
3.069336022568120015e+01
3.070906818894917834e+01
3.072477615221711389e+01
3.074048411548504944e+01
3.075619207875302763e+01
3.077190004202100582e+01
3.078760800528894137e+01
3.080331596855687692e+01
3.081902393182485511e+01
3.083473189509283330e+01
3.085043985836076885e+01
3.086614782162870441e+01
3.088185578489668259e+01
3.089756374816466433e+01
3.091327171143259633e+01
3.092897967470053189e+01
3.094468763796851007e+01
3.096039560123649181e+01
3.097610356450442382e+01
3.099181152777235937e+01
3.100751949104034111e+01
3.102322745430831930e+01
3.103893541757625485e+01
3.105464338084418685e+01
3.107035134411216859e+01
3.108605930738014678e+01
3.110176727064808233e+01
3.111747523391601433e+01
3.113318319718399607e+01
3.114889116045197426e+01
3.116459912371990981e+01
3.118030708698784537e+01
3.119601505025582355e+01
3.121172301352380174e+01
3.122743097679173729e+01
3.124313894005967285e+01
3.125884690332765103e+01
3.127455486659562922e+01
3.129026282986356478e+01
3.130597079313150033e+01
3.132167875639947852e+01
3.133738671966746026e+01
3.135309468293539226e+01
3.136880264620332781e+01
3.138451060947130600e+01
3.140021857273928774e+01
3.141592653600721974e+01
3.143163449927515529e+01
3.144734246254313703e+01
3.146305042581111522e+01
3.147875838907905077e+01
3.149446635234698277e+01
3.151017431561496451e+01
3.152588227888294270e+01
3.154159024215087825e+01
3.155729820541881381e+01
3.157300616868679199e+01
3.158871413195477018e+01
3.160442209522270574e+01
3.162013005849064129e+01
3.163583802175861948e+01
3.165154598502659766e+01
3.166725394829453322e+01
3.168296191156246877e+01
3.169866987483044696e+01
3.171437783809842514e+01
3.173008580136636070e+01
3.174579376463429625e+01
3.176150172790227444e+01
3.177720969117025618e+01
3.179291765443818818e+01
3.180862561770612373e+01
3.182433358097410192e+01
3.184004154424208366e+01
3.185574950751001921e+01
3.187145747077795122e+01
3.188716543404593295e+01
3.190287339731391114e+01
3.191858136058184670e+01
3.193428932384977870e+01
3.194999728711776044e+01
3.196570525038573862e+01
3.198141321365367418e+01
3.199712117692160973e+01
3.201282914018958792e+01
3.202853710345756610e+01
3.204424506672550166e+01
3.205995302999343721e+01
3.207566099326141540e+01
3.209136895652939359e+01
3.210707691979732914e+01
3.212278488306526469e+01
3.213849284633324288e+01
3.215420080960122107e+01
3.216990877286915662e+01
3.218561673613709218e+01
3.220132469940507036e+01
3.221703266267304855e+01
3.223274062594098410e+01
3.224844858920891966e+01
3.226415655247689784e+01
3.227986451574487603e+01
3.229557247901281158e+01
3.231128044228074714e+01
3.232698840554872532e+01
3.234269636881670351e+01
3.235840433208463907e+01
3.237411229535257462e+01
3.238982025862055281e+01
3.240552822188853810e+01
3.242123618515646655e+01
3.243694414842440210e+01
3.245265211169238029e+01
3.246836007496036558e+01
3.248406803822829403e+01
3.249977600149622958e+01
3.251548396476421487e+01
3.253119192803219306e+01
3.254689989130012862e+01
3.256260785456805706e+01
3.257831581783604236e+01
3.259402378110402054e+01
3.260973174437195610e+01
3.262543970763989165e+01
3.264114767090786984e+01
3.265685563417584802e+01
3.267256359744378358e+01
3.268827156071171913e+01
3.270397952397969732e+01
3.271968748724767551e+01
3.273539545051561106e+01
3.275110341378354661e+01
3.276681137705152480e+01
3.278251934031950299e+01
3.279822730358743854e+01
3.281393526685537410e+01
3.282964323012335228e+01
3.284535119339133047e+01
3.286105915665926602e+01
3.287676711992720158e+01
3.289247508319517976e+01
3.290818304646315795e+01
3.292389100973109350e+01
3.293959897299902906e+01
3.295530693626700725e+01
3.297101489953498543e+01
3.298672286280292099e+01
3.300243082607085654e+01
3.301813878933883473e+01
3.303384675260681291e+01
3.304955471587474847e+01
3.306526267914268402e+01
3.308097064241066221e+01
3.309667860567864039e+01
3.311238656894657595e+01
3.312809453221451150e+01
3.314380249548248969e+01
3.315951045875046788e+01
3.317521842201840343e+01
3.319092638528633898e+01
3.320663434855431717e+01
3.322234231182230246e+01
3.323805027509023091e+01
3.325375823835816647e+01
3.326946620162614465e+01
3.328517416489412994e+01
3.330088212816205839e+01
3.331659009142999395e+01
3.333229805469797213e+01
3.334800601796595743e+01
3.336371398123389298e+01
3.337942194450182143e+01
3.339512990776980672e+01
3.341083787103778491e+01
3.342654583430572046e+01
3.344225379757364891e+01
3.345796176084163420e+01
3.347366972410961239e+01
3.348937768737754794e+01
3.350508565064548350e+01
3.352079361391346168e+01
3.353650157718143987e+01
3.355220954044937542e+01
3.356791750371731098e+01
3.358362546698528917e+01
3.359933343025326735e+01
3.361504139352120291e+01
3.363074935678913846e+01
3.364645732005711665e+01
3.366216528332509483e+01
3.367787324659303039e+01
3.369358120986096594e+01
3.370928917312894413e+01
3.372499713639692231e+01
3.374070509966485787e+01
3.375641306293279342e+01
3.377212102620077161e+01
3.378782898946874980e+01
3.380353695273668535e+01
3.381924491600462090e+01
3.383495287927259909e+01
3.385066084254057728e+01
3.386636880580851283e+01
3.388207676907644839e+01
3.389778473234442657e+01
3.391349269561240476e+01
3.392920065888034031e+01
3.394490862214827587e+01
3.396061658541625405e+01
3.397632454868423224e+01
3.399203251195216779e+01
3.400774047522010335e+01
3.402344843848808154e+01
3.403915640175605972e+01
3.405486436502399528e+01
3.407057232829193083e+01
3.408628029155990902e+01
3.410198825482789431e+01
3.411769621809582276e+01
3.413340418136375831e+01
3.414911214463173650e+01
3.416482010789972179e+01
3.418052807116765024e+01
3.419623603443558579e+01
3.421194399770357109e+01
3.422765196097154927e+01
3.424335992423948483e+01
3.425906788750741327e+01
3.427477585077539857e+01
3.429048381404337675e+01
3.430619177731131231e+01
3.432189974057924786e+01
3.433760770384722605e+01
3.435331566711520423e+01
3.436902363038313979e+01
3.438473159365107534e+01
3.440043955691905353e+01
3.441614752018703172e+01
3.443185548345496727e+01
3.444756344672290282e+01
3.446327140999088101e+01
3.447897937325885920e+01
3.449468733652679475e+01
3.451039529979473031e+01
3.452610326306270849e+01
3.454181122633068668e+01
3.455751918959862223e+01
3.457322715286655779e+01
3.458893511613453597e+01
3.460464307940251416e+01
3.462035104267044971e+01
3.463605900593838527e+01
3.465176696920636346e+01
3.466747493247434164e+01
3.468318289574227720e+01
3.469889085901021275e+01
3.471459882227819094e+01
3.473030678554616912e+01
3.474601474881410468e+01
3.476172271208204023e+01
3.477743067535001842e+01
3.479313863861799661e+01
3.480884660188593216e+01
3.482455456515386771e+01
3.484026252842184590e+01
3.485597049168982409e+01
3.487167845495775964e+01
3.488738641822569519e+01
3.490309438149367338e+01
3.491880234476165157e+01
3.493451030802958712e+01
3.495021827129752268e+01
3.496592623456550086e+01
3.498163419783348616e+01
3.499734216110141460e+01
3.501305012436935016e+01
3.502875808763732834e+01
3.504446605090531364e+01
3.506017401417324919e+01
3.507588197744117764e+01
3.509158994070916293e+01
3.510729790397714112e+01
3.512300586724507667e+01
3.513871383051300512e+01
3.515442179378099041e+01
3.517012975704896860e+01
3.518583772031690415e+01
3.520154568358483971e+01
3.521725364685281789e+01
3.523296161012079608e+01
3.524866957338873164e+01
3.526437753665666719e+01
3.528008549992464538e+01
3.529579346319262356e+01
3.531150142646055912e+01
3.532720938972849467e+01
3.534291735299647286e+01
3.535862531626445104e+01
3.537433327953238660e+01
3.539004124280032215e+01
3.540574920606830034e+01
3.542145716933627853e+01
3.543716513260421408e+01
3.545287309587214963e+01
3.546858105914012782e+01
3.548428902240810601e+01
3.549999698567604156e+01
3.551570494894397712e+01
3.553141291221195530e+01
3.554712087547993349e+01
3.556282883874786904e+01
3.557853680201580460e+01
3.559424476528378278e+01
3.560995272855176097e+01
3.562566069181969652e+01
3.564136865508763208e+01
3.565707661835561026e+01
3.567278458162358845e+01
3.568849254489152401e+01
3.570420050815945956e+01
3.571990847142743775e+01
3.573561643469541593e+01
3.575132439796335149e+01
3.576703236123128704e+01
3.578274032449926523e+01
3.579844828776725052e+01
3.581415625103517897e+01
3.582986421430311452e+01
3.584557217757109271e+01
3.586128014083907800e+01
3.587698810410700645e+01
3.589269606737494200e+01
3.590840403064292730e+01
3.592411199391090548e+01
3.593981995717884104e+01
3.595552792044676949e+01
3.597123588371475478e+01
3.598694384698273296e+01
3.600265181025066852e+01
3.601835977351860407e+01
3.603406773678658226e+01
3.604977570005456045e+01
3.606548366332249600e+01
3.608119162659043155e+01
3.609689958985840974e+01
3.611260755312638793e+01
3.612831551639432348e+01
3.614402347966225904e+01
3.615973144293023722e+01
3.617543940619821541e+01
3.619114736946615096e+01
3.620685533273408652e+01
3.622256329600206470e+01
3.623827125927004289e+01
3.625397922253797844e+01
3.626968718580591400e+01
3.628539514907389218e+01
3.630110311234187037e+01
3.631681107560980593e+01
3.633251903887774148e+01
3.634822700214571967e+01
3.636393496541369785e+01
3.637964292868163341e+01
3.639535089194956896e+01
3.641105885521754715e+01
3.642676681848552533e+01
3.644247478175346089e+01
3.645818274502139644e+01
3.647389070828937463e+01
3.648959867155735282e+01
3.650530663482528837e+01
3.652101459809322392e+01
3.653672256136120211e+01
3.655243052462918030e+01
3.656813848789711585e+01
3.658384645116505141e+01
3.659955441443302959e+01
3.661526237770100778e+01
3.663097034096894333e+01
3.664667830423687889e+01
3.666238626750485707e+01
3.667809423077284237e+01
3.669380219404077081e+01
3.670951015730870637e+01
3.672521812057668456e+01
3.674092608384466985e+01
3.675663404711260540e+01
3.677234201038053385e+01
3.678804997364851914e+01
3.680375793691649733e+01
3.681946590018443288e+01
3.683517386345236133e+01
3.685088182672034662e+01
3.686658978998832481e+01
3.688229775325626036e+01
3.689800571652419592e+01
3.691371367979217410e+01
3.692942164306015229e+01
3.694512960632808785e+01
3.696083756959602340e+01
3.697654553286400159e+01
3.699225349613197977e+01
3.700796145939991533e+01
3.702366942266785088e+01
3.703937738593582907e+01
3.705508534920380725e+01
3.707079331247174281e+01
3.708650127573967836e+01
3.710220923900765655e+01
3.711791720227563474e+01
3.713362516554357029e+01
3.714933312881150584e+01
3.716504109207948403e+01
3.718074905534746222e+01
3.719645701861539777e+01
3.721216498188333333e+01
3.722787294515131151e+01
3.724358090841928970e+01
3.725928887168722525e+01
3.727499683495516081e+01
3.729070479822313899e+01
3.730641276149111718e+01
3.732212072475905273e+01
3.733782868802698829e+01
3.735353665129496648e+01
3.736924461456294466e+01
3.738495257783088022e+01
3.740066054109881577e+01
3.741636850436679396e+01
3.743207646763477214e+01
3.744778443090270770e+01
3.746349239417064325e+01
3.747920035743862144e+01
3.749490832070660673e+01
3.751061628397453518e+01
3.752632424724247073e+01
3.754203221051044892e+01
3.755774017377843421e+01
3.757344813704636266e+01
3.758915610031429821e+01
3.760486406358228351e+01
3.762057202685026169e+01
3.763627999011819725e+01
3.765198795338612570e+01
3.766769591665411099e+01
3.768340387992208917e+01
3.769911184319002473e+01
3.771481980645796028e+01
3.773052776972593847e+01
3.774623573299391666e+01
3.776194369626185221e+01
3.777765165952978776e+01
3.779335962279776595e+01
3.780906758606574414e+01
3.782477554933367969e+01
3.784048351260161525e+01
3.785619147586959343e+01
3.787189943913757162e+01
3.788760740240550717e+01
3.790331536567344273e+01
3.791902332894142091e+01
3.793473129220939910e+01
3.795043925547733465e+01
3.796614721874527021e+01
3.798185518201324840e+01
3.799756314528122658e+01
3.801327110854916214e+01
3.802897907181709769e+01
3.804468703508507588e+01
3.806039499835305406e+01
3.807610296162098962e+01
3.809181092488892517e+01
3.810751888815690336e+01
3.812322685142488154e+01
3.813893481469281710e+01
3.815464277796075265e+01
3.817035074122873084e+01
3.818605870449670903e+01
3.820176666776464458e+01
3.821747463103258013e+01
3.823318259430055832e+01
3.824889055756853651e+01
3.826459852083647206e+01
3.828030648410440762e+01
3.829601444737238580e+01
3.831172241064036399e+01
3.832743037390829954e+01
3.834313833717623510e+01
3.835884630044421328e+01
3.837455426371219858e+01
3.839026222698012702e+01
3.840597019024806258e+01
3.842167815351604077e+01
3.843738611678402606e+01
3.845309408005196161e+01
3.846880204331989006e+01
3.848451000658787535e+01
3.850021796985585354e+01
3.851592593312378909e+01
3.853163389639171754e+01
3.854734185965970283e+01
3.856304982292768102e+01
3.857875778619561657e+01
3.859446574946355213e+01
3.861017371273153032e+01
3.862588167599950850e+01
3.864158963926744406e+01
3.865729760253537961e+01
3.867300556580335780e+01
3.868871352907133598e+01
3.870442149233927154e+01
3.872012945560720709e+01
3.873583741887518528e+01
3.875154538214316347e+01
3.876725334541109902e+01
3.878296130867903457e+01
3.879866927194701276e+01
3.881437723521499095e+01
3.883008519848292650e+01
3.884579316175086205e+01
3.886150112501884024e+01
3.887720908828681843e+01
3.889291705155475398e+01
3.890862501482268954e+01
3.892433297809066772e+01
3.894004094135864591e+01
3.895574890462658146e+01
3.897145686789451702e+01
3.898716483116249520e+01
3.900287279443047339e+01
3.901858075769840895e+01
3.903428872096634450e+01
3.904999668423432269e+01
3.906570464750230087e+01
3.908141261077023643e+01
3.909712057403817198e+01
3.911282853730615017e+01
3.912853650057412835e+01
3.914424446384206391e+01
3.915995242710999946e+01
3.917566039037797765e+01
3.919136835364596294e+01
3.920707631691389139e+01
3.922278428018182694e+01
3.923849224344980513e+01
3.925420020671779042e+01
3.926990816998571887e+01
3.928561613325365443e+01
3.930132409652163972e+01
3.931703205978961790e+01
3.933274002305755346e+01
3.934844798632548191e+01
3.936415594959346720e+01
3.937986391286144539e+01
3.939557187612938094e+01
3.941127983939730939e+01
3.942698780266529468e+01
3.944269576593327287e+01
3.945840372920120842e+01
3.947411169246914397e+01
3.948981965573712216e+01
3.950552761900510035e+01
3.952123558227303590e+01
3.953694354554097146e+01
3.955265150880894964e+01
3.956835947207692783e+01
3.958406743534486338e+01
3.959977539861279894e+01
3.961548336188077712e+01
3.963119132514875531e+01
3.964689928841669087e+01
3.966260725168462642e+01
3.967831521495260461e+01
3.969402317822058279e+01
3.970973114148851835e+01
3.972543910475645390e+01
3.974114706802443209e+01
3.975685503129241027e+01
3.977256299456034583e+01
3.978827095782828138e+01
3.980397892109625957e+01
3.981968688436423776e+01
3.983539484763217331e+01
3.985110281090010886e+01
3.986681077416808705e+01
3.988251873743606524e+01
3.989822670070400079e+01
3.991393466397193635e+01
3.992964262723991453e+01
3.994535059050789272e+01
3.996105855377582827e+01
3.997676651704376383e+01
3.999247448031174201e+01
4.000818244357972020e+01
4.002389040684765575e+01
4.003959837011559131e+01
4.005530633338356949e+01
4.007101429665155479e+01
4.008672225991948324e+01
4.010243022318741879e+01
4.011813818645539698e+01
4.013384614972338227e+01
4.014955411299131782e+01
4.016526207625924627e+01
4.018097003952723156e+01
4.019667800279520975e+01
4.021238596606314530e+01
4.022809392933107375e+01
4.024380189259905904e+01
4.025950985586703723e+01
4.027521781913497279e+01
4.029092578240290834e+01
4.030663374567088653e+01
4.032234170893886471e+01
4.033804967220680027e+01
4.035375763547473582e+01
4.036946559874271401e+01
4.038517356201069219e+01
4.040088152527862775e+01
4.041658948854656330e+01
4.043229745181454149e+01
4.044800541508251968e+01
4.046371337835045523e+01
4.047942134161839078e+01
4.049512930488636897e+01
4.051083726815434716e+01
4.052654523142228271e+01
4.054225319469021827e+01
4.055796115795819645e+01
4.057366912122617464e+01
4.058937708449411019e+01
4.060508504776204575e+01
4.062079301103002393e+01
4.063650097429800212e+01
4.065220893756593767e+01
4.066791690083387323e+01
4.068362486410185141e+01
4.069933282736982960e+01
4.071504079063776516e+01
4.073074875390570071e+01
4.074645671717367890e+01
4.076216468044165708e+01
4.077787264370959264e+01
4.079358060697752819e+01
4.080928857024550638e+01
4.082499653351348456e+01
4.084070449678142012e+01
4.085641246004935567e+01
4.087212042331733386e+01
4.088782838658531915e+01
4.090353634985324760e+01
4.091924431312118315e+01
4.093495227638916134e+01
4.095066023965714663e+01
4.096636820292507508e+01
4.098207616619301064e+01
4.099778412946099593e+01
4.101349209272897411e+01
4.102920005599690967e+01
4.104490801926483812e+01
4.106061598253282341e+01
4.107632394580080160e+01
4.109203190906873715e+01
4.110773987233666560e+01
4.112344783560465089e+01
4.113915579887262908e+01
4.115486376214056463e+01
4.117057172540850019e+01
4.118627968867647837e+01
4.120198765194445656e+01
4.121769561521239211e+01
4.123340357848032767e+01
4.124911154174830585e+01
4.126481950501628404e+01
4.128052746828421959e+01
4.129623543155215515e+01
4.131194339482013334e+01
4.132765135808811152e+01
4.134335932135604708e+01
4.135906728462398263e+01
4.137477524789196082e+01
4.139048321115993900e+01
4.140619117442787456e+01
4.142189913769581011e+01
4.143760710096378830e+01
4.145331506423176648e+01
4.146902302749970204e+01
4.148473099076763759e+01
4.150043895403561578e+01
4.151614691730359397e+01
4.153185488057152952e+01
4.154756284383946507e+01
4.156327080710744326e+01
4.157897877037542145e+01
4.159468673364335700e+01
4.161039469691129256e+01
4.162610266017927074e+01
4.164181062344724893e+01
4.165751858671518448e+01
4.167322654998312004e+01
4.168893451325109822e+01
4.170464247651907641e+01
4.172035043978701196e+01
4.173605840305494752e+01
4.175176636632292571e+01
4.176747432959091100e+01
4.178318229285883945e+01
4.179889025612677500e+01
4.181459821939475319e+01
4.183030618266273848e+01
4.184601414593067403e+01
4.186172210919860248e+01
4.187743007246658777e+01
4.189313803573456596e+01
4.190884599900250151e+01
4.192455396227042996e+01
4.194026192553841526e+01
4.195596988880639344e+01
4.197167785207432900e+01
4.198738581534226455e+01
4.200309377861024274e+01
4.201880174187822092e+01
4.203450970514615648e+01
4.205021766841409203e+01
4.206592563168207022e+01
4.208163359495004840e+01
4.209734155821798396e+01
4.211304952148591951e+01
4.212875748475389770e+01
4.214446544802187589e+01
4.216017341128981144e+01
4.217588137455774699e+01
4.219158933782572518e+01
4.220729730109370337e+01
4.222300526436163892e+01
4.223871322762957448e+01
4.225442119089755266e+01
4.227012915416553085e+01
4.228583711743346640e+01
4.230154508070140196e+01
4.231725304396938014e+01
4.233296100723735833e+01
4.234866897050529388e+01
4.236437693377322944e+01
4.238008489704120763e+01
4.239579286030918581e+01
4.241150082357712137e+01
4.242720878684505692e+01
4.244291675011303511e+01
4.245862471338101329e+01
4.247433267664894885e+01
4.249004063991688440e+01
4.250574860318486259e+01
4.252145656645284078e+01
4.253716452972077633e+01
4.255287249298871188e+01
4.256858045625669007e+01
4.258428841952467536e+01
4.259999638279260381e+01
4.261570434606053936e+01
4.263141230932851755e+01
4.264712027259650284e+01
4.266282823586443129e+01
4.267853619913236685e+01
4.269424416240035214e+01
4.270995212566833032e+01
4.272566008893626588e+01
4.274136805220419433e+01
4.275707601547217962e+01
4.277278397874015781e+01
4.278849194200809336e+01
4.280419990527602181e+01
4.281990786854400710e+01
4.283561583181198529e+01
4.285132379507992084e+01
4.286703175834785640e+01
4.288273972161583458e+01
4.289844768488381277e+01
4.291415564815174832e+01
4.292986361141968388e+01
4.294557157468766206e+01
4.296127953795564025e+01
4.297698750122357580e+01
4.299269546449151136e+01
4.300840342775948955e+01
4.302411139102746773e+01
4.303981935429540329e+01
4.305552731756333884e+01
4.307123528083131703e+01
4.308694324409929521e+01
4.310265120736723077e+01
4.311835917063516632e+01
4.313406713390314451e+01
4.314977509717112270e+01
4.316548306043905825e+01
4.318119102370699380e+01
4.319689898697497199e+01
4.321260695024295018e+01
4.322831491351088573e+01
4.324402287677882128e+01
4.325973084004679947e+01
4.327543880331477766e+01
4.329114676658271321e+01
4.330685472985064877e+01
4.332256269311862695e+01
4.333827065638660514e+01
4.335397861965454069e+01
4.336968658292247625e+01
4.338539454619045443e+01
4.340110250945843262e+01
4.341681047272636818e+01
4.343251843599430373e+01
4.344822639926228192e+01
4.346393436253026721e+01
4.347964232579819566e+01
4.349535028906613121e+01
4.351105825233410940e+01
4.352676621560209469e+01
4.354247417887002314e+01
4.355818214213795869e+01
4.357389010540594398e+01
4.358959806867392217e+01
4.360530603194185773e+01
4.362101399520978617e+01
4.363672195847777147e+01
4.365242992174574965e+01
4.366813788501368521e+01
4.368384584828162076e+01
4.369955381154959895e+01
4.371526177481757713e+01
4.373096973808551269e+01
4.374667770135344824e+01
4.376238566462142643e+01
4.377809362788940462e+01
4.379380159115734017e+01
4.380950955442527572e+01
4.382521751769325391e+01
4.384092548096123210e+01
4.385663344422916765e+01
4.387234140749710321e+01
4.388804937076508139e+01
4.390375733403305958e+01
4.391946529730099513e+01
4.393517326056893069e+01
4.395088122383690887e+01
4.396658918710488706e+01
4.398229715037282261e+01
4.399800511364075817e+01
4.401371307690873635e+01
4.402942104017671454e+01
4.404512900344465010e+01
4.406083696671258565e+01
4.407654492998056384e+01
4.409225289324854202e+01
4.410796085651647758e+01
4.412366881978441313e+01
4.413937678305239132e+01
4.415508474632036950e+01
4.417079270958830506e+01
4.418650067285624061e+01
4.420220863612421880e+01
4.421791659939219699e+01
4.423362456266013254e+01
4.424933252592806809e+01
4.426504048919604628e+01
4.428074845246403157e+01
4.429645641573196002e+01
4.431216437899989558e+01
4.432787234226787376e+01
4.434358030553585905e+01
4.435928826880378750e+01
4.437499623207172306e+01
4.439070419533970124e+01
4.440641215860768654e+01
4.442212012187562209e+01
4.443782808514355054e+01
4.445353604841153583e+01
4.446924401167951402e+01
4.448495197494744957e+01
4.450065993821537802e+01
4.451636790148336331e+01
4.453207586475134150e+01
4.454778382801927705e+01
4.456349179128721261e+01
4.457919975455519079e+01
4.459490771782316898e+01
4.461061568109110453e+01
4.462632364435904009e+01
4.464203160762701827e+01
4.465773957089499646e+01
4.467344753416293202e+01
4.468915549743086757e+01
4.470486346069884576e+01
4.472057142396682394e+01
4.473627938723475950e+01
4.475198735050269505e+01
4.476769531377067324e+01
4.478340327703865142e+01
4.479911124030658698e+01
4.481481920357452253e+01
4.483052716684250072e+01
4.484623513011047891e+01
4.486194309337841446e+01
4.487765105664635001e+01
4.489335901991432820e+01
4.490906698318230639e+01
4.492477494645024194e+01
4.494048290971817750e+01
4.495619087298615568e+01
4.497189883625413387e+01
4.498760679952206942e+01
4.500331476279000498e+01
4.501902272605798316e+01
4.503473068932596135e+01
4.505043865259389690e+01
4.506614661586183246e+01
4.508185457912981065e+01
4.509756254239778883e+01
4.511327050566572439e+01
4.512897846893365994e+01
4.514468643220163813e+01
4.516039439546962342e+01
4.517610235873755187e+01
4.519181032200548742e+01
4.520751828527346561e+01
4.522322624854145090e+01
4.523893421180937935e+01
4.525464217507731490e+01
4.527035013834530019e+01
4.528605810161327838e+01
4.530176606488121394e+01
4.531747402814914238e+01
4.533318199141712768e+01
4.534888995468510586e+01
4.536459791795304142e+01
4.538030588122097697e+01
4.539601384448895516e+01
4.541172180775693334e+01
4.542742977102486890e+01
4.544313773429280445e+01
4.545884569756078264e+01
4.547455366082876083e+01
4.549026162409669638e+01
4.550596958736463193e+01
4.552167755063261012e+01
4.553738551390058831e+01
4.555309347716852386e+01
4.556880144043645942e+01
4.558450940370443760e+01
4.560021736697241579e+01
4.561592533024035134e+01
4.563163329350828690e+01
4.564734125677626508e+01
4.566304922004424327e+01
4.567875718331217882e+01
4.569446514658011438e+01
4.571017310984809257e+01
4.572588107311607075e+01
4.574158903638400631e+01
4.575729699965194186e+01
4.577300496291992005e+01
4.578871292618789823e+01
4.580442088945583379e+01
4.582012885272376934e+01
4.583583681599174753e+01
4.585154477925972571e+01
4.586725274252766127e+01
4.588296070579559682e+01
4.589866866906357501e+01
4.591437663233155320e+01
4.593008459559948875e+01
4.594579255886742430e+01
4.596150052213540249e+01
4.597720848540338778e+01
4.599291644867131623e+01
4.600862441193925179e+01
4.602433237520722997e+01
4.604004033847521526e+01
4.605574830174314371e+01
4.607145626501107927e+01
4.608716422827905745e+01
4.610287219154704275e+01
4.611858015481497830e+01
4.613428811808290675e+01
4.614999608135089204e+01
4.616570404461887023e+01
4.618141200788680578e+01
4.619711997115473423e+01
4.621282793442271952e+01
4.622853589769069771e+01
4.624424386095863326e+01
4.625995182422656882e+01
4.627565978749454700e+01
4.629136775076252519e+01
4.630707571403046074e+01
4.632278367729839630e+01
4.633849164056637449e+01
4.635419960383435267e+01
4.636990756710228823e+01
4.638561553037022378e+01
4.640132349363820197e+01
4.641703145690618015e+01
4.643273942017411571e+01
4.644844738344205126e+01
4.646415534671002945e+01
4.647986330997800763e+01
4.649557127324594319e+01
4.651127923651387874e+01
4.652698719978185693e+01
4.654269516304983512e+01
4.655840312631777067e+01
4.657411108958570622e+01
4.658981905285368441e+01
4.660552701612166260e+01
4.662123497938959815e+01
4.663694294265753371e+01
4.665265090592551189e+01
4.666835886919349008e+01
4.668406683246142563e+01
4.669977479572936119e+01
4.671548275899733937e+01
4.673119072226531756e+01
4.674689868553325311e+01
4.676260664880118867e+01
4.677831461206916686e+01
4.679402257533714504e+01
4.680973053860508060e+01
4.682543850187301615e+01
4.684114646514099434e+01
4.685685442840897963e+01
4.687256239167690808e+01
4.688827035494484363e+01
4.690397831821282182e+01
4.691968628148080711e+01
4.693539424474873556e+01
4.695110220801667111e+01
4.696681017128465641e+01
4.698251813455263459e+01
4.699822609782057015e+01
4.701393406108849859e+01
4.702964202435648389e+01
4.704534998762446207e+01
4.706105795089239763e+01
4.707676591416033318e+01
4.709247387742831137e+01
4.710818184069628956e+01
4.712388980396422511e+01
4.713959776723216066e+01
4.715530573050013885e+01
4.717101369376811704e+01
4.718672165703605259e+01
4.720242962030398814e+01
4.721813758357196633e+01
4.723384554683994452e+01
4.724955351010788007e+01
4.726526147337581563e+01
4.728096943664379381e+01
4.729667739991177200e+01
4.731238536317970755e+01
4.732809332644764311e+01
4.734380128971562129e+01
4.735950925298359948e+01
4.737521721625153504e+01
4.739092517951947059e+01
4.740663314278744878e+01
4.742234110605542696e+01
4.743804906932336252e+01
4.745375703259129807e+01
4.746946499585927626e+01
4.748517295912725444e+01
4.750088092239519000e+01
4.751658888566312555e+01
4.753229684893110374e+01
4.754800481219908193e+01
4.756371277546701748e+01
4.757942073873495303e+01
4.759512870200293122e+01
4.761083666527090941e+01
4.762654462853884496e+01
4.764225259180678052e+01
4.765796055507475870e+01
4.767366851834273689e+01
4.768937648161067244e+01
4.770508444487860800e+01
4.772079240814658618e+01
4.773650037141457148e+01
4.775220833468249992e+01
4.776791629795043548e+01
4.778362426121841366e+01
4.779933222448639896e+01
4.781504018775433451e+01
4.783074815102226296e+01
4.784645611429024825e+01
4.786216407755822644e+01
4.787787204082616199e+01
4.789358000409409044e+01
4.790928796736207573e+01
4.792499593063005392e+01
4.794070389389798947e+01
4.795641185716592503e+01
4.797211982043390321e+01
4.798782778370188140e+01
4.800353574696981696e+01
4.801924371023775251e+01
4.803495167350573070e+01
4.805065963677370888e+01
4.806636760004164444e+01
4.808207556330957999e+01
4.809778352657755818e+01
4.811349148984553636e+01
4.812919945311347192e+01
4.814490741638140747e+01
4.816061537964938566e+01
4.817632334291736385e+01
4.819203130618529940e+01
4.820773926945323495e+01
4.822344723272121314e+01
4.823915519598919133e+01
4.825486315925712688e+01
4.827057112252506244e+01
4.828627908579304062e+01
4.830198704906101881e+01
4.831769501232895436e+01
4.833340297559688992e+01
4.834911093886486810e+01
4.836481890213284629e+01
4.838052686540078184e+01
4.839623482866871740e+01
4.841194279193669558e+01
4.842765075520467377e+01
4.844335871847260933e+01
4.845906668174054488e+01
4.847477464500852307e+01
4.849048260827650125e+01
4.850619057154443681e+01
4.852189853481237236e+01
4.853760649808035055e+01
4.855331446134833584e+01
4.856902242461626429e+01
4.858473038788419984e+01
4.860043835115217803e+01
4.861614631442016332e+01
4.863185427768809177e+01
4.864756224095602732e+01
4.866327020422401262e+01
4.867897816749199080e+01
4.869468613075992636e+01
4.871039409402785481e+01
4.872610205729584010e+01
4.874181002056381828e+01
4.875751798383175384e+01
4.877322594709968939e+01
4.878893391036766758e+01
4.880464187363564577e+01
4.882034983690358132e+01
4.883605780017151687e+01
4.885176576343949506e+01
4.886747372670747325e+01
4.888318168997540880e+01
4.889888965324334436e+01
4.891459761651132254e+01
4.893030557977930073e+01
4.894601354304723628e+01
4.896172150631517184e+01
4.897742946958315002e+01
4.899313743285112821e+01
4.900884539611906376e+01
4.902455335938699932e+01
4.904026132265497750e+01
4.905596928592295569e+01
4.907167724919089125e+01
4.908738521245882680e+01
4.910309317572680499e+01
4.911880113899478317e+01
4.913450910226271873e+01
4.915021706553065428e+01
4.916592502879863247e+01
4.918163299206661065e+01
4.919734095533454621e+01
4.921304891860248176e+01
4.922875688187045995e+01
4.924446484513843814e+01
4.926017280840637369e+01
4.927588077167430924e+01
4.929158873494228743e+01
4.930729669821026562e+01
4.932300466147820117e+01
4.933871262474613673e+01
4.935442058801411491e+01
4.937012855128209310e+01
4.938583651455002865e+01
4.940154447781796421e+01
4.941725244108594239e+01
4.943296040435392769e+01
4.944866836762185613e+01
4.946437633088979169e+01
4.948008429415776988e+01
4.949579225742575517e+01
4.951150022069369072e+01
4.952720818396161917e+01
4.954291614722960446e+01
4.955862411049758265e+01
4.957433207376551820e+01
4.959004003703344665e+01
4.960574800030143194e+01
4.962145596356941013e+01
4.963716392683734568e+01
4.965287189010528124e+01
4.966857985337325943e+01
4.968428781664123761e+01
4.969999577990917317e+01
4.971570374317710872e+01
4.973141170644508691e+01
4.974711966971306509e+01
4.976282763298100065e+01
4.977853559624893620e+01
4.979424355951691439e+01
4.980995152278489257e+01
4.982565948605282813e+01
4.984136744932076368e+01
4.985707541258874187e+01
4.987278337585672006e+01
4.988849133912465561e+01
4.990419930239259116e+01
4.991990726566056935e+01
4.993561522892854754e+01
4.995132319219648309e+01
4.996703115546441865e+01
4.998273911873239683e+01
4.999844708200037502e+01
5.001415504526831057e+01
5.002986300853624613e+01
5.004557097180422431e+01
5.006127893507220250e+01
5.007698689834013805e+01
5.009269486160807361e+01
5.010840282487605180e+01
5.012411078814402998e+01
5.013981875141196554e+01
5.015552671467990109e+01
5.017123467794787928e+01
5.018694264121585746e+01
5.020265060448379302e+01
5.021835856775172857e+01
5.023406653101970676e+01
5.024977449428769205e+01
5.026548245755562050e+01
5.028119042082355605e+01
5.029689838409153424e+01
5.031260634735951953e+01
5.032831431062744798e+01
5.034402227389538353e+01
5.035973023716336883e+01
5.037543820043134701e+01
5.039114616369928257e+01
5.040685412696721102e+01
5.042256209023519631e+01
5.043827005350317449e+01
5.045397801677111005e+01
5.046968598003904560e+01
5.048539394330702379e+01
5.050110190657500198e+01
5.051680986984293753e+01
5.053251783311087308e+01
5.054822579637885127e+01
5.056393375964682946e+01
5.057964172291476501e+01
5.059534968618270057e+01
5.061105764945067875e+01
5.062676561271865694e+01
5.064247357598659249e+01
5.065818153925452805e+01
5.067388950252250623e+01
5.068959746579048442e+01
5.070530542905841997e+01
5.072101339232635553e+01
5.073672135559433372e+01
5.075242931886231190e+01
5.076813728213024746e+01
5.078384524539818301e+01
5.079955320866616120e+01
5.081526117193413938e+01
5.083096913520207494e+01
5.084667709847001049e+01
5.086238506173798868e+01
5.087809302500596687e+01
5.089380098827390242e+01
5.090950895154183797e+01
5.092521691480981616e+01
5.094092487807779435e+01
5.095663284134572990e+01
5.097234080461366545e+01
5.098804876788164364e+01
5.100375673114962183e+01
5.101946469441755738e+01
5.103517265768549294e+01
5.105088062095347112e+01
5.106658858422144931e+01
5.108229654748938486e+01
5.109800451075732042e+01
5.111371247402529860e+01
5.112942043729328390e+01
5.114512840056121235e+01
5.116083636382914790e+01
5.117654432709712609e+01
5.119225229036511138e+01
5.120796025363304693e+01
5.122366821690097538e+01
5.123937618016896067e+01
5.125508414343693886e+01
5.127079210670487441e+01
5.128650006997280286e+01
5.130220803324078815e+01
5.131791599650876634e+01
5.133362395977670189e+01
5.134933192304463745e+01
5.136503988631261564e+01
5.138074784958059382e+01
5.139645581284852938e+01
5.141216377611646493e+01
5.142787173938444312e+01
5.144357970265242130e+01
5.145928766592035686e+01
5.147499562918829241e+01
5.149070359245627060e+01
5.150641155572424879e+01
5.152211951899218434e+01
5.153782748226011989e+01
5.155353544552809808e+01
5.156924340879607627e+01
5.158495137206401182e+01
5.160065933533194737e+01
5.161636729859992556e+01
5.163207526186790375e+01
5.164778322513583930e+01
5.166349118840377486e+01
5.167919915167175304e+01
5.169490711493973123e+01
5.171061507820766678e+01
5.172632304147560234e+01
5.174203100474358052e+01
5.175773896801155871e+01
5.177344693127949427e+01
5.178915489454742982e+01
5.180486285781540801e+01
5.182057082108338619e+01
5.183627878435132175e+01
5.185198674761925730e+01
5.186769471088723549e+01
5.188340267415521367e+01
5.189911063742314923e+01
5.191481860069108478e+01
5.193052656395906297e+01
5.194623452722704826e+01
5.196194249049497671e+01
5.197765045376291226e+01
5.199335841703089045e+01
5.200906638029887574e+01
5.202477434356680419e+01
5.204048230683473975e+01
5.205619027010272504e+01
5.207189823337070322e+01
5.208760619663863878e+01
5.210331415990656723e+01
5.211902212317455252e+01
5.213473008644253071e+01
5.215043804971046626e+01
5.216614601297839471e+01
5.218185397624638000e+01
5.219756193951435819e+01
5.221326990278229374e+01
5.222897786605022930e+01
5.224468582931820748e+01
5.226039379258618567e+01
5.227610175585412122e+01
5.229180971912205678e+01
5.230751768239003496e+01
5.232322564565801315e+01
5.233893360892594870e+01
5.235464157219388426e+01
5.237034953546186244e+01
5.238605749872984063e+01
5.240176546199777619e+01
5.241747342526571174e+01
5.243318138853368993e+01
5.244888935180166811e+01
5.246459731506960367e+01
5.248030527833753922e+01
5.249601324160551741e+01
5.251172120487349559e+01
5.252742916814143115e+01
5.254313713140936670e+01
5.255884509467734489e+01
5.257455305794532308e+01
5.259026102121325863e+01
5.260596898448119418e+01
5.262167694774917237e+01
5.263738491101715056e+01
5.265309287428508611e+01
5.266880083755302167e+01
5.268450880082099985e+01
5.270021676408897804e+01
5.271592472735691359e+01
5.273163269062484915e+01
5.274734065389282733e+01
5.276304861716080552e+01
5.277875658042874107e+01
5.279446454369667663e+01
5.281017250696465481e+01
5.282588047023264011e+01
5.284158843350056856e+01
5.285729639676850411e+01
5.287300436003648230e+01
5.288871232330446759e+01
5.290442028657240314e+01
5.292012824984033159e+01
5.293583621310831688e+01
5.295154417637629507e+01
5.296725213964423062e+01
5.298296010291215907e+01
5.299866806618014436e+01
5.301437602944812255e+01
5.303008399271605811e+01
5.304579195598399366e+01
5.306149991925197185e+01
5.307720788251995003e+01
5.309291584578788559e+01
5.310862380905582114e+01
5.312433177232379933e+01
5.314003973559177751e+01
5.315574769885971307e+01
5.317145566212764862e+01
5.318716362539562681e+01
5.320287158866360500e+01
5.321857955193154055e+01
5.323428751519947610e+01
5.324999547846745429e+01
5.326570344173543248e+01
5.328141140500336803e+01
5.329711936827130359e+01
5.331282733153928177e+01
5.332853529480725996e+01
5.334424325807519551e+01
5.335995122134313107e+01
5.337565918461110925e+01
5.339136714787908744e+01
5.340707511114702299e+01
5.342278307441495855e+01
5.343849103768293674e+01
5.345419900095091492e+01
5.346990696421885048e+01
5.348561492748678603e+01
5.350132289075476422e+01
5.351703085402274240e+01
5.353273881729067796e+01
5.354844678055861351e+01
5.356415474382659170e+01
5.357986270709456988e+01
5.359557067036250544e+01
5.361127863363044099e+01
5.362698659689841918e+01
5.364269456016640447e+01
5.365840252343433292e+01
5.367411048670226847e+01
5.368981844997024666e+01
5.370552641323823195e+01
5.372123437650616040e+01
5.373694233977409596e+01
5.375265030304208125e+01
5.376835826631005943e+01
5.378406622957799499e+01
5.379977419284592344e+01
5.381548215611390873e+01
5.383119011938188692e+01
5.384689808264982247e+01
5.386260604591775092e+01
5.387831400918573621e+01
5.389402197245371440e+01
5.390972993572164995e+01
5.392543789898958551e+01
5.394114586225756369e+01
5.395685382552554188e+01
5.397256178879347743e+01
5.398826975206141299e+01
5.400397771532939117e+01
5.401968567859736936e+01
5.403539364186530491e+01
5.405110160513324047e+01
5.406680956840121866e+01
5.408251753166919684e+01
5.409822549493713240e+01
5.411393345820506795e+01
5.412964142147304614e+01
5.414534938474102432e+01
5.416105734800895988e+01
5.417676531127689543e+01
5.419247327454487362e+01
5.420818123781285180e+01
5.422388920108078736e+01
5.423959716434872291e+01
5.425530512761670110e+01
5.427101309088467929e+01
5.428672105415261484e+01
5.430242901742055039e+01
5.431813698068852858e+01
5.433384494395650677e+01
5.434955290722444232e+01
5.436526087049237788e+01
5.438096883376035606e+01
5.439667679702833425e+01
5.441238476029626980e+01
5.442809272356420536e+01
5.444380068683218354e+01
5.445950865010016173e+01
5.447521661336809728e+01
5.449092457663603284e+01
5.450663253990401103e+01
5.452234050317199632e+01
5.453804846643992477e+01
5.455375642970786032e+01
5.456946439297583851e+01
5.458517235624382380e+01
5.460088031951175935e+01
5.461658828277968780e+01
5.463229624604767309e+01
5.464800420931565128e+01
5.466371217258358683e+01
5.467942013585151528e+01
5.469512809911950058e+01
5.471083606238747876e+01
5.472654402565541432e+01
5.474225198892334987e+01
5.475795995219132806e+01
5.477366791545930624e+01
5.478937587872724180e+01
5.480508384199517735e+01
5.482079180526315554e+01
5.483649976853113372e+01
5.485220773179906928e+01
5.486791569506700483e+01
5.488362365833498302e+01
5.489933162160296121e+01
5.491503958487089676e+01
5.493074754813883231e+01
5.494645551140681050e+01
5.496216347467478869e+01
5.497787143794272424e+01
5.499357940121065980e+01
5.500928736447863798e+01
5.502499532774661617e+01
5.504070329101455172e+01
5.505641125428248728e+01
5.507211921755046546e+01
5.508782718081844365e+01
5.510353514408637920e+01
5.511924310735431476e+01
5.513495107062229295e+01
5.515065903389027113e+01
5.516636699715820669e+01
5.518207496042614224e+01
5.519778292369412043e+01
5.521349088696209861e+01
5.522919885023003417e+01
5.524490681349796972e+01
5.526061477676594791e+01
5.527632274003392610e+01
5.529203070330186165e+01
5.530773866656979720e+01
5.532344662983777539e+01
5.533915459310576068e+01
5.535486255637368913e+01
5.537057051964162468e+01
5.538627848290960287e+01
5.540198644617758816e+01
5.541769440944551661e+01
5.543340237271345217e+01
5.544911033598143746e+01
5.546481829924941565e+01
5.548052626251735120e+01
5.549623422578527965e+01
5.551194218905326494e+01
5.552765015232124313e+01
5.554335811558917868e+01
5.555906607885710713e+01
5.557477404212509242e+01
5.559048200539307061e+01
5.560618996866100616e+01
5.562189793192894172e+01
5.563760589519691990e+01
5.565331385846489809e+01
5.566902182173283364e+01
5.568472978500076920e+01
5.570043774826874738e+01
5.571614571153672557e+01
5.573185367480466113e+01
5.574756163807259668e+01
5.576326960134057487e+01
5.577897756460855305e+01
5.579468552787648861e+01
5.581039349114442416e+01
5.582610145441240235e+01
5.584180941768038053e+01
5.585751738094831609e+01
5.587322534421625164e+01
5.588893330748422983e+01
5.590464127075220802e+01
5.592034923402014357e+01
5.593605719728807912e+01
5.595176516055605731e+01
5.596747312382403550e+01
5.598318108709197105e+01
5.599888905035990661e+01
5.601459701362788479e+01
5.603030497689586298e+01
5.604601294016379853e+01
5.606172090343173409e+01
5.607742886669971227e+01
5.609313682996769046e+01
5.610884479323562601e+01
5.612455275650356157e+01
5.614026071977153975e+01
5.615596868303951794e+01
5.617167664630745350e+01
5.618738460957538905e+01
5.620309257284336724e+01
5.621880053611135253e+01
5.623450849937928098e+01
5.625021646264721653e+01
5.626592442591519472e+01
5.628163238918318001e+01
5.629734035245110846e+01
5.631304831571904401e+01
5.632875627898702930e+01
5.634446424225500749e+01
5.636017220552294305e+01
5.637588016879087149e+01
5.639158813205885679e+01
5.640729609532683497e+01
5.642300405859477053e+01
5.643871202186270608e+01
5.645441998513068427e+01
5.647012794839866245e+01
5.648583591166659801e+01
5.650154387493453356e+01
5.651725183820251175e+01
5.653295980147048994e+01
5.654866776473842549e+01
5.656437572800636104e+01
5.658008369127433923e+01
5.659579165454231742e+01
5.661149961781025297e+01
5.662720758107818853e+01
5.664291554434616671e+01
5.665862350761414490e+01
5.667433147088208045e+01
5.669003943415001601e+01
5.670574739741799419e+01
5.672145536068597238e+01
5.673716332395390793e+01
5.675287128722184349e+01
5.676857925048982167e+01
5.678428721375779986e+01
5.679999517702573542e+01
5.681570314029367097e+01
5.683141110356164916e+01
5.684711906682962734e+01
5.686282703009756290e+01
5.687853499336549845e+01
5.689424295663347664e+01
5.690995091990145482e+01
5.692565888316939038e+01
5.694136684643732593e+01
5.695707480970530412e+01
5.697278277297328231e+01
5.698849073624121786e+01
5.700419869950915341e+01
5.701990666277713160e+01
5.703561462604511689e+01
5.705132258931304534e+01
5.706703055258098090e+01
5.708273851584895908e+01
5.709844647911694437e+01
5.711415444238487282e+01
5.712986240565280838e+01
5.714557036892078656e+01
5.716127833218877186e+01
5.717698629545670741e+01
5.719269425872463586e+01
5.720840222199262115e+01
5.722411018526059934e+01
5.723981814852853489e+01
5.725552611179646334e+01
5.727123407506444863e+01
5.728694203833242682e+01
5.730265000160036237e+01
5.731835796486829793e+01
5.733406592813627611e+01
5.734977389140425430e+01
5.736548185467218985e+01
5.738118981794012541e+01
5.739689778120810359e+01
5.741260574447608178e+01
5.742831370774401734e+01
5.744402167101195289e+01
5.745972963427993108e+01
5.747543759754790926e+01
5.749114556081584482e+01
5.750685352408378037e+01
5.752256148735175856e+01
5.753826945061973674e+01
5.755397741388767230e+01
5.756968537715560785e+01
5.758539334042358604e+01
5.760110130369156423e+01
5.761680926695949978e+01
5.763251723022743533e+01
5.764822519349541352e+01
5.766393315676339171e+01
5.767964112003132726e+01
5.769534908329926282e+01
5.771105704656724100e+01
5.772676500983521919e+01
5.774247297310315474e+01
5.775818093637109030e+01
5.777388889963906848e+01
5.778959686290704667e+01
5.780530482617498222e+01
5.782101278944291778e+01
5.783672075271089597e+01
5.785242871597887415e+01
5.786813667924680971e+01
5.788384464251474526e+01
5.789955260578272345e+01
5.791526056905070874e+01
5.793096853231863719e+01
5.794667649558657274e+01
5.796238445885455093e+01
5.797809242212253622e+01
5.799380038539046467e+01
5.800950834865840022e+01
5.802521631192638552e+01
5.804092427519436370e+01
5.805663223846229926e+01
5.807234020173022770e+01
5.808804816499821300e+01
5.810375612826619118e+01
5.811946409153412674e+01
5.813517205480206229e+01
5.815088001807004048e+01
5.816658798133801866e+01
5.818229594460595422e+01
5.819800390787388977e+01
5.821371187114186796e+01
5.822941983440984615e+01
5.824512779767778170e+01
5.826083576094571725e+01
5.827654372421369544e+01
5.829225168748167363e+01
5.830795965074960918e+01
5.832366761401754474e+01
5.833937557728552292e+01
5.835508354055350111e+01
5.837079150382143666e+01
5.838649946708937222e+01
5.840220743035735040e+01
5.841791539362532859e+01
5.843362335689326414e+01
5.844933132016119970e+01
5.846503928342917789e+01
5.848074724669715607e+01
5.849645520996509163e+01
5.851216317323302718e+01
5.852787113650100537e+01
5.854357909976898355e+01
5.855928706303691911e+01
5.857499502630485466e+01
5.859070298957283285e+01
5.860641095284081104e+01
5.862211891610874659e+01
5.863782687937668214e+01
5.865353484264466033e+01
5.866924280591263852e+01
5.868495076918057407e+01
5.870065873244850962e+01
5.871636669571648781e+01
5.873207465898447310e+01
5.874778262225240155e+01
5.876349058552033711e+01
5.877919854878831529e+01
5.879490651205630058e+01
5.881061447532422903e+01
5.882632243859216459e+01
5.884203040186014277e+01
5.885773836512812807e+01
5.887344632839606362e+01
5.888915429166399207e+01
5.890486225493197736e+01
5.892057021819995555e+01
5.893627818146789110e+01
5.895198614473581955e+01
5.896769410800380484e+01
5.898340207127178303e+01
5.899911003453971858e+01
5.901481799780765414e+01
5.903052596107563232e+01
5.904623392434361051e+01
5.906194188761154606e+01
5.907764985087948162e+01
5.909335781414745981e+01
5.910906577741543799e+01
5.912477374068337355e+01
5.914048170395130910e+01
5.915618966721928729e+01
5.917189763048726547e+01
5.918760559375520103e+01
5.920331355702313658e+01
5.921902152029111477e+01
5.923472948355909296e+01
5.925043744682702851e+01
5.926614541009496406e+01
5.928185337336294225e+01
5.929756133663092044e+01
5.931326929989885599e+01
5.932897726316679154e+01
5.934468522643476973e+01
5.936039318970274792e+01
5.937610115297068347e+01
5.939180911623861903e+01
5.940751707950659721e+01
5.942322504277457540e+01
5.943893300604251095e+01
5.945464096931044651e+01
5.947034893257842469e+01
5.948605689584640288e+01
5.950176485911433844e+01
5.951747282238227399e+01
5.953318078565025218e+01
5.954888874891823036e+01
5.956459671218616592e+01
5.958030467545410147e+01
5.959601263872207966e+01
5.961172060199006495e+01
5.962742856525799340e+01
5.964313652852592895e+01
5.965884449179390714e+01
5.967455245506189243e+01
5.969026041832982088e+01
5.970596838159775643e+01
5.972167634486574173e+01
5.973738430813371991e+01
5.975309227140165547e+01
5.976880023466958392e+01
5.978450819793756921e+01
5.980021616120554739e+01
5.981592412447348295e+01
5.983163208774141850e+01
5.984734005100939669e+01
5.986304801427737488e+01
5.987875597754531043e+01
5.989446394081324598e+01
5.991017190408122417e+01
5.992587986734920236e+01
5.994158783061713791e+01
5.995729579388507346e+01
5.997300375715305165e+01
5.998871172042102984e+01
6.000441968368896539e+01
6.002012764695690095e+01
6.003583561022487913e+01
6.005154357349285732e+01
6.006725153676079287e+01
6.008295950002872843e+01
6.009866746329670661e+01
6.011437542656468480e+01
6.013008338983262036e+01
6.014579135310055591e+01
6.016149931636853410e+01
6.017720727963651228e+01
6.019291524290444784e+01
6.020862320617238339e+01
6.022433116944036158e+01
6.024003913270833976e+01
6.025574709597627532e+01
6.027145505924421087e+01
6.028716302251218906e+01
6.030287098578016725e+01
6.031857894904810280e+01
6.033428691231603835e+01
6.034999487558401654e+01
6.036570283885199473e+01
6.038141080211993028e+01
6.039711876538786584e+01
6.041282672865584402e+01
6.042853469192382221e+01
6.044424265519175776e+01
6.045995061845969332e+01
6.047565858172767150e+01
6.049136654499565680e+01
6.050707450826358524e+01
6.052278247153152080e+01
6.053849043479949898e+01
6.055419839806748428e+01
6.056990636133541983e+01
6.058561432460334828e+01
6.060132228787133357e+01
6.061703025113931176e+01
6.063273821440724731e+01
6.064844617767517576e+01
6.066415414094316105e+01
6.067986210421113924e+01
6.069557006747907479e+01
6.071127803074701035e+01
6.072698599401498853e+01
6.074269395728296672e+01
6.075840192055090228e+01
6.077410988381883783e+01
6.078981784708681602e+01
6.080552581035479420e+01
6.082123377362272976e+01
6.083694173689066531e+01
6.085264970015864350e+01
6.086835766342662168e+01
6.088406562669455724e+01
6.089977358996249279e+01
6.091548155323047098e+01
6.093118951649844917e+01
6.094689747976638472e+01
6.096260544303432027e+01
6.097831340630229846e+01
6.099402136957027665e+01
6.100972933283821220e+01
6.102543729610614776e+01
6.104114525937412594e+01
6.105685322264210413e+01
6.107256118591003968e+01
6.108826914917797524e+01
6.110397711244595342e+01
6.111968507571393161e+01
6.113539303898186716e+01
6.115110100224980272e+01
6.116680896551778090e+01
6.118251692878575909e+01
6.119822489205369465e+01
6.121393285532163020e+01
6.122964081858960839e+01
6.124534878185758657e+01
6.126105674512552213e+01
6.127676470839345768e+01
6.129247267166143587e+01
6.130818063492942116e+01
6.132388859819734961e+01
6.133959656146528516e+01
6.135530452473326335e+01
6.137101248800124864e+01
6.138672045126917709e+01
6.140242841453711264e+01
6.141813637780509794e+01
6.143384434107307612e+01
6.144955230434101168e+01
6.146526026760894013e+01
6.148096823087692542e+01
6.149667619414490360e+01
6.151238415741283916e+01
6.152809212068077471e+01
6.154380008394875290e+01
6.155950804721673109e+01
6.157521601048466664e+01
6.159092397375260219e+01
6.160663193702058038e+01
6.162233990028855857e+01
6.163804786355649412e+01
6.165375582682442968e+01
6.166946379009240786e+01
6.168517175336038605e+01
6.170087971662832160e+01
6.171658767989625716e+01
6.173229564316423534e+01
6.174800360643221353e+01
6.176371156970014908e+01
6.177941953296808464e+01
6.179512749623606283e+01
6.181083545950404101e+01
6.182654342277197657e+01
6.184225138603991212e+01
6.185795934930789031e+01
6.187366731257586849e+01
6.188937527584380405e+01
6.190508323911173960e+01
6.192079120237971779e+01
6.193649916564769597e+01
6.195220712891563153e+01
6.196791509218356708e+01
6.198362305545154527e+01
6.199933101871952346e+01
6.201503898198745901e+01
6.203074694525539456e+01
6.204645490852337275e+01
6.206216287179135094e+01
6.207787083505928649e+01
6.209357879832722205e+01
6.210928676159520023e+01
6.212499472486317842e+01
6.214070268813111397e+01
6.215641065139904953e+01
6.217211861466702771e+01
6.218782657793501301e+01
6.220353454120294145e+01
6.221924250447087701e+01
6.223495046773885520e+01
6.225065843100684049e+01
6.226636639427477604e+01
6.228207435754270449e+01
6.229778232081068978e+01
6.231349028407866797e+01
6.232919824734660352e+01
6.234490621061453197e+01
6.236061417388251726e+01
6.237632213715049545e+01
6.239203010041843100e+01
6.240773806368636656e+01
6.242344602695434475e+01
6.243915399022232293e+01
6.245486195349025849e+01
6.247056991675819404e+01
6.248627788002617223e+01
6.250198584329415041e+01
6.251769380656208597e+01
6.253340176983002152e+01
6.254910973309799971e+01
6.256481769636597789e+01
6.258052565963391345e+01
6.259623362290184900e+01
6.261194158616982719e+01
6.262764954943780538e+01
6.264335751270574093e+01
6.265906547597367648e+01
6.267477343924165467e+01
6.269048140250963286e+01
6.270618936577756841e+01
6.272189732904550397e+01
6.273760529231348215e+01
6.275331325558146034e+01
6.276902121884939589e+01
6.278472918211733145e+01
6.280043714538530963e+01
6.281614510865328782e+01
6.283185307192122337e+01
6.284756103518915893e+01
6.286326899845713712e+01
6.287897696172511530e+01
6.289468492499305086e+01
6.291039288826098641e+01
6.292610085152896460e+01
6.294180881479694278e+01
6.295751677806487834e+01
6.297322474133281389e+01
6.298893270460079208e+01
6.300464066786877737e+01
6.302034863113670582e+01
6.303605659440464137e+01
6.305176455767261956e+01
6.306747252094060485e+01
6.308318048420853330e+01
6.309888844747646885e+01
6.311459641074445415e+01
6.313030437401243233e+01
6.314601233728036789e+01
6.316172030054829634e+01
6.317742826381628163e+01
6.319313622708425982e+01
6.320884419035219537e+01
6.322455215362013092e+01
6.324026011688810911e+01
6.325596808015608730e+01
6.327167604342402285e+01
6.328738400669195840e+01
6.330309196995993659e+01
6.331879993322791478e+01
6.333450789649585033e+01
6.335021585976378589e+01
6.336592382303176407e+01
6.338163178629974226e+01
6.339733974956767781e+01
6.341304771283561337e+01
6.342875567610359155e+01
6.344446363937156974e+01
6.346017160263950529e+01
6.347587956590744085e+01
6.349158752917541904e+01
6.350729549244339722e+01
6.352300345571133278e+01
6.353871141897926833e+01
6.355441938224724652e+01
6.357012734551522470e+01
6.358583530878316026e+01
6.360154327205109581e+01
6.361725123531907400e+01
6.363295919858705219e+01
6.364866716185498774e+01
6.366437512512292329e+01
6.368008308839090148e+01
6.369579105165887967e+01
6.371149901492681522e+01
6.372720697819475077e+01
6.374291494146272896e+01
6.375862290473070715e+01
6.377433086799864270e+01
6.379003883126657826e+01
6.380574679453455644e+01
6.382145475780253463e+01
6.383716272107047018e+01
6.385287068433840574e+01
6.386857864760638392e+01
6.388428661087436922e+01
6.389999457414229767e+01
6.391570253741023322e+01
6.393141050067821141e+01
6.394711846394619670e+01
6.396282642721413225e+01
6.397853439048206070e+01
6.399424235375004599e+01
6.400995031701802418e+01
6.402565828028595263e+01
6.404136624355389529e+01
6.405707420682186637e+01
6.407278217008985166e+01
6.408849013335778011e+01
6.410419809662572277e+01
6.411990605989369385e+01
6.413561402316167914e+01
6.415132198642960759e+01
6.416702994969755025e+01
6.418273791296552133e+01
6.419844587623350662e+01
6.421415383950143507e+01
6.422986180276937773e+01
6.424556976603734881e+01
6.426127772930533411e+01
6.427698569257326255e+01
6.429269365584120521e+01
6.430840161910917629e+01
6.432410958237716159e+01
6.433981754564509004e+01
6.435552550891303270e+01
6.437123347218100378e+01
6.438694143544898907e+01
6.440264939871693173e+01
6.441835736198486018e+01
6.443406532525284547e+01
6.444977328852081655e+01
6.446548125178875921e+01
6.448118921505668766e+01
6.449689717832467295e+01
6.451260514159264403e+01
6.452831310486058669e+01
6.454402106812851514e+01
6.455972903139650043e+01
6.457543699466447151e+01
6.459114495793241417e+01
6.460685292120034262e+01
6.462256088446832791e+01
6.463826884773629899e+01
6.465397681100424165e+01
6.466968477427217010e+01
6.468539273754015539e+01
6.470110070080812648e+01
6.471680866407606914e+01
6.473251662734399758e+01
6.474822459061198288e+01
6.476393255387995396e+01
6.477964051714789662e+01
6.479534848041582507e+01
6.481105644368381036e+01
6.482676440695178144e+01
6.484247237021972410e+01
6.485818033348765255e+01
6.487388829675563784e+01
6.488959626002360892e+01
6.490530422329155158e+01
6.492101218655948003e+01
6.493672014982746532e+01
6.495242811309543640e+01
6.496813607636337906e+01
6.498384403963130751e+01
6.499955200289929280e+01
6.501525996616726388e+01
6.503096792943520654e+01
6.504667589270313499e+01
6.506238385597112028e+01
6.507809181923909136e+01
6.509379978250703402e+01
6.510950774577496247e+01
6.512521570904294776e+01
6.514092367231093306e+01
6.515663163557886151e+01
6.517233959884678995e+01
6.518804756211477525e+01
6.520375552538276054e+01
6.521946348865068899e+01
6.523517145191861744e+01
6.525087941518660273e+01
6.526658737845458802e+01
6.528229534172251647e+01
6.529800330499044492e+01
6.531371126825843021e+01
6.532941923152641550e+01
6.534512719479434395e+01
6.536083515806228661e+01
6.537654312133025769e+01
6.539225108459824298e+01
6.540795904786617143e+01
6.542366701113411409e+01
6.543937497440208517e+01
6.545508293767007046e+01
6.547079090093799891e+01
6.548649886420594157e+01
6.550220682747391265e+01
6.551791479074189795e+01
6.553362275400982639e+01
6.554933071727776905e+01
6.556503868054574014e+01
6.558074664381372543e+01
6.559645460708165388e+01
6.561216257034959654e+01
6.562787053361756762e+01
6.564357849688555291e+01
6.565928646015348136e+01
6.567499442342142402e+01
6.569070238668939510e+01
6.570641034995738039e+01
6.572211831322530884e+01
6.573782627649325150e+01
6.575353423976122258e+01
6.576924220302920787e+01
6.578495016629713632e+01
6.580065812956507898e+01
6.581636609283305006e+01
6.583207405610103535e+01
6.584778201936896380e+01
6.586348998263690646e+01
6.587919794590487754e+01
6.589490590917286283e+01
6.591061387244079128e+01
6.592632183570873394e+01
6.594202979897670502e+01
6.595773776224469032e+01
6.597344572551261876e+01
6.598915368878056142e+01
6.600486165204853251e+01
6.602056961531651780e+01
6.603627757858444625e+01
6.605198554185238891e+01
6.606769350512035999e+01
6.608340146838834528e+01
6.609910943165628794e+01
6.611481739492421639e+01
6.613052535819220168e+01
6.614623332146017276e+01
6.616194128472811542e+01
6.617764924799604387e+01
6.619335721126402916e+01
6.620906517453200024e+01
6.622477313779994290e+01
6.624048110106787135e+01
6.625618906433585664e+01
6.627189702760382772e+01
6.628760499087177038e+01
6.630331295413969883e+01
6.631902091740768412e+01
6.633472888067565520e+01
6.635043684394359786e+01
6.636614480721152631e+01
6.638185277047951161e+01
6.639756073374748269e+01
6.641326869701542535e+01
6.642897666028335379e+01
6.644468462355133909e+01
6.646039258681931017e+01
6.647610055008725283e+01
6.649180851335518128e+01
6.650751647662316657e+01
6.652322443989113765e+01
6.653893240315908031e+01
6.655464036642700876e+01
6.657034832969499405e+01
6.658605629296296513e+01
6.660176425623090779e+01
6.661747221949883624e+01
6.663318018276682153e+01
6.664888814603479261e+01
6.666459610930273527e+01
6.668030407257066372e+01
6.669601203583864901e+01
6.671171999910662009e+01
6.672742796237456275e+01
6.674313592564249120e+01
6.675884388891047649e+01
6.677455185217844758e+01
6.679025981544639023e+01
6.680596777871431868e+01
6.682167574198230398e+01
6.683738370525028927e+01
6.685309166851821772e+01
6.686879963178614616e+01
6.688450759505413146e+01
6.690021555832211675e+01
6.691592352159004520e+01
6.693163148485797365e+01
6.694733944812595894e+01
6.696304741139394423e+01
6.697875537466187268e+01
6.699446333792980113e+01
6.701017130119778642e+01
6.702587926446577171e+01
6.704158722773370016e+01
6.705729519100164282e+01
6.707300315426961390e+01
6.708871111753759919e+01
6.710441908080552764e+01
6.712012704407347030e+01
6.713583500734144138e+01
6.715154297060942667e+01
6.716725093387735512e+01
6.718295889714529778e+01
6.719866686041326886e+01
6.721437482368125416e+01
6.723008278694918260e+01
6.724579075021712526e+01
6.726149871348509635e+01
6.727720667675308164e+01
6.729291464002101009e+01
6.730862260328895275e+01
6.732433056655692383e+01
6.734003852982490912e+01
6.735574649309283757e+01
6.737145445636078023e+01
6.738716241962875131e+01
6.740287038289673660e+01
6.741857834616466505e+01
6.743428630943260771e+01
6.744999427270057879e+01
6.746570223596856408e+01
6.748141019923649253e+01
6.749711816250443519e+01
6.751282612577240627e+01
6.752853408904039156e+01
6.754424205230832001e+01
6.755995001557626267e+01
6.757565797884423375e+01
6.759136594211221905e+01
6.760707390538014749e+01
6.762278186864809015e+01
6.763848983191606123e+01
6.765419779518404653e+01
6.766990575845197498e+01
6.768561372171991763e+01
6.770132168498788872e+01
6.771702964825587401e+01
6.773273761152380246e+01
6.774844557479174512e+01
6.776415353805971620e+01
6.777986150132770149e+01
6.779556946459564415e+01
6.781127742786357260e+01
6.782698539113155789e+01
6.784269335439952897e+01
6.785840131766747163e+01
6.787410928093540008e+01
6.788981724420338537e+01
6.790552520747135645e+01
6.792123317073929911e+01
6.793694113400722756e+01
6.795264909727521285e+01
6.796835706054318393e+01
6.798406502381112659e+01
6.799977298707905504e+01
6.801548095034704033e+01
6.803118891361501142e+01
6.804689687688295407e+01
6.806260484015088252e+01
6.807831280341886782e+01
6.809402076668683890e+01
6.810972872995478156e+01
6.812543669322271001e+01
6.814114465649069530e+01
6.815685261975866638e+01
6.817256058302660904e+01
6.818826854629453749e+01
6.820397650956252278e+01
6.821968447283049386e+01
6.823539243609843652e+01
6.825110039936636497e+01
6.826680836263435026e+01
6.828251632590232134e+01
6.829822428917026400e+01
6.831393225243819245e+01
6.832964021570617774e+01
6.834534817897414882e+01
6.836105614224209148e+01
6.837676410551001993e+01
6.839247206877800522e+01
6.840818003204597630e+01
6.842388799531391896e+01
6.843959595858184741e+01
6.845530392184983270e+01
6.847101188511780379e+01
6.848671984838574645e+01
6.850242781165367489e+01
6.851813577492166019e+01
6.853384373818964548e+01
6.854955170145757393e+01
6.856525966472550238e+01
6.858096762799348767e+01
6.859667559126147296e+01
6.861238355452940141e+01
6.862809151779732986e+01
6.864379948106531515e+01
6.865950744433330044e+01
6.867521540760122889e+01
6.869092337086915734e+01
6.870663133413714263e+01
6.872233929740512792e+01
6.873804726067305637e+01
6.875375522394099903e+01
6.876946318720897011e+01
6.878517115047695540e+01
6.880087911374488385e+01
6.881658707701282651e+01
6.883229504028079759e+01
6.884800300354878289e+01
6.886371096681671133e+01
6.887941893008465399e+01
6.889512689335262507e+01
6.891083485662061037e+01
6.892654281988853882e+01
6.894225078315648148e+01
6.895795874642445256e+01
6.897366670969243785e+01
6.898937467296036630e+01
6.900508263622830896e+01
6.902079059949628004e+01
6.903649856276426533e+01
6.905220652603219378e+01
6.906791448930013644e+01
6.908362245256810752e+01
6.909933041583609281e+01
6.911503837910402126e+01
6.913074634237196392e+01
6.914645430563993500e+01
6.916216226890792029e+01
6.917787023217584874e+01
6.919357819544379140e+01
6.920928615871176248e+01
6.922499412197974777e+01
6.924070208524767622e+01
6.925641004851561888e+01
6.927211801178358996e+01
6.928782597505157526e+01
6.930353393831950370e+01
6.931924190158744636e+01
6.933494986485541745e+01
6.935065782812340274e+01
6.936636579139133119e+01
6.938207375465927385e+01
6.939778171792724493e+01
6.941348968119523022e+01
6.942919764446315867e+01
6.944490560773110133e+01
6.946061357099907241e+01
6.947632153426705770e+01
6.949202949753500036e+01
6.950773746080292881e+01
6.952344542407091410e+01
6.953915338733888518e+01
6.955486135060682784e+01
6.957056931387475629e+01
6.958627727714274158e+01
6.960198524041071266e+01
6.961769320367865532e+01
6.963340116694658377e+01
6.964910913021456906e+01
6.966481709348254014e+01
6.968052505675048280e+01
6.969623302001841125e+01
6.971194098328639654e+01
6.972764894655436763e+01
6.974335690982231029e+01
6.975906487309023873e+01
6.977477283635822403e+01
6.979048079962619511e+01
6.980618876289413777e+01
6.982189672616206622e+01
6.983760468943005151e+01
6.985331265269802259e+01
6.986902061596596525e+01
6.988472857923389370e+01
6.990043654250187899e+01
6.991614450576985007e+01
6.993185246903779273e+01
6.994756043230572118e+01
6.996326839557370647e+01
6.997897635884167755e+01
6.999468432210962021e+01
7.001039228537754866e+01
7.002610024864553395e+01
7.004180821191350503e+01
7.005751617518144769e+01
7.007322413844937614e+01
7.008893210171736143e+01
7.010464006498533251e+01
7.012034802825327517e+01
7.013605599152120362e+01
7.015176395478918892e+01
7.016747191805716000e+01
7.018317988132510266e+01
7.019888784459303110e+01
7.021459580786101640e+01
7.023030377112900169e+01
7.024601173439693014e+01
7.026171969766485859e+01
7.027742766093284388e+01
7.029313562420082917e+01
7.030884358746875762e+01
7.032455155073668607e+01
7.034025951400467136e+01
7.035596747727265665e+01
7.037167544054058510e+01
7.038738340380851355e+01
7.040309136707649884e+01
7.041879933034448413e+01
7.043450729361241258e+01
7.045021525688035524e+01
7.046592322014832632e+01
7.048163118341631161e+01
7.049733914668424006e+01
7.051304710995218272e+01
7.052875507322015380e+01
7.054446303648813910e+01
7.056017099975606754e+01
7.057587896302401020e+01
7.059158692629198129e+01
7.060729488955996658e+01
7.062300285282789503e+01
7.063871081609583769e+01
7.065441877936380877e+01
7.067012674263179406e+01
7.068583470589972251e+01
7.070154266916766517e+01
7.071725063243563625e+01
7.073295859570362154e+01
7.074866655897154999e+01
7.076437452223949265e+01
7.078008248550746373e+01
7.079579044877544902e+01
7.081149841204337747e+01
7.082720637531132013e+01
7.084291433857929121e+01
7.085862230184727650e+01
7.087433026511520495e+01
7.089003822838314761e+01
7.090574619165111869e+01
7.092145415491910398e+01
7.093716211818703243e+01
7.095287008145497509e+01
7.096857804472294617e+01
7.098428600799093147e+01
7.099999397125885991e+01
7.101570193452680257e+01
7.103140989779477366e+01
7.104711786106275895e+01
7.106282582433068740e+01
7.107853378759863006e+01
7.109424175086660114e+01
7.110994971413458643e+01
7.112565767740251488e+01
7.114136564067045754e+01
7.115707360393842862e+01
7.117278156720641391e+01
7.118848953047435657e+01
7.120419749374228502e+01
7.121990545701027031e+01
7.123561342027824139e+01
7.125132138354618405e+01
7.126702934681411250e+01
7.128273731008209779e+01
7.129844527335006887e+01
7.131415323661801153e+01
7.132986119988593998e+01
7.134556916315392527e+01
7.136127712642189636e+01
7.137698508968983901e+01
7.139269305295776746e+01
7.140840101622575276e+01
7.142410897949372384e+01
7.143981694276166650e+01
7.145552490602959494e+01
7.147123286929758024e+01
7.148694083256555132e+01
7.150264879583349398e+01
7.151835675910142243e+01
7.153406472236940772e+01
7.154977268563737880e+01
7.156548064890532146e+01
7.158118861217324991e+01
7.159689657544123520e+01
7.161260453870920628e+01
7.162831250197714894e+01
7.164402046524507739e+01
7.165972842851306268e+01
7.167543639178103376e+01
7.169114435504897642e+01
7.170685231831690487e+01
7.172256028158489016e+01
7.173826824485286124e+01
7.175397620812080390e+01
7.176968417138873235e+01
7.178539213465671764e+01
7.180110009792468873e+01
7.181680806119263138e+01
7.183251602446055983e+01
7.184822398772854513e+01
7.186393195099651621e+01
7.187963991426445887e+01
7.189534787753238732e+01
7.191105584080037261e+01
7.192676380406835790e+01
7.194247176733628635e+01
7.195817973060421480e+01
7.197388769387220009e+01
7.198959565714018538e+01
7.200530362040811383e+01
7.202101158367604228e+01
7.203671954694402757e+01
7.205242751021201286e+01
7.206813547347994131e+01
7.208384343674786976e+01
7.209955140001585505e+01
7.211525936328384034e+01
7.213096732655176879e+01
7.214667528981969724e+01
7.216238325308768253e+01
7.217809121635566783e+01
7.219379917962359627e+01
7.220950714289153893e+01
7.222521510615951001e+01
7.224092306942749531e+01
7.225663103269542376e+01
7.227233899596336641e+01
7.228804695923133750e+01
7.230375492249932279e+01
7.231946288576725124e+01
7.233517084903519390e+01
7.235087881230316498e+01
7.236658677557115027e+01
7.238229473883907872e+01
7.239800270210702138e+01
7.241371066537499246e+01
7.242941862864297775e+01
7.244512659191090620e+01
7.246083455517884886e+01
7.247654251844681994e+01
7.249225048171480523e+01
7.250795844498273368e+01
7.252366640825067634e+01
7.253937437151864742e+01
7.255508233478663271e+01
7.257079029805456116e+01
7.258649826132250382e+01
7.260220622459047490e+01
7.261791418785846020e+01
7.263362215112638864e+01
7.264933011439433130e+01
7.266503807766230238e+01
7.268074604093028768e+01
7.269645400419821613e+01
7.271216196746615879e+01
7.272786993073412987e+01
7.274357789400211516e+01
7.275928585727004361e+01
7.277499382053798627e+01
7.279070178380595735e+01
7.280640974707394264e+01
7.282211771034187109e+01
7.283782567360981375e+01
7.285353363687778483e+01
7.286924160014577012e+01
7.288494956341371278e+01
7.290065752668164123e+01
7.291636548994962652e+01
7.293207345321759760e+01
7.294778141648554026e+01
7.296348937975346871e+01
7.297919734302145400e+01
7.299490530628942508e+01
7.301061326955736774e+01
7.302632123282529619e+01
7.304202919609328148e+01
7.305773715936125257e+01
7.307344512262919523e+01
7.308915308589712367e+01
7.310486104916510897e+01
7.312056901243308005e+01
7.313627697570102271e+01
7.315198493896895116e+01
7.316769290223693645e+01
7.318340086550490753e+01
7.319910882877285019e+01
7.321481679204077864e+01
7.323052475530876393e+01
7.324623271857673501e+01
7.326194068184467767e+01
7.327764864511260612e+01
7.329335660838059141e+01
7.330906457164856249e+01
7.332477253491650515e+01
7.334048049818443360e+01
7.335618846145241889e+01
7.337189642472038997e+01
7.338760438798833263e+01
7.340331235125626108e+01
7.341902031452424637e+01
7.343472827779221745e+01
7.345043624106016011e+01
7.346614420432808856e+01
7.348185216759607385e+01
7.349756013086404494e+01
7.351326809413198760e+01
7.352897605739991604e+01
7.354468402066790134e+01
7.356039198393587242e+01
7.357609994720381508e+01
7.359180791047174353e+01
7.360751587373972882e+01
7.362322383700771411e+01
7.363893180027564256e+01
7.365463976354357101e+01
7.367034772681155630e+01
7.368605569007954159e+01
7.370176365334747004e+01
7.371747161661539849e+01
7.373317957988338378e+01
7.374888754315136907e+01
7.376459550641929752e+01
7.378030346968722597e+01
7.379601143295521126e+01
7.381171939622319655e+01
7.382742735949112500e+01
7.384313532275905345e+01
7.385884328602703874e+01
7.387455124929502404e+01
7.389025921256295248e+01
7.390596717583089514e+01
7.392167513909886623e+01
7.393738310236685152e+01
7.395309106563477997e+01
7.396879902890272263e+01
7.398450699217069371e+01
7.400021495543867900e+01
7.401592291870660745e+01
7.403163088197455011e+01
7.404733884524252119e+01
7.406304680851050648e+01
7.407875477177843493e+01
7.409446273504637759e+01
7.411017069831434867e+01
7.412587866158233396e+01
7.414158662485026241e+01
7.415729458811820507e+01
7.417300255138617615e+01
7.418871051465416144e+01
7.420441847792208989e+01
7.422012644119003255e+01
7.423583440445800363e+01
7.425154236772598892e+01
7.426725033099391737e+01
7.428295829426186003e+01
7.429866625752983111e+01
7.431437422079781641e+01
7.433008218406574485e+01
7.434579014733368751e+01
7.436149811060165860e+01
7.437720607386964389e+01
7.439291403713757234e+01
7.440862200040551500e+01
7.442432996367348608e+01
7.444003792694147137e+01
7.445574589020939982e+01
7.447145385347734248e+01
7.448716181674531356e+01
7.450286978001329885e+01
7.451857774328122730e+01
7.453428570654916996e+01
7.454999366981714104e+01
7.456570163308512633e+01
7.458140959635306899e+01
7.459711755962099744e+01
7.461282552288898273e+01
7.462853348615695381e+01
7.464424144942489647e+01
7.465994941269282492e+01
7.467565737596081021e+01
7.469136533922878129e+01
7.470707330249672395e+01
7.472278126576465240e+01
7.473848922903263770e+01
7.475419719230060878e+01
7.476990515556855144e+01
7.478561311883647988e+01
7.480132108210446518e+01
7.481702904537243626e+01
7.483273700864037892e+01
7.484844497190830737e+01
7.486415293517629266e+01
7.487986089844426374e+01
7.489556886171220640e+01
7.491127682498013485e+01
7.492698478824812014e+01
7.494269275151609122e+01
7.495840071478403388e+01
7.497410867805196233e+01
7.498981664131994762e+01
7.500552460458791870e+01
7.502123256785586136e+01
7.503694053112378981e+01
7.505264849439177510e+01
7.506835645765974618e+01
7.508406442092768884e+01
7.509977238419561729e+01
7.511548034746360258e+01
7.513118831073157367e+01
7.514689627399951632e+01
7.516260423726744477e+01
7.517831220053543007e+01
7.519402016380340115e+01
7.520972812707134381e+01
7.522543609033927225e+01
7.524114405360725755e+01
7.525685201687522863e+01
7.527255998014317129e+01
7.528826794341109974e+01
7.530397590667908503e+01
7.531968386994707032e+01
7.533539183321499877e+01
7.535109979648292722e+01
7.536680775975091251e+01
7.538251572301889780e+01
7.539822368628682625e+01
7.541393164955475470e+01
7.542963961282273999e+01
7.544534757609072528e+01
7.546105553935865373e+01
7.547676350262658218e+01
7.549247146589456747e+01
7.550817942916255276e+01
7.552388739243048121e+01
7.553959535569840966e+01
7.555530331896639495e+01
7.557101128223438025e+01
7.558671924550230869e+01
7.560242720877025135e+01
7.561813517203822244e+01
7.563384313530620773e+01
7.564955109857413618e+01
7.566525906184207884e+01
7.568096702511004992e+01
7.569667498837803521e+01
7.571238295164596366e+01
7.572809091491390632e+01
7.574379887818187740e+01
7.575950684144986269e+01
7.577521480471779114e+01
7.579092276798573380e+01
7.580663073125370488e+01
7.582233869452169017e+01
7.583804665778961862e+01
7.585375462105756128e+01
7.586946258432553236e+01
7.588517054759351765e+01
7.590087851086144610e+01
7.591658647412938876e+01
7.593229443739735984e+01
7.594800240066534514e+01
7.596371036393327358e+01
7.597941832720121624e+01
7.599512629046918732e+01
7.601083425373717262e+01
7.602654221700510107e+01
7.604225018027304372e+01
7.605795814354101481e+01
7.607366610680900010e+01
7.608937407007692855e+01
7.610508203334487121e+01
7.612078999661284229e+01
7.613649795988082758e+01
7.615220592314875603e+01
7.616791388641669869e+01
7.618362184968466977e+01
7.619932981295265506e+01
7.621503777622058351e+01
7.623074573948852617e+01
7.624645370275649725e+01
7.626216166602448254e+01
7.627786962929241099e+01
7.629357759256035365e+01
7.630928555582833894e+01
7.632499351909631002e+01
7.634070148236425268e+01
7.635640944563218113e+01
7.637211740890016642e+01
7.638782537216813751e+01
7.640353333543608016e+01
7.641924129870400861e+01
7.643494926197199391e+01
7.645065722523996499e+01
7.646636518850790765e+01
7.648207315177583610e+01
7.649778111504382139e+01
7.651348907831179247e+01
7.652919704157973513e+01
7.654490500484766358e+01
7.656061296811564887e+01
7.657632093138361995e+01
7.659202889465156261e+01
7.660773685791949106e+01
7.662344482118747635e+01
7.663915278445544743e+01
7.665486074772339009e+01
7.667056871099131854e+01
7.668627667425930383e+01
7.670198463752727491e+01
7.671769260079521757e+01
7.673340056406314602e+01
7.674910852733113131e+01
7.676481649059910239e+01
7.678052445386704505e+01
7.679623241713497350e+01
7.681194038040295879e+01
7.682764834367092988e+01
7.684335630693887254e+01
7.685906427020680098e+01
7.687477223347478628e+01
7.689048019674275736e+01
7.690618816001070002e+01
7.692189612327862847e+01
7.693760408654661376e+01
7.695331204981458484e+01
7.696902001308252750e+01
7.698472797635045595e+01
7.700043593961844124e+01
7.701614390288642653e+01
7.703185186615435498e+01
7.704755982942228343e+01
7.706326779269026872e+01
7.707897575595825401e+01
7.709468371922618246e+01
7.711039168249411091e+01
7.712609964576209620e+01
7.714180760903008149e+01
7.715751557229800994e+01
7.717322353556593839e+01
7.718893149883392368e+01
7.720463946210190898e+01
7.722034742536983742e+01
7.723605538863776587e+01
7.725176335190575116e+01
7.726747131517373646e+01
7.728317927844166491e+01
7.729888724170960757e+01
7.731459520497757865e+01
7.733030316824556394e+01
7.734601113151349239e+01
7.736171909478143505e+01
7.737742705804940613e+01
7.739313502131739142e+01
7.740884298458531987e+01
7.742455094785326253e+01
7.744025891112123361e+01
7.745596687438921890e+01
7.747167483765714735e+01
7.748738280092509001e+01
7.750309076419306109e+01
7.751879872746104638e+01
7.753450669072897483e+01
7.755021465399691749e+01
7.756592261726488857e+01
7.758163058053287386e+01
7.759733854380080231e+01
7.761304650706874497e+01
7.762875447033671605e+01
7.764446243360470135e+01
7.766017039687262979e+01
7.767587836014057245e+01
7.769158632340854354e+01
7.770729428667652883e+01
7.772300224994445728e+01
7.773871021321239994e+01
7.775441817648037102e+01
7.777012613974835631e+01
7.778583410301628476e+01
7.780154206628422742e+01
7.781725002955219850e+01
7.783295799282018379e+01
7.784866595608811224e+01
7.786437391935605490e+01
7.788008188262402598e+01
7.789578984589201127e+01
7.791149780915993972e+01
7.792720577242788238e+01
7.794291373569585346e+01
7.795862169896383875e+01
7.797432966223176720e+01
7.799003762549970986e+01
7.800574558876769515e+01
7.802145355203566623e+01
7.803716151530360889e+01
7.805286947857153734e+01
7.806857744183952263e+01
7.808428540510749372e+01
7.809999336837543638e+01
7.811570133164336482e+01
7.813140929491135012e+01
7.814711725817932120e+01
7.816282522144726386e+01
7.817853318471519231e+01
7.819424114798317760e+01
7.820994911125114868e+01
7.822565707451909134e+01
7.824136503778701979e+01
7.825707300105500508e+01
7.827278096432297616e+01
7.828848892759091882e+01
7.830419689085884727e+01
7.831990485412683256e+01
7.833561281739480364e+01
7.835132078066274630e+01
7.836702874393067475e+01
7.838273670719866004e+01
7.839844467046663112e+01
7.841415263373457378e+01
7.842986059700250223e+01
7.844556856027048752e+01
7.846127652353845860e+01
7.847698448680640126e+01
7.849269245007432971e+01
7.850840041334231501e+01
7.852410837661028609e+01
7.853981633987822875e+01
7.855552430314615719e+01
7.857123226641414249e+01
7.858694022968211357e+01
7.860264819295005623e+01
7.861835615621798468e+01
7.863406411948596997e+01
7.864977208275394105e+01
7.866548004602188371e+01
7.868118800928981216e+01
7.869689597255779745e+01
7.871260393582578274e+01
7.872831189909371119e+01
7.874401986236163964e+01
7.875972782562962493e+01
7.877543578889761022e+01
7.879114375216553867e+01
7.880685171543346712e+01
7.882255967870145241e+01
7.883826764196943770e+01
7.885397560523736615e+01
7.886968356850529460e+01
7.888539153177327989e+01
7.890109949504126519e+01
7.891680745830919363e+01
7.893251542157712208e+01
7.894822338484510738e+01
7.896393134811309267e+01
7.897963931138102112e+01
7.899534727464896378e+01
7.901105523791693486e+01
7.902676320118492015e+01
7.904247116445284860e+01
7.905817912772079126e+01
7.907388709098876234e+01
7.908959505425674763e+01
7.910530301752467608e+01
7.912101098079261874e+01
7.913671894406058982e+01
7.915242690732857511e+01
7.916813487059650356e+01
7.918384283386444622e+01
7.919955079713241730e+01
7.921525876040040259e+01
7.923096672366833104e+01
7.924667468693627370e+01
7.926238265020424478e+01
7.927809061347223007e+01
7.929379857674015852e+01
7.930950654000810118e+01
7.932521450327607226e+01
7.934092246654405756e+01
7.935663042981198601e+01
7.937233839307992866e+01
7.938804635634789975e+01
7.940375431961588504e+01
7.941946228288381349e+01
7.943517024615175615e+01
7.945087820941972723e+01
7.946658617268771252e+01
7.948229413595564097e+01
7.949800209922358363e+01
7.951371006249155471e+01
7.952941802575954000e+01
7.954512598902746845e+01
7.956083395229541111e+01
7.957654191556338219e+01
7.959224987883136748e+01
7.960795784209929593e+01
7.962366580536723859e+01
7.963937376863520967e+01
7.965508173190319496e+01
7.967078969517112341e+01
7.968649765843906607e+01
7.970220562170705136e+01
7.971791358497502245e+01
7.973362154824296510e+01
7.974932951151089355e+01
7.976503747477887885e+01
7.978074543804684993e+01
7.979645340131479259e+01
7.981216136458272103e+01
7.982786932785070633e+01
7.984357729111867741e+01
7.985928525438662007e+01
7.987499321765454852e+01
7.989070118092253381e+01
7.990640914419050489e+01
7.992211710745844755e+01
7.993782507072637600e+01
7.995353303399436129e+01
7.996924099726233237e+01
7.998494896053027503e+01
8.000065692379820348e+01
8.001636488706618877e+01
8.003207285033415985e+01
8.004778081360210251e+01
8.006348877687003096e+01
8.007919674013801625e+01
8.009490470340598733e+01
8.011061266667392999e+01
8.012632062994185844e+01
8.014202859320984373e+01
8.015773655647781482e+01
8.017344451974575747e+01
8.018915248301368592e+01
8.020486044628167122e+01
8.022056840954964230e+01
8.023627637281758496e+01
8.025198433608551341e+01
8.026769229935349870e+01
8.028340026262146978e+01
8.029910822588941244e+01
8.031481618915734089e+01
8.033052415242532618e+01
8.034623211569329726e+01
8.036194007896123992e+01
8.037764804222916837e+01
8.039335600549715366e+01
8.040906396876512474e+01
8.042477193203306740e+01
8.044047989530099585e+01
8.045618785856898114e+01
8.047189582183696643e+01
8.048760378510489488e+01
8.050331174837282333e+01
8.051901971164080862e+01
8.053472767490879392e+01
8.055043563817672236e+01
8.056614360144465081e+01
8.058185156471263610e+01
8.059755952798062140e+01
8.061326749124854985e+01
8.062897545451647829e+01
8.064468341778446359e+01
8.066039138105244888e+01
8.067609934432037733e+01
8.069180730758831999e+01
8.070751527085629107e+01
8.072322323412427636e+01
8.073893119739220481e+01
8.075463916066014747e+01
8.077034712392811855e+01
8.078605508719610384e+01
8.080176305046403229e+01
8.081747101373197495e+01
8.083317897699994603e+01
8.084888694026793132e+01
8.086459490353585977e+01
8.088030286680380243e+01
8.089601083007177351e+01
8.091171879333975880e+01
8.092742675660768725e+01
8.094313471987562991e+01
8.095884268314360099e+01
8.097455064641158629e+01
8.099025860967951473e+01
8.100596657294745739e+01
8.102167453621542847e+01
8.103738249948341377e+01
8.105309046275134222e+01
8.106879842601928488e+01
8.108450638928725596e+01
8.110021435255524125e+01
8.111592231582316970e+01
8.113163027909111236e+01
8.114733824235908344e+01
8.116304620562706873e+01
8.117875416889499718e+01
8.119446213216293984e+01
8.121017009543091092e+01
8.122587805869889621e+01
8.124158602196682466e+01
8.125729398523476732e+01
8.127300194850273840e+01
8.128870991177072369e+01
8.130441787503865214e+01
8.132012583830659480e+01
8.133583380157456588e+01
8.135154176484255117e+01
8.136724972811047962e+01
8.138295769137842228e+01
8.139866565464640757e+01
8.141437361791437866e+01
8.143008158118232132e+01
8.144578954445024976e+01
8.146149750771823506e+01
8.147720547098620614e+01
8.149291343425414880e+01
8.150862139752207725e+01
8.152432936079006254e+01
8.154003732405803362e+01
8.155574528732597628e+01
8.157145325059390473e+01
8.158716121386189002e+01
8.160286917712986110e+01
8.161857714039780376e+01
8.163428510366573221e+01
8.164999306693371750e+01
8.166570103020168858e+01
8.168140899346963124e+01
8.169711695673755969e+01
8.171282492000554498e+01
8.172853288327351606e+01
8.174424084654145872e+01
8.175994880980938717e+01
8.177565677307737246e+01
8.179136473634534354e+01
8.180707269961328620e+01
8.182278066288121465e+01
8.183848862614919994e+01
8.185419658941717103e+01
8.186990455268511369e+01
8.188561251595304213e+01
8.190132047922102743e+01
8.191702844248899851e+01
8.193273640575694117e+01
8.194844436902486962e+01
8.196415233229285491e+01
8.197986029556082599e+01
8.199556825882876865e+01
8.201127622209669710e+01
8.202698418536468239e+01
8.204269214863265347e+01
8.205840011190059613e+01
8.207410807516852458e+01
8.208981603843650987e+01
8.210552400170448095e+01
8.212123196497242361e+01
8.213693992824035206e+01
8.215264789150833735e+01
8.216835585477632264e+01
8.218406381804425109e+01
8.219977178131217954e+01
8.221547974458016483e+01
8.223118770784815013e+01
8.224689567111607857e+01
8.226260363438400702e+01
8.227831159765199232e+01
8.229401956091997761e+01
8.230972752418790606e+01
8.232543548745583450e+01
8.234114345072381980e+01
8.235685141399180509e+01
8.237255937725973354e+01
8.238826734052767620e+01
8.240397530379564728e+01
8.241968326706363257e+01
8.243539123033156102e+01
8.245109919359950368e+01
8.246680715686747476e+01
8.248251512013546005e+01
8.249822308340338850e+01
8.251393104667133116e+01
8.252963900993930224e+01
8.254534697320728753e+01
8.256105493647521598e+01
8.257676289974315864e+01
8.259247086301112972e+01
8.260817882627911501e+01
8.262388678954704346e+01
8.263959475281498612e+01
8.265530271608295720e+01
8.267101067935094250e+01
8.268671864261887094e+01
8.270242660588681360e+01
8.271813456915478469e+01
8.273384253242276998e+01
8.274955049569069843e+01
8.276525845895864109e+01
8.278096642222661217e+01
8.279667438549459746e+01
8.281238234876252591e+01
8.282809031203046857e+01
8.284379827529843965e+01
8.285950623856642494e+01
8.287521420183435339e+01
8.289092216510229605e+01
8.290663012837026713e+01
8.292233809163825242e+01
8.293804605490618087e+01
8.295375401817412353e+01
8.296946198144209461e+01
8.298516994471007990e+01
8.300087790797800835e+01
8.301658587124595101e+01
8.303229383451392209e+01
8.304800179778190738e+01
8.306370976104983583e+01
8.307941772431777849e+01
8.309512568758576379e+01
8.311083365085373487e+01
8.312654161412167753e+01
8.314224957738960597e+01
8.315795754065759127e+01
8.317366550392556235e+01
8.318937346719350501e+01
8.320508143046143346e+01
8.322078939372941875e+01
8.323649735699738983e+01
8.325220532026533249e+01
8.326791328353326094e+01
8.328362124680124623e+01
8.329932921006921731e+01
8.331503717333715997e+01
8.333074513660508842e+01
8.334645309987307371e+01
8.336216106314104479e+01
8.337786902640898745e+01
8.339357698967691590e+01
8.340928495294490119e+01
8.342499291621287227e+01
8.344070087948081493e+01
8.345640884274874338e+01
8.347211680601672867e+01
8.348782476928469976e+01
8.350353273255264241e+01
8.351924069582057086e+01
8.353494865908855616e+01
8.355065662235652724e+01
8.356636458562446990e+01
8.358207254889239834e+01
8.359778051216038364e+01
8.361348847542835472e+01
8.362919643869629738e+01
8.364490440196422583e+01
8.366061236523221112e+01
8.367632032850018220e+01
8.369202829176812486e+01
8.370773625503605331e+01
8.372344421830403860e+01
8.373915218157200968e+01
8.375486014483995234e+01
8.377056810810788079e+01
8.378627607137586608e+01
8.380198403464383716e+01
8.381769199791177982e+01
8.383339996117970827e+01
8.384910792444769356e+01
8.386481588771567885e+01
8.388052385098360730e+01
8.389623181425153575e+01
8.391193977751952104e+01
8.392764774078750634e+01
8.394335570405543479e+01
8.395906366732336323e+01
8.397477163059134853e+01
8.399047959385933382e+01
8.400618755712726227e+01
8.402189552039519072e+01
8.403760348366317601e+01
8.405331144693116130e+01
8.406901941019908975e+01
8.408472737346703241e+01
8.410043533673500349e+01
8.411614330000298878e+01
8.413185126327091723e+01
8.414755922653885989e+01
8.416326718980683097e+01
8.417897515307481626e+01
8.419468311634274471e+01
8.421039107961068737e+01
8.422609904287865845e+01
8.424180700614664374e+01
8.425751496941457219e+01
8.427322293268251485e+01
8.428893089595048593e+01
8.430463885921847123e+01
8.432034682248639967e+01
8.433605478575434233e+01
8.435176274902231341e+01
8.436747071229029871e+01
8.438317867555822716e+01
8.439888663882616981e+01
8.441459460209414090e+01
8.443030256536212619e+01
8.444601052863005464e+01
8.446171849189799730e+01
8.447742645516596838e+01
8.449313441843395367e+01
8.450884238170188212e+01
8.452455034496982478e+01
8.454025830823779586e+01
8.455596627150578115e+01
8.457167423477370960e+01
8.458738219804165226e+01
8.460309016130962334e+01
8.461879812457760863e+01
8.463450608784553708e+01
8.465021405111347974e+01
8.466592201438145082e+01
8.468162997764943611e+01
8.469733794091736456e+01
8.471304590418530722e+01
8.472875386745327830e+01
8.474446183072126360e+01
8.476016979398919204e+01
8.477587775725713470e+01
8.479158572052512000e+01
8.480729368379309108e+01
8.482300164706103374e+01
8.483870961032896219e+01
8.485441757359694748e+01
8.487012553686491856e+01
8.488583350013286122e+01
8.490154146340078967e+01
8.491724942666877496e+01
8.493295738993674604e+01
8.494866535320468870e+01
8.496437331647261715e+01
8.498008127974060244e+01
8.499578924300857352e+01
8.501149720627651618e+01
8.502720516954444463e+01
8.504291313281242992e+01
8.505862109608040100e+01
8.507432905934834366e+01
8.509003702261627211e+01
8.510574498588425740e+01
8.512145294915222848e+01
8.513716091242017114e+01
8.515286887568809959e+01
8.516857683895608488e+01
8.518428480222405597e+01
8.519999276549199863e+01
8.521570072875992707e+01
8.523140869202791237e+01
8.524711665529588345e+01
8.526282461856382611e+01
8.527853258183175456e+01
8.529424054509973985e+01
8.530994850836771093e+01
8.532565647163565359e+01
8.534136443490358204e+01
8.535707239817156733e+01
8.537278036143953841e+01
8.538848832470748107e+01
8.540419628797540952e+01
8.541990425124339481e+01
8.543561221451136589e+01
8.545132017777930855e+01
8.546702814104723700e+01
8.548273610431522229e+01
8.549844406758319337e+01
8.551415203085113603e+01
8.552985999411906448e+01
8.554556795738704977e+01
8.556127592065503507e+01
8.557698388392296351e+01
8.559269184719089196e+01
8.560839981045887725e+01
8.562410777372686255e+01
8.563981573699479100e+01
8.565552370026271944e+01
8.567123166353070474e+01
8.568693962679869003e+01
8.570264759006661848e+01
8.571835555333454693e+01
8.573406351660253222e+01
8.574977147987051751e+01
8.576547944313844596e+01
8.578118740640638862e+01
8.579689536967435970e+01
8.581260333294234499e+01
8.582831129621027344e+01
8.584401925947821610e+01
8.585972722274618718e+01
8.587543518601417247e+01
8.589114314928210092e+01
8.590685111255004358e+01
8.592255907581801466e+01
8.593826703908599995e+01
8.595397500235392840e+01
8.596968296562187106e+01
8.598539092888984214e+01
8.600109889215782744e+01
8.601680685542575588e+01
8.603251481869369854e+01
8.604822278196166963e+01
8.606393074522965492e+01
8.607963870849758337e+01
8.609534667176552603e+01
8.611105463503349711e+01
8.612676259830148240e+01
8.614247056156941085e+01
8.615817852483735351e+01
8.617388648810532459e+01
8.618959445137330988e+01
8.620530241464123833e+01
8.622101037790918099e+01
8.623671834117715207e+01
8.625242630444513736e+01
8.626813426771306581e+01
8.628384223098100847e+01
8.629955019424897955e+01
8.631525815751696484e+01
8.633096612078489329e+01
8.634667408405283595e+01
8.636238204732080703e+01
8.637809001058879232e+01
8.639379797385672077e+01
8.640950593712466343e+01
8.642521390039263451e+01
8.644092186366061981e+01
8.645662982692854825e+01
8.647233779019649091e+01
8.648804575346447621e+01
8.650375371673244729e+01
8.651946168000038995e+01
8.653516964326831840e+01
8.655087760653630369e+01
8.656658556980427477e+01
8.658229353307221743e+01
8.659800149634014588e+01
8.661370945960813117e+01
8.662941742287610225e+01
8.664512538614404491e+01
8.666083334941197336e+01
8.667654131267995865e+01
8.669224927594792973e+01
8.670795723921587239e+01
8.672366520248380084e+01
8.673937316575178613e+01
8.675508112901975721e+01
8.677078909228769987e+01
8.678649705555562832e+01
8.680220501882361361e+01
8.681791298209158469e+01
8.683362094535952735e+01
8.684932890862745580e+01
8.686503687189544110e+01
8.688074483516341218e+01
8.689645279843135484e+01
8.691216076169928328e+01
8.692786872496726858e+01
8.694357668823523966e+01
8.695928465150318232e+01
8.697499261477111077e+01
8.699070057803909606e+01
8.700640854130706714e+01
8.702211650457500980e+01
8.703782446784293825e+01
8.705353243111092354e+01
8.706924039437889462e+01
8.708494835764683728e+01
8.710065632091476573e+01
8.711636428418275102e+01
8.713207224745072210e+01
8.714778021071866476e+01
8.716348817398659321e+01
8.717919613725457850e+01
8.719490410052254958e+01
8.721061206379049224e+01
8.722632002705842069e+01
8.724202799032640598e+01
8.725773595359439128e+01
8.727344391686231972e+01
8.728915188013024817e+01
8.730485984339823347e+01
8.732056780666621876e+01
8.733627576993414721e+01
8.735198373320207565e+01
8.736769169647006095e+01
8.738339965973804624e+01
8.739910762300597469e+01
8.741481558627390314e+01
8.743052354954188843e+01
8.744623151280987372e+01
8.746193947607780217e+01
8.747764743934574483e+01
8.749335540261371591e+01
8.750906336588170120e+01
8.752477132914962965e+01
8.754047929241757231e+01
8.755618725568554339e+01
8.757189521895352868e+01
8.758760318222145713e+01
8.760331114548939979e+01
8.761901910875737087e+01
8.763472707202535616e+01
8.765043503529328461e+01
8.766614299856122727e+01
8.768185096182919835e+01
8.769755892509718365e+01
8.771326688836511210e+01
8.772897485163305475e+01
8.774468281490102584e+01
8.776039077816901113e+01
8.777609874143693958e+01
8.779180670470488224e+01
8.780751466797285332e+01
8.782322263124083861e+01
8.783893059450876706e+01
8.785463855777670972e+01
8.787034652104468080e+01
8.788605448431266609e+01
8.790176244758059454e+01
8.791747041084853720e+01
8.793317837411650828e+01
8.794888633738449357e+01
8.796459430065242202e+01
8.798030226392036468e+01
8.799601022718833576e+01
8.801171819045632105e+01
8.802742615372424950e+01
8.804313411699219216e+01
8.805884208026016324e+01
8.807455004352814854e+01
8.809025800679607698e+01
8.810596597006401964e+01
8.812167393333199072e+01
8.813738189659997602e+01
8.815308985986790447e+01
8.816879782313584712e+01
8.818450578640383242e+01
8.820021374967180350e+01
8.821592171293974616e+01
8.823162967620767461e+01
8.824733763947565990e+01
8.826304560274363098e+01
8.827875356601157364e+01
8.829446152927950209e+01
8.831016949254748738e+01
8.832587745581545846e+01
8.834158541908340112e+01
8.835729338235132957e+01
8.837300134561931486e+01
8.838870930888728594e+01
8.840441727215522860e+01
8.842012523542315705e+01
8.843583319869114234e+01
8.845154116195911342e+01
8.846724912522705608e+01
8.848295708849498453e+01
8.849866505176296982e+01
8.851437301503094091e+01
8.853008097829888357e+01
8.854578894156681201e+01
8.856149690483479731e+01
8.857720486810276839e+01
8.859291283137071105e+01
8.860862079463863950e+01
8.862432875790662479e+01
8.864003672117459587e+01
8.865574468444253853e+01
8.867145264771046698e+01
8.868716061097845227e+01
8.870286857424642335e+01
8.871857653751436601e+01
8.873428450078229446e+01
8.874999246405027975e+01
8.876570042731825083e+01
8.878140839058619349e+01
8.879711635385412194e+01
8.881282431712210723e+01
8.882853228039007831e+01
8.884424024365802097e+01
8.885994820692594942e+01
8.887565617019393471e+01
8.889136413346190579e+01
8.890707209672984845e+01
8.892278005999777690e+01
8.893848802326576219e+01
8.895419598653374749e+01
8.896990394980167594e+01
8.898561191306960438e+01
8.900131987633758968e+01
8.901702783960557497e+01
8.903273580287350342e+01
8.904844376614143187e+01
8.906415172940941716e+01
8.907985969267740245e+01
8.909556765594533090e+01
8.911127561921325935e+01
8.912698358248124464e+01
8.914269154574922993e+01
8.915839950901715838e+01
8.917410747228510104e+01
8.918981543555307212e+01
8.920552339882105741e+01
8.922123136208898586e+01
8.923693932535692852e+01
8.925264728862489960e+01
8.926835525189288489e+01
8.928406321516081334e+01
8.929977117842875600e+01
8.931547914169672708e+01
8.933118710496471238e+01
8.934689506823264082e+01
8.936260303150058348e+01
8.937831099476855456e+01
8.939401895803653986e+01
8.940972692130446831e+01
8.942543488457241097e+01
8.944114284784038205e+01
8.945685081110836734e+01
8.947255877437629579e+01
8.948826673764423845e+01
8.950397470091220953e+01
8.951968266418019482e+01
8.953539062744812327e+01
8.955109859071606593e+01
8.956680655398403701e+01
8.958251451725202230e+01
8.959822248051995075e+01
8.961393044378789341e+01
8.962963840705586449e+01
8.964534637032384978e+01
8.966105433359177823e+01
8.967676229685972089e+01
8.969247026012769197e+01
8.970817822339567726e+01
8.972388618666360571e+01
8.973959414993154837e+01
8.975530211319951945e+01
8.977101007646750475e+01
8.978671803973543319e+01
8.980242600300337585e+01
8.981813396627134694e+01
8.983384192953933223e+01
8.984954989280726068e+01
8.986525785607520334e+01
8.988096581934317442e+01
8.989667378261115971e+01
8.991238174587910237e+01
8.992808970914703082e+01
8.994379767241501611e+01
8.995950563568298719e+01
8.997521359895092985e+01
8.999092156221885830e+01
9.000662952548684359e+01
9.002233748875481467e+01
9.003804545202275733e+01
9.005375341529068578e+01
9.006946137855867107e+01
9.008516934182664215e+01
9.010087730509458481e+01
9.011658526836251326e+01
9.013229323163049855e+01
9.014800119489846963e+01
9.016370915816641229e+01
9.017941712143434074e+01
9.019512508470232603e+01
9.021083304797029712e+01
9.022654101123823978e+01
9.024224897450616822e+01
9.025795693777415352e+01
9.027366490104212460e+01
9.028937286431006726e+01
9.030508082757799571e+01
9.032078879084598100e+01
9.033649675411395208e+01
9.035220471738189474e+01
9.036791268064982319e+01
9.038362064391780848e+01
9.039932860718577956e+01
9.041503657045372222e+01
9.043074453372165067e+01
9.044645249698963596e+01
9.046216046025760704e+01
9.047786842352554970e+01
9.049357638679347815e+01
9.050928435006146344e+01
9.052499231332943452e+01
9.054070027659737718e+01
9.055640823986530563e+01
9.057211620313329092e+01
9.058782416640126200e+01
9.060353212966920466e+01
9.061924009293713311e+01
9.063494805620511841e+01
9.065065601947310370e+01
9.066636398274103215e+01
9.068207194600896059e+01
9.069777990927694589e+01
9.071348787254493118e+01
9.072919583581285963e+01
9.074490379908078808e+01
9.076061176234877337e+01
9.077631972561675866e+01
9.079202768888468711e+01
9.080773565215261556e+01
9.082344361542060085e+01
9.083915157868858614e+01
9.085485954195651459e+01
9.087056750522445725e+01
9.088627546849242833e+01
9.090198343176041362e+01
9.091769139502834207e+01
9.093339935829628473e+01
9.094910732156425581e+01
9.096481528483224110e+01
9.098052324810016955e+01
9.099623121136811221e+01
9.101193917463608329e+01
9.102764713790406859e+01
9.104335510117199703e+01
9.105906306443993969e+01
9.107477102770791078e+01
9.109047899097589607e+01
9.110618695424382452e+01
9.112189491751176718e+01
9.113760288077973826e+01
9.115331084404772355e+01
9.116901880731565200e+01
9.118472677058359466e+01
9.120043473385156574e+01
9.121614269711955103e+01
9.123185066038747948e+01
9.124755862365542214e+01
9.126326658692339322e+01
9.127897455019137851e+01
9.129468251345930696e+01
9.131039047672724962e+01
9.132609843999522070e+01
9.134180640326320599e+01
9.135751436653113444e+01
9.137322232979907710e+01
9.138893029306704818e+01
9.140463825633503347e+01
9.142034621960296192e+01
9.143605418287090458e+01
9.145176214613887566e+01
9.146747010940686096e+01
9.148317807267478941e+01
9.149888603594273206e+01
9.151459399921070315e+01
9.153030196247868844e+01
9.154600992574661689e+01
9.156171788901455955e+01
9.157742585228253063e+01
9.159313381555051592e+01
9.160884177881845858e+01
9.162454974208638703e+01
9.164025770535437232e+01
9.165596566862234340e+01
9.167167363189028606e+01
9.168738159515821451e+01
9.170308955842619980e+01
9.171879752169417088e+01
9.173450548496211354e+01
9.175021344823004199e+01
9.176592141149802728e+01
9.178162937476599836e+01
9.179733733803394102e+01
9.181304530130186947e+01
9.182875326456985476e+01
9.184446122783782585e+01
9.186016919110576850e+01
9.187587715437369695e+01
9.189158511764168225e+01
9.190729308090965333e+01
9.192300104417759599e+01
9.193870900744552443e+01
9.195441697071350973e+01
9.197012493398148081e+01
9.198583289724942347e+01
9.200154086051735192e+01
9.201724882378533721e+01
9.203295678705330829e+01
9.204866475032125095e+01
9.206437271358917940e+01
9.208008067685716469e+01
9.209578864012513577e+01
9.211149660339307843e+01
9.212720456666100688e+01
9.214291252992899217e+01
9.215862049319696325e+01
9.217432845646490591e+01
9.219003641973283436e+01
9.220574438300081965e+01
9.222145234626879073e+01
9.223716030953673339e+01
9.225286827280466184e+01
9.226857623607264713e+01
9.228428419934061822e+01
9.229999216260856088e+01
9.231570012587648932e+01
9.233140808914447462e+01
9.234711605241245991e+01
9.236282401568038836e+01
9.237853197894831681e+01
9.239423994221630210e+01
9.240994790548428739e+01
9.242565586875221584e+01
9.244136383202014429e+01
9.245707179528812958e+01
9.247277975855611487e+01
9.248848772182404332e+01
9.250419568509197177e+01
9.251990364835995706e+01
9.253561161162794235e+01
9.255131957489587080e+01
9.256702753816381346e+01
9.258273550143178454e+01
9.259844346469976983e+01
9.261415142796769828e+01
9.262985939123564094e+01
9.264556735450361202e+01
9.266127531777159732e+01
9.267698328103952576e+01
9.269269124430746842e+01
9.270839920757543950e+01
9.272410717084342480e+01
9.273981513411135325e+01
9.275552309737929590e+01
9.277123106064726699e+01
9.278693902391525228e+01
9.280264698718318073e+01
9.281835495045112339e+01
9.283406291371909447e+01
9.284977087698707976e+01
9.286547884025500821e+01
9.288118680352295087e+01
9.289689476679092195e+01
9.291260273005890724e+01
9.292831069332683569e+01
9.294401865659477835e+01
9.295972661986274943e+01
9.297543458313073472e+01
9.299114254639866317e+01
9.300685050966660583e+01
9.302255847293457691e+01
9.303826643620256220e+01
9.305397439947049065e+01
9.306968236273843331e+01
9.308539032600640439e+01
9.310109828927438969e+01
9.311680625254231813e+01
9.313251421581026079e+01
9.314822217907823187e+01
9.316393014234621717e+01
9.317963810561414562e+01
9.319534606888208828e+01
9.321105403215005936e+01
9.322676199541804465e+01
9.324246995868597310e+01
9.325817792195391576e+01
9.327388588522188684e+01
9.328959384848987213e+01
9.330530181175781479e+01
9.332100977502574324e+01
9.333671773829372853e+01
9.335242570156169961e+01
9.336813366482964227e+01
9.338384162809757072e+01
9.339954959136555601e+01
9.341525755463352709e+01
9.343096551790146975e+01
9.344667348116939820e+01
9.346238144443738349e+01
9.347808940770535457e+01
9.349379737097329723e+01
9.350950533424122568e+01
9.352521329750921097e+01
9.354092126077718206e+01
9.355662922404512472e+01
9.357233718731305316e+01
9.358804515058103846e+01
9.360375311384900954e+01
9.361946107711695220e+01
9.363516904038488065e+01
9.365087700365286594e+01
9.366658496692083702e+01
9.368229293018877968e+01
9.369800089345670813e+01
9.371370885672469342e+01
9.372941681999266450e+01
9.374512478326060716e+01
9.376083274652853561e+01
9.377654070979652090e+01
9.379224867306449198e+01
9.380795663633243464e+01
9.382366459960036309e+01
9.383937256286834838e+01
9.385508052613631946e+01
9.387078848940426212e+01
9.388649645267219057e+01
9.390220441594017586e+01
9.391791237920814694e+01
9.393362034247608960e+01
9.394932830574401805e+01
9.396503626901200334e+01
9.398074423227997443e+01
9.399645219554791709e+01
9.401216015881584553e+01
9.402786812208383083e+01
9.404357608535181612e+01
9.405928404861974457e+01
9.407499201188767302e+01
9.409069997515565831e+01
9.410640793842364360e+01
9.412211590169157205e+01
9.413782386495950050e+01
9.415353182822748579e+01
9.416923979149547108e+01
9.418494775476339953e+01
9.420065571803132798e+01
9.421636368129931327e+01
9.423207164456729856e+01
9.424777960783522701e+01
9.426348757110316967e+01
9.427919553437114075e+01
9.429490349763912604e+01
9.431061146090705449e+01
9.432631942417499715e+01
9.434202738744296823e+01
9.435773535071095353e+01
9.437344331397888197e+01
9.438915127724682463e+01
9.440485924051479572e+01
9.442056720378278101e+01
9.443627516705070946e+01
9.445198313031865212e+01
9.446769109358662320e+01
9.448339905685460849e+01
9.449910702012253694e+01
9.451481498339047960e+01
9.453052294665845068e+01
9.454623090992643597e+01
9.456193887319436442e+01
9.457764683646230708e+01
9.459335479973027816e+01
9.460906276299826345e+01
9.462477072626619190e+01
9.464047868953413456e+01
9.465618665280210564e+01
9.467189461607009093e+01
9.468760257933801938e+01
9.470331054260596204e+01
9.471901850587393312e+01
9.473472646914191841e+01
9.475043443240984686e+01
9.476614239567778952e+01
9.478185035894576060e+01
9.479755832221374590e+01
9.481326628548167434e+01
9.482897424874961700e+01
9.484468221201758809e+01
9.486039017528557338e+01
9.487609813855350183e+01
9.489180610182144449e+01
9.490751406508941557e+01
9.492322202835740086e+01
9.493892999162532931e+01
9.495463795489327197e+01
9.497034591816124305e+01
9.498605388142922834e+01
9.500176184469717100e+01
9.501746980796509945e+01
9.503317777123308474e+01
9.504888573450105582e+01
9.506459369776899848e+01
9.508030166103692693e+01
9.509600962430491222e+01
9.511171758757288330e+01
9.512742555084082596e+01
9.514313351410875441e+01
9.515884147737673970e+01
9.517454944064471078e+01
9.519025740391265344e+01
9.520596536718058189e+01
9.522167333044856719e+01
9.523738129371653827e+01
9.525308925698448093e+01
9.526879722025240937e+01
9.528450518352039467e+01
9.530021314678836575e+01
9.531592111005630841e+01
9.533162907332423686e+01
9.534733703659222215e+01
9.536304499986019323e+01
9.537875296312813589e+01
9.539446092639606434e+01
9.541016888966404963e+01
9.542587685293202071e+01
9.544158481619996337e+01
9.545729277946789182e+01
9.547300074273587711e+01
9.548870870600384819e+01
9.550441666927179085e+01
9.552012463253971930e+01
9.553583259580770459e+01
9.555154055907567567e+01
9.556724852234361833e+01
9.558295648561154678e+01
9.559866444887953207e+01
9.561437241214750316e+01
9.563008037541544581e+01
9.564578833868337426e+01
9.566149630195135956e+01
9.567720426521933064e+01
9.569291222848727330e+01
9.570862019175520174e+01
9.572432815502318704e+01
9.574003611829117233e+01
9.575574408155910078e+01
9.577145204482702923e+01
9.578716000809501452e+01
9.580286797136299981e+01
9.581857593463092826e+01
9.583428389789885671e+01
9.584999186116684200e+01
9.586569982443482729e+01
9.588140778770275574e+01
9.589711575097068419e+01
9.591282371423866948e+01
9.592853167750665477e+01
9.594423964077458322e+01
9.595994760404252588e+01
9.597565556731049696e+01
9.599136353057848225e+01
9.600707149384641070e+01
9.602277945711435336e+01
9.603848742038232444e+01
9.605419538365030974e+01
9.606990334691823819e+01
9.608561131018618084e+01
9.610131927345415193e+01
9.611702723672213722e+01
9.613273519999006567e+01
9.614844316325800833e+01
9.616415112652597941e+01
9.617985908979396470e+01
9.619556705306189315e+01
9.621127501632983581e+01
9.622698297959780689e+01
9.624269094286579218e+01
9.625839890613372063e+01
9.627410686940166329e+01
9.628981483266963437e+01
9.630552279593761966e+01
9.632123075920554811e+01
9.633693872247349077e+01
9.635264668574146185e+01
9.636835464900944714e+01
9.638406261227737559e+01
9.639977057554531825e+01
9.641547853881328933e+01
9.643118650208127463e+01
9.644689446534920307e+01
9.646260242861714573e+01
9.647831039188511681e+01
9.649401835515310211e+01
9.650972631842103056e+01
9.652543428168897321e+01
9.654114224495694430e+01
9.655685020822492959e+01
9.657255817149285804e+01
9.658826613476080070e+01
9.660397409802877178e+01
9.661968206129675707e+01
9.663539002456468552e+01
9.665109798783262818e+01
9.666680595110059926e+01
9.668251391436858455e+01
9.669822187763652721e+01
9.671392984090445566e+01
9.672963780417244095e+01
9.674534576744041203e+01
9.676105373070835469e+01
9.677676169397628314e+01
9.679246965724426843e+01
9.680817762051223951e+01
9.682388558378018217e+01
9.683959354704811062e+01
9.685530151031609591e+01
9.687100947358406700e+01
9.688671743685200966e+01
9.690242540011993810e+01
9.691813336338792340e+01
9.693384132665589448e+01
9.694954928992383714e+01
9.696525725319176559e+01
9.698096521645975088e+01
9.699667317972772196e+01
9.701238114299566462e+01
9.702808910626359307e+01
9.704379706953157836e+01
9.705950503279954944e+01
9.707521299606749210e+01
9.709092095933542055e+01
9.710662892260340584e+01
9.712233688587137692e+01
9.713804484913931958e+01
9.715375281240724803e+01
9.716946077567523332e+01
9.718516873894320440e+01
9.720087670221114706e+01
9.721658466547907551e+01
9.723229262874706080e+01
9.724800059201503188e+01
9.726370855528297454e+01
9.727941651855090299e+01
9.729512448181888828e+01
9.731083244508685937e+01
9.732654040835480203e+01
9.734224837162273047e+01
9.735795633489071577e+01
9.737366429815868685e+01
9.738937226142662951e+01
9.740508022469455796e+01
9.742078818796254325e+01
9.743649615123052854e+01
9.745220411449845699e+01
9.746791207776638544e+01
9.748362004103437073e+01
9.749932800430235602e+01
9.751503596757028447e+01
9.753074393083821292e+01
9.754645189410619821e+01
9.756215985737418350e+01
9.757786782064211195e+01
9.759357578391004040e+01
9.760928374717802569e+01
9.762499171044601098e+01
9.764069967371393943e+01
9.765640763698186788e+01
9.767211560024985317e+01
9.768782356351783847e+01
9.770353152678576691e+01
9.771923949005370957e+01
9.773494745332168065e+01
9.775065541658966595e+01
9.776636337985759440e+01
9.778207134312553706e+01
9.779777930639350814e+01
9.781348726966149343e+01
9.782919523292942188e+01
9.784490319619736454e+01
9.786061115946533562e+01
9.787631912273332091e+01
9.789202708600124936e+01
9.790773504926919202e+01
9.792344301253716310e+01
9.793915097580514839e+01
9.795485893907307684e+01
9.797056690234101950e+01
9.798627486560899058e+01
9.800198282887697587e+01
9.801769079214490432e+01
9.803339875541284698e+01
9.804910671868081806e+01
9.806481468194880335e+01
9.808052264521673180e+01
9.809623060848467446e+01
9.811193857175264554e+01
9.812764653502063084e+01
9.814335449828855928e+01
9.815906246155650194e+01
9.817477042482447303e+01
9.819047838809245832e+01
9.820618635136038677e+01
9.822189431462832943e+01
9.823760227789630051e+01
9.825331024116428580e+01
9.826901820443221425e+01
9.828472616770015691e+01
9.830043413096812799e+01
9.831614209423611328e+01
9.833185005750404173e+01
9.834755802077198439e+01
9.836326598403995547e+01
9.837897394730794076e+01
9.839468191057588342e+01
9.841038987384381187e+01
9.842609783711179716e+01
9.844180580037976824e+01
9.845751376364771090e+01
9.847322172691563935e+01
9.848892969018362464e+01
9.850463765345159572e+01
9.852034561671953838e+01
9.853605357998746683e+01
9.855176154325545212e+01
9.856746950652342321e+01
9.858317746979136587e+01
9.859888543305929431e+01
9.861459339632727961e+01
9.863030135959525069e+01
9.864600932286319335e+01
9.866171728613112180e+01
9.867742524939910709e+01
9.869313321266707817e+01
9.870884117593502083e+01
9.872454913920294928e+01
9.874025710247093457e+01
9.875596506573890565e+01
9.877167302900684831e+01
9.878738099227477676e+01
9.880308895554276205e+01
9.881879691881073313e+01
9.883450488207867579e+01
9.885021284534660424e+01
9.886592080861458953e+01
9.888162877188256061e+01
9.889733673515050327e+01
9.891304469841843172e+01
9.892875266168641701e+01
9.894446062495438809e+01
9.896016858822233075e+01
9.897587655149025920e+01
9.899158451475824450e+01
9.900729247802621558e+01
9.902300044129415824e+01
9.903870840456208668e+01
9.905441636783007198e+01
9.907012433109804306e+01
9.908583229436598572e+01
9.910154025763391417e+01
9.911724822090189946e+01
9.913295618416988475e+01
9.914866414743781320e+01
9.916437211070574165e+01
9.918008007397372694e+01
9.919578803724171223e+01
9.921149600050964068e+01
9.922720396377756913e+01
9.924291192704555442e+01
9.925861989031353971e+01
9.927432785358146816e+01
9.929003581684939661e+01
9.930574378011738190e+01
9.932145174338536719e+01
9.933715970665329564e+01
9.935286766992122409e+01
9.936857563318920938e+01
9.938428359645719468e+01
9.939999155972512312e+01
9.941569952299306578e+01
9.943140748626103687e+01
9.944711544952902216e+01
9.946282341279695061e+01
9.947853137606489327e+01
9.949423933933286435e+01
9.950994730260084964e+01
9.952565526586877809e+01
9.954136322913672075e+01
9.955707119240469183e+01
9.957277915567267712e+01
9.958848711894060557e+01
9.960419508220854823e+01
9.961990304547651931e+01
9.963561100874450460e+01
9.965131897201243305e+01
9.966702693528037571e+01
9.968273489854834679e+01
9.969844286181633208e+01
9.971415082508426053e+01
9.972985878835220319e+01
9.974556675162017427e+01
9.976127471488815956e+01
9.977698267815608801e+01
9.979269064142403067e+01
9.980839860469200175e+01
9.982410656795998705e+01
9.983981453122791550e+01
9.985552249449585815e+01
9.987123045776382924e+01
9.988693842103181453e+01
9.990264638429974298e+01
9.991835434756768564e+01
9.993406231083565672e+01
9.994977027410364201e+01
9.996547823737157046e+01
9.998118620063951312e+01
9.999689416390748420e+01
1.000126021271754695e+02
1.000283100904433979e+02
1.000440180537113406e+02
1.000597260169793117e+02
1.000754339802472970e+02
1.000911419435152396e+02
1.001068499067831681e+02
1.001225578700511534e+02
1.001382658333191245e+02
1.001539737965870671e+02
1.001696817598549956e+02
1.001853897231229809e+02
1.002010976863909519e+02
1.002168056496588946e+02
1.002325136129268230e+02
1.002482215761948083e+02
1.002639295394627794e+02
1.002796375027307221e+02
1.002953454659986505e+02
1.003110534292666358e+02
1.003267613925346069e+02
1.003424693558025496e+02
1.003581773190704780e+02
1.003738852823384633e+02
1.003895932456064344e+02
1.004053012088743770e+02
1.004210091721423055e+02
1.004367171354102908e+02
1.004524250986782619e+02
1.004681330619462045e+02
1.004838410252141330e+02
1.004995489884821183e+02
1.005152569517500893e+02
1.005309649150180320e+02
1.005466728782859605e+02
1.005623808415539457e+02
1.005780888048219168e+02
1.005937967680898595e+02
1.006095047313577879e+02
1.006252126946257732e+02
1.006409206578937443e+02
1.006566286211616870e+02
1.006723365844296154e+02
1.006880445476976007e+02
1.007037525109655718e+02
1.007194604742335144e+02
1.007351684375014429e+02
1.007508764007694282e+02
1.007665843640373993e+02
1.007822923273053419e+02
1.007980002905732704e+02
1.008137082538412557e+02
1.008294162171092410e+02
1.008451241803771694e+02
1.008608321436450979e+02
1.008765401069130832e+02
1.008922480701810684e+02
1.009079560334489969e+02
1.009236639967169253e+02
1.009393719599849106e+02
1.009550799232528959e+02
1.009707878865208244e+02
1.009864958497887528e+02
1.010022038130567381e+02
1.010179117763247234e+02
1.010336197395926519e+02
1.010493277028605803e+02
1.010650356661285656e+02
1.010807436293965509e+02
1.010964515926644793e+02
1.011121595559324220e+02
1.011278675192003931e+02
1.011435754824683784e+02
1.011592834457363068e+02
1.011749914090042495e+02
1.011906993722722206e+02
1.012064073355402058e+02
1.012221152988081343e+02
1.012378232620760770e+02
1.012535312253440480e+02
1.012692391886120333e+02
1.012849471518799618e+02
1.013006551151479044e+02
1.013163630784158755e+02
1.013320710416838608e+02
1.013477790049517893e+02
1.013634869682197319e+02
1.013791949314877030e+02
1.013949028947556883e+02
1.014106108580236167e+02
1.014263188212915594e+02
1.014420267845595305e+02
1.014577347478275158e+02
1.014734427110954442e+02
1.014891506743633869e+02
1.015048586376313580e+02
1.015205666008993433e+02
1.015362745641672717e+02
1.015519825274352144e+02
1.015676904907031854e+02
1.015833984539711707e+02
1.015991064172390992e+02
1.016148143805070418e+02
1.016305223437750129e+02
1.016462303070429982e+02
1.016619382703109267e+02
1.016776462335788693e+02
1.016933541968468404e+02
1.017090621601148257e+02
1.017247701233827542e+02
1.017404780866506968e+02
1.017561860499186679e+02
1.017718940131866532e+02
1.017876019764545816e+02
1.018033099397225243e+02
1.018190179029905096e+02
1.018347258662584807e+02
1.018504338295264233e+02
1.018661417927943518e+02
1.018818497560623371e+02
1.018975577193303081e+02
1.019132656825982508e+02
1.019289736458661793e+02
1.019446816091341645e+02
1.019603895724021356e+02
1.019760975356700783e+02
1.019918054989380067e+02
1.020075134622059920e+02
1.020232214254739631e+02
1.020389293887419058e+02
1.020546373520098342e+02
1.020703453152778195e+02
1.020860532785457906e+02
1.021017612418137332e+02
1.021174692050816617e+02
1.021331771683496470e+02
1.021488851316176181e+02
1.021645930948855607e+02
1.021803010581534892e+02
1.021960090214214745e+02
1.022117169846894456e+02
1.022274249479573882e+02
1.022431329112253167e+02
1.022588408744933020e+02
1.022745488377612730e+02
1.022902568010292157e+02
1.023059647642971441e+02
1.023216727275651294e+02
1.023373806908331005e+02
1.023530886541010432e+02
1.023687966173689716e+02
1.023845045806369569e+02
1.024002125439049280e+02
1.024159205071728707e+02
1.024316284704407991e+02
1.024473364337087844e+02
1.024630443969767555e+02
1.024787523602446981e+02
1.024944603235126266e+02
1.025101682867806119e+02
1.025258762500485972e+02
1.025415842133165256e+02
1.025572921765844541e+02
1.025730001398524394e+02
1.025887081031204247e+02
1.026044160663883531e+02
1.026201240296562816e+02
1.026358319929242668e+02
1.026515399561922521e+02
1.026672479194601806e+02
1.026829558827281090e+02
1.026986638459960943e+02
1.027143718092640796e+02
1.027300797725320081e+02
1.027457877357999365e+02
1.027614956990679218e+02
1.027772036623359071e+02
1.027929116256038355e+02
1.028086195888717782e+02
1.028243275521397493e+02
1.028400355154077346e+02
1.028557434786756630e+02
1.028714514419436057e+02
1.028871594052115768e+02
1.029028673684795621e+02
1.029185753317474905e+02
1.029342832950154332e+02
1.029499912582834042e+02
1.029656992215513895e+02
1.029814071848193180e+02
1.029971151480872606e+02
1.030128231113552317e+02
1.030285310746232170e+02
1.030442390378911455e+02
1.030599470011590881e+02
1.030756549644270592e+02
1.030913629276950445e+02
1.031070708909629730e+02
1.031227788542309156e+02
1.031384868174988867e+02
1.031541947807668720e+02
1.031699027440348004e+02
1.031856107073027431e+02
1.032013186705707142e+02
1.032170266338386995e+02
1.032327345971066279e+02
1.032484425603745706e+02
1.032641505236425417e+02
1.032798584869105269e+02
1.032955664501784554e+02
1.033112744134463981e+02
1.033269823767143691e+02
1.033426903399823544e+02
1.033583983032502829e+02
1.033741062665182255e+02
1.033898142297861966e+02
1.034055221930541819e+02
1.034212301563221104e+02
1.034369381195900530e+02
1.034526460828580241e+02
1.034683540461260094e+02
1.034840620093939378e+02
1.034997699726618805e+02
1.035154779359298658e+02
1.035311858991978369e+02
1.035468938624657795e+02
1.035626018257337080e+02
1.035783097890016933e+02
1.035940177522696644e+02
1.036097257155376070e+02
1.036254336788055355e+02
1.036411416420735208e+02
1.036568496053414918e+02
1.036725575686094345e+02
1.036882655318773629e+02
1.037039734951453482e+02
1.037196814584133193e+02
1.037353894216812620e+02
1.037510973849491904e+02
1.037668053482171757e+02
1.037825133114851468e+02
1.037982212747530895e+02
1.038139292380210179e+02
1.038296372012890032e+02
1.038453451645569743e+02
1.038610531278249169e+02
1.038767610910928454e+02
1.038924690543608307e+02
1.039081770176288018e+02
1.039238849808967444e+02
1.039395929441646729e+02
1.039553009074326582e+02
1.039710088707006292e+02
1.039867168339685719e+02
1.040024247972365004e+02
1.040181327605044856e+02
1.040338407237724567e+02
1.040495486870403994e+02
1.040652566503083278e+02
1.040809646135763131e+02
1.040966725768442842e+02
1.041123805401122269e+02
1.041280885033801553e+02
1.041437964666481406e+02
1.041595044299161117e+02
1.041752123931840543e+02
1.041909203564519828e+02
1.042066283197199681e+02
1.042223362829879534e+02
1.042380442462558818e+02
1.042537522095238103e+02
1.042694601727917956e+02
1.042851681360597809e+02
1.043008760993277093e+02
1.043165840625956378e+02
1.043322920258636231e+02
1.043479999891316083e+02
1.043637079523995368e+02
1.043794159156674652e+02
1.043951238789354505e+02
1.044108318422034358e+02
1.044265398054713643e+02
1.044422477687392927e+02
1.044579557320072780e+02
1.044736636952752633e+02
1.044893716585431918e+02
1.045050796218111344e+02
1.045207875850791055e+02
1.045364955483470908e+02
1.045522035116150192e+02
1.045679114748829619e+02
1.045836194381509330e+02
1.045993274014189183e+02
1.046150353646868467e+02
1.046307433279547894e+02
1.046464512912227605e+02
1.046621592544907458e+02
1.046778672177586742e+02
1.046935751810266169e+02
1.047092831442945879e+02
1.047249911075625732e+02
1.047406990708305017e+02
1.047564070340984443e+02
1.047721149973664154e+02
1.047878229606344007e+02
1.048035309239023292e+02
1.048192388871702718e+02
1.048349468504382429e+02
1.048506548137062282e+02
1.048663627769741566e+02
1.048820707402420993e+02
1.048977787035100704e+02
1.049134866667780557e+02
1.049291946300459841e+02
1.049449025933139268e+02
1.049606105565818979e+02
1.049763185198498832e+02
1.049920264831178116e+02
1.050077344463857543e+02
1.050234424096537253e+02
1.050391503729217106e+02
1.050548583361896391e+02
1.050705662994575817e+02
1.050862742627255528e+02
1.051019822259935381e+02
1.051176901892614666e+02
1.051333981525294092e+02
1.051491061157973803e+02
1.051648140790653656e+02
1.051805220423332941e+02
1.051962300056012367e+02
1.052119379688692220e+02
1.052276459321371931e+02
1.052433538954051357e+02
1.052590618586730642e+02
1.052747698219410495e+02
1.052904777852090206e+02
1.053061857484769632e+02
1.053218937117448917e+02
1.053376016750128770e+02
1.053533096382808480e+02
1.053690176015487907e+02
1.053847255648167192e+02
1.054004335280847044e+02
1.054161414913526755e+02
1.054318494546206182e+02
1.054475574178885466e+02
1.054632653811565319e+02
1.054789733444245030e+02
1.054946813076924457e+02
1.055103892709603741e+02
1.055260972342283594e+02
1.055418051974963305e+02
1.055575131607642732e+02
1.055732211240322016e+02
1.055889290873001869e+02
1.056046370505681580e+02
1.056203450138361006e+02
1.056360529771040291e+02
1.056517609403720144e+02
1.056674689036399855e+02
1.056831768669079281e+02
1.056988848301758566e+02
1.057145927934438419e+02
1.057303007567118129e+02
1.057460087199797556e+02
1.057617166832476840e+02
1.057774246465156693e+02
1.057931326097836404e+02
1.058088405730515831e+02
1.058245485363195115e+02
1.058402564995874968e+02
1.058559644628554679e+02
1.058716724261234106e+02
1.058873803893913390e+02
1.059030883526593243e+02
1.059187963159272954e+02
1.059345042791952380e+02
1.059502122424631665e+02
1.059659202057311518e+02
1.059816281689991371e+02
1.059973361322670655e+02
1.060130440955349940e+02
1.060287520588029793e+02
1.060444600220709646e+02
1.060601679853388930e+02
1.060758759486068215e+02
1.060915839118748067e+02
1.061072918751427920e+02
1.061229998384107205e+02
1.061387078016786489e+02
1.061544157649466342e+02
1.061701237282146195e+02
1.061858316914825480e+02
1.062015396547504906e+02
1.062172476180184617e+02
1.062329555812864470e+02
1.062486635445543754e+02
1.062643715078223181e+02
1.062800794710902892e+02
1.062957874343582745e+02
1.063114953976262029e+02
1.063272033608941456e+02
1.063429113241621167e+02
1.063586192874301020e+02
1.063743272506980304e+02
1.063900352139659731e+02
1.064057431772339442e+02
1.064214511405019294e+02
1.064371591037698579e+02
1.064528670670378006e+02
1.064685750303057716e+02
1.064842829935737569e+02
1.064999909568416854e+02
1.065156989201096280e+02
1.065314068833775991e+02
1.065471148466455844e+02
1.065628228099135129e+02
1.065785307731814555e+02
1.065942387364494266e+02
1.066099466997174119e+02
1.066256546629853403e+02
1.066413626262532830e+02
1.066570705895212541e+02
1.066727785527892394e+02
1.066884865160571678e+02
1.067041944793251105e+02
1.067199024425930816e+02
1.067356104058610669e+02
1.067513183691289953e+02
1.067670263323969380e+02
1.067827342956649090e+02
1.067984422589328943e+02
1.068141502222008228e+02
1.068298581854687654e+02
1.068455661487367365e+02
1.068612741120047218e+02
1.068769820752726503e+02
1.068926900385405929e+02
1.069083980018085782e+02
1.069241059650765493e+02
1.069398139283444920e+02
1.069555218916124204e+02
1.069712298548804057e+02
1.069869378181483768e+02
1.070026457814163194e+02
1.070183537446842479e+02
1.070340617079522332e+02
1.070497696712202043e+02
1.070654776344881469e+02
1.070811855977560754e+02
1.070968935610240607e+02
1.071126015242920317e+02
1.071283094875599744e+02
1.071440174508279028e+02
1.071597254140958881e+02
1.071754333773638592e+02
1.071911413406318019e+02
1.072068493038997303e+02
1.072225572671677156e+02
1.072382652304356867e+02
1.072539731937036294e+02
1.072696811569715578e+02
1.072853891202395431e+02
1.073010970835075142e+02
1.073168050467754568e+02
1.073325130100433853e+02
1.073482209733113706e+02
1.073639289365793417e+02
1.073796368998472843e+02
1.073953448631152128e+02
1.074110528263831981e+02
1.074267607896511691e+02
1.074424687529191118e+02
1.074581767161870403e+02
1.074738846794550255e+02
1.074895926427229966e+02
1.075053006059909393e+02
1.075210085692588677e+02
1.075367165325268530e+02
1.075524244957948241e+02
1.075681324590627668e+02
1.075838404223306952e+02
1.075995483855986805e+02
1.076152563488666516e+02
1.076309643121345943e+02
1.076466722754025227e+02
1.076623802386705080e+02
1.076780882019384933e+02
1.076937961652064217e+02
1.077095041284743502e+02
1.077252120917423355e+02
1.077409200550103208e+02
1.077566280182782492e+02
1.077723359815461777e+02
1.077880439448141630e+02
1.078037519080821482e+02
1.078194598713500767e+02
1.078351678346180051e+02
1.078508757978859904e+02
1.078665837611539757e+02
1.078822917244219042e+02
1.078979996876898468e+02
1.079137076509578179e+02
1.079294156142258032e+02
1.079451235774937317e+02
1.079608315407616743e+02
1.079765395040296454e+02
1.079922474672976307e+02
1.080079554305655591e+02
1.080236633938335018e+02
1.080393713571014729e+02
1.080550793203694582e+02
1.080707872836373866e+02
1.080864952469053293e+02
1.081022032101733004e+02
1.081179111734412857e+02
1.081336191367092141e+02
1.081493270999771568e+02
1.081650350632451278e+02
1.081807430265131131e+02
1.081964509897810416e+02
1.082121589530489842e+02
1.082278669163169553e+02
1.082435748795849406e+02
1.082592828428528691e+02
1.082749908061208117e+02
1.082906987693887828e+02
1.083064067326567681e+02
1.083221146959246965e+02
1.083378226591926392e+02
1.083535306224606103e+02
1.083692385857285956e+02
1.083849465489965240e+02
1.084006545122644667e+02
1.084163624755324378e+02
1.084320704388004231e+02
1.084477784020683515e+02
1.084634863653362942e+02
1.084791943286042653e+02
1.084949022918722505e+02
1.085106102551401790e+02
1.085263182184081217e+02
1.085420261816760927e+02
1.085577341449440780e+02
1.085734421082120065e+02
1.085891500714799491e+02
1.086048580347479344e+02
1.086205659980159055e+02
1.086362739612838482e+02
1.086519819245517766e+02
1.086676898878197619e+02
1.086833978510877330e+02
1.086991058143556756e+02
1.087148137776236041e+02
1.087305217408915894e+02
1.087462297041595605e+02
1.087619376674275031e+02
1.087776456306954316e+02
1.087933535939634169e+02
1.088090615572313880e+02
1.088247695204993306e+02
1.088404774837672591e+02
1.088561854470352444e+02
1.088718934103032154e+02
1.088876013735711581e+02
1.089033093368390865e+02
1.089190173001070718e+02
1.089347252633750429e+02
1.089504332266429856e+02
1.089661411899109140e+02
1.089818491531788993e+02
1.089975571164468704e+02
1.090132650797148131e+02
1.090289730429827415e+02
1.090446810062507268e+02
1.090603889695186979e+02
1.090760969327866405e+02
1.090918048960545690e+02
1.091075128593225543e+02
1.091232208225905254e+02
1.091389287858584680e+02
1.091546367491263965e+02
1.091703447123943818e+02
1.091860526756623528e+02
1.092017606389302955e+02
1.092174686021982239e+02
1.092331765654662092e+02
1.092488845287341803e+02
1.092645924920021230e+02
1.092803004552700514e+02
1.092960084185380367e+02
1.093117163818060078e+02
1.093274243450739505e+02
1.093431323083418789e+02
1.093588402716098642e+02
1.093745482348778495e+02
1.093902561981457779e+02
1.094059641614137064e+02
1.094216721246816917e+02
1.094373800879496770e+02
1.094530880512176054e+02
1.094687960144855339e+02
1.094845039777535192e+02
1.095002119410215045e+02
1.095159199042894329e+02
1.095316278675573614e+02
1.095473358308253466e+02
1.095630437940933319e+02
1.095787517573612604e+02
1.095944597206292030e+02
1.096101676838971741e+02
1.096258756471651594e+02
1.096415836104330879e+02
1.096572915737010305e+02
1.096729995369690016e+02
1.096887075002369869e+02
1.097044154635049154e+02
1.097201234267728580e+02
1.097358313900408291e+02
1.097515393533088144e+02
1.097672473165767428e+02
1.097829552798446855e+02
1.097986632431126566e+02
1.098143712063806419e+02
1.098300791696485703e+02
1.098457871329165130e+02
1.098614950961844841e+02
1.098772030594524693e+02
1.098929110227203978e+02
1.099086189859883405e+02
1.099243269492563115e+02
1.099400349125242968e+02
1.099557428757922253e+02
1.099714508390601679e+02
1.099871588023281390e+02
1.100028667655961243e+02
1.100185747288640528e+02
1.100342826921319954e+02
1.100499906553999665e+02
1.100656986186679518e+02
1.100814065819358802e+02
1.100971145452038229e+02
1.101128225084717940e+02
1.101285304717397793e+02
1.101442384350077077e+02
1.101599463982756504e+02
1.101756543615436215e+02
1.101913623248116068e+02
1.102070702880795352e+02
1.102227782513474779e+02
1.102384862146154489e+02
1.102541941778834342e+02
1.102699021411513627e+02
1.102856101044193053e+02
1.103013180676872906e+02
1.103170260309552617e+02
1.103327339942232044e+02
1.103484419574911328e+02
1.103641499207591181e+02
1.103798578840270892e+02
1.103955658472950319e+02
1.104112738105629603e+02
1.104269817738309456e+02
1.104426897370989167e+02
1.104583977003668593e+02
1.104741056636347878e+02
1.104898136269027731e+02
1.105055215901707442e+02
1.105212295534386868e+02
1.105369375167066153e+02
1.105526454799746006e+02
1.105683534432425716e+02
1.105840614065105143e+02
1.105997693697784428e+02
1.106154773330464280e+02
1.106311852963143991e+02
1.106468932595823418e+02
1.106626012228502702e+02
1.106783091861182555e+02
1.106940171493862266e+02
1.107097251126541693e+02
1.107254330759220977e+02
1.107411410391900830e+02
1.107568490024580541e+02
1.107725569657259967e+02
1.107882649289939252e+02
1.108039728922619105e+02
1.108196808555298816e+02
1.108353888187978242e+02
1.108510967820657527e+02
1.108668047453337380e+02
1.108825127086017091e+02
1.108982206718696517e+02
1.109139286351375802e+02
1.109296365984055655e+02
1.109453445616735365e+02
1.109610525249414792e+02
1.109767604882094076e+02
1.109924684514773929e+02
1.110081764147453640e+02
1.110238843780133067e+02
1.110395923412812351e+02
1.110553003045492204e+02
1.110710082678172057e+02
1.110867162310851342e+02
1.111024241943530626e+02
1.111181321576210479e+02
1.111338401208890332e+02
1.111495480841569616e+02
1.111652560474248901e+02
1.111809640106928754e+02
1.111966719739608607e+02
1.112123799372287891e+02
1.112280879004967176e+02
1.112437958637647029e+02
1.112595038270326882e+02
1.112752117903006166e+02
1.112909197535685593e+02
1.113066277168365303e+02
1.113223356801045156e+02
1.113380436433724441e+02
1.113537516066403867e+02
1.113694595699083578e+02
1.113851675331763431e+02
1.114008754964442716e+02
1.114165834597122142e+02
1.114322914229801853e+02
1.114479993862481706e+02
1.114637073495160990e+02
1.114794153127840417e+02
1.114951232760520128e+02
1.115108312393199981e+02
1.115265392025879265e+02
1.115422471658558692e+02
1.115579551291238403e+02
1.115736630923918256e+02
1.115893710556597540e+02
1.116050790189276967e+02
1.116207869821956677e+02
1.116364949454636530e+02
1.116522029087315815e+02
1.116679108719995241e+02
1.116836188352674952e+02
1.116993267985354805e+02
1.117150347618034090e+02
1.117307427250713516e+02
1.117464506883393227e+02
1.117621586516073080e+02
1.117778666148752365e+02
1.117935745781431791e+02
1.118092825414111502e+02
1.118249905046791355e+02
1.118406984679470639e+02
1.118564064312150066e+02
1.118721143944829777e+02
1.118878223577509630e+02
1.119035303210188914e+02
1.119192382842868341e+02
1.119349462475548052e+02
1.119506542108227904e+02
1.119663621740907189e+02
1.119820701373586616e+02
1.119977781006266468e+02
1.120134860638946179e+02
1.120291940271625606e+02
1.120449019904304890e+02
1.120606099536984743e+02
1.120763179169664454e+02
1.120920258802343881e+02
1.121077338435023165e+02
1.121234418067703018e+02
1.121391497700382729e+02
1.121548577333062156e+02
1.121705656965741440e+02
1.121862736598421293e+02
1.122019816231101004e+02
1.122176895863780430e+02
1.122333975496459715e+02
1.122491055129139568e+02
1.122648134761819279e+02
1.122805214394498705e+02
1.122962294027177990e+02
1.123119373659857843e+02
1.123276453292537553e+02
1.123433532925216980e+02
1.123590612557896264e+02
1.123747692190576117e+02
1.123904771823255828e+02
1.124061851455935255e+02
1.124218931088614539e+02
1.124376010721294392e+02
1.124533090353974103e+02
1.124690169986653530e+02
1.124847249619332814e+02
1.125004329252012667e+02
1.125161408884692378e+02
1.125318488517371804e+02
1.125475568150051089e+02
1.125632647782730942e+02
1.125789727415410653e+02
1.125946807048090079e+02
1.126103886680769364e+02
1.126260966313449217e+02
1.126418045946128927e+02
1.126575125578808354e+02
1.126732205211487639e+02
1.126889284844167491e+02
1.127046364476847202e+02
1.127203444109526629e+02
1.127360523742205913e+02
1.127517603374885766e+02
1.127674683007565619e+02
1.127831762640244904e+02
1.127988842272924188e+02
1.128145921905604041e+02
1.128303001538283894e+02
1.128460081170963178e+02
1.128617160803642463e+02
1.128774240436322316e+02
1.128931320069002169e+02
1.129088399701681453e+02
1.129245479334360738e+02
1.129402558967040591e+02
1.129559638599720444e+02
1.129716718232399728e+02
1.129873797865079155e+02
1.130030877497758866e+02
1.130187957130438718e+02
1.130345036763118003e+02
1.130502116395797430e+02
1.130659196028477140e+02
1.130816275661156993e+02
1.130973355293836278e+02
1.131130434926515704e+02
1.131287514559195415e+02
1.131444594191875268e+02
1.131601673824554553e+02
1.131758753457233979e+02
1.131915833089913690e+02
1.132072912722593543e+02
1.132229992355272827e+02
1.132387071987952254e+02
1.132544151620631965e+02
1.132701231253311818e+02
1.132858310885991102e+02
1.133015390518670529e+02
1.133172470151350240e+02
1.133329549784030092e+02
1.133486629416709377e+02
1.133643709049388804e+02
1.133800788682068514e+02
1.133957868314748367e+02
1.134114947947427652e+02
1.134272027580107078e+02
1.134429107212786789e+02
1.134586186845466642e+02
1.134743266478145927e+02
1.134900346110825353e+02
1.135057425743505064e+02
1.135214505376184917e+02
1.135371585008864201e+02
1.135528664641543628e+02
1.135685744274223339e+02
1.135842823906903192e+02
1.135999903539582476e+02
1.136156983172261903e+02
1.136314062804941614e+02
1.136471142437621467e+02
1.136628222070300751e+02
1.136785301702980178e+02
1.136942381335660031e+02
1.137099460968339741e+02
1.137256540601019168e+02
1.137413620233698452e+02
1.137570699866378305e+02
1.137727779499058016e+02
1.137884859131737443e+02
1.138041938764416727e+02
1.138199018397096580e+02
1.138356098029776291e+02
1.138513177662455718e+02
1.138670257295135002e+02
1.138827336927814855e+02
1.138984416560494566e+02
1.139141496193173992e+02
1.139298575825853277e+02
1.139455655458533130e+02
1.139612735091212841e+02
1.139769814723892267e+02
1.139926894356571552e+02
1.140083973989251405e+02
1.140241053621931115e+02
1.140398133254610542e+02
1.140555212887289827e+02
1.140712292519969679e+02
1.140869372152649390e+02
1.141026451785328817e+02
1.141183531418008101e+02
1.141340611050687954e+02
1.141497690683367665e+02
1.141654770316047092e+02
1.141811849948726376e+02
1.141968929581406229e+02
1.142126009214085940e+02
1.142283088846765366e+02
1.142440168479444651e+02
1.142597248112124504e+02
1.142754327744804215e+02
1.142911407377483641e+02
1.143068487010162926e+02
1.143225566642842779e+02
1.143382646275522490e+02
1.143539725908201916e+02
1.143696805540881201e+02
1.143853885173561054e+02
1.144010964806240764e+02
1.144168044438920191e+02
1.144325124071599475e+02
1.144482203704279328e+02
1.144639283336959181e+02
1.144796362969638466e+02
1.144953442602317750e+02
1.145110522234997603e+02
1.145267601867677456e+02
1.145424681500356741e+02
1.145581761133036025e+02
1.145738840765715878e+02
1.145895920398395731e+02
1.146053000031075015e+02
1.146210079663754300e+02
1.146367159296434153e+02
1.146524238929114006e+02
1.146681318561793290e+02
1.146838398194472717e+02
1.146995477827152428e+02
1.147152557459832281e+02
1.147309637092511565e+02
1.147466716725190992e+02
1.147623796357870702e+02
1.147780875990550555e+02
1.147937955623229840e+02
1.148095035255909266e+02
1.148252114888588977e+02
1.148409194521268830e+02
1.148566274153948115e+02
1.148723353786627541e+02
1.148880433419307252e+02
1.149037513051987105e+02
1.149194592684666389e+02
1.149351672317345816e+02
1.149508751950025527e+02
1.149665831582705380e+02
1.149822911215384664e+02
1.149979990848064091e+02
1.150137070480743802e+02
1.150294150113423655e+02
1.150451229746102939e+02
1.150608309378782366e+02
1.150765389011462076e+02
1.150922468644141929e+02
1.151079548276821214e+02
1.151236627909500640e+02
1.151393707542180351e+02
1.151550787174860204e+02
1.151707866807539489e+02
1.151864946440218915e+02
1.152022026072898626e+02
1.152179105705578479e+02
1.152336185338257764e+02
1.152493264970937190e+02
1.152650344603616901e+02
1.152807424236296754e+02
1.152964503868976038e+02
1.153121583501655465e+02
1.153278663134335176e+02
1.153435742767015029e+02
1.153592822399694313e+02
1.153749902032373740e+02
1.153906981665053451e+02
1.154064061297733303e+02
1.154221140930412730e+02
1.154378220563092015e+02
1.154535300195771867e+02
1.154692379828451578e+02
1.154849459461131005e+02
1.155006539093810289e+02
1.155163618726490142e+02
1.155320698359169853e+02
1.155477777991849280e+02
1.155634857624528564e+02
1.155791937257208417e+02
1.155949016889888128e+02
1.156106096522567555e+02
1.156263176155246839e+02
1.156420255787926692e+02
1.156577335420606403e+02
1.156734415053285829e+02
1.156891494685965114e+02
1.157048574318644967e+02
1.157205653951324678e+02
1.157362733584004104e+02
1.157519813216683389e+02
1.157676892849363242e+02
1.157833972482042952e+02
1.157991052114722379e+02
1.158148131747401663e+02
1.158305211380081516e+02
1.158462291012761227e+02
1.158619370645440654e+02
1.158776450278119938e+02
1.158933529910799791e+02
1.159090609543479502e+02
1.159247689176158929e+02
1.159404768808838213e+02
1.159561848441518066e+02
1.159718928074197777e+02
1.159876007706877203e+02
1.160033087339556488e+02
1.160190166972236341e+02
1.160347246604916052e+02
1.160504326237595478e+02
1.160661405870274763e+02
1.160818485502954616e+02
1.160975565135634326e+02
1.161132644768313753e+02
1.161289724400993038e+02
1.161446804033672890e+02
1.161603883666352743e+02
1.161760963299032028e+02
1.161918042931711312e+02
1.162075122564391165e+02
1.162232202197071018e+02
1.162389281829750303e+02
1.162546361462429587e+02
1.162703441095109440e+02
1.162860520727789293e+02
1.163017600360468577e+02
1.163174679993147862e+02
1.163331759625827715e+02
1.163488839258507568e+02
1.163645918891186852e+02
1.163802998523866279e+02
1.163960078156545990e+02
1.164117157789225843e+02
1.164274237421905127e+02
1.164431317054584554e+02
1.164588396687264265e+02
1.164745476319944117e+02
1.164902555952623402e+02
1.165059635585302829e+02
1.165216715217982539e+02
1.165373794850662392e+02
1.165530874483341677e+02
1.165687954116021103e+02
1.165845033748700814e+02
1.166002113381380667e+02
1.166159193014059952e+02
1.166316272646739378e+02
1.166473352279419089e+02
1.166630431912098942e+02
1.166787511544778226e+02
1.166944591177457653e+02
1.167101670810137364e+02
1.167258750442817217e+02
1.167415830075496501e+02
1.167572909708175928e+02
1.167729989340855639e+02
1.167887068973535492e+02
1.168044148606214776e+02
1.168201228238894203e+02
1.168358307871573913e+02
1.168515387504253766e+02
1.168672467136933051e+02
1.168829546769612477e+02
1.168986626402292188e+02
1.169143706034972041e+02
1.169300785667651326e+02
1.169457865300330752e+02
1.169614944933010463e+02
1.169772024565690316e+02
1.169929104198369600e+02
1.170086183831049027e+02
1.170243263463728738e+02
1.170400343096408591e+02
1.170557422729087875e+02
1.170714502361767302e+02
1.170871581994447013e+02
1.171028661627126866e+02
1.171185741259806292e+02
1.171342820892485577e+02
1.171499900525165430e+02
1.171656980157845140e+02
1.171814059790524567e+02
1.171971139423203851e+02
1.172128219055883704e+02
1.172285298688563415e+02
1.172442378321242842e+02
1.172599457953922126e+02
1.172756537586601979e+02
1.172913617219281690e+02
1.173070696851961117e+02
1.173227776484640401e+02
1.173384856117320254e+02
1.173541935749999965e+02
1.173699015382679391e+02
1.173856095015358676e+02
1.174013174648038529e+02
1.174170254280718240e+02
1.174327333913397666e+02
1.174484413546076951e+02
1.174641493178756804e+02
1.174798572811436514e+02
1.174955652444115941e+02
1.175112732076795226e+02
1.175269811709475078e+02
1.175426891342154789e+02
1.175583970974834216e+02
1.175741050607513500e+02
1.175898130240193353e+02
1.176055209872873064e+02
1.176212289505552491e+02
1.176369369138231775e+02
1.176526448770911628e+02
1.176683528403591339e+02
1.176840608036270766e+02
1.176997687668950050e+02
1.177154767301629903e+02
1.177311846934309614e+02
1.177468926566989040e+02
1.177626006199668325e+02
1.177783085832348178e+02
1.177940165465027889e+02
1.178097245097707315e+02
1.178254324730386600e+02
1.178411404363066453e+02
1.178568483995746305e+02
1.178725563628425590e+02
1.178882643261104874e+02
1.179039722893784727e+02
1.179196802526464580e+02
1.179353882159143865e+02
1.179510961791823149e+02
1.179668041424503002e+02
1.179825121057182855e+02
1.179982200689862140e+02
1.180139280322541424e+02
1.180296359955221277e+02
1.180453439587901130e+02
1.180610519220580414e+02
1.180767598853259841e+02
1.180924678485939552e+02
1.181081758118619405e+02
1.181238837751298689e+02
1.181395917383978116e+02
1.181552997016657827e+02
1.181710076649337680e+02
1.181867156282016964e+02
1.182024235914696391e+02
1.182181315547376101e+02
1.182338395180055954e+02
1.182495474812735239e+02
1.182652554445414665e+02
1.182809634078094376e+02
1.182966713710774229e+02
1.183123793343453514e+02
1.183280872976132940e+02
1.183437952608812651e+02
1.183595032241492504e+02
1.183752111874171788e+02
1.183909191506851215e+02
1.184066271139530926e+02
1.184223350772210779e+02
1.184380430404890063e+02
1.184537510037569490e+02
1.184694589670249201e+02
1.184851669302929054e+02
1.185008748935608338e+02
1.185165828568287765e+02
1.185322908200967476e+02
1.185479987833647328e+02
1.185637067466326613e+02
1.185794147099006040e+02
1.185951226731685750e+02
1.186108306364365603e+02
1.186265385997044888e+02
1.186422465629724314e+02
1.186579545262404025e+02
1.186736624895083878e+02
1.186893704527763163e+02
1.187050784160442589e+02
1.187207863793122300e+02
1.187364943425802153e+02
1.187522023058481437e+02
1.187679102691160864e+02
1.187836182323840575e+02
1.187993261956520428e+02
1.188150341589199854e+02
1.188307421221879139e+02
1.188464500854558992e+02
1.188621580487238703e+02
1.188778660119918129e+02
1.188935739752597414e+02
1.189092819385277267e+02
1.189249899017956977e+02
1.189406978650636404e+02
1.189564058283315688e+02
1.189721137915995541e+02
1.189878217548675252e+02
1.190035297181354679e+02
1.190192376814033963e+02
1.190349456446713816e+02
1.190506536079393527e+02
1.190663615712072954e+02
1.190820695344752238e+02
1.190977774977432091e+02
1.191134854610111802e+02
1.191291934242791228e+02
1.191449013875470513e+02
1.191606093508150366e+02
1.191763173140830077e+02
1.191920252773509503e+02
1.192077332406188788e+02
1.192234412038868641e+02
1.192391491671548351e+02
1.192548571304227778e+02
1.192705650936907062e+02
1.192862730569586915e+02
1.193019810202266626e+02
1.193176889834946053e+02
1.193333969467625337e+02
1.193491049100305190e+02
1.193648128732984901e+02
1.193805208365664328e+02
1.193962287998343612e+02
1.194119367631023465e+02
1.194276447263703176e+02
1.194433526896382602e+02
1.194590606529061887e+02
1.194747686161741740e+02
1.194904765794421451e+02
1.195061845427100877e+02
1.195218925059780162e+02
1.195376004692460015e+02
1.195533084325139868e+02
1.195690163957819152e+02
1.195847243590498437e+02
1.196004323223178289e+02
1.196161402855858142e+02
1.196318482488537427e+02
1.196475562121216711e+02
1.196632641753896564e+02
1.196789721386576417e+02
1.196946801019255702e+02
1.197103880651934986e+02
1.197260960284614839e+02
1.197418039917294692e+02
1.197575119549973977e+02
1.197732199182653403e+02
1.197889278815333114e+02
1.198046358448012967e+02
1.198203438080692251e+02
1.198360517713371678e+02
1.198517597346051389e+02
1.198674676978731242e+02
1.198831756611410526e+02
1.198988836244089953e+02
1.199145915876769664e+02
1.199302995509449516e+02
1.199460075142128801e+02
1.199617154774808228e+02
1.199774234407487938e+02
1.199931314040167791e+02
1.200088393672847076e+02
1.200245473305526502e+02
1.200402552938206213e+02
1.200559632570886066e+02
1.200716712203565351e+02
1.200873791836244777e+02
1.201030871468924488e+02
1.201187951101604341e+02
1.201345030734283625e+02
1.201502110366963052e+02
1.201659189999642763e+02
1.201816269632322616e+02
1.201973349265001900e+02
1.202130428897681327e+02
1.202287508530361038e+02
1.202444588163040891e+02
1.202601667795720175e+02
1.202758747428399602e+02
1.202915827061079312e+02
1.203072906693759165e+02
1.203229986326438450e+02
1.203387065959117876e+02
1.203544145591797587e+02
1.203701225224477440e+02
1.203858304857156725e+02
1.204015384489836151e+02
1.204172464122515862e+02
1.204329543755195715e+02
1.204486623387874999e+02
1.204643703020554426e+02
1.204800782653234137e+02
1.204957862285913990e+02
1.205114941918593416e+02
1.205272021551272701e+02
1.205429101183952554e+02
1.205586180816632265e+02
1.205743260449311691e+02
1.205900340081990976e+02
1.206057419714670829e+02
1.206214499347350539e+02
1.206371578980029966e+02
1.206528658612709251e+02
1.206685738245389103e+02
1.206842817878068814e+02
1.206999897510748241e+02
1.207156977143427525e+02
1.207314056776107378e+02
1.207471136408787089e+02
1.207628216041466516e+02
1.207785295674145800e+02
1.207942375306825653e+02
1.208099454939505364e+02
1.208256534572184790e+02
1.208413614204864075e+02
1.208570693837543928e+02
1.208727773470223639e+02
1.208884853102903065e+02
1.209041932735582350e+02
1.209199012368262203e+02
1.209356092000941914e+02
1.209513171633621340e+02
1.209670251266300625e+02
1.209827330898980478e+02
1.209984410531660188e+02
1.210141490164339615e+02
1.210298569797018899e+02
1.210455649429698752e+02
1.210612729062378463e+02
1.210769808695057890e+02
1.210926888327737174e+02
1.211083967960417027e+02
1.211241047593096738e+02
1.211398127225776165e+02
1.211555206858455449e+02
1.211712286491135302e+02
1.211869366123815013e+02
1.212026445756494439e+02
1.212183525389173724e+02
1.212340605021853577e+02
1.212497684654533430e+02
1.212654764287212714e+02
1.212811843919891999e+02
1.212968923552571852e+02
1.213126003185251705e+02
1.213283082817930989e+02
1.213440162450610273e+02
1.213597242083290126e+02
1.213754321715969979e+02
1.213911401348649264e+02
1.214068480981328548e+02
1.214225560614008401e+02
1.214382640246688254e+02
1.214539719879367539e+02
1.214696799512046965e+02
1.214853879144726676e+02
1.215010958777406529e+02
1.215168038410085813e+02
1.215325118042765240e+02
1.215482197675444951e+02
1.215639277308124804e+02
1.215796356940804088e+02
1.215953436573483515e+02
1.216110516206163226e+02
1.216267595838843079e+02
1.216424675471522363e+02
1.216581755104201790e+02
1.216738834736881500e+02
1.216895914369561353e+02
1.217052994002240638e+02
1.217210073634920064e+02
1.217367153267599775e+02
1.217524232900279628e+02
1.217681312532958913e+02
1.217838392165638339e+02
1.217995471798318050e+02
1.218152551430997903e+02
1.218309631063677188e+02
1.218466710696356614e+02
1.218623790329036325e+02
1.218780869961716178e+02
1.218937949594395462e+02
1.219095029227074889e+02
1.219252108859754600e+02
1.219409188492434453e+02
1.219566268125113737e+02
1.219723347757793164e+02
1.219880427390472875e+02
1.220037507023152727e+02
1.220194586655832012e+02
1.220351666288511439e+02
1.220508745921191149e+02
1.220665825553871002e+02
1.220822905186550287e+02
1.220979984819229713e+02
1.221137064451909424e+02
1.221294144084589277e+02
1.221451223717268562e+02
1.221608303349947988e+02
1.221765382982627699e+02
1.221922462615307552e+02
1.222079542247986979e+02
1.222236621880666263e+02
1.222393701513346116e+02
1.222550781146025827e+02
1.222707860778705253e+02
1.222864940411384538e+02
1.223022020044064391e+02
1.223179099676744102e+02
1.223336179309423528e+02
1.223493258942102813e+02
1.223650338574782666e+02
1.223807418207462376e+02
1.223964497840141803e+02
1.224121577472821087e+02
1.224278657105500940e+02
1.224435736738180651e+02
1.224592816370860078e+02
1.224749896003539362e+02
1.224906975636219215e+02
1.225064055268898926e+02
1.225221134901578353e+02
1.225378214534257637e+02
1.225535294166937490e+02
1.225692373799617201e+02
1.225849453432296627e+02
1.226006533064975912e+02
1.226163612697655765e+02
1.226320692330335476e+02
1.226477771963014902e+02
1.226634851595694187e+02
1.226791931228374040e+02
1.226949010861053750e+02
1.227106090493733177e+02
1.227263170126412462e+02
1.227420249759092314e+02
1.227577329391772025e+02
1.227734409024451452e+02
1.227891488657130736e+02
1.228048568289810589e+02
1.228205647922490300e+02
1.228362727555169727e+02
1.228519807187849011e+02
1.228676886820528864e+02
1.228833966453208575e+02
1.228991046085888001e+02
1.229148125718567286e+02
1.229305205351247139e+02
1.229462284983926992e+02
1.229619364616606276e+02
1.229776444249285561e+02
1.229933523881965414e+02
1.230090603514645267e+02
1.230247683147324551e+02
1.230404762780003836e+02
1.230561842412683689e+02
1.230718922045363541e+02
1.230876001678042826e+02
1.231033081310722110e+02
1.231190160943401963e+02
1.231347240576081816e+02
1.231504320208761101e+02
1.231661399841440385e+02
1.231818479474120238e+02
1.231975559106800091e+02
1.232132638739479376e+02
1.232289718372158802e+02
1.232446798004838513e+02
1.232603877637518366e+02
1.232760957270197650e+02
1.232918036902877077e+02
1.233075116535556788e+02
1.233232196168236641e+02
1.233389275800915925e+02
1.233546355433595352e+02
1.233703435066275063e+02
1.233860514698954916e+02
1.234017594331634200e+02
1.234174673964313627e+02
1.234331753596993337e+02
1.234488833229673190e+02
1.234645912862352475e+02
1.234802992495031901e+02
1.234960072127711612e+02
1.235117151760391465e+02
1.235274231393070750e+02
1.235431311025750176e+02
1.235588390658429887e+02
1.235745470291109740e+02
1.235902549923789024e+02
1.236059629556468451e+02
1.236216709189148162e+02
1.236373788821828015e+02
1.236530868454507299e+02
1.236687948087186726e+02
1.236845027719866437e+02
1.237002107352546290e+02
1.237159186985225574e+02
1.237316266617905001e+02
1.237473346250584711e+02
1.237630425883264564e+02
1.237787505515943849e+02
1.237944585148623275e+02
1.238101664781302986e+02
1.238258744413982839e+02
1.238415824046662124e+02
1.238572903679341550e+02
1.238729983312021261e+02
1.238887062944701114e+02
1.239044142577380541e+02
1.239201222210059825e+02
1.239358301842739678e+02
1.239515381475419389e+02
1.239672461108098815e+02
1.239829540740778100e+02
1.239986620373457953e+02
1.240143700006137664e+02
1.240300779638817090e+02
1.240457859271496375e+02
1.240614938904176228e+02
1.240772018536855938e+02
1.240929098169535365e+02
1.241086177802214650e+02
1.241243257434894502e+02
1.241400337067574213e+02
1.241557416700253640e+02
1.241714496332932924e+02
1.241871575965612777e+02
1.242028655598292488e+02
1.242185735230971915e+02
1.242342814863651199e+02
1.242499894496331052e+02
1.242656974129010763e+02
1.242814053761690190e+02
1.242971133394369474e+02
1.243128213027049327e+02
1.243285292659729038e+02
1.243442372292408464e+02
1.243599451925087749e+02
1.243756531557767602e+02
1.243913611190447313e+02
1.244070690823126739e+02
1.244227770455806024e+02
1.244384850088485877e+02
1.244541929721165587e+02
1.244699009353845014e+02
1.244856088986524298e+02
1.245013168619204151e+02
1.245170248251883862e+02
1.245327327884563289e+02
1.245484407517242573e+02
1.245641487149922426e+02
1.245798566782602137e+02
1.245955646415281564e+02
1.246112726047960848e+02
1.246269805680640701e+02
1.246426885313320554e+02
1.246583964945999838e+02
1.246741044578679123e+02
1.246898124211358976e+02
1.247055203844038829e+02
1.247212283476718113e+02
1.247369363109397398e+02
1.247526442742077251e+02
1.247683522374757104e+02
1.247840602007436388e+02
1.247997681640115673e+02
1.248154761272795525e+02
1.248311840905475378e+02
1.248468920538154663e+02
1.248626000170833947e+02
1.248783079803513800e+02
1.248940159436193653e+02
1.249097239068872938e+02
1.249254318701552364e+02
1.249411398334232075e+02
1.249568477966911928e+02
1.249725557599591212e+02
1.249882637232270639e+02
1.250039716864950350e+02
1.250196796497630203e+02
1.250353876130309487e+02
1.250510955762988914e+02
1.250668035395668625e+02
1.250825115028348478e+02
1.250982194661027762e+02
1.251139274293707189e+02
1.251296353926386900e+02
1.251453433559066752e+02
1.251610513191746037e+02
1.251767592824425464e+02
1.251924672457105174e+02
1.252081752089785027e+02
1.252238831722464312e+02
1.252395911355143738e+02
1.252552990987823449e+02
1.252710070620503302e+02
1.252867150253182587e+02
1.253024229885862013e+02
1.253181309518541724e+02
1.253338389151221577e+02
1.253495468783900861e+02
1.253652548416580288e+02
1.253809628049259999e+02
1.253966707681939852e+02
1.254123787314619136e+02
1.254280866947298563e+02
1.254437946579978274e+02
1.254595026212658126e+02
1.254752105845337411e+02
1.254909185478016838e+02
1.255066265110696548e+02
1.255223344743376401e+02
1.255380424376055686e+02
1.255537504008735112e+02
1.255694583641414823e+02
1.255851663274094676e+02
1.256008742906774103e+02
1.256165822539453387e+02
1.256322902172133240e+02
1.256479981804812951e+02
1.256637061437492378e+02
1.256794141070171662e+02
1.256951220702851515e+02
1.257108300335531226e+02
1.257265379968210652e+02
1.257422459600889937e+02
1.257579539233569790e+02
1.257736618866249501e+02
1.257893698498928927e+02
1.258050778131608212e+02
1.258207857764288065e+02
1.258364937396967775e+02
1.258522017029647202e+02
1.258679096662326486e+02
1.258836176295006339e+02
1.258993255927686050e+02
1.259150335560365477e+02
1.259307415193044761e+02
1.259464494825724614e+02
1.259621574458404325e+02
1.259778654091083752e+02
1.259935733723763036e+02
1.260092813356442889e+02
1.260249892989122600e+02
1.260406972621802026e+02
1.260564052254481311e+02
1.260721131887161164e+02
1.260878211519840875e+02
1.261035291152520301e+02
1.261192370785199586e+02
1.261349450417879439e+02
1.261506530050559149e+02
1.261663609683238576e+02
1.261820689315917861e+02
1.261977768948597713e+02
1.262134848581277424e+02
1.262291928213956851e+02
1.262449007846636135e+02
1.262606087479315988e+02
1.262763167111995699e+02
1.262920246744675126e+02
1.263077326377354410e+02
1.263234406010034263e+02
1.263391485642714116e+02
1.263548565275393400e+02
1.263705644908072685e+02
1.263862724540752538e+02
1.264019804173432391e+02
1.264176883806111675e+02
1.264333963438790960e+02
1.264491043071470813e+02
1.264648122704150666e+02
1.264805202336829950e+02
1.264962281969509235e+02
1.265119361602189088e+02
1.265276441234868940e+02
1.265433520867548225e+02
1.265590600500227509e+02
1.265747680132907362e+02
1.265904759765587215e+02
1.266061839398266500e+02
1.266218919030945926e+02
1.266375998663625637e+02
1.266533078296305490e+02
1.266690157928984775e+02
1.266847237561664201e+02
1.267004317194343912e+02
1.267161396827023765e+02
1.267318476459703049e+02
1.267475556092382476e+02
1.267632635725062187e+02
1.267789715357742040e+02
1.267946794990421324e+02
1.268103874623100751e+02
1.268260954255780462e+02
1.268418033888460315e+02
1.268575113521139599e+02
1.268732193153819026e+02
1.268889272786498736e+02
1.269046352419178589e+02
1.269203432051857874e+02
1.269360511684537300e+02
1.269517591317217011e+02
1.269674670949896864e+02
1.269831750582576149e+02
1.269988830215255575e+02
1.270145909847935286e+02
1.270302989480615139e+02
1.270460069113294423e+02
1.270617148745973850e+02
1.270774228378653561e+02
1.270931308011333414e+02
1.271088387644012698e+02
1.271245467276692125e+02
1.271402546909371836e+02
1.271559626542051689e+02
1.271716706174730973e+02
1.271873785807410400e+02
1.272030865440090110e+02
1.272187945072769963e+02
1.272345024705449248e+02
1.272502104338128674e+02
1.272659183970808385e+02
1.272816263603488238e+02
1.272973343236167523e+02
1.273130422868846949e+02
1.273287502501526802e+02
1.273444582134206513e+02
1.273601661766885940e+02
1.273758741399565224e+02
1.273915821032245077e+02
1.274072900664924788e+02
1.274229980297604214e+02
1.274387059930283499e+02
1.274544139562963352e+02
1.274701219195643063e+02
1.274858298828322489e+02
1.275015378461001774e+02
1.275172458093681627e+02
1.275329537726361337e+02
1.275486617359040764e+02
1.275643696991720049e+02
1.275800776624399901e+02
1.275957856257079612e+02
1.276114935889759039e+02
1.276272015522438323e+02
1.276429095155118176e+02
1.276586174787797887e+02
1.276743254420477314e+02
1.276900334053156598e+02
1.277057413685836451e+02
1.277214493318516162e+02
1.277371572951195589e+02
1.277528652583874873e+02
1.277685732216554726e+02
1.277842811849234437e+02
1.277999891481913863e+02
1.278156971114593148e+02
1.278314050747273001e+02
1.278471130379952712e+02
1.278628210012632138e+02
1.278785289645311423e+02
1.278942369277991276e+02
1.279099448910670986e+02
1.279256528543350413e+02
1.279413608176029697e+02
1.279570687808709550e+02
1.279727767441389261e+02
1.279884847074068688e+02
1.280041926706747972e+02
1.280199006339427683e+02
1.280356085972107678e+02
1.280513165604786820e+02
1.280670245237466247e+02
1.280827324870145958e+02
1.280984404502825953e+02
1.281141484135505095e+02
1.281298563768184522e+02
1.281455643400864233e+02
1.281612723033544228e+02
1.281769802666223654e+02
1.281926882298902797e+02
1.282083961931582792e+02
1.282241041564262503e+02
1.282398121196941929e+02
1.282555200829621072e+02
1.282712280462301067e+02
1.282869360094980777e+02
1.283026439727660204e+02
1.283183519360339346e+02
1.283340598993019341e+02
1.283497678625699052e+02
1.283654758258378479e+02
1.283811837891057621e+02
1.283968917523737616e+02
1.284125997156417327e+02
1.284283076789096754e+02
1.284440156421775896e+02
1.284597236054455891e+02
1.284754315687135602e+02
1.284911395319815028e+02
1.285068474952494171e+02
1.285225554585174166e+02
1.285382634217853877e+02
1.285539713850533303e+02
1.285696793483212446e+02
1.285853873115892441e+02
1.286010952748572151e+02
1.286168032381251578e+02
1.286325112013930720e+02
1.286482191646610715e+02
1.286639271279290426e+02
1.286796350911969853e+02
1.286953430544648995e+02
1.287110510177328990e+02
1.287267589810008701e+02
1.287424669442688128e+02
1.287581749075367270e+02
1.287738828708047265e+02
1.287895908340726976e+02
1.288052987973406402e+02
1.288210067606085545e+02
1.288367147238765540e+02
1.288524226871445251e+02
1.288681306504124677e+02
1.288838386136803820e+02
1.288995465769483815e+02
1.289152545402163526e+02
1.289309625034842952e+02
1.289466704667522094e+02
1.289623784300202090e+02
1.289780863932881800e+02
1.289937943565561227e+02
1.290095023198240369e+02
1.290252102830920364e+02
1.290409182463600075e+02
1.290566262096279502e+02
1.290723341728958644e+02
1.290880421361638639e+02
1.291037500994318350e+02
1.291194580626997777e+02
1.291351660259677203e+02
1.291508739892356914e+02
1.291665819525036625e+02
1.291822899157716051e+02
1.291979978790395478e+02
1.292137058423075189e+02
1.292294138055754900e+02
1.292451217688434326e+02
1.292608297321113753e+02
1.292765376953793464e+02
1.292922456586473174e+02
1.293079536219152601e+02
1.293236615851832028e+02
1.293393695484511738e+02
1.293550775117191449e+02
1.293707854749870876e+02
1.293864934382550302e+02
1.294022014015230013e+02
1.294179093647909724e+02
1.294336173280589151e+02
1.294493252913268577e+02
1.294650332545948288e+02
1.294807412178627999e+02
1.294964491811307425e+02
1.295121571443986852e+02
1.295278651076666563e+02
1.295435730709346274e+02
1.295592810342025700e+02
1.295749889974705127e+02
1.295906969607384838e+02
1.296064049240064548e+02
1.296221128872743975e+02
1.296378208505423402e+02
1.296535288138103112e+02
1.296692367770782823e+02
1.296849447403462250e+02
1.297006527036141676e+02
1.297163606668821387e+02
1.297320686301501098e+02
1.297477765934180525e+02
1.297634845566859951e+02
1.297791925199539662e+02
1.297949004832219373e+02
1.298106084464898800e+02
1.298263164097578226e+02
1.298420243730257937e+02
1.298577323362937648e+02
1.298734402995617074e+02
1.298891482628296501e+02
1.299048562260976212e+02
1.299205641893655923e+02
1.299362721526335349e+02
1.299519801159014776e+02
1.299676880791694487e+02
1.299833960424374197e+02
1.299991040057053624e+02
1.300148119689733051e+02
1.300305199322412761e+02
1.300462278955092472e+02
1.300619358587771899e+02
1.300776438220451325e+02
1.300933517853131036e+02
1.301090597485810747e+02
1.301247677118490174e+02
1.301404756751169600e+02
1.301561836383849311e+02
1.301718916016529022e+02
1.301875995649208448e+02
1.302033075281887875e+02
1.302190154914567586e+02
1.302347234547247297e+02
1.302504314179926723e+02
1.302661393812606150e+02
1.302818473445285861e+02
1.302975553077965571e+02
1.303132632710644998e+02
1.303289712343324425e+02
1.303446791976004135e+02
1.303603871608683846e+02
1.303760951241363273e+02
1.303918030874042699e+02
1.304075110506722410e+02
1.304232190139402121e+02
1.304389269772081548e+02
1.304546349404760974e+02
1.304703429037440685e+02
1.304860508670120396e+02
1.305017588302799822e+02
1.305174667935479249e+02
1.305331747568158960e+02
1.305488827200838671e+02
1.305645906833518097e+02
1.305802986466197524e+02
1.305960066098877235e+02
1.306117145731557230e+02
1.306274225364236372e+02
1.306431304996915799e+02
1.306588384629595510e+02
1.306745464262275505e+02
1.306902543894954647e+02
1.307059623527634074e+02
1.307216703160313784e+02
1.307373782792993779e+02
1.307530862425672922e+02
1.307687942058352348e+02
1.307845021691032059e+02
1.308002101323712054e+02
1.308159180956391197e+02
1.308316260589070623e+02
1.308473340221750334e+02
1.308630419854430329e+02
1.308787499487109471e+02
1.308944579119788898e+02
1.309101658752468609e+02
1.309258738385148604e+02
1.309415818017827746e+02
1.309572897650507173e+02
1.309729977283186884e+02
1.309887056915866879e+02
1.310044136548546021e+02
1.310201216181225448e+02
1.310358295813905158e+02
1.310515375446585153e+02
1.310672455079264296e+02
1.310829534711943722e+02
1.310986614344623433e+02
1.311143693977303428e+02
1.311300773609982571e+02
1.311457853242661997e+02
1.311614932875341708e+02
1.311772012508021703e+02
1.311929092140700845e+02
1.312086171773380272e+02
1.312243251406059983e+02
1.312400331038739978e+02
1.312557410671419120e+02
1.312714490304098547e+02
1.312871569936778258e+02
1.313028649569458253e+02
1.313185729202137395e+02
1.313342808834816822e+02
1.313499888467496532e+02
1.313656968100176528e+02
1.313814047732855670e+02
1.313971127365535096e+02
1.314128206998214807e+02
1.314285286630894802e+02
1.314442366263573945e+02
1.314599445896253371e+02
1.314756525528933082e+02
1.314913605161613077e+02
1.315070684794292220e+02
1.315227764426971646e+02
1.315384844059651357e+02
1.315541923692331352e+02
1.315699003325010779e+02
1.315856082957689921e+02
1.316013162590369916e+02
1.316170242223049627e+02
1.316327321855729053e+02
1.316484401488408196e+02
1.316641481121088191e+02
1.316798560753767902e+02
1.316955640386447328e+02
1.317112720019126471e+02
1.317269799651806466e+02
1.317426879284486176e+02
1.317583958917165603e+02
1.317741038549844745e+02
1.317898118182524740e+02
1.318055197815204451e+02
1.318212277447883878e+02
1.318369357080563020e+02
1.318526436713243015e+02
1.318683516345922726e+02
1.318840595978602153e+02
1.318997675611281295e+02
1.319154755243961290e+02
1.319311834876641001e+02
1.319468914509320427e+02
1.319625994141999570e+02
1.319783073774679565e+02
1.319940153407359276e+02
1.320097233040038702e+02
1.320254312672717845e+02
1.320411392305397840e+02
1.320568471938077550e+02
1.320725551570756977e+02
1.320882631203436119e+02
1.321039710836116114e+02
1.321196790468795825e+02
1.321353870101475252e+02
1.321510949734154394e+02
1.321668029366834389e+02
1.321825108999514100e+02
1.321982188632193527e+02
1.322139268264872669e+02
1.322296347897552664e+02
1.322453427530232375e+02
1.322610507162911802e+02
1.322767586795590944e+02
1.322924666428270939e+02
1.323081746060950650e+02
1.323238825693630076e+02
1.323395905326309219e+02
1.323552984958989214e+02
1.323710064591668925e+02
1.323867144224348351e+02
1.324024223857027494e+02
1.324181303489707489e+02
1.324338383122387199e+02
1.324495462755066626e+02
1.324652542387745768e+02
1.324809622020425763e+02
1.324966701653105474e+02
1.325123781285784901e+02
1.325280860918464327e+02
1.325437940551144038e+02
1.325595020183823749e+02
1.325752099816503176e+02
1.325909179449182602e+02
1.326066259081862313e+02
1.326223338714542024e+02
1.326380418347221450e+02
1.326537497979900877e+02
1.326694577612580588e+02
1.326851657245260299e+02
1.327008736877939725e+02
1.327165816510619152e+02
1.327322896143298863e+02
1.327479975775978573e+02
1.327637055408658000e+02
1.327794135041337427e+02
1.327951214674017137e+02
1.328108294306696848e+02
1.328265373939376275e+02
1.328422453572055701e+02
1.328579533204735412e+02
1.328736612837415123e+02
1.328893692470094550e+02
1.329050772102773976e+02
1.329207851735453687e+02
1.329364931368133398e+02
1.329522011000812824e+02
1.329679090633492251e+02
1.329836170266171962e+02
1.329993249898851673e+02
1.330150329531531099e+02
1.330307409164210526e+02
1.330464488796890237e+02
1.330621568429569948e+02
1.330778648062249374e+02
1.330935727694928801e+02
1.331092807327608512e+02
1.331249886960288222e+02
1.331406966592967649e+02
1.331564046225647076e+02
1.331721125858326786e+02
1.331878205491006497e+02
1.332035285123685924e+02
1.332192364756365350e+02
1.332349444389045061e+02
1.332506524021724772e+02
1.332663603654404199e+02
1.332820683287083625e+02
1.332977762919763336e+02
1.333134842552443047e+02
1.333291922185122473e+02
1.333449001817801900e+02
1.333606081450481611e+02
1.333763161083161322e+02
1.333920240715840748e+02
1.334077320348520175e+02
1.334234399981199886e+02
1.334391479613879596e+02
1.334548559246559023e+02
1.334705638879238450e+02
1.334862718511918160e+02
1.335019798144597871e+02
1.335176877777277298e+02
1.335333957409956724e+02
1.335491037042636435e+02
1.335648116675316146e+02
1.335805196307995573e+02
1.335962275940674999e+02
1.336119355573354710e+02
1.336276435206034421e+02
1.336433514838713847e+02
1.336590594471393274e+02
1.336747674104072985e+02
1.336904753736752696e+02
1.337061833369432122e+02
1.337218913002111549e+02
1.337375992634791260e+02
1.337533072267470970e+02
1.337690151900150397e+02
1.337847231532829824e+02
1.338004311165509534e+02
1.338161390798189245e+02
1.338318470430868672e+02
1.338475550063548098e+02
1.338632629696227809e+02
1.338789709328907520e+02
1.338946788961586947e+02
1.339103868594266373e+02
1.339260948226946084e+02
1.339418027859625795e+02
1.339575107492305222e+02
1.339732187124984648e+02
1.339889266757664359e+02
1.340046346390344354e+02
1.340203426023023496e+02
1.340360505655702923e+02
1.340517585288382634e+02
1.340674664921062629e+02
1.340831744553741771e+02
1.340988824186421198e+02
1.341145903819100909e+02
1.341302983451780904e+02
1.341460063084460046e+02
1.341617142717139473e+02
1.341774222349819183e+02
1.341931301982499178e+02
1.342088381615178321e+02
1.342245461247857747e+02
1.342402540880537458e+02
1.342559620513217453e+02
1.342716700145896596e+02
1.342873779778576022e+02
1.343030859411255733e+02
1.343187939043935728e+02
1.343345018676614870e+02
1.343502098309294297e+02
1.343659177941974008e+02
1.343816257574654003e+02
1.343973337207333145e+02
1.344130416840012572e+02
1.344287496472692283e+02
1.344444576105372278e+02
1.344601655738051420e+02
1.344758735370730847e+02
1.344915815003410557e+02
1.345072894636090552e+02
1.345229974268769695e+02
1.345387053901449121e+02
1.345544133534128832e+02
1.345701213166808827e+02
1.345858292799487970e+02
1.346015372432167396e+02
1.346172452064847107e+02
1.346329531697527102e+02
1.346486611330206244e+02
1.346643690962885671e+02
1.346800770595565382e+02
1.346957850228245377e+02
1.347114929860924519e+02
1.347272009493603946e+02
1.347429089126283657e+02
1.347586168758963652e+02
1.347743248391642794e+02
1.347900328024322221e+02
1.348057407657001932e+02
1.348214487289681927e+02
1.348371566922361069e+02
1.348528646555040496e+02
1.348685726187720206e+02
1.348842805820400201e+02
1.348999885453079344e+02
1.349156965085758770e+02
1.349314044718438481e+02
1.349471124351118476e+02
1.349628203983797903e+02
1.349785283616477045e+02
1.349942363249157040e+02
1.350099442881836751e+02
1.350256522514516178e+02
1.350413602147195320e+02
1.350570681779875315e+02
1.350727761412555026e+02
1.350884841045234452e+02
1.351041920677913595e+02
1.351199000310593590e+02
1.351356079943273301e+02
1.351513159575952727e+02
1.351670239208631870e+02
1.351827318841311865e+02
1.351984398473991575e+02
1.352141478106671002e+02
1.352298557739350144e+02
1.352455637372030139e+02
1.352612717004709850e+02
1.352769796637389277e+02
1.352926876270068419e+02
1.353083955902748414e+02
1.353241035535428125e+02
1.353398115168107552e+02
1.353555194800786694e+02
1.353712274433466689e+02
1.353869354066146400e+02
1.354026433698825826e+02
1.354183513331504969e+02
1.354340592964184964e+02
1.354497672596864675e+02
1.354654752229544101e+02
1.354811831862223244e+02
1.354968911494903239e+02
1.355125991127582950e+02
1.355283070760262376e+02
1.355440150392941518e+02
1.355597230025621514e+02
1.355754309658301224e+02
1.355911389290980651e+02
1.356068468923659793e+02
1.356225548556339788e+02
1.356382628189019499e+02
1.356539707821698926e+02
1.356696787454378068e+02
1.356853867087058063e+02
1.357010946719737774e+02
1.357168026352417201e+02
1.357325105985096343e+02
1.357482185617776338e+02
1.357639265250456049e+02
1.357796344883135475e+02
1.357953424515814618e+02
1.358110504148494613e+02
1.358267583781174324e+02
1.358424663413853750e+02
1.358581743046532893e+02
1.358738822679212888e+02
1.358895902311892598e+02
1.359052981944572025e+02
1.359210061577251167e+02
1.359367141209931162e+02
1.359524220842610873e+02
1.359681300475290300e+02
1.359838380107969726e+02
1.359995459740649437e+02
1.360152539373329148e+02
1.360309619006008575e+02
1.360466698638688001e+02
1.360623778271367712e+02
1.360780857904047423e+02
1.360937937536726849e+02
1.361095017169406276e+02
1.361252096802085987e+02
1.361409176434765698e+02
1.361566256067445124e+02
1.361723335700124551e+02
1.361880415332804262e+02
1.362037494965483972e+02
1.362194574598163399e+02
1.362351654230842826e+02
1.362508733863522536e+02
1.362665813496202247e+02
1.362822893128881674e+02
1.362979972761561100e+02
1.363137052394240811e+02
1.363294132026920522e+02
1.363451211659599949e+02
1.363608291292279375e+02
1.363765370924959086e+02
1.363922450557638797e+02
1.364079530190318224e+02
1.364236609822997650e+02
1.364393689455677361e+02
1.364550769088357072e+02
1.364707848721036498e+02
1.364864928353715925e+02
1.365022007986395636e+02
1.365179087619075347e+02
1.365336167251754773e+02
1.365493246884434200e+02
1.365650326517113911e+02
1.365807406149793621e+02
1.365964485782473048e+02
1.366121565415152475e+02
1.366278645047832185e+02
1.366435724680511896e+02
1.366592804313191323e+02
1.366749883945870749e+02
1.366906963578550460e+02
1.367064043211230171e+02
1.367221122843909598e+02
1.367378202476589024e+02
1.367535282109268735e+02
1.367692361741948446e+02
1.367849441374627872e+02
1.368006521007307299e+02
1.368163600639987010e+02
1.368320680272666721e+02
1.368477759905346147e+02
1.368634839538025574e+02
1.368791919170705285e+02
1.368948998803384995e+02
1.369106078436064422e+02
1.369263158068743849e+02
1.369420237701423559e+02
1.369577317334103270e+02
1.369734396966782697e+02
1.369891476599462123e+02
1.370048556232141834e+02
1.370205635864821545e+02
1.370362715497500972e+02
1.370519795130180398e+02
1.370676874762860109e+02
1.370833954395539820e+02
1.370991034028219246e+02
1.371148113660898673e+02
1.371305193293578384e+02
1.371462272926258095e+02
1.371619352558937521e+02
1.371776432191616948e+02
1.371933511824296659e+02
1.372090591456976369e+02
1.372247671089655796e+02
1.372404750722335223e+02
1.372561830355014934e+02
1.372718909987694644e+02
1.372875989620374071e+02
1.373033069253053498e+02
1.373190148885733208e+02
1.373347228518412919e+02
1.373504308151092346e+02
1.373661387783771772e+02
1.373818467416451483e+02
1.373975547049131478e+02
1.374132626681810621e+02
1.374289706314490047e+02
1.374446785947169758e+02
1.374603865579849753e+02
1.374760945212528895e+02
1.374918024845208322e+02
1.375075104477888033e+02
1.375232184110568028e+02
1.375389263743247170e+02
1.375546343375926597e+02
1.375703423008606308e+02
1.375860502641286303e+02
1.376017582273965445e+02
1.376174661906644872e+02
1.376331741539324582e+02
1.376488821172004577e+02
1.376645900804683720e+02
1.376802980437363146e+02
1.376960060070042857e+02
1.377117139702722852e+02
1.377274219335401995e+02
1.377431298968081421e+02
1.377588378600761132e+02
1.377745458233441127e+02
1.377902537866120269e+02
1.378059617498799696e+02
1.378216697131479407e+02
1.378373776764159402e+02
1.378530856396838544e+02
1.378687936029517971e+02
1.378845015662197682e+02
1.379002095294877677e+02
1.379159174927556819e+02
1.379316254560236246e+02
1.379473334192915956e+02
1.379630413825595951e+02
1.379787493458275094e+02
1.379944573090954520e+02
1.380101652723634231e+02
1.380258732356314226e+02
1.380415811988993369e+02
1.380572891621672795e+02
1.380729971254352506e+02
1.380887050887032501e+02
1.381044130519711644e+02
1.381201210152391070e+02
1.381358289785070781e+02
1.381515369417750776e+02
1.381672449050429918e+02
1.381829528683109345e+02
1.381986608315789056e+02
1.382143687948469051e+02
1.382300767581148193e+02
1.382457847213827620e+02
1.382614926846507331e+02
1.382772006479187326e+02
1.382929086111866468e+02
1.383086165744545895e+02
1.383243245377225605e+02
1.383400325009905600e+02
1.383557404642585027e+02
1.383714484275264169e+02
1.383871563907944164e+02
1.384028643540623875e+02
1.384185723173303302e+02
1.384342802805982444e+02
1.384499882438662439e+02
1.384656962071342150e+02
1.384814041704021577e+02
1.384971121336700719e+02
1.385128200969380714e+02
1.385285280602060425e+02
1.385442360234739851e+02
1.385599439867418994e+02
1.385756519500098989e+02
1.385913599132778700e+02
1.386070678765458126e+02
1.386227758398137269e+02
1.386384838030817264e+02
1.386541917663496974e+02
1.386698997296176401e+02
1.386856076928855543e+02
1.387013156561535538e+02
1.387170236194215249e+02
1.387327315826894676e+02
1.387484395459573818e+02
1.387641475092253813e+02
1.387798554724933524e+02
1.387955634357612951e+02
1.388112713990292093e+02
1.388269793622972088e+02
1.388426873255651799e+02
1.388583952888331225e+02
1.388741032521010368e+02
1.388898112153690363e+02
1.389055191786370074e+02
1.389212271419049500e+02
1.389369351051728643e+02
1.389526430684408638e+02
1.389683510317088349e+02
1.389840589949767775e+02
1.389997669582446918e+02
1.390154749215126913e+02
1.390311828847806623e+02
1.390468908480486050e+02
1.390625988113165192e+02
1.390783067745845187e+02
1.390940147378524898e+02
1.391097227011204325e+02
1.391254306643883467e+02
1.391411386276563462e+02
1.391568465909243173e+02
1.391725545541922600e+02
1.391882625174601742e+02
1.392039704807281737e+02
1.392196784439961448e+02
1.392353864072640874e+02
1.392510943705320017e+02
1.392668023338000012e+02
1.392825102970679723e+02
1.392982182603359149e+02
1.393139262236038292e+02
1.393296341868718287e+02
1.393453421501397997e+02
1.393610501134077424e+02
1.393767580766756851e+02
1.393924660399436561e+02
1.394081740032116272e+02
1.394238819664795699e+02
1.394395899297475125e+02
1.394552978930154836e+02
1.394710058562834547e+02
1.394867138195513974e+02
1.395024217828193400e+02
1.395181297460873111e+02
1.395338377093552822e+02
1.395495456726232248e+02
1.395652536358911675e+02
1.395809615991591386e+02
1.395966695624271097e+02
1.396123775256950523e+02
1.396280854889629950e+02
1.396437934522309661e+02
1.396595014154989371e+02
1.396752093787668798e+02
1.396909173420348225e+02
1.397066253053027935e+02
1.397223332685707646e+02
1.397380412318387073e+02
1.397537491951066499e+02
1.397694571583746210e+02
1.397851651216425921e+02
1.398008730849105348e+02
1.398165810481784774e+02
1.398322890114464485e+02
1.398479969747144196e+02
1.398637049379823623e+02
1.398794129012503049e+02
1.398951208645182760e+02
1.399108288277862471e+02
1.399265367910541897e+02
1.399422447543221324e+02
1.399579527175901035e+02
1.399736606808580746e+02
1.399893686441260172e+02
1.400050766073939599e+02
1.400207845706619310e+02
1.400364925339299020e+02
1.400522004971978447e+02
1.400679084604657874e+02
1.400836164237337584e+02
1.400993243870017295e+02
1.401150323502696722e+02
1.401307403135376148e+02
1.401464482768055859e+02
1.401621562400735570e+02
1.401778642033414997e+02
1.401935721666094423e+02
1.402092801298774134e+02
1.402249880931453845e+02
1.402406960564133271e+02
1.402564040196812698e+02
1.402721119829492409e+02
1.402878199462172120e+02
1.403035279094851546e+02
1.403192358727530973e+02
1.403349438360210684e+02
1.403506517992890394e+02
1.403663597625569821e+02
1.403820677258249248e+02
1.403977756890928958e+02
1.404134836523608669e+02
1.404291916156288096e+02
1.404448995788967522e+02
1.404606075421647233e+02
1.404763155054326944e+02
1.404920234687006371e+02
1.405077314319685797e+02
1.405234393952365508e+02
1.405391473585045219e+02
1.405548553217724645e+02
1.405705632850404072e+02
1.405862712483083783e+02
1.406019792115763494e+02
1.406176871748442920e+02
1.406333951381122347e+02
1.406491031013802058e+02
1.406648110646481769e+02
1.406805190279161195e+02
1.406962269911840622e+02
1.407119349544520333e+02
1.407276429177200043e+02
1.407433508809879470e+02
1.407590588442558897e+02
1.407747668075238607e+02
1.407904747707918602e+02
1.408061827340597745e+02
1.408218906973277171e+02
1.408375986605956882e+02
1.408533066238636877e+02
1.408690145871316020e+02
1.408847225503995446e+02
1.409004305136675157e+02
1.409161384769355152e+02
1.409318464402034294e+02
1.409475544034713721e+02
1.409632623667393432e+02
1.409789703300073427e+02
1.409946782932752569e+02
1.410103862565431996e+02
1.410260942198111707e+02
1.410418021830791702e+02
1.410575101463470844e+02
1.410732181096150271e+02
1.410889260728829981e+02
1.411046340361509976e+02
1.411203419994189119e+02
1.411360499626868545e+02
1.411517579259548256e+02
1.411674658892228251e+02
1.411831738524907394e+02
1.411988818157586820e+02
1.412145897790266531e+02
1.412302977422946526e+02
1.412460057055625668e+02
1.412617136688305095e+02
1.412774216320984806e+02
1.412931295953664801e+02
1.413088375586343943e+02
1.413245455219023370e+02
1.413402534851703081e+02
1.413559614484383076e+02
1.413716694117062218e+02
1.413873773749741645e+02
1.414030853382421355e+02
1.414187933015101351e+02
1.414345012647780493e+02
1.414502092280459919e+02
1.414659171913139630e+02
1.414816251545819625e+02
1.414973331178498768e+02
1.415130410811178194e+02
1.415287490443857905e+02
1.415444570076537900e+02
1.415601649709217043e+02
1.415758729341896469e+02
1.415915808974576180e+02
1.416072888607256175e+02
1.416229968239935317e+02
1.416387047872614744e+02
1.416544127505294455e+02
1.416701207137974450e+02
1.416858286770653592e+02
1.417015366403333019e+02
1.417172446036012730e+02
1.417329525668692725e+02
1.417486605301371867e+02
1.417643684934051294e+02
1.417800764566731289e+02
1.417957844199410999e+02
1.418114923832090426e+02
1.418272003464769568e+02
1.418429083097449563e+02
1.418586162730129274e+02
1.418743242362808701e+02
1.418900321995487843e+02
1.419057401628167838e+02
1.419214481260847549e+02
1.419371560893526976e+02
1.419528640526206118e+02
1.419685720158886113e+02
1.419842799791565824e+02
1.419999879424245250e+02
1.420156959056924393e+02
1.420314038689604388e+02
1.420471118322284099e+02
1.420628197954963525e+02
1.420785277587642668e+02
1.420942357220322663e+02
1.421099436853002373e+02
1.421256516485681800e+02
1.421413596118360942e+02
1.421570675751040937e+02
1.421727755383720648e+02
1.421884835016400075e+02
1.422041914649079217e+02
1.422198994281759212e+02
1.422356073914438923e+02
1.422513153547118350e+02
1.422670233179797492e+02
1.422827312812477487e+02
1.422984392445157198e+02
1.423141472077836625e+02
1.423298551710515767e+02
1.423455631343195762e+02
1.423612710975875473e+02
1.423769790608554899e+02
1.423926870241234042e+02
1.424083949873914037e+02
1.424241029506593748e+02
1.424398109139273174e+02
1.424555188771952317e+02
1.424712268404632312e+02
1.424869348037312022e+02
1.425026427669991449e+02
1.425183507302670591e+02
1.425340586935350586e+02
1.425497666568030297e+02
1.425654746200709724e+02
1.425811825833388866e+02
1.425968905466068861e+02
1.426125985098748572e+02
1.426283064731427999e+02
1.426440144364107141e+02
1.426597223996787136e+02
1.426754303629466847e+02
1.426911383262146273e+02
1.427068462894825416e+02
1.427225542527505411e+02
1.427382622160185122e+02
1.427539701792864548e+02
1.427696781425543975e+02
1.427853861058223686e+02
1.428010940690903396e+02
1.428168020323582823e+02
1.428325099956262250e+02
1.428482179588941960e+02
1.428639259221621671e+02
1.428796338854301098e+02
1.428953418486980524e+02
1.429110498119660235e+02
1.429267577752339946e+02
1.429424657385019373e+02
1.429581737017698799e+02
1.429738816650378510e+02
1.429895896283058221e+02
1.430052975915737647e+02
1.430210055548417074e+02
1.430367135181096785e+02
1.430524214813776496e+02
1.430681294446455922e+02
1.430838374079135349e+02
1.430995453711815060e+02
1.431152533344494771e+02
1.431309612977174197e+02
1.431466692609853624e+02
1.431623772242533335e+02
1.431780851875213045e+02
1.431937931507892472e+02
1.432095011140571899e+02
1.432252090773251609e+02
1.432409170405931320e+02
1.432566250038610747e+02
1.432723329671290173e+02
1.432880409303969884e+02
1.433037488936649595e+02
1.433194568569329022e+02
1.433351648202008448e+02
1.433508727834688159e+02
1.433665807467367870e+02
1.433822887100047296e+02
1.433979966732726723e+02
1.434137046365406434e+02
1.434294125998086145e+02
1.434451205630765571e+02
1.434608285263444998e+02
1.434765364896124709e+02
1.434922444528804419e+02
1.435079524161483846e+02
1.435236603794163273e+02
1.435393683426842983e+02
1.435550763059522694e+02
1.435707842692202121e+02
1.435864922324881547e+02
1.436022001957561258e+02
1.436179081590240969e+02
1.436336161222920396e+02
1.436493240855599822e+02
1.436650320488279533e+02
1.436807400120959244e+02
1.436964479753638670e+02
1.437121559386318097e+02
1.437278639018997808e+02
1.437435718651677519e+02
1.437592798284356945e+02
1.437749877917036372e+02
1.437906957549716083e+02
1.438064037182395793e+02
1.438221116815075220e+02
1.438378196447754647e+02
1.438535276080434357e+02
1.438692355713114068e+02
1.438849435345793495e+02
1.439006514978472921e+02
1.439163594611152632e+02
1.439320674243832343e+02
1.439477753876511770e+02
1.439634833509191196e+02
1.439791913141870907e+02
1.439948992774550618e+02
1.440106072407230045e+02
1.440263152039909471e+02
1.440420231672589182e+02
1.440577311305268893e+02
1.440734390937948319e+02
1.440891470570627746e+02
1.441048550203307457e+02
1.441205629835987168e+02
1.441362709468666594e+02
1.441519789101346021e+02
1.441676868734025732e+02
1.441833948366705442e+02
1.441991027999384869e+02
1.442148107632064296e+02
1.442305187264744006e+02
1.442462266897424001e+02
1.442619346530103144e+02
1.442776426162782570e+02
1.442933505795462281e+02
1.443090585428142276e+02
1.443247665060821419e+02
1.443404744693500845e+02
1.443561824326180556e+02
1.443718903958860551e+02
1.443875983591539693e+02
1.444033063224219120e+02
1.444190142856898831e+02
1.444347222489578826e+02
1.444504302122257968e+02
1.444661381754937395e+02
1.444818461387617106e+02
1.444975541020297101e+02
1.445132620652976243e+02
1.445289700285655670e+02
1.445446779918335380e+02
1.445603859551015375e+02
1.445760939183694518e+02
1.445918018816373944e+02
1.446075098449053655e+02
1.446232178081733650e+02
1.446389257714412793e+02
1.446546337347092219e+02
1.446703416979771930e+02
1.446860496612451925e+02
1.447017576245131067e+02
1.447174655877810494e+02
1.447331735510490205e+02
1.447488815143170200e+02
1.447645894775849342e+02
1.447802974408528769e+02
1.447960054041208480e+02
1.448117133673888475e+02
1.448274213306567617e+02
1.448431292939247044e+02
1.448588372571926755e+02
1.448745452204606750e+02
1.448902531837285892e+02
1.449059611469965319e+02
1.449216691102645029e+02
1.449373770735325024e+02
1.449530850368004167e+02
1.449687930000683593e+02
1.449845009633363304e+02
1.450002089266043299e+02
1.450159168898722442e+02
1.450316248531401868e+02
1.450473328164081579e+02
1.450630407796761574e+02
1.450787487429440716e+02
1.450944567062120143e+02
1.451101646694799854e+02
1.451258726327479849e+02
1.451415805960158991e+02
1.451572885592838418e+02
1.451729965225518413e+02
1.451887044858198124e+02
1.452044124490877550e+02
1.452201204123556693e+02
1.452358283756236688e+02
1.452515363388916398e+02
1.452672443021595825e+02
1.452829522654274967e+02
1.452986602286954962e+02
1.453143681919634673e+02
1.453300761552314100e+02
1.453457841184993242e+02
1.453614920817673237e+02
1.453772000450352948e+02
1.453929080083032375e+02
1.454086159715711517e+02
1.454243239348391512e+02
1.454400318981071223e+02
1.454557398613750649e+02
1.454714478246429792e+02
1.454871557879109787e+02
1.455028637511789498e+02
1.455185717144468924e+02
1.455342796777148067e+02
1.455499876409828062e+02
1.455656956042507773e+02
1.455814035675187199e+02
1.455971115307866341e+02
1.456128194940546337e+02
1.456285274573226047e+02
1.456442354205905474e+02
1.456599433838584616e+02
1.456756513471264611e+02
1.456913593103944322e+02
1.457070672736623749e+02
1.457227752369302891e+02
1.457384832001982886e+02
1.457541911634662597e+02
1.457698991267342024e+02
1.457856070900021166e+02
1.458013150532701161e+02
1.458170230165380872e+02
1.458327309798060298e+02
1.458484389430739441e+02
1.458641469063419436e+02
1.458798548696099147e+02
1.458955628328778573e+02
1.459112707961457716e+02
1.459269787594137711e+02
1.459426867226817421e+02
1.459583946859496848e+02
1.459741026492175990e+02
1.459898106124855985e+02
1.460055185757535696e+02
1.460212265390215123e+02
1.460369345022894265e+02
1.460526424655574260e+02
1.460683504288253971e+02
1.460840583920933398e+02
1.460997663553612540e+02
1.461154743186292535e+02
1.461311822818972246e+02
1.461468902451651672e+02
1.461625982084331099e+02
1.461783061717010810e+02
1.461940141349690521e+02
1.462097220982369947e+02
1.462254300615049374e+02
1.462411380247729085e+02
1.462568459880408795e+02
1.462725539513088222e+02
1.462882619145767649e+02
1.463039698778447359e+02
1.463196778411127070e+02
1.463353858043806497e+02
1.463510937676485923e+02
1.463668017309165634e+02
1.463825096941845345e+02
1.463982176574524772e+02
1.464139256207204198e+02
1.464296335839883909e+02
1.464453415472563620e+02
1.464610495105243047e+02
1.464767574737922473e+02
1.464924654370602184e+02
1.465081734003281895e+02
1.465238813635961321e+02
1.465395893268640748e+02
1.465552972901320459e+02
1.465710052534000170e+02
1.465867132166679596e+02
1.466024211799359023e+02
1.466181291432038734e+02
1.466338371064718444e+02
1.466495450697397871e+02
1.466652530330077298e+02
1.466809609962757008e+02
1.466966689595436719e+02
1.467123769228116146e+02
1.467280848860795572e+02
1.467437928493475283e+02
1.467595008126154994e+02
1.467752087758834421e+02
1.467909167391513847e+02
1.468066247024193558e+02
1.468223326656873269e+02
1.468380406289552695e+02
1.468537485922232122e+02
1.468694565554911833e+02
1.468851645187591544e+02
1.469008724820270970e+02
1.469165804452950397e+02
1.469322884085630108e+02
1.469479963718309818e+02
1.469637043350989245e+02
1.469794122983668672e+02
1.469951202616348382e+02
1.470108282249028093e+02
1.470265361881707520e+02
1.470422441514386946e+02
1.470579521147066657e+02
1.470736600779746368e+02
1.470893680412425795e+02
1.471050760045105221e+02
1.471207839677784932e+02
1.471364919310464643e+02
1.471521998943144069e+02
1.471679078575823496e+02
1.471836158208503207e+02
1.471993237841182918e+02
1.472150317473862344e+02
1.472307397106541771e+02
1.472464476739221482e+02
1.472621556371901193e+02
1.472778636004580619e+02
1.472935715637260046e+02
1.473092795269939757e+02
1.473249874902619467e+02
1.473406954535298894e+02
1.473564034167978321e+02
1.473721113800658031e+02
1.473878193433337742e+02
1.474035273066017169e+02
1.474192352698696595e+02
1.474349432331376306e+02
1.474506511964056017e+02
1.474663591596735444e+02
1.474820671229414870e+02
1.474977750862094581e+02
1.475134830494774292e+02
1.475291910127453718e+02
1.475448989760133145e+02
1.475606069392812856e+02
1.475763149025492567e+02
1.475920228658171993e+02
1.476077308290851420e+02
1.476234387923531131e+02
1.476391467556211126e+02
1.476548547188890268e+02
1.476705626821569695e+02
1.476862706454249405e+02
1.477019786086929400e+02
1.477176865719608543e+02
1.477333945352287969e+02
1.477491024984967680e+02
1.477648104617647675e+02
1.477805184250326818e+02
1.477962263883006244e+02
1.478119343515685955e+02
1.478276423148365950e+02
1.478433502781045092e+02
1.478590582413724519e+02
1.478747662046404230e+02
1.478904741679084225e+02
1.479061821311763367e+02
1.479218900944442794e+02
1.479375980577122505e+02
1.479533060209802500e+02
1.479690139842481642e+02
1.479847219475161069e+02
1.480004299107840779e+02
1.480161378740520774e+02
1.480318458373199917e+02
1.480475538005879343e+02
1.480632617638559054e+02
1.480789697271239049e+02
1.480946776903918192e+02
1.481103856536597618e+02
1.481260936169277329e+02
1.481418015801957324e+02
1.481575095434636467e+02
1.481732175067315893e+02
1.481889254699995604e+02
1.482046334332675599e+02
1.482203413965354741e+02
1.482360493598034168e+02
1.482517573230713879e+02
1.482674652863393874e+02
1.482831732496073016e+02
1.482988812128752443e+02
1.483145891761432154e+02
1.483302971394112149e+02
1.483460051026791291e+02
1.483617130659470718e+02
1.483774210292150428e+02
1.483931289924830423e+02
1.484088369557509566e+02
1.484245449190188992e+02
1.484402528822868703e+02
1.484559608455548698e+02
1.484716688088227841e+02
1.484873767720907267e+02
1.485030847353586978e+02
1.485187926986266973e+02
1.485345006618946115e+02
1.485502086251625542e+02
1.485659165884305537e+02
1.485816245516985248e+02
1.485973325149664674e+02
1.486130404782343817e+02
1.486287484415023812e+02
1.486444564047703523e+02
1.486601643680382949e+02
1.486758723313062092e+02
1.486915802945742087e+02
1.487072882578421797e+02
1.487229962211101224e+02
1.487387041843780366e+02
1.487544121476460361e+02
1.487701201109140072e+02
1.487858280741819499e+02
1.488015360374498641e+02
1.488172440007178636e+02
1.488329519639858347e+02
1.488486599272537774e+02
1.488643678905216916e+02
1.488800758537896911e+02
1.488957838170576622e+02
1.489114917803256049e+02
1.489271997435935191e+02
1.489429077068615186e+02
1.489586156701294897e+02
1.489743236333974323e+02
1.489900315966653466e+02
1.490057395599333461e+02
1.490214475232013172e+02
1.490371554864692598e+02
1.490528634497371741e+02
1.490685714130051736e+02
1.490842793762731446e+02
1.490999873395410873e+02
1.491156953028090015e+02
1.491314032660770010e+02
1.491471112293449721e+02
1.491628191926129148e+02
1.491785271558808290e+02
1.491942351191488285e+02
1.492099430824167996e+02
1.492256510456847423e+02
1.492413590089526565e+02
1.492570669722206560e+02
1.492727749354886271e+02
1.492884828987565697e+02
1.493041908620244840e+02
1.493198988252924835e+02
1.493356067885604546e+02
1.493513147518283972e+02
1.493670227150963115e+02
1.493827306783643110e+02
1.493984386416322820e+02
1.494141466049002247e+02
1.494298545681681389e+02
1.494455625314361384e+02
1.494612704947041095e+02
1.494769784579720522e+02
1.494926864212399664e+02
1.495083943845079659e+02
1.495241023477759370e+02
1.495398103110438797e+02
1.495555182743118223e+02
1.495712262375797934e+02
1.495869342008477645e+02
1.496026421641157071e+02
1.496183501273836498e+02
1.496340580906516209e+02
1.496497660539195920e+02
1.496654740171875346e+02
1.496811819804554773e+02
1.496968899437234484e+02
1.497125979069914194e+02
1.497283058702593621e+02
1.497440138335273048e+02
1.497597217967952758e+02
1.497754297600632469e+02
1.497911377233311896e+02
1.498068456865991323e+02
1.498225536498671033e+02
1.498382616131350744e+02
1.498539695764030171e+02
1.498696775396709597e+02
1.498853855029389308e+02
1.499010934662069019e+02
1.499168014294748446e+02
1.499325093927427872e+02
1.499482173560107583e+02
1.499639253192787294e+02
1.499796332825466720e+02
1.499953412458146147e+02
1.500110492090825858e+02
1.500267571723505569e+02
1.500424651356184995e+02
1.500581730988864422e+02
1.500738810621544133e+02
1.500895890254223843e+02
1.501052969886903270e+02
1.501210049519582697e+02
1.501367129152262407e+02
1.501524208784942118e+02
1.501681288417621545e+02
1.501838368050300971e+02
1.501995447682980682e+02
1.502152527315660393e+02
1.502309606948339820e+02
1.502466686581019246e+02
1.502623766213698957e+02
1.502780845846378668e+02
1.502937925479058094e+02
1.503095005111737521e+02
1.503252084744417232e+02
1.503409164377096943e+02
1.503566244009776369e+02
1.503723323642455796e+02
1.503880403275135507e+02
1.504037482907815217e+02
1.504194562540494644e+02
1.504351642173174071e+02
1.504508721805853781e+02
1.504665801438533492e+02
1.504822881071212919e+02
1.504979960703892345e+02
1.505137040336572056e+02
1.505294119969251767e+02
1.505451199601931194e+02
1.505608279234610620e+02
1.505765358867290331e+02
1.505922438499970042e+02
1.506079518132649468e+02
1.506236597765328895e+02
1.506393677398008606e+02
1.506550757030688317e+02
1.506707836663367743e+02
1.506864916296047170e+02
1.507021995928726881e+02
1.507179075561406592e+02
1.507336155194086018e+02
1.507493234826765445e+02
1.507650314459445156e+02
1.507807394092124866e+02
1.507964473724804293e+02
1.508121553357483720e+02
1.508278632990163430e+02
1.508435712622843141e+02
1.508592792255522568e+02
1.508749871888201994e+02
1.508906951520881705e+02
1.509064031153561416e+02
1.509221110786240843e+02
1.509378190418920269e+02
1.509535270051599980e+02
1.509692349684279691e+02
1.509849429316959117e+02
1.510006508949638544e+02
1.510163588582318255e+02
1.510320668214998250e+02
1.510477747847677392e+02
1.510634827480356819e+02
1.510791907113036530e+02
1.510948986745716525e+02
1.511106066378395667e+02
1.511263146011075094e+02
1.511420225643754804e+02
1.511577305276434799e+02
1.511734384909113942e+02
1.511891464541793368e+02
1.512048544174473079e+02
1.512205623807153074e+02
1.512362703439832217e+02
1.512519783072511643e+02
1.512676862705191354e+02
1.512833942337871349e+02
1.512991021970550491e+02
1.513148101603229918e+02
1.513305181235909629e+02
1.513462260868589624e+02
1.513619340501268766e+02
1.513776420133948193e+02
1.513933499766627904e+02
1.514090579399307899e+02
1.514247659031987041e+02
1.514404738664666468e+02
1.514561818297346178e+02
1.514718897930026174e+02
1.514875977562705316e+02
1.515033057195384742e+02
1.515190136828064453e+02
1.515347216460744448e+02
1.515504296093423591e+02
1.515661375726103017e+02
1.515818455358782728e+02
1.515975534991462723e+02
1.516132614624141866e+02
1.516289694256821292e+02
1.516446773889501003e+02
1.516603853522180998e+02
1.516760933154860140e+02
1.516918012787539567e+02
1.517075092420219278e+02
1.517232172052899273e+02
1.517389251685578415e+02
1.517546331318257842e+02
1.517703410950937553e+02
1.517860490583617548e+02
1.518017570216296690e+02
1.518174649848976117e+02
1.518331729481655827e+02
1.518488809114335822e+02
1.518645888747014965e+02
1.518802968379694391e+02
1.518960048012374102e+02
1.519117127645054097e+02
1.519274207277733240e+02
1.519431286910412666e+02
1.519588366543092661e+02
1.519745446175772372e+02
1.519902525808451799e+02
1.520059605441130941e+02
1.520216685073810936e+02
1.520373764706490647e+02
1.520530844339170073e+02
1.520687923971849216e+02
1.520845003604529211e+02
1.521002083237208922e+02
1.521159162869888348e+02
1.521316242502567491e+02
1.521473322135247486e+02
1.521630401767927196e+02
1.521787481400606623e+02
1.521944561033285765e+02
1.522101640665965760e+02
1.522258720298645471e+02
1.522415799931324898e+02
1.522572879564004040e+02
1.522729959196684035e+02
1.522887038829363746e+02
1.523044118462043173e+02
1.523201198094722315e+02
1.523358277727402310e+02
1.523515357360082021e+02
1.523672436992761448e+02
1.523829516625440590e+02
1.523986596258120585e+02
1.524143675890800296e+02
1.524300755523479722e+02
1.524457835156158865e+02
1.524614914788838860e+02
1.524771994421518571e+02
1.524929074054197997e+02
1.525086153686877140e+02
1.525243233319557135e+02
1.525400312952236845e+02
1.525557392584916272e+02
1.525714472217595414e+02
1.525871551850275409e+02
1.526028631482955120e+02
1.526185711115634547e+02
1.526342790748313689e+02
1.526499870380993684e+02
1.526656950013673395e+02
1.526814029646352822e+02
1.526971109279031964e+02
1.527128188911711959e+02
1.527285268544391670e+02
1.527442348177071096e+02
1.527599427809750239e+02
1.527756507442430234e+02
1.527913587075109945e+02
1.528070666707789371e+02
1.528227746340468514e+02
1.528384825973148509e+02
1.528541905605828219e+02
1.528698985238507646e+02
1.528856064871186788e+02
1.529013144503866783e+02
1.529170224136546494e+02
1.529327303769225921e+02
1.529484383401905347e+02
1.529641463034585058e+02
1.529798542667264769e+02
1.529955622299944196e+02
1.530112701932623622e+02
1.530269781565303333e+02
1.530426861197983044e+02
1.530583940830662470e+02
1.530741020463341897e+02
1.530898100096021608e+02
1.531055179728701319e+02
1.531212259361380745e+02
1.531369338994060172e+02
1.531526418626739883e+02
1.531683498259419594e+02
1.531840577892099020e+02
1.531997657524778447e+02
1.532154737157458158e+02
1.532311816790137868e+02
1.532468896422817295e+02
1.532625976055496722e+02
1.532783055688176432e+02
1.532940135320856143e+02
1.533097214953535570e+02
1.533254294586214996e+02
1.533411374218894707e+02
1.533568453851574418e+02
1.533725533484253845e+02
1.533882613116933271e+02
1.534039692749612982e+02
1.534196772382292693e+02
1.534353852014972119e+02
1.534510931647651546e+02
1.534668011280331257e+02
1.534825090913010968e+02
1.534982170545690394e+02
1.535139250178369821e+02
1.535296329811049532e+02
1.535453409443729242e+02
1.535610489076408669e+02
1.535767568709088096e+02
1.535924648341767806e+02
1.536081727974447517e+02
1.536238807607126944e+02
1.536395887239806370e+02
1.536552966872486081e+02
1.536710046505165792e+02
1.536867126137845219e+02
1.537024205770524645e+02
1.537181285403204356e+02
1.537338365035884067e+02
1.537495444668563493e+02
1.537652524301242920e+02
1.537809603933922631e+02
1.537966683566602342e+02
1.538123763199281768e+02
1.538280842831961195e+02
1.538437922464640906e+02
1.538595002097320616e+02
1.538752081730000043e+02
1.538909161362679470e+02
1.539066240995359180e+02
1.539223320628038891e+02
1.539380400260718318e+02
1.539537479893397744e+02
1.539694559526077455e+02
1.539851639158757166e+02
1.540008718791436593e+02
1.540165798424116019e+02
1.540322878056795730e+02
1.540479957689475441e+02
1.540637037322154868e+02
1.540794116954834294e+02
1.540951196587514005e+02
1.541108276220193716e+02
1.541265355852873142e+02
1.541422435485552569e+02
1.541579515118232280e+02
1.541736594750911991e+02
1.541893674383591417e+02
1.542050754016270844e+02
1.542207833648950555e+02
1.542364913281630265e+02
1.542521992914309692e+02
1.542679072546989119e+02
1.542836152179668829e+02
1.542993231812348540e+02
1.543150311445027967e+02
1.543307391077707393e+02
1.543464470710387104e+02
1.543621550343066815e+02
1.543778629975746242e+02
1.543935709608425668e+02
1.544092789241105379e+02
1.544249868873785374e+02
1.544406948506464516e+02
1.544564028139143943e+02
1.544721107771823654e+02
1.544878187404503649e+02
1.545035267037182791e+02
1.545192346669862218e+02
1.545349426302541929e+02
1.545506505935221924e+02
1.545663585567901066e+02
1.545820665200580493e+02
1.545977744833260203e+02
1.546134824465940198e+02
1.546291904098619341e+02
1.546448983731298767e+02
1.546606063363978478e+02
1.546763142996658473e+02
1.546920222629337616e+02
1.547077302262017042e+02
1.547234381894696753e+02
1.547391461527376748e+02
1.547548541160055890e+02
1.547705620792735317e+02
1.547862700425415028e+02
1.548019780058095023e+02
1.548176859690774165e+02
1.548333939323453592e+02
1.548491018956133303e+02
1.548648098588813298e+02
1.548805178221492440e+02
1.548962257854171867e+02
1.549119337486851578e+02
1.549276417119531573e+02
1.549433496752210715e+02
1.549590576384890142e+02
1.549747656017569852e+02
1.549904735650249847e+02
1.550061815282928990e+02
1.550218894915608416e+02
1.550375974548288127e+02
1.550533054180968122e+02
1.550690133813647265e+02
1.550847213446326691e+02
1.551004293079006402e+02
1.551161372711686397e+02
1.551318452344365539e+02
1.551475531977044966e+02
1.551632611609724677e+02
1.551789691242404672e+02
1.551946770875083814e+02
1.552103850507763241e+02
1.552260930140442952e+02
1.552418009773122947e+02
1.552575089405802089e+02
1.552732169038481516e+02
1.552889248671161226e+02
1.553046328303841221e+02
1.553203407936520364e+02
1.553360487569199790e+02
1.553517567201879501e+02
1.553674646834559496e+02
1.553831726467238923e+02
1.553988806099918065e+02
1.554145885732598060e+02
1.554302965365277771e+02
1.554460044997957198e+02
1.554617124630636340e+02
1.554774204263316335e+02
1.554931283895996046e+02
1.555088363528675472e+02
1.555245443161354615e+02
1.555402522794034610e+02
1.555559602426714321e+02
1.555716682059393747e+02
1.555873761692072890e+02
1.556030841324752885e+02
1.556187920957432596e+02
1.556345000590112022e+02
1.556502080222791164e+02
1.556659159855471160e+02
1.556816239488150870e+02
1.556973319120830297e+02
1.557130398753509439e+02
1.557287478386189434e+02
1.557444558018869145e+02
1.557601637651548572e+02
1.557758717284227714e+02
1.557915796916907709e+02
1.558072876549587420e+02
1.558229956182266847e+02
1.558387035814945989e+02
1.558544115447625984e+02
1.558701195080305695e+02
1.558858274712985121e+02
1.559015354345664264e+02
1.559172433978344259e+02
1.559329513611023970e+02
1.559486593243703396e+02
1.559643672876382539e+02
1.559800752509062534e+02
1.559957832141742244e+02
1.560114911774421671e+02
1.560271991407100813e+02
1.560429071039780808e+02
1.560586150672460519e+02
1.560743230305139946e+02
1.560900309937819088e+02
1.561057389570499083e+02
1.561214469203178794e+02
1.561371548835858221e+02
1.561528628468537363e+02
1.561685708101217358e+02
1.561842787733897069e+02
1.561999867366576495e+02
1.562156946999255638e+02
1.562314026631935633e+02
1.562471106264615344e+02
1.562628185897294770e+02
1.562785265529973913e+02
1.562942345162653908e+02
1.563099424795333618e+02
1.563256504428013045e+02
1.563413584060692472e+02
1.563570663693372182e+02
1.563727743326051893e+02
1.563884822958731320e+02
1.564041902591410746e+02
1.564198982224090457e+02
1.564356061856770168e+02
1.564513141489449595e+02
1.564670221122129021e+02
1.564827300754808732e+02
1.564984380387488443e+02
1.565141460020167870e+02
1.565298539652847296e+02
1.565455619285527007e+02
1.565612698918206718e+02
1.565769778550886144e+02
1.565926858183565571e+02
1.566083937816245282e+02
1.566241017448924993e+02
1.566398097081604419e+02
1.566555176714283846e+02
1.566712256346963557e+02
1.566869335979643267e+02
1.567026415612322694e+02
1.567183495245002121e+02
1.567340574877681831e+02
1.567497654510361542e+02
1.567654734143040969e+02
1.567811813775720395e+02
1.567968893408400106e+02
1.568125973041079817e+02
1.568283052673759244e+02
1.568440132306438670e+02
1.568597211939118381e+02
1.568754291571798092e+02
1.568911371204477518e+02
1.569068450837156945e+02
1.569225530469836656e+02
1.569382610102516367e+02
1.569539689735195793e+02
1.569696769367875220e+02
1.569853849000554931e+02
1.570010928633234641e+02
1.570168008265914068e+02
1.570325087898593495e+02
1.570482167531273205e+02
1.570639247163952916e+02
1.570796326796632343e+02
1.570953406429311769e+02
1.571110486061991480e+02
1.571267565694671191e+02
1.571424645327350618e+02
1.571581724960030044e+02
1.571738804592709755e+02
1.571895884225389466e+02
1.572052963858068892e+02
1.572210043490748319e+02
1.572367123123428030e+02
1.572524202756107741e+02
1.572681282388787167e+02
1.572838362021466594e+02
1.572995441654146305e+02
1.573152521286826016e+02
1.573309600919505442e+02
1.573466680552184869e+02
1.573623760184864580e+02
1.573780839817544290e+02
1.573937919450223717e+02
1.574094999082903144e+02
1.574252078715582854e+02
1.574409158348262565e+02
1.574566237980941992e+02
1.574723317613621418e+02
1.574880397246301129e+02
1.575037476878980840e+02
1.575194556511660267e+02
1.575351636144339693e+02
1.575508715777019404e+02
1.575665795409699115e+02
1.575822875042378541e+02
1.575979954675057968e+02
1.576137034307737679e+02
1.576294113940417390e+02
1.576451193573096816e+02
1.576608273205776243e+02
1.576765352838455954e+02
1.576922432471135664e+02
1.577079512103815091e+02
1.577236591736494518e+02
1.577393671369174228e+02
1.577550751001853939e+02
1.577707830634533366e+02
1.577864910267212792e+02
1.578021989899892503e+02
1.578179069532572498e+02
1.578336149165251641e+02
1.578493228797931067e+02
1.578650308430610778e+02
1.578807388063290773e+02
1.578964467695969915e+02
1.579121547328649342e+02
1.579278626961329053e+02
1.579435706594009048e+02
1.579592786226688190e+02
1.579749865859367617e+02
1.579906945492047328e+02
1.580064025124727323e+02
1.580221104757406465e+02
1.580378184390085892e+02
1.580535264022765602e+02
1.580692343655445598e+02
1.580849423288124740e+02
1.581006502920804166e+02
1.581163582553483877e+02
1.581320662186163872e+02
1.581477741818843015e+02
1.581634821451522441e+02
1.581791901084202152e+02
1.581948980716882147e+02
1.582106060349561290e+02
1.582263139982240716e+02
1.582420219614920427e+02
1.582577299247600422e+02
1.582734378880279564e+02
1.582891458512958991e+02
1.583048538145638702e+02
1.583205617778318697e+02
1.583362697410997839e+02
1.583519777043677266e+02
1.583676856676356977e+02
1.583833936309036972e+02
1.583991015941716114e+02
1.584148095574395541e+02
1.584305175207075251e+02
1.584462254839755246e+02
1.584619334472434389e+02
1.584776414105113815e+02
1.584933493737793526e+02
1.585090573370473521e+02
1.585247653003152664e+02
1.585404732635832090e+02
1.585561812268511801e+02
1.585718891901191796e+02
1.585875971533870938e+02
1.586033051166550365e+02
1.586190130799230076e+02
1.586347210431910071e+02
1.586504290064589213e+02
1.586661369697268640e+02
1.586818449329948351e+02
1.586975528962628346e+02
1.587132608595307488e+02
1.587289688227986915e+02
1.587446767860666625e+02
1.587603847493346620e+02
1.587760927126026047e+02
1.587918006758705189e+02
1.588075086391385184e+02
1.588232166024064895e+02
1.588389245656744322e+02
1.588546325289423464e+02
1.588703404922103459e+02
1.588860484554783170e+02
1.589017564187462597e+02
1.589174643820141739e+02
1.589331723452821734e+02
1.589488803085501445e+02
1.589645882718180872e+02
1.589802962350860014e+02
1.589960041983540009e+02
1.590117121616219720e+02
1.590274201248899146e+02
1.590431280881578289e+02
1.590588360514258284e+02
1.590745440146937995e+02
1.590902519779617421e+02
1.591059599412296564e+02
1.591216679044976559e+02
1.591373758677656269e+02
1.591530838310335696e+02
1.591687917943014838e+02
1.591844997575694833e+02
1.592002077208374544e+02
1.592159156841053971e+02
1.592316236473733113e+02
1.592473316106413108e+02
1.592630395739092819e+02
1.592787475371772246e+02
1.592944555004451388e+02
1.593101634637131383e+02
1.593258714269811094e+02
1.593415793902490520e+02
1.593572873535169663e+02
1.593729953167849658e+02
1.593887032800529369e+02
1.594044112433208795e+02
1.594201192065887938e+02
1.594358271698567933e+02
1.594515351331247643e+02
1.594672430963927070e+02
1.594829510596606212e+02
1.594986590229286207e+02
1.595143669861965918e+02
1.595300749494645345e+02
1.595457829127324487e+02
1.595614908760004482e+02
1.595771988392684193e+02
1.595929068025363620e+02
1.596086147658042762e+02
1.596243227290722757e+02
1.596400306923402468e+02
1.596557386556081894e+02
1.596714466188761037e+02
1.596871545821441032e+02
1.597028625454120743e+02
1.597185705086800169e+02
1.597342784719479596e+02
1.597499864352159307e+02
1.597656943984839018e+02
1.597814023617518444e+02
1.597971103250197871e+02
1.598128182882877582e+02
1.598285262515557292e+02
1.598442342148236719e+02
1.598599421780916146e+02
1.598756501413595856e+02
1.598913581046275567e+02
1.599070660678954994e+02
1.599227740311634420e+02
1.599384819944314131e+02
1.599541899576993842e+02
1.599698979209673269e+02
1.599856058842352695e+02
1.600013138475032406e+02
1.600170218107712117e+02
1.600327297740391543e+02
1.600484377373070970e+02
1.600641457005750681e+02
1.600798536638430392e+02
1.600955616271109818e+02
1.601112695903789245e+02
1.601269775536468956e+02
1.601426855169148666e+02
1.601583934801828093e+02
1.601741014434507520e+02
1.601898094067187230e+02
1.602055173699866941e+02
1.602212253332546368e+02
1.602369332965225794e+02
1.602526412597905505e+02
1.602683492230585216e+02
1.602840571863264643e+02
1.602997651495944069e+02
1.603154731128623780e+02
1.603311810761303491e+02
1.603468890393982917e+02
1.603625970026662344e+02
1.603783049659342055e+02
1.603940129292021766e+02
1.604097208924701192e+02
1.604254288557380619e+02
1.604411368190060330e+02
1.604568447822740040e+02
1.604725527455419467e+02
1.604882607088098894e+02
1.605039686720778604e+02
1.605196766353458315e+02
1.605353845986137742e+02
1.605510925618817168e+02
1.605668005251496879e+02
1.605825084884176590e+02
1.605982164516856017e+02
1.606139244149535443e+02
1.606296323782215154e+02
1.606453403414894865e+02
1.606610483047574292e+02
1.606767562680253718e+02
1.606924642312933429e+02
1.607081721945613140e+02
1.607238801578292566e+02
1.607395881210971993e+02
1.607552960843651704e+02
1.607710040476331415e+02
1.607867120109010841e+02
1.608024199741690268e+02
1.608181279374369979e+02
1.608338359007049689e+02
1.608495438639729116e+02
1.608652518272408543e+02
1.608809597905088253e+02
1.608966677537767964e+02
1.609123757170447391e+02
1.609280836803126817e+02
1.609437916435806528e+02
1.609594996068486239e+02
1.609752075701165666e+02
1.609909155333845092e+02
1.610066234966524803e+02
1.610223314599204514e+02
1.610380394231883940e+02
1.610537473864563367e+02
1.610694553497243078e+02
1.610851633129922789e+02
1.611008712762602215e+02
1.611165792395281642e+02
1.611322872027961353e+02
1.611479951660641063e+02
1.611637031293320490e+02
1.611794110925999917e+02
1.611951190558679627e+02
1.612108270191359622e+02
1.612265349824038765e+02
1.612422429456718191e+02
1.612579509089397902e+02
1.612736588722077897e+02
1.612893668354757040e+02
1.613050747987436466e+02
1.613207827620116177e+02
1.613364907252796172e+02
1.613521986885475314e+02
1.613679066518154741e+02
1.613836146150834452e+02
1.613993225783514447e+02
1.614150305416193589e+02
1.614307385048873016e+02
1.614464464681552727e+02
1.614621544314232722e+02
1.614778623946911864e+02
1.614935703579591291e+02
1.615092783212271002e+02
1.615249862844950997e+02
1.615406942477630139e+02
1.615564022110309566e+02
1.615721101742989276e+02
1.615878181375669271e+02
1.616035261008348414e+02
1.616192340641027840e+02
1.616349420273707551e+02
1.616506499906387546e+02
1.616663579539066689e+02
1.616820659171746115e+02
1.616977738804425826e+02
1.617134818437105821e+02
1.617291898069784963e+02
1.617448977702464390e+02
1.617606057335144101e+02
1.617763136967824096e+02
1.617920216600503238e+02
1.618077296233182665e+02
1.618234375865862376e+02
1.618391455498542371e+02
1.618548535131221513e+02
1.618705614763900940e+02
1.618862694396580650e+02
1.619019774029260645e+02
1.619176853661939788e+02
1.619333933294619214e+02
1.619491012927298925e+02
1.619648092559978920e+02
1.619805172192658063e+02
1.619962251825337489e+02
1.620119331458017200e+02
1.620276411090697195e+02
1.620433490723376337e+02
1.620590570356055764e+02
1.620747649988735475e+02
1.620904729621415470e+02
1.621061809254094612e+02
1.621218888886774039e+02
1.621375968519453750e+02
1.621533048152133745e+02
1.621690127784813171e+02
1.621847207417492314e+02
1.622004287050172309e+02
1.622161366682852019e+02
1.622318446315531446e+02
1.622475525948210588e+02
1.622632605580890583e+02
1.622789685213570294e+02
1.622946764846249721e+02
1.623103844478928863e+02
1.623260924111608858e+02
1.623418003744288569e+02
1.623575083376967996e+02
1.623732163009647138e+02
1.623889242642327133e+02
1.624046322275006844e+02
1.624203401907686271e+02
1.624360481540365413e+02
1.624517561173045408e+02
1.624674640805725119e+02
1.624831720438404545e+02
1.624988800071083688e+02
1.625145879703763683e+02
1.625302959336443394e+02
1.625460038969122820e+02
1.625617118601801963e+02
1.625774198234481958e+02
1.625931277867161668e+02
1.626088357499841095e+02
1.626245437132520237e+02
1.626402516765200232e+02
1.626559596397879943e+02
1.626716676030559370e+02
1.626873755663238512e+02
1.627030835295918507e+02
1.627187914928598218e+02
1.627344994561277645e+02
1.627502074193956787e+02
1.627659153826636782e+02
1.627816233459316493e+02
1.627973313091995919e+02
1.628130392724675062e+02
1.628287472357355057e+02
1.628444551990034768e+02
1.628601631622714194e+02
1.628758711255393337e+02
1.628915790888073332e+02
1.629072870520753042e+02
1.629229950153432469e+02
1.629387029786111611e+02
1.629544109418791606e+02
1.629701189051471317e+02
1.629858268684150744e+02
1.630015348316829886e+02
1.630172427949509881e+02
1.630329507582189592e+02
1.630486587214869019e+02
1.630643666847548161e+02
1.630800746480228156e+02
1.630957826112907867e+02
1.631114905745587293e+02
1.631271985378266436e+02
1.631429065010946431e+02
1.631586144643626142e+02
1.631743224276305568e+02
1.631900303908984995e+02
1.632057383541664706e+02
1.632214463174344417e+02
1.632371542807023843e+02
1.632528622439703270e+02
1.632685702072382981e+02
1.632842781705062691e+02
1.632999861337742118e+02
1.633156940970421545e+02
1.633314020603101255e+02
1.633471100235780966e+02
1.633628179868460393e+02
1.633785259501139819e+02
1.633942339133819530e+02
1.634099418766499241e+02
1.634256498399178668e+02
1.634413578031858094e+02
1.634570657664537805e+02
1.634727737297217516e+02
1.634884816929896942e+02
1.635041896562576369e+02
1.635198976195256080e+02
1.635356055827935791e+02
1.635513135460615217e+02
1.635670215093294644e+02
1.635827294725974355e+02
1.635984374358654065e+02
1.636141453991333492e+02
1.636298533624012919e+02
1.636455613256692629e+02
1.636612692889372340e+02
1.636769772522051767e+02
1.636926852154731193e+02
1.637083931787410904e+02
1.637241011420090615e+02
1.637398091052770042e+02
1.637555170685449468e+02
1.637712250318129179e+02
1.637869329950808890e+02
1.638026409583488316e+02
1.638183489216167743e+02
1.638340568848847454e+02
1.638497648481527165e+02
1.638654728114206591e+02
1.638811807746886018e+02
1.638968887379565729e+02
1.639125967012245439e+02
1.639283046644924866e+02
1.639440126277604293e+02
1.639597205910284003e+02
1.639754285542963714e+02
1.639911365175643141e+02
1.640068444808322567e+02
1.640225524441002278e+02
1.640382604073681989e+02
1.640539683706361416e+02
1.640696763339040842e+02
1.640853842971720553e+02
1.641010922604400264e+02
1.641168002237079691e+02
1.641325081869759117e+02
1.641482161502438828e+02
1.641639241135118539e+02
1.641796320767797965e+02
1.641953400400477392e+02
1.642110480033157103e+02
1.642267559665836814e+02
1.642424639298516240e+02
1.642581718931195667e+02
1.642738798563875378e+02
1.642895878196555088e+02
1.643052957829234515e+02
1.643210037461913942e+02
1.643367117094593652e+02
1.643524196727273363e+02
1.643681276359952790e+02
1.643838355992632216e+02
1.643995435625311927e+02
1.644152515257991638e+02
1.644309594890671065e+02
1.644466674523350491e+02
1.644623754156030202e+02
1.644780833788709913e+02
1.644937913421389339e+02
1.645094993054068766e+02
1.645252072686748477e+02
1.645409152319428188e+02
1.645566231952107614e+02
1.645723311584787041e+02
1.645880391217466752e+02
1.646037470850146747e+02
1.646194550482825889e+02
1.646351630115505316e+02
1.646508709748185026e+02
1.646665789380865021e+02
1.646822869013544164e+02
1.646979948646223590e+02
1.647137028278903301e+02
1.647294107911583296e+02
1.647451187544262439e+02
1.647608267176941865e+02
1.647765346809621576e+02
1.647922426442301571e+02
1.648079506074980713e+02
1.648236585707660140e+02
1.648393665340339851e+02
1.648550744973019846e+02
1.648707824605698988e+02
1.648864904238378415e+02
1.649021983871058126e+02
1.649179063503738121e+02
1.649336143136417263e+02
1.649493222769096690e+02
1.649650302401776401e+02
1.649807382034456396e+02
1.649964461667135538e+02
1.650121541299814965e+02
1.650278620932494675e+02
1.650435700565174670e+02
1.650592780197853813e+02
1.650749859830533239e+02
1.650906939463212950e+02
1.651064019095892945e+02
1.651221098728572088e+02
1.651378178361251514e+02
1.651535257993931225e+02
1.651692337626611220e+02
1.651849417259290362e+02
1.652006496891969789e+02
1.652163576524649500e+02
1.652320656157329495e+02
1.652477735790008637e+02
1.652634815422688064e+02
1.652791895055367775e+02
1.652948974688047770e+02
1.653106054320726912e+02
1.653263133953406339e+02
1.653420213586086049e+02
1.653577293218766044e+02
1.653734372851445187e+02
1.653891452484124613e+02
1.654048532116804324e+02
1.654205611749484319e+02
1.654362691382163462e+02
1.654519771014842888e+02
1.654676850647522599e+02
1.654833930280202594e+02
1.654991009912881736e+02
1.655148089545561163e+02
1.655305169178240874e+02
1.655462248810920869e+02
1.655619328443600295e+02
1.655776408076279438e+02
1.655933487708959433e+02
1.656090567341639144e+02
1.656247646974318570e+02
1.656404726606997713e+02
1.656561806239677708e+02
1.656718885872357419e+02
1.656875965505036845e+02
1.657033045137715987e+02
1.657190124770395983e+02
1.657347204403075693e+02
1.657504284035755120e+02
1.657661363668434262e+02
1.657818443301114257e+02
1.657975522933793968e+02
1.658132602566473395e+02
1.658289682199152537e+02
1.658446761831832532e+02
1.658603841464512243e+02
1.658760921097191670e+02
1.658918000729870812e+02
1.659075080362550807e+02
1.659232159995230518e+02
1.659389239627909944e+02
1.659546319260589087e+02
1.659703398893269082e+02
1.659860478525948793e+02
1.660017558158628219e+02
1.660174637791307362e+02
1.660331717423987357e+02
1.660488797056667067e+02
1.660645876689346494e+02
1.660802956322025636e+02
1.660960035954705631e+02
1.661117115587385342e+02
1.661274195220064769e+02
1.661431274852743911e+02
1.661588354485423906e+02
1.661745434118103617e+02
1.661902513750783044e+02
1.662059593383462186e+02
1.662216673016142181e+02
1.662373752648821892e+02
1.662530832281501318e+02
1.662687911914180461e+02
1.662844991546860456e+02
1.663002071179540167e+02
1.663159150812219593e+02
1.663316230444898736e+02
1.663473310077578731e+02
1.663630389710258441e+02
1.663787469342937868e+02
1.663944548975617010e+02
1.664101628608297005e+02
1.664258708240976716e+02
1.664415787873656143e+02
1.664572867506335285e+02
1.664729947139015280e+02
1.664887026771694991e+02
1.665044106404374418e+02
1.665201186037053560e+02
1.665358265669733555e+02
1.665515345302413266e+02
1.665672424935092693e+02
1.665829504567772119e+02
1.665986584200451830e+02
1.666143663833131541e+02
1.666300743465810967e+02
1.666457823098490394e+02
1.666614902731170105e+02
1.666771982363849816e+02
1.666929061996529242e+02
1.667086141629208669e+02
1.667243221261888380e+02
1.667400300894568090e+02
1.667557380527247517e+02
1.667714460159926944e+02
1.667871539792606654e+02
1.668028619425286365e+02
1.668185699057965792e+02
1.668342778690645218e+02
1.668499858323324929e+02
1.668656937956004640e+02
1.668814017588684067e+02
1.668971097221363493e+02
1.669128176854043204e+02
1.669285256486722915e+02
1.669442336119402341e+02
1.669599415752081768e+02
1.669756495384761479e+02
1.669913575017441190e+02
1.670070654650120616e+02
1.670227734282800043e+02
1.670384813915479754e+02
1.670541893548159464e+02
1.670698973180838891e+02
1.670856052813518318e+02
1.671013132446198028e+02
1.671170212078877739e+02
1.671327291711557166e+02
1.671484371344236592e+02
1.671641450976916303e+02
1.671798530609596014e+02
1.671955610242275441e+02
1.672112689874954867e+02
1.672269769507634578e+02
1.672426849140314289e+02
1.672583928772993715e+02
1.672741008405673142e+02
1.672898088038352853e+02
1.673055167671032564e+02
1.673212247303711990e+02
1.673369326936391417e+02
1.673526406569071128e+02
1.673683486201750839e+02
1.673840565834430265e+02
1.673997645467109692e+02
1.674154725099789403e+02
1.674311804732469113e+02
1.674468884365148540e+02
1.674625963997827967e+02
1.674783043630507677e+02
1.674940123263187388e+02
1.675097202895866815e+02
1.675254282528546241e+02
1.675411362161225952e+02
1.675568441793905663e+02
1.675725521426585090e+02
1.675882601059264516e+02
1.676039680691944227e+02
1.676196760324623938e+02
1.676353839957303364e+02
1.676510919589982791e+02
1.676667999222662502e+02
1.676825078855342213e+02
1.676982158488021639e+02
1.677139238120701066e+02
1.677296317753380777e+02
1.677453397386060487e+02
1.677610477018739914e+02
1.677767556651419341e+02
1.677924636284099051e+02
1.678081715916778762e+02
1.678238795549458189e+02
1.678395875182137615e+02
1.678552954814817326e+02
1.678710034447497037e+02
1.678867114080176464e+02
1.679024193712855890e+02
1.679181273345535601e+02
1.679338352978215312e+02
1.679495432610894738e+02
1.679652512243574165e+02
1.679809591876253876e+02
1.679966671508933871e+02
1.680123751141613013e+02
1.680280830774292440e+02
1.680437910406972151e+02
1.680594990039652146e+02
1.680752069672331288e+02
1.680909149305010715e+02
1.681066228937690425e+02
1.681223308570370421e+02
1.681380388203049563e+02
1.681537467835728989e+02
1.681694547468408700e+02
1.681851627101088695e+02
1.682008706733767838e+02
1.682165786366447264e+02
1.682322865999126975e+02
1.682479945631806970e+02
1.682637025264486113e+02
1.682794104897165539e+02
1.682951184529845250e+02
1.683108264162525245e+02
1.683265343795204387e+02
1.683422423427883814e+02
1.683579503060563525e+02
1.683736582693243520e+02
1.683893662325922662e+02
1.684050741958602089e+02
1.684207821591281800e+02
1.684364901223961795e+02
1.684521980856640937e+02
1.684679060489320364e+02
1.684836140122000074e+02
1.684993219754680069e+02
1.685150299387359212e+02
1.685307379020038638e+02
1.685464458652718349e+02
1.685621538285398344e+02
1.685778617918077487e+02
1.685935697550756913e+02
1.686092777183436624e+02
1.686249856816116619e+02
1.686406936448795761e+02
1.686564016081475188e+02
1.686721095714154899e+02
1.686878175346834894e+02
1.687035254979514036e+02
1.687192334612193463e+02
1.687349414244873174e+02
1.687506493877553169e+02
1.687663573510232311e+02
1.687820653142911738e+02
1.687977732775591448e+02
1.688134812408271443e+02
1.688291892040950586e+02
1.688448971673630012e+02
1.688606051306309723e+02
1.688763130938989718e+02
1.688920210571668861e+02
1.689077290204348287e+02
1.689234369837027998e+02
1.689391449469707993e+02
1.689548529102387135e+02
1.689705608735066562e+02
1.689862688367746557e+02
1.690019768000426268e+02
1.690176847633105695e+02
1.690333927265784837e+02
1.690491006898464832e+02
1.690648086531144543e+02
1.690805166163823969e+02
1.690962245796503112e+02
1.691119325429183107e+02
1.691276405061862818e+02
1.691433484694542244e+02
1.691590564327221387e+02
1.691747643959901382e+02
1.691904723592581092e+02
1.692061803225260519e+02
1.692218882857939661e+02
1.692375962490619656e+02
1.692533042123299367e+02
1.692690121755978794e+02
1.692847201388657936e+02
1.693004281021337931e+02
1.693161360654017642e+02
1.693318440286697069e+02
1.693475519919376211e+02
1.693632599552056206e+02
1.693789679184735917e+02
1.693946758817415343e+02
1.694103838450094486e+02
1.694260918082774481e+02
1.694417997715454192e+02
1.694575077348133618e+02
1.694732156980812761e+02
1.694889236613492756e+02
1.695046316246172466e+02
1.695203395878851893e+02
1.695360475511531035e+02
1.695517555144211030e+02
1.695674634776890741e+02
1.695831714409570168e+02
1.695988794042249310e+02
1.696145873674929305e+02
1.696302953307609016e+02
1.696460032940288443e+02
1.696617112572967585e+02
1.696774192205647580e+02
1.696931271838327291e+02
1.697088351471006717e+02
1.697245431103685860e+02
1.697402510736365855e+02
1.697559590369045566e+02
1.697716670001724992e+02
1.697873749634404135e+02
1.698030829267084130e+02
1.698187908899763841e+02
1.698344988532443267e+02
1.698502068165122409e+02
1.698659147797802405e+02
1.698816227430482115e+02
1.698973307063161542e+02
1.699130386695840684e+02
1.699287466328520679e+02
1.699444545961200390e+02
1.699601625593879817e+02
1.699758705226559243e+02
1.699915784859238954e+02
1.700072864491918665e+02
1.700229944124598092e+02
1.700387023757277518e+02
1.700544103389957229e+02
1.700701183022636940e+02
1.700858262655316366e+02
1.701015342287995793e+02
1.701172421920675504e+02
1.701329501553355215e+02
1.701486581186034641e+02
1.701643660818714068e+02
1.701800740451393779e+02
1.701957820084073489e+02
1.702114899716752916e+02
1.702271979349432343e+02
1.702429058982112053e+02
1.702586138614791764e+02
1.702743218247471191e+02
1.702900297880150617e+02
1.703057377512830328e+02
1.703214457145510039e+02
1.703371536778189466e+02
1.703528616410868892e+02
1.703685696043548603e+02
1.703842775676228314e+02
1.703999855308907740e+02
1.704156934941587167e+02
1.704314014574266878e+02
1.704471094206946589e+02
1.704628173839626015e+02
1.704785253472305442e+02
1.704942333104985153e+02
1.705099412737664863e+02
1.705256492370344290e+02
1.705413572003023717e+02
1.705570651635703427e+02
1.705727731268383138e+02
1.705884810901062565e+02
1.706041890533741991e+02
1.706198970166421702e+02
1.706356049799101413e+02
1.706513129431780840e+02
1.706670209064460266e+02
1.706827288697139977e+02
1.706984368329819688e+02
1.707141447962499115e+02
1.707298527595178541e+02
1.707455607227858252e+02
1.707612686860537963e+02
1.707769766493217389e+02
1.707926846125896816e+02
1.708083925758576527e+02
1.708241005391256238e+02
1.708398085023935664e+02
1.708555164656615091e+02
1.708712244289294802e+02
1.708869323921974512e+02
1.709026403554653939e+02
1.709183483187333366e+02
1.709340562820013076e+02
1.709497642452692787e+02
1.709654722085372214e+02
1.709811801718051640e+02
1.709968881350731351e+02
1.710125960983411062e+02
1.710283040616090489e+02
1.710440120248769915e+02
1.710597199881449626e+02
1.710754279514129337e+02
1.710911359146808763e+02
1.711068438779488190e+02
1.711225518412167901e+02
1.711382598044847612e+02
1.711539677677527038e+02
1.711696757310206465e+02
1.711853836942886176e+02
1.712010916575565886e+02
1.712167996208245313e+02
1.712325075840924740e+02
1.712482155473604450e+02
1.712639235106284161e+02
1.712796314738963588e+02
1.712953394371643014e+02
1.713110474004322725e+02
1.713267553637002436e+02
1.713424633269681863e+02
1.713581712902361289e+02
1.713738792535041000e+02
1.713895872167720711e+02
1.714052951800400137e+02
1.714210031433079564e+02
1.714367111065759275e+02
1.714524190698439270e+02
1.714681270331118412e+02
1.714838349963797839e+02
1.714995429596477550e+02
1.715152509229157545e+02
1.715309588861836687e+02
1.715466668494516114e+02
1.715623748127195825e+02
1.715780827759875820e+02
1.715937907392554962e+02
1.716094987025234389e+02
1.716252066657914099e+02
1.716409146290594094e+02
1.716566225923273237e+02
1.716723305555952663e+02
1.716880385188632374e+02
1.717037464821312369e+02
1.717194544453991512e+02
1.717351624086670938e+02
1.717508703719350649e+02
1.717665783352030644e+02
1.717822862984709786e+02
1.717979942617389213e+02
1.718137022250068924e+02
1.718294101882748919e+02
1.718451181515428061e+02
1.718608261148107488e+02
1.718765340780787199e+02
1.718922420413467194e+02
1.719079500046146336e+02
1.719236579678825763e+02
1.719393659311505473e+02
1.719550738944185468e+02
1.719707818576864611e+02
1.719864898209544037e+02
1.720021977842223748e+02
1.720179057474903743e+02
1.720336137107582886e+02
1.720493216740262312e+02
1.720650296372942023e+02
1.720807376005622018e+02
1.720964455638301160e+02
1.721121535270980587e+02
1.721278614903660298e+02
1.721435694536340293e+02
1.721592774169019435e+02
1.721749853801698862e+02
1.721906933434378573e+02
1.722064013067058568e+02
1.722221092699737710e+02
1.722378172332417137e+02
1.722535251965096847e+02
1.722692331597776843e+02
1.722849411230455985e+02
1.723006490863135411e+02
1.723163570495815122e+02
1.723320650128495117e+02
1.723477729761174260e+02
1.723634809393853686e+02
1.723791889026533681e+02
1.723948968659213392e+02
1.724106048291892819e+02
1.724263127924571961e+02
1.724420207557251956e+02
1.724577287189931667e+02
1.724734366822611094e+02
1.724891446455290236e+02
1.725048526087970231e+02
1.725205605720649942e+02
1.725362685353329368e+02
1.725519764986008511e+02
1.725676844618688506e+02
1.725833924251368217e+02
1.725991003884047643e+02
1.726148083516726786e+02
1.726305163149406781e+02
1.726462242782086491e+02
1.726619322414765918e+02
1.726776402047445060e+02
1.726933481680125055e+02
1.727090561312804766e+02
1.727247640945484193e+02
1.727404720578163335e+02
1.727561800210843330e+02
1.727718879843523041e+02
1.727875959476202468e+02
1.728033039108881610e+02
1.728190118741561605e+02
1.728347198374241316e+02
1.728504278006920742e+02
1.728661357639599885e+02
1.728818437272279880e+02
1.728975516904959591e+02
1.729132596537639017e+02
1.729289676170318160e+02
1.729446755802998155e+02
1.729603835435677865e+02
1.729760915068357292e+02
1.729917994701036434e+02
1.730075074333716429e+02
1.730232153966396140e+02
1.730389233599075567e+02
1.730546313231754709e+02
1.730703392864434704e+02
1.730860472497114415e+02
1.731017552129793842e+02
1.731174631762472984e+02
1.731331711395152979e+02
1.731488791027832690e+02
1.731645870660512117e+02
1.731802950293191259e+02
1.731960029925871254e+02
1.732117109558550965e+02
1.732274189191230391e+02
1.732431268823909534e+02
1.732588348456589529e+02
1.732745428089269240e+02
1.732902507721948666e+02
1.733059587354627809e+02
1.733216666987307804e+02
1.733373746619987514e+02
1.733530826252666941e+02
1.733687905885346368e+02
1.733844985518026078e+02
1.734002065150705789e+02
1.734159144783385216e+02
1.734316224416064642e+02
1.734473304048744353e+02
1.734630383681424064e+02
1.734787463314103491e+02
1.734944542946782917e+02
1.735101622579462628e+02
1.735258702212142339e+02
1.735415781844821765e+02
1.735572861477501192e+02
1.735729941110180903e+02
1.735887020742860614e+02
1.736044100375540040e+02
1.736201180008219467e+02
1.736358259640899178e+02
1.736515339273578888e+02
1.736672418906258315e+02
1.736829498538937742e+02
1.736986578171617452e+02
1.737143657804297163e+02
1.737300737436976590e+02
1.737457817069656016e+02
1.737614896702335727e+02
1.737771976335015438e+02
1.737929055967694865e+02
1.738086135600374291e+02
1.738243215233054002e+02
1.738400294865733713e+02
1.738557374498413139e+02
1.738714454131092566e+02
1.738871533763772277e+02
1.739028613396451988e+02
1.739185693029131414e+02
1.739342772661810841e+02
1.739499852294490552e+02
1.739656931927170262e+02
1.739814011559849689e+02
1.739971091192529116e+02
1.740128170825208826e+02
1.740285250457888537e+02
1.740442330090567964e+02
1.740599409723247391e+02
1.740756489355927101e+02
1.740913568988606812e+02
1.741070648621286239e+02
1.741227728253965665e+02
1.741384807886645376e+02
1.741541887519325087e+02
1.741698967152004514e+02
1.741856046784683940e+02
1.742013126417363651e+02
1.742170206050043362e+02
1.742327285682722788e+02
1.742484365315402215e+02
1.742641444948081926e+02
1.742798524580761637e+02
1.742955604213441063e+02
1.743112683846120490e+02
1.743269763478800201e+02
1.743426843111479911e+02
1.743583922744159338e+02
1.743741002376838765e+02
1.743898082009518475e+02
1.744055161642198186e+02
1.744212241274877613e+02
1.744369320907557039e+02
1.744526400540236750e+02
1.744683480172916461e+02
1.744840559805595888e+02
1.744997639438275314e+02
1.745154719070955025e+02
1.745311798703634736e+02
1.745468878336314162e+02
1.745625957968993589e+02
1.745783037601673300e+02
1.745940117234353011e+02
1.746097196867032437e+02
1.746254276499711864e+02
1.746411356132391575e+02
1.746568435765071285e+02
1.746725515397750712e+02
1.746882595030430139e+02
1.747039674663109849e+02
1.747196754295789560e+02
1.747353833928468987e+02
1.747510913561148413e+02
1.747667993193828124e+02
1.747825072826507835e+02
1.747982152459187262e+02
1.748139232091866688e+02
1.748296311724546399e+02
1.748453391357226394e+02
1.748610470989905536e+02
1.748767550622584963e+02
1.748924630255264674e+02
1.749081709887944669e+02
1.749238789520623811e+02
1.749395869153303238e+02
1.749552948785982949e+02
1.749710028418662944e+02
1.749867108051342086e+02
1.750024187684021513e+02
1.750181267316701224e+02
1.750338346949381219e+02
1.750495426582060361e+02
1.750652506214739788e+02
1.750809585847419498e+02
1.750966665480099493e+02
1.751123745112778636e+02
1.751280824745458062e+02
1.751437904378137773e+02
1.751594984010817768e+02
1.751752063643496911e+02
1.751909143276176337e+02
1.752066222908856048e+02
1.752223302541536043e+02
1.752380382174215185e+02
1.752537461806894612e+02
1.752694541439574323e+02
1.752851621072254318e+02
1.753008700704933460e+02
1.753165780337612887e+02
1.753322859970292598e+02
1.753479939602972593e+02
1.753637019235651735e+02
1.753794098868331162e+02
1.753951178501010872e+02
1.754108258133690867e+02
1.754265337766370010e+02
1.754422417399049436e+02
1.754579497031729147e+02
1.754736576664409142e+02
1.754893656297088285e+02
1.755050735929767711e+02
1.755207815562447422e+02
1.755364895195127417e+02
1.755521974827806559e+02
1.755679054460485986e+02
1.755836134093165697e+02
1.755993213725845692e+02
1.756150293358524834e+02
1.756307372991204261e+02
1.756464452623883972e+02
1.756621532256563967e+02
1.756778611889243109e+02
1.756935691521922536e+02
1.757092771154602246e+02
1.757249850787282242e+02
1.757406930419961384e+02
1.757564010052640810e+02
1.757721089685320806e+02
1.757878169318000516e+02
1.758035248950679943e+02
1.758192328583359085e+02
1.758349408216039080e+02
1.758506487848718791e+02
1.758663567481398218e+02
1.758820647114077360e+02
1.758977726746757355e+02
1.759134806379437066e+02
1.759291886012116493e+02
1.759448965644795635e+02
1.759606045277475630e+02
1.759763124910155341e+02
1.759920204542834767e+02
1.760077284175513910e+02
1.760234363808193905e+02
1.760391443440873616e+02
1.760548523073553042e+02
1.760705602706232185e+02
1.760862682338912180e+02
1.761019761971591890e+02
1.761176841604271317e+02
1.761333921236950459e+02
1.761491000869630454e+02
1.761648080502310165e+02
1.761805160134989592e+02
1.761962239767668734e+02
1.762119319400348729e+02
1.762276399033028440e+02
1.762433478665707867e+02
1.762590558298387009e+02
1.762747637931067004e+02
1.762904717563746715e+02
1.763061797196426141e+02
1.763218876829105284e+02
1.763375956461785279e+02
1.763533036094464990e+02
1.763690115727144416e+02
1.763847195359823559e+02
1.764004274992503554e+02
1.764161354625183264e+02
1.764318434257862691e+02
1.764475513890541833e+02
1.764632593523221828e+02
1.764789673155901539e+02
1.764946752788580966e+02
1.765103832421260108e+02
1.765260912053940103e+02
1.765417991686619814e+02
1.765575071319299241e+02
1.765732150951978383e+02
1.765889230584658378e+02
1.766046310217338089e+02
1.766203389850017516e+02
1.766360469482696658e+02
1.766517549115376653e+02
1.766674628748056364e+02
1.766831708380735790e+02
1.766988788013414933e+02
1.767145867646094928e+02
1.767302947278774639e+02
1.767460026911454065e+02
1.767617106544133492e+02
1.767774186176813203e+02
1.767931265809492913e+02
1.768088345442172340e+02
1.768245425074851767e+02
1.768402504707531477e+02
1.768559584340211188e+02
1.768716663972890615e+02
1.768873743605570041e+02
1.769030823238249752e+02
1.769187902870929463e+02
1.769344982503608890e+02
1.769502062136288316e+02
1.769659141768968027e+02
1.769816221401647738e+02
1.769973301034327164e+02
1.770130380667006591e+02
1.770287460299686302e+02
1.770444539932366013e+02
1.770601619565045439e+02
1.770758699197724866e+02
1.770915778830404577e+02
1.771072858463084287e+02
1.771229938095763714e+02
1.771387017728443141e+02
1.771544097361122851e+02
1.771701176993802562e+02
1.771858256626481989e+02
1.772015336259161415e+02
1.772172415891841126e+02
1.772329495524520837e+02
1.772486575157200264e+02
1.772643654789879690e+02
1.772800734422559401e+02
1.772957814055239112e+02
1.773114893687918538e+02
1.773271973320597965e+02
1.773429052953277676e+02
1.773586132585957387e+02
1.773743212218636813e+02
1.773900291851316240e+02
1.774057371483995951e+02
1.774214451116675662e+02
1.774371530749355088e+02
1.774528610382034515e+02
1.774685690014714226e+02
1.774842769647393936e+02
1.774999849280073363e+02
1.775156928912752790e+02
1.775314008545432500e+02
1.775471088178112211e+02
1.775628167810791638e+02
1.775785247443471064e+02
1.775942327076150775e+02
1.776099406708830486e+02
1.776256486341509913e+02
1.776413565974189339e+02
1.776570645606869050e+02
1.776727725239548761e+02
1.776884804872228187e+02
1.777041884504907614e+02
1.777198964137587325e+02
1.777356043770267036e+02
1.777513123402946462e+02
1.777670203035625889e+02
1.777827282668305600e+02
1.777984362300985310e+02
1.778141441933664737e+02
1.778298521566344164e+02
1.778455601199023874e+02
1.778612680831703585e+02
1.778769760464383012e+02
1.778926840097062438e+02
1.779083919729742149e+02
1.779240999362421860e+02
1.779398078995101287e+02
1.779555158627780713e+02
1.779712238260460424e+02
1.779869317893140135e+02
1.780026397525819561e+02
1.780183477158498988e+02
1.780340556791178699e+02
1.780497636423858410e+02
1.780654716056537836e+02
1.780811795689217263e+02
1.780968875321896974e+02
1.781125954954576684e+02
1.781283034587256111e+02
1.781440114219935538e+02
1.781597193852615248e+02
1.781754273485294959e+02
1.781911353117974386e+02
1.782068432750653812e+02
1.782225512383333523e+02
1.782382592016013518e+02
1.782539671648692661e+02
1.782696751281372087e+02
1.782853830914051798e+02
1.783010910546731793e+02
1.783167990179410936e+02
1.783325069812090362e+02
1.783482149444770073e+02
1.783639229077450068e+02
1.783796308710129210e+02
1.783953388342808637e+02
1.784110467975488348e+02
1.784267547608168343e+02
1.784424627240847485e+02
1.784581706873526912e+02
1.784738786506206623e+02
1.784895866138886618e+02
1.785052945771565760e+02
1.785210025404245187e+02
1.785367105036924897e+02
1.785524184669604892e+02
1.785681264302284035e+02
1.785838343934963461e+02
1.785995423567643172e+02
1.786152503200323167e+02
1.786309582833002310e+02
1.786466662465681736e+02
1.786623742098361447e+02
1.786780821731041442e+02
1.786937901363720584e+02
1.787094980996400011e+02
1.787252060629079722e+02
1.787409140261759717e+02
1.787566219894438859e+02
1.787723299527118286e+02
1.787880379159797997e+02
1.788037458792477992e+02
1.788194538425157134e+02
1.788351618057836561e+02
1.788508697690516271e+02
1.788665777323196266e+02
1.788822856955875409e+02
1.788979936588554835e+02
1.789137016221234546e+02
1.789294095853914541e+02
1.789451175486593684e+02
1.789608255119273110e+02
1.789765334751952821e+02
1.789922414384632816e+02
1.790079494017311958e+02
1.790236573649991385e+02
1.790393653282671096e+02
1.790550732915351091e+02
1.790707812548030233e+02
1.790864892180709660e+02
1.791021971813389371e+02
1.791179051446069366e+02
1.791336131078748508e+02
1.791493210711427935e+02
1.791650290344107646e+02
1.791807369976787641e+02
1.791964449609467067e+02
1.792121529242146210e+02
1.792278608874826205e+02
1.792435688507505915e+02
1.792592768140185342e+02
1.792749847772864484e+02
1.792906927405544479e+02
1.793064007038224190e+02
1.793221086670903617e+02
1.793378166303582759e+02
1.793535245936262754e+02
1.793692325568942465e+02
1.793849405201621892e+02
1.794006484834301034e+02
1.794163564466981029e+02
1.794320644099660740e+02
1.794477723732340166e+02
1.794634803365019309e+02
1.794791882997699304e+02
1.794948962630379015e+02
1.795106042263058441e+02
1.795263121895737584e+02
1.795420201528417579e+02
1.795577281161097289e+02
1.795734360793776716e+02
1.795891440426455858e+02
1.796048520059135853e+02
1.796205599691815564e+02
1.796362679324494991e+02
1.796519758957174133e+02
1.796676838589854128e+02
1.796833918222533839e+02
1.796990997855213266e+02
1.797148077487892408e+02
1.797305157120572403e+02
1.797462236753252114e+02
1.797619316385931540e+02
1.797776396018610683e+02
1.797933475651290678e+02
1.798090555283970389e+02
1.798247634916649815e+02
1.798404714549328958e+02
1.798561794182008953e+02
1.798718873814688664e+02
1.798875953447368090e+02
1.799033033080047232e+02
1.799190112712727228e+02
1.799347192345406938e+02
1.799504271978086365e+02
1.799661351610765507e+02
1.799818431243445502e+02
1.799975510876125213e+02
1.800132590508804640e+02
1.800289670141483782e+02
1.800446749774163777e+02
1.800603829406843488e+02
1.800760909039522915e+02
1.800917988672202057e+02
1.801075068304882052e+02
1.801232147937561763e+02
1.801389227570241189e+02
1.801546307202920616e+02
1.801703386835600327e+02
1.801860466468280038e+02
1.802017546100959464e+02
1.802174625733638891e+02
1.802331705366318602e+02
1.802488784998998312e+02
1.802645864631677739e+02
1.802802944264357166e+02
1.802960023897036876e+02
1.803117103529716587e+02
1.803274183162396014e+02
1.803431262795075440e+02
1.803588342427755151e+02
1.803745422060434862e+02
1.803902501693114289e+02
1.804059581325793715e+02
1.804216660958473426e+02
1.804373740591153137e+02
1.804530820223832563e+02
1.804687899856511990e+02
1.804844979489191701e+02
1.805002059121871412e+02
1.805159138754550838e+02
1.805316218387230265e+02
1.805473298019909976e+02
1.805630377652589686e+02
1.805787457285269113e+02
1.805944536917948540e+02
1.806101616550628250e+02
1.806258696183307961e+02
1.806415775815987388e+02
1.806572855448666814e+02
1.806729935081346525e+02
1.806887014714026236e+02
1.807044094346705663e+02
1.807201173979385089e+02
1.807358253612064800e+02
1.807515333244744511e+02
1.807672412877423938e+02
1.807829492510103364e+02
1.807986572142783075e+02
1.808143651775462786e+02
1.808300731408142212e+02
1.808457811040821639e+02
1.808614890673501350e+02
1.808771970306181061e+02
1.808929049938860487e+02
1.809086129571539914e+02
1.809243209204219625e+02
1.809400288836899335e+02
1.809557368469578762e+02
1.809714448102258189e+02
1.809871527734937899e+02
1.810028607367617610e+02
1.810185687000297037e+02
1.810342766632976463e+02
1.810499846265656174e+02
1.810656925898335885e+02
1.810814005531015312e+02
1.810971085163694738e+02
1.811128164796374449e+02
1.811285244429054160e+02
1.811442324061733586e+02
1.811599403694413013e+02
1.811756483327092724e+02
1.811913562959772435e+02
1.812070642592451861e+02
1.812227722225131288e+02
1.812384801857810999e+02
1.812541881490490709e+02
1.812698961123170136e+02
1.812856040755849563e+02
1.813013120388529273e+02
1.813170200021208984e+02
1.813327279653888411e+02
1.813484359286567837e+02
1.813641438919247548e+02
1.813798518551927259e+02
1.813955598184606686e+02
1.814112677817286112e+02
1.814269757449965823e+02
1.814426837082645534e+02
1.814583916715324960e+02
1.814740996348004387e+02
1.814898075980684098e+02
1.815055155613363809e+02
1.815212235246043235e+02
1.815369314878722662e+02
1.815526394511402373e+02
1.815683474144082084e+02
1.815840553776761510e+02
1.815997633409440937e+02
1.816154713042120648e+02
1.816311792674800643e+02
1.816468872307479785e+02
1.816625951940159212e+02
1.816783031572838922e+02
1.816940111205518917e+02
1.817097190838198060e+02
1.817254270470877486e+02
1.817411350103557197e+02
1.817568429736237192e+02
1.817725509368916335e+02
1.817882589001595761e+02
1.818039668634275472e+02
1.818196748266955467e+02
1.818353827899634609e+02
1.818510907532314036e+02
1.818667987164993747e+02
1.818825066797673742e+02
1.818982146430352884e+02
1.819139226063032311e+02
1.819296305695712022e+02
1.819453385328392017e+02
1.819610464961071159e+02
1.819767544593750586e+02
1.819924624226430296e+02
1.820081703859110291e+02
1.820238783491789434e+02
1.820395863124468860e+02
1.820552942757148571e+02
1.820710022389828566e+02
1.820867102022507709e+02
1.821024181655187135e+02
1.821181261287866846e+02
1.821338340920546841e+02
1.821495420553225983e+02
1.821652500185905410e+02
1.821809579818585121e+02
1.821966659451265116e+02
