0.000000000000000000e+00
-4.548009564552739638e-37
1.785278521457364249e-36
1.644877066745715451e-36
1.403663510730742301e-36
1.067955833873652987e-36
6.491438133275268524e-37
1.645596727383075561e-37
-3.625158245830678101e-37
-9.043354721507831066e-37
-1.431084330355824967e-36
-1.912954813879996448e-36
-2.321162217982496837e-36
-2.628345496406428656e-36
-2.809495666578105396e-36
-2.844074954145567521e-36
-2.718785097988838218e-36
-2.429674410061278533e-36
-1.982682883454842116e-36
-1.392913645647882409e-36
-6.837349182386413211e-37
1.135219224330503175e-37
9.596410881854017962e-37
1.808542011507227459e-36
2.610027753504840953e-36
3.313819963624310997e-36
3.873505353997836950e-36
4.249258075564462430e-36
4.409363703457193775e-36
4.331522305302224543e-36
4.004739513890097415e-36
3.431522224638391482e-36
2.629189255858790081e-36
1.629322081195032987e-36
4.755555649785421279e-37
-7.790667457981136734e-37
-2.074056583276235409e-36
-3.342784827285327903e-36
-4.514213483875277121e-36
-5.516111610801697732e-36
-6.279711995075681271e-36
-6.744659151607099685e-36
-6.863035148848364592e-36
-6.602242401052549230e-36
-5.947539750362537076e-36
-4.905007105276725938e-36
-3.504615280040651814e-36
-1.801945504879928940e-36
1.229277276174234519e-37
2.169720655944631269e-36
4.224310995145890786e-36
6.165654787711285267e-36
7.872581326939486567e-36
9.230856939352036200e-36
1.014094670000544525e-35
1.052584650279254338e-35
1.033733966298968406e-35
9.559199008809460441e-36
8.207180456642366317e-36
6.326983193780770271e-36
3.991587406260903651e-36
1.298540923228796478e-36
-1.633149526985663160e-36
-4.666979718192646634e-36
-7.653636887789703430e-36
-1.043586944544755705e-35
-1.285333832308975484e-35
-1.474807803374805859e-35
-1.597165360027011079e-35
-1.639467093344249861e-35
-1.591826888672891262e-35
-1.448630784285971156e-35
-1.209659875623875371e-35
-8.809542685296718166e-36
-4.752623815475295438e-36
-1.192645840271691215e-37
4.839096477725197313e-36
9.827961344623717090e-36
1.453075651468473589e-35
1.863363774293173742e-35
2.185114575276501955e-35
2.394951519697823423e-35
2.476466106346794808e-35
2.421258339270644655e-35
2.229124659770940530e-35
1.907450224163983554e-35
1.470006677618110261e-35
9.354615779863838971e-36
3.259442792844292650e-36
-3.340291455993101676e-36
-1.018089756145155640e-35
-1.698003251364603845e-35
-2.343302161327942274e-35
-2.920922006359403591e-35
-3.395294541240862657e-35
-3.729335543957740952e-35
-3.886625680847426008e-35
-3.834834512178625561e-35
-3.550121599859636479e-35
-3.021929241187185535e-35
-2.257333502121713000e-35
-1.284013657267658313e-35
-1.509825057036218502e-36
1.073497145303814036e-35
2.306933514658088225e-35
3.460143605195576970e-35
4.446354952601467016e-35
5.190516636101319432e-35
5.637296452009702720e-35
5.756371102585839939e-35
5.544050535238315773e-35
5.020954661613995733e-35
4.226256986216512881e-35
3.209759835553431186e-35
2.023595345631437716e-35
7.155101906446266603e-36
-6.745881087480180312e-36
-2.113854825101194108e-35
-3.571555463690515310e-35
-5.011122227641614741e-35
-6.381389499886850729e-35
-7.609761616644315970e-35
-8.600053163719218818e-35
-9.237051020231349593e-35
-9.398544038574212123e-35
-8.973868068870415628e-35
-7.886260503417747548e-35
-6.114909205164609884e-35
-3.711891261588477316e-35
-8.094896015598654593e-36
2.385276689861197566e-35
5.609827282293390381e-35
8.577060216309294874e-35
1.101369292457356994e-34
1.269926989955490221e-34
1.349832859411869362e-34
1.337888409122015028e-34
1.241264315864593787e-34
1.075587379203901336e-34
8.613994266393252488e-35
6.196841268454197353e-35
3.674313070631012096e-35
1.142895633337963714e-35
-1.387951985694298843e-35
-3.984383842482223523e-35
-6.752038217784381132e-35
-9.781600480303956020e-35
-1.308782795047538119e-34
-1.655709448647012086e-34
-1.991868343106841712e-34
-2.275165566014069541e-34
-2.453245387090695963e-34
-2.471957788439020547e-34
-2.286242510545887987e-34
-1.871380786341434457e-34
-1.232170011257274705e-34
-4.076822518083015604e-35
5.300825991774761923e-35
1.484220248988904742e-34
2.346800172162877707e-34
3.016389079983381196e-34
3.415943386882815626e-34
3.507330506743777924e-34
3.299058497277335784e-34
2.844921392817348387e-34
2.233046765699171902e-34
1.566937438222524005e-34
9.420903413951996487e-35
4.231828046617314296e-35
2.724549119142210250e-36
-2.825279983762809871e-35
-5.896246124121907339e-35
-1.003808749061433573e-34
-1.630716456081965274e-34
-2.537484815621680686e-34
-3.722209756924951056e-34
-5.095203907786353138e-34
-6.478382518488686489e-34
-7.625781879135968441e-34
-8.263756419164309417e-34
-8.144683020457537552e-34
-7.104070330814994596e-34
-5.108826599243120191e-34
-2.284799815712802601e-34
1.085194666247742958e-34
4.596161040886245616e-34
7.784911193042531411e-34
1.021268804996322199e-33
1.155044625596167815e-33
1.164836463249602207e-33
1.057260489636923457e-33
8.597808496954196418e-34
6.152583182792997460e-34
3.725672997684190796e-34
1.750445491573312922e-34
4.924264409609426450e-35
-3.311695036115690990e-36
-9.022261117636202429e-36
-1.841183186470974383e-35
-9.560816966512635877e-35
-3.027097235358712647e-34
-6.820195445795605650e-34
-1.240037076265552697e-33
-1.937222837906230008e-33
-2.686773372326086454e-33
-3.364026332427072656e-33
-3.825921042855157310e-33
-3.937595539398126001e-33
-3.601221474328593793e-33
-2.781058476256975027e-33
-1.518809794199475917e-33
6.519219938919969739e-35
1.786813789989499754e-33
3.427448864597976614e-33
4.772930501560834289e-33
5.654419023676877513e-33
5.982390764650177014e-33
5.765460610938799967e-33
5.108345078368821359e-33
4.187458255743679912e-33
3.207664598956768342e-33
2.348536189553573193e-33
1.711941089344477551e-33
1.283954818312632245e-33
9.223799265226827390e-34
3.766091895712392436e-34
-6.601387859173923042e-34
-2.473782153058304625e-33
-5.241972201208471244e-33
-8.955226870595033959e-33
-1.336625169405133435e-32
-1.798348369856795225e-32
-2.211718905113030510e-32
-2.497588452832522344e-32
-2.579946899130547907e-32
-2.400570984744840526e-32
-1.932102130183965964e-32
-1.186655777783974347e-32
-2.177183881107673026e-33
8.856858563997148404e-33
2.011990205872119026e-32
3.045045620617429057e-32
3.883544702601933333e-32
4.457761151385317146e-32
4.739691339057405862e-32
4.743848339798975908e-32
4.517891384166523076e-32
4.124618930910829188e-32
3.619116753711156127e-32
3.026497288929919423e-32
2.326232796786223496e-32
1.448303460352913555e-32
2.842593869835633919e-33
-1.286851716452405049e-32
-3.361321262157375049e-32
-5.969263181297183996e-32
-9.037763458278050562e-32
-1.236810681521979011e-31
-1.563482396312213499e-31
-1.841068905314299478e-31
-2.021680225898204583e-31
-2.059146041940518692e-31
-1.916680268214167088e-31
-1.573934486585845901e-31
-1.032032790364917352e-31
-3.154636021025519067e-32
5.297419607759013131e-32
1.441386122504219190e-31
2.349116720788895197e-31
3.183537454308350286e-31
3.884552375517578954e-31
4.407155439642499397e-31
4.723375626423623815e-31
4.819942726542311554e-31
4.692287442592812800e-31
4.336506719729729808e-31
3.741665646795787420e-31
2.885059127221824053e-31
1.732694805426322757e-31
2.462846590805771418e-32
-1.603410885491142244e-31
-3.818685915536212298e-31
-6.355731438169502810e-31
-9.108489669487133573e-31
-1.189996722198372317e-30
-1.448467426166459590e-30
-1.656416790264841220e-30
-1.781533369800845622e-30
-1.792846744288558377e-30
-1.664994834184407597e-30
-1.382284404632927524e-30
-9.418553319356500469e-31
-3.553740937815375073e-31
3.510770127565371560e-31
1.138922777550146819e-30
1.960492365522606179e-30
2.763263216529885990e-30
3.494159626354095016e-30
4.103124150251935361e-30
4.545377113370631475e-30
4.782134038878812370e-30
4.779992477592042993e-30
4.509629306119248313e-30
3.944758434069663786e-30
3.062393166659935495e-30
1.845281804558832719e-30
2.869402519844038528e-31
-1.600944419195379206e-30
-3.779699393079798980e-30
-6.175060898122117785e-30
-8.670822605015848297e-30
-1.110683651696932155e-29
-1.328308191513632595e-29
-1.497071494689349258e-29
-1.592990044059605134e-29
-1.593299958675444368e-29
-1.479057962524021385e-29
-1.237696112448683224e-29
-8.651808359250320231e-30
-3.674683440874274621e-30
2.389517245669325062e-30
9.274917543414216510e-30
1.662793775580362195e-29
2.402727362106861601e-29
3.100750982460238447e-29
3.708316704055215372e-29
4.177062918177556779e-29
4.460670686258874716e-29
4.516427007216033338e-29
4.306700819772637756e-29
3.800648855958049351e-29
2.976488923847126483e-29
1.824584885803323808e-29
3.513820135611863337e-30
-1.416057423490405245e-29
-3.425486792052876938e-29
-5.595722531298913733e-29
-7.814718839700141142e-29
-9.940476951790510426e-29
-1.180558960923345109e-28
-1.322582063548402476e-28
-1.401257384738786450e-28
-1.398849942715842641e-28
-1.300492528870883365e-28
-1.095939293937560564e-28
-7.811407373038082433e-29
-3.594622551385221432e-29
1.575932407719550157e-29
7.502392767142133094e-29
1.390848879611271742e-28
2.044935512890514570e-28
2.672574243634444949e-28
3.230145836012532063e-28
3.672296734416001392e-28
3.954043756955046076e-28
4.033002196705805602e-28
3.871763195691617034e-28
3.440472385367436982e-28
2.719651347866530611e-28
1.703248040997512642e-28
4.018039089248060247e-29
-1.154502433727241059e-28
-2.913308315275508274e-28
-4.798498382092989542e-28
-6.710147241213312238e-28
-8.526475950997919408e-28
-1.010819944811715773e-27
-1.130542512180165217e-27
-1.196697634690960005e-27
-1.195169659546102102e-27
-1.114098744786643225e-27
-9.451596482005980551e-28
-6.847539435778900159e-28
-3.350039095950720513e-28
9.555076880388639831e-29
5.916286220144305943e-28
1.131299167831760026e-27
1.686506136429731195e-27
2.224007010886859890e-27
2.706695374625597155e-27
3.095262881524096318e-27
3.350156402282984619e-27
3.433788976940349153e-27
3.312964586146346782e-27
2.961469896106937060e-27
2.362765754148438112e-27
1.512675043055115921e-27
4.219135668581136935e-28
-8.817462781701851639e-28
-2.351942233688717518e-27
-3.923117955464367296e-27
-5.511150888832576841e-27
-7.015477897040175898e-27
-8.322899841270314699e-27
-9.313116987193255164e-27
-9.865883182181178611e-27
-9.869485639218215623e-27
-9.230081048602724697e-27
-7.881270956320624351e-27
-5.793200343789113313e-27
-2.980426936507175481e-27
4.921604277296442606e-28
4.506003410002173790e-27
8.888604434951390488e-27
1.341664578003268217e-26
1.782264160569584774e-26
2.180510016418705459e-26
2.504202454983768396e-26
2.720744824331761949e-26
2.799057549274431241e-26
2.711695902245576009e-26
2.437098063401416429e-26
1.961869200392282443e-26
1.282982410902995110e-26
4.097502307730720634e-27
-6.346053074557767134e-27
-1.811975129822651950e-26
-3.069175441777855252e-26
-4.338734915876618145e-26
-5.540806321565213623e-26
-6.586291816831426386e-26
-7.381187389143643950e-26
-7.832050075063673170e-26
-7.852380200693324569e-26
-7.369600920002388057e-26
-6.332220606064317636e-26
-4.716691140865376212e-26
-2.533435341283916058e-26
1.684855477981184577e-27
3.298557580972708669e-26
6.724275823456901632e-26
1.027320577457366494e-25
1.373784823567773179e-25
1.688337751717703652e-25
1.945818042576619368e-25
2.120697493832511684e-25
2.188613286037473415e-25
2.128066874856168034e-25
1.922218729338793979e-25
1.560690567547979850e-25
1.041269397249226669e-25
3.713920166585741375e-26
-4.307231787198641358e-26
-1.335435529031530766e-25
-2.301666946246867000e-25
-3.277630587496372474e-25
-4.202391961306736812e-25
-5.008307155698978730e-25
-5.624325995989346196e-25
-5.980081064116375695e-25
-6.010611264736709013e-25
-5.661496864043881360e-25
-4.894118117033815106e-25
-3.690698055124749280e-25
-2.058757162489103787e-25
-3.459747782634128358e-27
2.314551763984908415e-25
4.890055255140688703e-25
7.563324629604523606e-25
1.017938430387567368e-24
1.256262908667132797e-24
1.452473607391737059e-24
1.587456573767554545e-24
1.642975152055728478e-24
1.602953717481977758e-24
1.454828101654662200e-24
1.190891238253339332e-24
8.095506378125405623e-25
3.164049543389496178e-25
-2.749585372818745999e-25
-9.425438251625714214e-25
-1.655995010379052744e-24
-2.377191157614825838e-24
-3.061441058821784275e-24
-3.659300208809064289e-24
-4.118993110863766633e-24
-4.389379125940098472e-24
-4.423352153543836193e-24
-4.181516868686721868e-24
-3.635940819081224441e-24
-2.773746248319905643e-24
-1.600281592156538438e-24
-1.416031159880425559e-25
1.553995811596335182e-24
3.415645695847457612e-24
5.350947728664170393e-24
7.248542865553391829e-24
8.982265203932014757e-24
1.041685436526144480e-23
1.141510419129399284e-23
1.184622110175336221e-23
1.159505910269083878e-23
1.057179468727720420e-23
8.721509702752035218e-24
6.033070645036003541e-24
2.546636641426212972e-24
-1.640896042586923149e-24
-6.373189546476903278e-24
-1.143511375427054868e-23
-1.655724795737453967e-23
-2.142456376400805079e-23
-2.568939633106162432e-23
-2.898854384620606221e-23
-3.096403471890533241e-23
-3.128678485929731788e-23
-2.968205431942296564e-23
-2.595532655762979044e-23
-2.001699861656654007e-23
-1.190410951772062491e-23
-1.797267302368863531e-24
9.969021838618577860e-24
2.290425577076372475e-23
3.636941617549842636e-23
4.959496347342398737e-23
6.170976385738973289e-23
7.178074855777483255e-23
7.886241477282070183e-23
8.205454171636067804e-23
8.056574872337092884e-23
7.377980605912849088e-23
6.132096922225647398e-23
4.311409470501437582e-23
1.943496237229196477e-23
-9.053870750750283317e-24
-4.128618068007427162e-23
-7.579814791413079021e-23
-1.107605477769118113e-22
-1.440390335722645638e-22
-1.732829807400643675e-22
-1.960415826152146072e-22
-2.099039177315869272e-22
-2.126576505896040879e-22
-2.024590105060829569e-22
-1.780048600270104320e-22
-1.386961651905188844e-22
-8.478116058801543727e-23
-1.746609418676963430e-23
6.101825264626515546e-23
1.474049715588450210e-22
2.374431324632757444e-22
3.260196157424526078e-22
4.073531998197975210e-22
4.752592866983335444e-22
5.234790151511167291e-22
5.460615981665489855e-22
5.377837796095602096e-22
4.945856254903888908e-22
4.139977688762499637e-22
2.955320537002631649e-22
1.410056124384876410e-22
-4.523191295503037493e-23
-2.561967622827481204e-22
-4.823202174198909387e-22
-7.116679268088605243e-22
-9.303408938354487600e-22
-1.123059780969257875e-21
-1.273922726985184231e-21
-1.367314325137709188e-21
-1.388930432048222252e-21
-1.326870864918683681e-21
-1.172740682183223935e-21
-9.226915519586957729e-22
-5.783285955529453437e-22
-1.474058689208014310e-22
3.557640126939722195e-22
9.102532217661623188e-22
1.488869516982122532e-21
2.058951158870812869e-21
2.583620011950718163e-21
3.023480257285249138e-21
3.338720513388875604e-21
3.491545946259288021e-21
3.448835818107268365e-21
3.184892792700676300e-21
2.684125260430345118e-21
1.943485114021097024e-21
9.744728924409903502e-22
-1.954780763173473431e-22
-1.522415398853532827e-21
-2.946231717780085545e-21
-4.392094103376633008e-21
-5.773003211785964638e-21
-6.993484729157157745e-21
-7.954344423831001846e-21
-8.558340927627616179e-21
-8.716551275878737828e-21
-8.355128088333476112e-21
-7.422079396247819827e-21
-5.893648042118829360e-21
-3.779832685110983032e-21
-1.128581616020037726e-21
1.971792184356981600e-21
5.392378267718550199e-21
8.965941701507410731e-21
1.249191387831585695e-20
1.574417307245934784e-20
1.848152253279327570e-20
2.046059261619273982e-20
2.145070383276758633e-20
2.125004021777474686e-20
1.970230903724088124e-20
1.671291618002910239e-20
1.226357958771102299e-20
6.424248061152526904e-21
-6.387993227355347507e-22
-8.659718554307754744e-21
-1.727561991329755263e-20
-2.603549581736616830e-20
-3.441590309906335322e-20
-4.184337085203855494e-20
-4.772307899455874294e-20
-5.147289515195127949e-20
-5.256139299933141141e-20
-5.054803239251196107e-20
-4.512329159856958037e-20
-3.614623676963650244e-20
-2.367682448472437766e-20
-8.000187537081908823e-21
1.035972536175506229e-20
3.063948362763210608e-20
5.185032173578538229e-20
7.280826792324939171e-20
9.218058865141714744e-20
1.085479127653435830e-19
1.204803358321390515e-19
1.266247013845541930e-19
1.257991745469585834e-19
1.170902348004444852e-19
9.994639246717116736e-20
7.426235190109568316e-20
4.044707289065858899e-20
-5.307195519540632302e-22
-4.712551258767227300e-20
-9.723145005844621223e-20
-1.482358252795422141e-19
-1.971113874595462092e-19
-2.405470502630287094e-19
-2.751141400433966880e-19
-2.974627124614850407e-19
-3.045398420252807180e-19
-2.938193125332869910e-19
-2.635299833250446799e-19
-2.128684558036109390e-19
-1.421806884016107115e-19
-5.309705798625712241e-20
5.139383803677007025e-20
1.669455248936122502e-19
2.879381581629259992e-19
4.076533402207974221e-19
5.185406121916053888e-19
6.125714843885323064e-19
6.816708820521308450e-19
7.182097208125291087e-19
7.155363455470806968e-19
6.685191617774863330e-19
5.740683725205220872e-19
4.316017122524627096e-19
2.434178187935183492e-19
1.494172009492564647e-20
-2.451899338751021002e-19
-5.252306767546609375e-19
-8.106318494246102079e-19
-1.084564577847347128e-18
-1.328652491594036078e-18
-1.523898016117166358e-18
-1.651770772458486493e-18
-1.695412365443407324e-18
-1.640898531421446923e-18
-1.478488205060678882e-18
-1.203780515044590103e-18
-8.186959419932192927e-19
-3.321976636399832768e-19
2.393259135530174533e-19
8.720859088721218030e-19
1.535377322991561086e-18
2.192553787412684881e-18
2.802497243697069650e-18
3.321557102803860043e-18
3.705901086492433694e-18
3.914186931676102693e-18
3.910432396920902845e-18
3.666932676328930940e-18
3.167051596985221392e-18
2.407697991485034347e-18
1.401293339457860136e-18
1.770427604640250021e-19
-1.218660173514306579e-18
-2.722833065767907920e-18
-4.257603110727435266e-18
-5.733043159094349710e-18
-7.051119155339897298e-18
-8.110650659693471621e-18
-8.813110851624930884e-18
-9.069018033601217990e-18
-8.804601946996872501e-18
-7.968370171750801594e-18
-6.537157485483595893e-18
-4.521218953004082493e-18
-1.967929687359510528e-18
1.036316342370132719e-18
4.366357701171854544e-18
7.860928889249585745e-18
1.132788276014956603e-17
1.455198035944595810e-17
1.730509969337480946e-17
1.935854708290923265e-17
2.049698488644565518e-17
2.053332768932951349e-17
1.932381656455382294e-17
1.678236893385297991e-17
1.289323069114250555e-17
7.720937220584521028e-18
1.416628478544444954e-18
-5.780134483961487778e-18
-1.354473647490943915e-17
-2.147651228580867089e-17
-2.911355310679111318e-17
-3.595314491870377123e-17
-4.147730098729411158e-17
-4.518246948789487702e-17
-4.661212444581951982e-17
-4.539060762776804565e-17
-4.125630584222745990e-17
-3.409204699676674291e-17
-2.395050194679066746e-17
-1.107240676416206150e-17
4.104414586622562804e-18
2.094693695801054821e-17
3.864098577132831052e-17
5.621812134094102897e-17
7.259532058036278958e-17
8.662663245881040872e-17
9.716514712940088272e-17
1.031327795718908482e-16
1.035945780470529987e-16
9.783358021127630263e-17
8.542171040186968547e-17
6.628189253585920695e-17
4.073648999943013498e-17
9.537412547211731141e-18
-2.612622720362219703e-17
-6.464616291497913388e-17
-1.040408159881681035e-16
-1.420295748445113889e-16
-1.761344984123424547e-16
-2.038066280092191987e-16
-2.225722394797440407e-16
-2.301925724660691988e-16
-2.248289532756310552e-16
-2.052039028674021787e-16
-1.707479095895113670e-16
-1.217211540777389173e-16
-5.929968889283308231e-17
1.438354082197488504e-17
9.625086958155717831e-17
1.823510465076492478e-16
2.679922095602458780e-16
3.479361537127845420e-16
4.166495421779316689e-16
4.686037067224558814e-16
4.986107033247180868e-16
5.021795790825105753e-16
4.758736248616642846e-16
4.176469942815779553e-16
3.271377049851661569e-16
2.058939107677195956e-16
5.751160053701741085e-17
-1.123353665489859136e-16
-2.959877298116492708e-16
-4.840249708083882859e-16
-6.656233915128206832e-16
-8.290425041602213776e-16
-9.622256223125692696e-16
-1.053491895098270908e-15
-1.092288728199014261e-15
-1.069966134618699955e-15
-9.805286151290900198e-16
-8.213162197175369070e-16
-5.935649667292973102e-16
-3.027981808485626303e-16
4.099518913141993397e-17
4.234315004666043088e-16
8.260779877780181229e-16
1.227084701012201385e-15
1.602098531296296678e-15
1.925437403755031610e-15
2.171484316830734300e-15
2.316242781921681571e-15
2.338978501299134270e-15
2.223858000472850894e-15
1.961484569304689361e-15
1.550226338279742084e-15
9.972315283587194256e-16
3.190325275206869580e-16
-4.583461851276113067e-16
-1.299841146098277619e-15
-2.162402522473316122e-15
-2.996652878526366182e-15
-3.749122770770971081e-15
-4.364995452630787774e-15
-4.791254196552213143e-15
-4.980088903992732138e-15
-4.892386237757819558e-15
-4.501101961623842716e-15
-3.794297863541507155e-15
-2.777620636396124298e-15
-1.476008010753292804e-15
6.557070577287117025e-17
1.782496441731639542e-15
3.592111521376806462e-15
5.396605160291228541e-15
7.087146396138804194e-15
8.549158998248565148e-15
9.668551677630549173e-15
1.033863764984037472e-14
1.046740531791912247e-14
9.984741727233110111e-15
8.849167540074605564e-15
7.053621160428197063e-15
4.629834084800720907e-15
1.650872219262445560e-15
-1.768519968043466982e-15
-5.474044396345770770e-15
-9.276597314970757515e-15
-1.295965332257201951e-14
-1.628914091452841904e-14
-1.902549818646593149e-14
-2.093743036291589717e-14
-2.181673381697330471e-14
-2.149341483366523457e-14
-1.985022613601268896e-14
-1.683568003801267228e-14
-1.247458253870700767e-14
-6.875174207081848189e-15
-2.320651355630358440e-16
7.175686835003630565e-15
1.499178598865370446e-14
2.279535796091654680e-14
3.011890941224002523e-14
3.647110329075790279e-14
4.136352048817958866e-14
4.434024582526447921e-14
4.500881628684598800e-14
4.307082404753176909e-14
3.835029700462462343e-14
3.081790394611023592e-14
2.060906519025587128e-14
8.034202661385820931e-15
-6.420360073384107626e-15
-2.210194029734421724e-14
-3.821206687632084965e-14
-5.383806679322715758e-14
-6.799499151179659741e-14
-7.967651105421022920e-14
-8.791271328126497164e-14
-9.183210345479890278e-14
-9.072454874061473291e-14
-8.410149718673248104e-14
-7.174956080373503604e-14
-5.377352140578926511e-14
-3.062502063769571668e-14
-3.113645486683654040e-15
2.760218256083697069e-14
6.004617775379311680e-14
9.247755268368702819e-14
1.229660210527082357e-13
1.494863085155648388e-13
1.700286376111841810e-13
1.827203107532582723e-13
1.859523202147793763e-13
1.785039538334771722e-13
1.596577230351040937e-13
1.292966888660190040e-13
8.797645952505733149e-14
3.696481598432703631e-14
-2.175689811205758761e-14
-8.553482756198545364e-14
-1.511282139330810069e-13
-2.148392370424388499e-13
-2.726840830033008803e-13
-3.205994424544614842e-13
-3.546759013106210965e-13
-3.714071631282342922e-13
-3.679419116664236705e-13
-3.423235543749756566e-13
-2.937022368045482835e-13
-2.225035121797131517e-13
-1.305389801314423759e-13
-2.104611748478151093e-14
1.013525989441520660e-13
2.307774029124357543e-13
3.603073677041291734e-13
4.822814240099913835e-13
5.886752943733115717e-13
6.715398913671892401e-13
7.234815321714364281e-13
7.381597543656136171e-13
7.107749160736563421e-13
6.385154460696079897e-13
5.209338509335790248e-13
3.602215969409938736e-13
1.613558893699178638e-13
-6.790380499450393289e-14
-3.171849951009935659e-13
-5.738443954546157980e-13
-8.234808200454884408e-13
-1.050605997271127945e-12
-1.239449827447749242e-12
-1.374866154791180535e-12
-1.443295613455878093e-12
-1.433734197146627948e-12
-1.338650533775923086e-12
-1.154791994646824646e-12
-8.838201971422582764e-13
-5.327204868548115972e-13
-1.139377397183998760e-13
3.547977760762022563e-13
8.509760069054906449e-13
1.348148197287150349e-12
1.817087911969749451e-12
2.227235843954295368e-12
2.548371687921351728e-12
2.752437060878416063e-12
2.815416699073820496e-12
2.719172211020711551e-12
2.453114687437032607e-12
2.015600453548717385e-12
1.414938935566649313e-12
6.699134075904918910e-13
-1.902656995187247695e-13
-1.126629630708114916e-12
-2.091765537345604326e-12
-3.031763383100996083e-12
-3.888743979319508200e-12
-4.603876950462382880e-12
-5.120759200475680981e-12
-5.388990041070639885e-12
-5.367750973852195398e-12
-5.029178502340321070e-12
-4.361309341209420516e-12
-3.370380623825140170e-12
-2.082284245181241892e-12
-5.430046622910660863e-13
1.182087155767593799e-12
3.010155699482042069e-12
4.844045938309311634e-12
6.576586784875366533e-12
8.095913464095496462e-12
9.291595182690543877e-12
1.006128571483226541e-11
1.031755557734216169e-11
9.994519830098915787e-12
9.053849324255019100e-12
7.489748908126602243e-12
5.332506203600140535e-12
2.650260342613051208e-12
-4.512887302989625842e-13
-3.831414982253288876e-12
-7.319214728437231271e-12
-1.072070843043647066e-11
-1.382799660308624894e-11
-1.643013007303923947e-11
-1.832522070501338351e-11
-1.933319932810499092e-11
-1.930853136305420849e-11
-1.815213559548950864e-11
-1.582172478112510248e-11
-1.233980391943273382e-11
-7.798626569358278754e-12
-2.361522293404219652e-12
3.739833054039553054e-12
1.021243332641922003e-11
1.671324216458829825e-11
2.286452225519266233e-11
2.827267761760601354e-11
3.254983714293462846e-11
3.533717265392203051e-11
3.632874586468192303e-11
3.529453093631188147e-11
3.210117691883825829e-11
2.672906917046131900e-11
1.928432936284993104e-11
1.000456375114705765e-11
-7.425728018623054001e-13
-1.246859187948819048e-11
-2.458135660497905076e-11
-3.640997629901760287e-11
-4.723667360395922464e-11
-5.633441011963177851e-11
-6.300860603984474137e-11
-6.664089243943650796e-11
-6.673251933941254750e-11
-6.294483523017459622e-11
-5.513417859203851872e-11
-4.337859843602568836e-11
-2.799406063468956373e-11
-9.538201282925343281e-12
1.119975267728320362e-11
3.322358363859417634e-11
5.536909983199592357e-11
7.635660948350815705e-11
9.485502194854475642e-11
1.095549015576718479e-10
1.192470322724250275e-10
1.229024080012209226e-10
1.197490932129469082e-10
1.093411482403919832e-10
9.161482463426328855e-11
6.692753804382954350e-11
3.607573187578486402e-11
2.886448932358543567e-13
-3.880384305007753336e-11
-7.922974479826778238e-11
-1.187588309129364901e-10
-1.550092116456659147e-10
-1.855724761750305580e-10
-2.081517854643961946e-10
-2.207060541636175818e-10
-2.215923629186456312e-10
-2.096981011009294177e-10
-1.845541342814177726e-10
-1.464205905270428204e-10
-9.633770759750304718e-11
-3.613558218893874683e-11
3.160143188274546687e-11
1.036176068594801423e-10
1.761153196889964471e-10
2.449276719377380649e-10
3.057280198015060257e-10
3.542675347553918753e-10
3.866295279994994774e-10
3.994872805698515112e-10
3.903506715514258232e-10
3.577861447292537080e-10
3.015946493111700736e-10
2.229332495646670460e-10
1.243681711383903572e-10
9.850096142009205064e-12
-1.153936057682812383e-10
-2.450505376933890497e-10
-3.719948230777587759e-10
-4.886296250822314531e-10
-5.872869710364079780e-10
-6.606668343138013821e-10
-7.022936159712237103e-10
-7.069651521664362700e-10
-6.711674157404792967e-10
-5.934274779718401266e-10
-4.745783283324145704e-10
-3.179120015542778592e-10
-1.292021496451318051e-10
8.341646992013696463e-11
3.097165236946877662e-10
5.377912306952470214e-10
7.546000815034837962e-10
9.466267628594350701e-10
1.100621081289697745e-09
1.204389685172622831e-09
1.247594503792511457e-09
1.222513443708153255e-09
1.124715532799428548e-09
9.536029809571314456e-10
7.127760559854786805e-10
4.101835062753159196e-10
5.803133036119289699e-11
-3.275646226448998843e-10
-7.271823948376551380e-10
-1.118939237475378793e-09
-1.479549125006295727e-09
-1.785549421518917227e-09
-2.014641288915246244e-09
-2.147077606900303088e-09
-2.167023323264924201e-09
-2.063807054310950632e-09
-1.832980559042144522e-09
-1.477105678081654699e-09
-1.006197397426166828e-09
-4.377670402880024997e-10
2.035696280961098242e-10
8.869301168251191716e-10
1.576433495803846532e-09
2.232858543931480047e-09
2.815627472301584793e-09
3.285029745963064239e-09
3.604581689463828410e-09
3.743401124312879330e-09
3.678463048582126686e-09
3.396594199284940254e-09
2.896063909069075916e-09
2.187638607680247574e-09
1.294989087797947366e-09
2.543726578747439616e-10
-8.864463102339446445e-10
-2.070028574799784755e-09
-3.231791370396280896e-09
-4.303144557821942598e-09
-5.215101636135669616e-09
-5.902204531364019863e-09
-6.306573003331798508e-09
-6.381864230292331986e-09
-6.096907844526135944e-09
-5.438771283357154848e-09
-4.415016024514824548e-09
-3.054932216045348216e-09
-1.409588821404281371e-09
4.493950179382140804e-10
2.432372393343307745e-09
4.435419968210157389e-09
6.345181582851719441e-09
8.044607609358073826e-09
9.419344193765669134e-09
1.036448275252489129e-08
1.079133745551219398e-08
1.063387714534360761e-08
9.854405316805794014e-09
8.448070206555336694e-09
6.445810585008019222e-09
3.915410102344566371e-09
9.604422061738433675e-10
-2.282974737917545974e-09
-5.651547644277221724e-09
-8.962108884272602679e-09
-1.202054720249506309e-08
-1.463199319086811736e-08
-1.661182163668796437e-08
-1.779697146409480573e-08
-1.805701315083088064e-08
-1.730431902233061389e-08
-1.550263580265530564e-08
-1.267335301810586402e-08
-8.898833358791763382e-09
-4.322331853558640673e-09
8.557367285001613824e-10
6.385158343001669648e-09
1.197663671716476233e-08
1.731540380495813337e-08
2.207713559526883458e-08
2.594550791377939616e-08
2.863065789077933687e-08
2.988771936695520249e-08
2.953446394143157331e-08
2.746693213839914703e-08
2.367184380213338316e-08
1.823460582473130493e-08
1.134193720906759333e-08
3.278502483511636560e-09
-5.582578986176031935e-09
-1.479500124488422610e-08
-2.385959043335806167e-08
-3.224871908034122018e-08
-3.943376938991059042e-08
-4.491456321591606861e-08
-4.824959476480964081e-08
-4.908570617206833675e-08
-4.718554691402329148e-08
-4.245085724744320366e-08
-3.493947272617187830e-08
-2.487410924783394568e-08
-1.264151677413954460e-08
1.218587028270852581e-09
1.603446556029945595e-08
3.103206349764130600e-08
4.537184507101360560e-08
5.819102077673757162e-08
6.864949515653518642e-08
7.597793775882411758e-08
7.952621622424363108e-08
7.880994778155123415e-08
7.355223978360155079e-08
6.371709984082042631e-08
4.953086545854642305e-08
3.148858980925501603e-08
1.034362834849196173e-08
-1.291959358467932172e-08
-3.712798110212156501e-08
-6.097455864338297282e-08
-8.308252155192203596e-08
-1.020757359626670118e-07
-1.166534009733203857e-07
-1.256667791219011985e-07
-1.281953681415787536e-07
-1.236186302532887101e-07
-1.116778713723832100e-07
-9.252183341699421665e-08
-6.672976664660836944e-08
-3.530752285989919979e-08
3.447479822359375631e-10
3.849129445348415994e-08
7.714116390901755908e-08
1.141444850330555058e-07
1.472993509541563042e-07
1.744655533029581569e-07
1.936827631571043509e-07
2.032907871638297629e-07
2.020477454341325082e-07
1.892388867044038764e-07
1.647656315591907892e-07
1.292030406030694674e-07
8.381552866229230463e-08
3.052540469996456226e-08
-2.816459564006486805e-08
-8.928746949347978506e-08
-1.495559785853789829e-07
-2.055239289593046347e-07
-2.537572968855157738e-07
-2.910118975749740204e-07
-3.144166036049463697e-07
-3.216597253350987721e-07
-3.111709137682097317e-07
-2.822837768735610627e-07
-2.353587398326615406e-07
-1.718449933274488975e-07
-9.426640124587974541e-08
-6.127787847229282157e-09
8.824886859532517828e-08
1.839391911884863721e-07
2.756605162859826624e-07
3.580288871341831707e-07
4.258219153696347977e-07
4.742488682095532758e-07
4.992314488607416090e-07
4.976921310666789161e-07
4.678333267522483946e-07
4.093758554344821912e-07
3.237167994538288430e-07
2.139709171230864545e-07
8.487732134397982779e-08
-5.742139041172506069e-08
-2.056969619369640066e-07
-3.520081096235915416e-07
-4.880906144264632770e-07
-6.057454656658840937e-07
-6.972270958250207853e-07
-7.556470463754776334e-07
-7.754051028350596072e-07
-7.526388755763118904e-07
-6.856516028984896063e-07
-5.752509340152224718e-07
-4.249238768206364896e-07
-2.407934324865838301e-07
-3.134643082579155760e-08
1.930271119005720776e-07
4.206071063983963778e-07
6.389482125741441439e-07
8.354629983741151969e-07
9.979753643646881409e-07
1.115276358370208179e-06
1.177728067124439120e-06
1.177937579225560669e-06
1.111467964081876864e-06
9.774891762562650292e-07
7.792303865316314355e-07
5.241033016101534053e-07
2.234299770756807582e-07
-1.081933580052887510e-07
-4.537751765472781533e-07
-7.948889513740500134e-07
-1.112581672121867240e-06
-1.388178751986322224e-06
-1.604028031894950609e-06
-1.744286592303551445e-06
-1.795848066480106430e-06
-1.749428956997994693e-06
-1.600707100566714494e-06
-1.351288828631641160e-06
-1.009236534798012586e-06
-5.889546022003192232e-07
-1.103961672052494388e-07
4.022520623291637342e-07
9.221162924949822816e-07
1.421115462763128628e-06
1.871197354219440095e-06
2.245343170232709198e-06
2.518519827379271003e-06
2.668823141988899693e-06
2.678975362732729539e-06
2.538134237083541054e-06
2.243716253269246565e-06
1.802754373233868444e-06
1.232313463319494333e-06
5.587124004160952232e-07
-1.843298382403444389e-07
-9.581674623524587884e-07
-1.721723195057351261e-06
-2.433535402303485514e-06
-3.053215209917315351e-06
-3.542542949493818739e-06
-3.866676228367749863e-06
-3.995939408651054884e-06
-3.908389858038106299e-06
-3.592893002988160248e-06
-3.051975685986094112e-06
-2.303508465926794812e-06
-1.380468050786830603e-06
-3.286258582975686120e-07
7.972639175176257000e-07
1.937712238811819905e-06
3.032113953110756179e-06
4.021152813916856803e-06
4.848124797716320797e-06
5.459932195016750100e-06
5.808754672433319270e-06
5.855157816764201324e-06
5.572692944166813662e-06
4.953110544926938841e-06
4.010571692071873706e-06
2.783148944842805582e-06
1.330665843774826034e-06
-2.707375035528585593e-07
-1.935676774385893576e-06
-3.576110571877720387e-06
-5.105835838892157862e-06
-6.442505453241361111e-06
-7.508104831369894635e-06
-8.229681840003900099e-06
-8.542167894358891178e-06
-8.394266837015751549e-06
-7.756824481746367502e-06
-6.631394648256877786e-06
-5.055755080559625824e-06
-3.103656661988948074e-06
-8.781476744032734895e-07
1.499554417003254446e-06
3.901914831625922599e-06
6.204009338907396762e-06
8.287668303351940682e-06
1.004147872489192127e-05
1.135935951852150118e-05
1.214129291363420928e-05
1.229911814538601724e-05
1.176811320904795560e-05
1.052196670135518000e-05
8.585959275794818673e-06
6.042444747937484799e-06
3.025091477581256404e-06
-2.969729983054633885e-07
-3.739518090095614056e-06
-7.120848503130085570e-06
-1.027149992611179118e-05
-1.303502485264549297e-05
-1.526320807318773786e-05
-1.681171914979272058e-05
-1.754245670372931096e-05
-1.733644928466013618e-05
-1.611642567905263130e-05
-1.387241092929531686e-05
-1.067977359803003489e-05
-6.700182877715665192e-06
-2.162704202849371029e-06
2.668530757102841685e-06
7.527563363539020339e-06
1.216885703431191593e-05
1.637302247180611413e-05
1.993861966088464433e-05
2.266883161378736533e-05
2.436431145489670642e-05
2.483188397306369306e-05
2.391288357478862591e-05
2.152541421724675339e-05
1.770501020653490116e-05
1.262414023721915890e-05
6.577733736701311217e-06
-6.233899993361426911e-08
-6.905476507998655028e-06
-1.358974582789181303e-05
-1.980246791303184897e-05
-2.527212723088053282e-05
-2.974254796068730684e-05
-3.294739501415758855e-05
-3.460383579800389999e-05
-3.443857729971500846e-05
-3.224682898178482445e-05
-2.796681475955560228e-05
-2.173740683475130768e-05
-1.390660718593047511e-05
-4.979606810261975083e-06
4.473597591265219654e-06
1.391060217579710989e-05
2.287205800675570021e-05
3.098526201195172196e-05
3.792575781336643458e-05
4.336305156887454161e-05
4.692219483159704543e-05
4.818972316512252043e-05
4.677917451738125961e-05
4.244581835576138185e-05
3.520803800252004801e-05
2.541385004806781257e-05
1.370752959487851805e-05
9.022230597853889804e-07
-1.218345015344384297e-05
-2.485126887635836921e-05
-3.656588364474896557e-05
-4.691322967310324526e-05
-5.550881333903439859e-05
-6.190489507026036365e-05
-6.554658469965899575e-05
-6.581670919438982708e-05
-6.218132873826345125e-05
-5.439733558653505653e-05
-4.268966757167939744e-05
-2.779336422315570760e-05
-1.081640156870292816e-05
7.017696960915019773e-06
2.462120508633267206e-05
4.117797837572868158e-05
5.612860718599341469e-05
6.904132297105532775e-05
7.944062277279843073e-05
8.667250637746140552e-05
8.987980248359511628e-05
8.813972999178867407e-05
8.075747588805735379e-05
6.761234223079473106e-05
4.937388339967285381e-05
2.743508124189927302e-05
3.567163960264653372e-06
-2.052686080894350074e-05
-4.353761255918166912e-05
-6.463114569734502903e-05
-8.330455013885684713e-05
-9.911670339447876195e-05
-1.114143596440014160e-04
-1.191683830749243697e-04
-1.210256970584435462e-04
-1.156390096650264512e-04
-1.022122081339296230e-04
-8.102064473453757503e-05
-5.358147836235772177e-05
-2.230873497934918881e-05
1.018216347095053820e-05
4.173753908261652889e-05
7.098502391510435206e-05
9.724407883494133446e-05
1.201568405694439034e-04
1.392255215859798472e-04
1.534264015803642764e-04
1.610619333028013298e-04
1.600059039676448897e-04
1.483970859719527648e-04
1.255726120089358086e-04
9.273543613517129817e-05
5.285587191549420623e-05
9.770195502810807102e-06
-3.300133094707784572e-05
-7.306441685965603709e-05
-1.092844468893529352e-04
-1.413593335834019762e-04
-1.691248526338862536e-04
-1.918575542557181474e-04
-2.077926175680611890e-04
-2.140962315067690414e-04
-2.075255299877262207e-04
-1.857602072668055086e-04
-1.488515495848201191e-04
-9.983519615618349535e-05
-4.391460528784756051e-05
1.335604988883601837e-05
6.776098124948828124e-05
1.171310201509111052e-04
1.610053079726038070e-04
1.996831168009990541e-04
2.331215135572621252e-04
2.599835400344763735e-04
2.771195719162319708e-04
2.798778410670987155e-04
2.635795988402707792e-04
2.258748077493678667e-04
1.686959537168406735e-04
9.824990510443453048e-05
2.275925534554312435e-05
-5.056359777856092813e-05
-1.174452956799394606e-04
-1.766834406013325341e-04
-2.289957436328052211e-04
-2.754043552822723869e-04
-3.156766548099501635e-04
-3.471197135256878698e-04
-3.641680494056470001e-04
-3.594698639336933667e-04
-3.268559788687036235e-04
-2.651401028907017900e-04
-1.801352433244564723e-04
-8.286748692453345399e-05
1.500486391364413295e-05
1.053391804222272908e-04
1.849588327827603000e-04
2.545676366189463923e-04
3.165050377514320458e-04
3.723979906219219548e-04
4.211127863339869269e-04
4.573181842910261394e-04
4.715043075585797637e-04
4.526942441292217882e-04
3.939385851992487412e-04
2.977099543366610256e-04
1.766087801739421603e-04
4.796416961621961924e-05
-7.365050860720617060e-05
-1.808043181880918809e-04
-2.730117013354996366e-04
-3.538315103064286048e-04
-4.274317511258826099e-04
-4.955131564913961735e-04
-5.547028399305136120e-04
-5.949660302687029582e-04
-6.007901356827012119e-04
-5.570761698173515774e-04
-4.584306720299082981e-04
-3.152967115745982469e-04
-1.504676303546070479e-04
1.202152695345985488e-05
1.567195693518620583e-04
2.794516032594611074e-04
3.841732408208831150e-04
4.779997953900904360e-04
5.667106427392756482e-04
6.509123068234326731e-04
7.226977881510007447e-04
7.642009405610749153e-04
7.515457037297029307e-04
6.664798837258994113e-04
5.103090449546547136e-04
3.076138130833779537e-04
9.405153458813112529e-05
-1.015058420291296067e-04
-2.665201818967970118e-04
-4.031135118156347155e-04
-5.211597966614246432e-04
-6.315416333697598545e-04
-7.408188228662722667e-04
-8.463689934968646493e-04
-9.320170036648394189e-04
-9.676758656976681538e-04
-9.192935798255542782e-04
-7.697390630672380340e-04
-5.360263256145312086e-04
-2.637297127330633052e-04
-1.209124921007724597e-06
2.228664118234649277e-04
4.039509035555005818e-04
5.532572280006238389e-04
6.873756529188510900e-04
8.205148902996307284e-04
9.583322180396534971e-04
1.091335236541817518e-03
1.189266513625204889e-03
1.204391302538695453e-03
1.093255952006871781e-03
8.499585933943377318e-04
5.199332667021384392e-04
1.742946228307986766e-04
-1.311684955635558235e-04
-3.760048275430342480e-04
-5.687994572208122501e-04
-7.316168318589376732e-04
-8.876766976590871883e-04
-1.053330536873292242e-03
-1.230382220941161333e-03
-1.396437088548024754e-03
-1.498627564023761712e-03
-1.466493647787324569e-03
-1.254303664345247666e-03
-8.854737014081615976e-04
-4.472702961810975974e-04
-3.409091876069400995e-05
3.022108633953302418e-04
5.586252689000151955e-04
7.605183044216254525e-04
9.410936444050090055e-04
1.129288424494496405e-03
1.341523988304430546e-03
1.570721632726527605e-03
1.771850207652615099e-03
1.858164507501714737e-03
1.735497896811126137e-03
1.374537681345437213e-03
8.533082723292470398e-04
3.081978712499706778e-04
-1.560730534892075375e-04
-5.072217820578756812e-04
-7.672383504940997285e-04
-9.793373412658298773e-04
-1.186810292805851562e-03
-1.422779149404458090e-03
-1.700318461677479808e-03
-1.994878346075600311e-03
-2.223819293648869252e-03
-2.254494872851209829e-03
-1.979421679836990394e-03
-1.420237018805645601e-03
-7.350062318018463431e-04
-1.014288312130059012e-04
3.890789300036827923e-04
7.390037218220439890e-04
9.986397643715096140e-04
1.227505731409697610e-03
1.477197551796981343e-03
1.782937816277507023e-03
2.148571970788148815e-03
2.517561231271684720e-03
2.748653060851107346e-03
2.656875023554236201e-03
2.153456614958991922e-03
1.359132769314148935e-03
5.230895848332716737e-04
-1.643043283794651851e-04
-6.531567887588741930e-04
-9.899514506196513842e-04
-1.251489342584254745e-03
-1.510474871224645743e-03
-1.824994375724373410e-03
-2.229284081964692191e-03
-2.707372117404857094e-03
-3.147223738361301995e-03
-3.324317868160034124e-03
-3.013623513246558097e-03
-2.206934615319489611e-03
-1.170653137750071130e-03
-2.251761994567108593e-04
4.719541626015982707e-04
9.349358718844264383e-04
1.254256588945223787e-03
1.527669887687284735e-03
1.837897321697526268e-03
2.247998935284557017e-03
2.785685074589364183e-03
3.396108894824331065e-03
3.876905753014149667e-03
3.901788278247435293e-03
3.255486760773475610e-03
2.097051145083002853e-03
8.549660770576909298e-04
-1.367219013290864749e-04
-8.005100349413560605e-04
-1.222768183814335443e-03
-1.529652155671309879e-03
-1.833258559836689313e-03
-2.224352777906121650e-03
-2.769261020609919879e-03
-3.478127119265478264e-03
-4.224561491970110425e-03
-4.671929399827141026e-03
-4.401407482122628688e-03
-3.309774123781372441e-03
-1.805121294251690531e-03
-4.357757748382199065e-04
5.318527238607899691e-04
1.130211578686276738e-03
1.509278324767137410e-03
1.818430725747527399e-03
2.179076399815091034e-03
2.689662075203814312e-03
3.416094735274235756e-03
4.329169427144001492e-03
5.180050187174352685e-03
5.458409347841746730e-03
4.721568901390311990e-03
3.123776317740755998e-03
1.347186674929016104e-03
-4.543315935773290507e-05
-9.288386617865319059e-04
-1.446692414704767345e-03
-1.792640408914792944e-03
-2.127760208539402134e-03
-2.580813996451886659e-03
-3.258468016487438626e-03
-4.216801150059414603e-03
-5.347388786479436058e-03
-6.211120856240441059e-03
-6.121079935046149639e-03
-4.764033440540584897e-03
-2.687866819031443921e-03
-7.720125861190260154e-04
5.411942711865554666e-04
1.302798978149507765e-03
1.743002469263533853e-03
2.076665673259907134e-03
2.469447992105283391e-03
3.058641105719591465e-03
3.958416524398138819e-03
5.193485998311429472e-03
6.511147610182919931e-03
7.214218241046817595e-03
6.520683884808855732e-03
4.469948632907858564e-03
2.044735763643932159e-03
1.465406571870849330e-04
-1.010269654561644307e-03
-1.639179734822952209e-03
-2.019577399606595474e-03
-2.370080073000759187e-03
-2.859259518677361757e-03
-3.635994620943092115e-03
-4.815804081587863987e-03
-6.349402988625211727e-03
-7.749566943126084441e-03
-8.035471840977507010e-03
-6.534111311316691609e-03
-3.848761607345440455e-03
-1.277555740891143021e-03
4.636882054462742740e-04
1.425412430054754861e-03
1.934025329652823292e-03
2.282883448619176837e-03
2.685349478439411422e-03
3.315743984627822754e-03
4.336915251803689225e-03
5.847231896134590622e-03
7.650952468140436932e-03
8.929900324837796582e-03
8.499791906299803898e-03
6.103815613146007339e-03
2.981076480275623997e-03
4.830368742441407321e-04
-1.009872997578869537e-03
-1.775155137830093524e-03
-2.191866669488000408e-03
-2.543510352041594789e-03
-3.037225352657677534e-03
-3.858305827650273644e-03
-5.180972065821417595e-03
-7.046295864377630398e-03
-9.008944704427071862e-03
-9.866112420262893729e-03
-8.466750345749023479e-03
-5.268814547207291768e-03
-1.991611131701552777e-03
2.560685490496681185e-04
1.466131872684349339e-03
2.061111742230202232e-03
2.422702229089502245e-03
2.814182017442675918e-03
3.440981974790305407e-03
4.504029279703379053e-03
6.174810329065805181e-03
8.366660031521859497e-03
1.027030394812072402e-02
1.036023747211788429e-02
7.890109201741086695e-03
4.155317848411164625e-03
1.007917088830299771e-03
-8.870486116382557580e-04
-1.827380014427376588e-03
-2.293362180760258502e-03
-2.639079942703774322e-03
-3.107829521915192808e-03
-3.910152812242248359e-03
-5.262654256784911333e-03
-7.300307800252335555e-03
-9.707526563256643759e-03
-1.123509730108972725e-02
-1.026974822024702763e-02
-6.844898841399395771e-03
-2.931123209146559768e-03
-1.268661694508165254e-04
1.389206010699168149e-03
2.102852380048494084e-03
2.485936271899948525e-03
2.853673299929455117e-03
3.435675132222924897e-03
4.453484018301697572e-03
6.129432462895387582e-03
8.501843062735504539e-03
1.091270879155355547e-02
1.170640521200023293e-02
9.569171159918281322e-03
5.501866480756182481e-03
1.751198652094671264e-03
-5.989677974422367556e-04
-1.766413912148101723e-03
-2.309057955327691296e-03
-2.653325049077081155e-03
-3.077355421542003061e-03
-3.805206101388547511e-03
-5.070929092962139784e-03
-7.076758089741478838e-03
-9.678934418744794196e-03
-1.179484835078935256e-02
-1.155939242009074164e-02
-8.367060866200638075e-03
-4.064652963222925228e-03
-7.217744661270105843e-04
1.156952842256561958e-03
2.036714247500588833e-03
2.464252212671839450e-03
2.808128343499456323e-03
3.317650071646095419e-03
4.217960227905139838e-03
5.749009023058050498e-03
8.047522982544238340e-03
1.069303340196408811e-02
1.218592173646425129e-02
1.079441806763828567e-02
6.865230710530966472e-03
2.707111842830731314e-03
-1.079806159758065550e-04
-1.561168057562653576e-03
-2.223351020760161965e-03
-2.584926833026609909e-03
-2.959609317243654721e-03
-3.577469920345634994e-03
-4.667256796342686941e-03
-6.456835903835397329e-03
-8.955154776288174259e-03
-1.139433506968970042e-02
-1.199608992178428056e-02
-9.540531184630206621e-03
-5.285958604192984162e-03
-1.539181689522618615e-03
7.345285687614399889e-04
1.838608048016586406e-03
2.348848863618820722e-03
2.683987521501692182e-03
3.112915189857335535e-03
3.854165564588947750e-03
5.136427826657160092e-03
7.145191892181042108e-03
9.695122912652162639e-03
1.166401120049749898e-02
1.124985350344724286e-02
8.006189383627397571e-03
3.808669942593653508e-03
6.050489033092729335e-04
-1.181637696020421992e-03
-2.019032836337993683e-03
-2.431952651650193253e-03
-2.770106280682547561e-03
-3.268831040012666611e-03
-4.139087479313712480e-03
-5.598594730968710180e-03
-7.751330220105320107e-03
-1.016837034135414930e-02
-1.145448524833651664e-02
-1.007736205610171819e-02
-6.407828725636293202e-03
-2.540946167293355908e-03
9.948232103412841978e-05
1.484221320203395244e-03
2.129190316165922858e-03
2.486601469384567848e-03
2.847847437136302555e-03
3.424049507389807009e-03
4.418051453533831247e-03
6.019192826362955960e-03
8.210554243779666708e-03
1.030963834436400550e-02
1.080654765866140461e-02
8.666331153082833944e-03
4.914064190109341569e-03
1.522162259874668090e-03
-6.053398078764575573e-04
-1.677735963298958690e-03
-2.190458782155250451e-03
-2.522137337163557740e-03
-2.918323776205844836e-03
-3.572019828979687908e-03
-4.673135023672710629e-03
-6.361799327542837050e-03
-8.472126436011423109e-03
-1.010815780222147457e-02
-9.833714535875736490e-03
-7.202807690353347711e-03
-3.623636000963107156e-03
-7.439394418897989428e-04
9.529567499999233061e-04
1.792856936844700565e-03
2.218624452756929807e-03
2.544182934459889977e-03
2.980239904941530543e-03
3.704435071980742827e-03
4.885932302386073595e-03
6.596305415731217904e-03
8.513609848301286961e-03
9.610290773035143341e-03
8.683409621111750146e-03
5.828844616068126760e-03
2.571928757063769114e-03
1.725929685370162711e-04
-1.181803357712386121e-03
-1.853807588288991590e-03
-2.224761503285362617e-03
-2.555828069957551910e-03
-3.031205773601111913e-03
-3.813273780392566811e-03
-5.041750272558446523e-03
-6.706829883621858064e-03
-8.347254645680597662e-03
-8.903238145182425928e-03
-7.495662793397017513e-03
-4.627725092041039788e-03
-1.750838245350569075e-03
2.339946463348309619e-04
1.325568902419242906e-03
1.878724243935548863e-03
2.216534089850404499e-03
2.558885141683403183e-03
3.069161664474232953e-03
3.893053570330594869e-03
5.133556075013278631e-03
6.696244996490056771e-03
8.015624109790626950e-03
8.088827345436038971e-03
6.376040698325480260e-03
3.630686614323796416e-03
1.129255512583245179e-03
-5.164981965255290323e-04
-1.410949415637915245e-03
-1.880894367766567776e-03
-2.199511075540887695e-03
-2.555029164366156864e-03
-3.093681407972803579e-03
-3.942724872197836405e-03
-5.164284607679009431e-03
-6.585468962500932825e-03
-7.579034395101135087e-03
-7.259459124014089153e-03
-5.387364555603827224e-03
-2.833120049001361732e-03
-6.681435340414170485e-04
7.097514659885946096e-04
1.458277520657700341e-03
1.870164177338446126e-03
2.178260384751367056e-03
2.546668068339006524e-03
3.106882751051278941e-03
3.966627972314423767e-03
5.146668272092679193e-03
6.408091906101457194e-03
7.100762537062107506e-03
6.483905775024220892e-03
4.555101566713230798e-03
2.210835783350612645e-03
3.293401305274041668e-04
-8.417020523385709222e-04
-1.482825918619675668e-03
-1.854147642307754076e-03
-2.157106435997950631e-03
-2.537433109893426353e-03
-3.113741171801095216e-03
-3.974235487403129582e-03
-5.100795475385313561e-03
-6.202847768203676934e-03
-6.635506044909669950e-03
-5.803840506845968188e-03
-3.878521316483751757e-03
-1.732061199829146953e-03
-7.955046246065350780e-05
9.340167361512642652e-04
1.496138105666251729e-03
1.839088849998972690e-03
2.140523392441420585e-03
2.532259097462782882e-03
3.121781184788065613e-03
3.978867975614526313e-03
5.050497300872210105e-03
6.006789373451767132e-03
6.223538545249569266e-03
5.237544636654018794e-03
3.341710214609402204e-03
1.364572360843881345e-03
-1.086008417473998067e-04
-1.003262227160240478e-03
-1.507098857397678147e-03
-1.830367328575920440e-03
-2.133212102045886713e-03
-2.537127175846324613e-03
-3.140327768739340462e-03
-3.995935158459294236e-03
-5.019899547091737774e-03
-5.850928559422198701e-03
-5.889949928110396055e-03
-4.786376243013085521e-03
-2.921719169793553922e-03
-1.079051183494879372e-03
2.569852932686237344e-04
1.062094008009124369e-03
1.522671342463476161e-03
1.832715041629063429e-03
2.139964370297984825e-03
2.558627848331215121e-03
3.179629229952232825e-03
4.041328184147319202e-03
5.031058270565547975e-03
5.758579121748638729e-03
5.646825276582791674e-03
4.440863153232929572e-03
2.593431751480992659e-03
8.500832359375448503e-04
-3.829160836344945845e-04
-1.120210493467191327e-03
-1.548336470085387917e-03
-1.850247408159051005e-03
-2.165442142181347052e-03
-2.603529686825713750e-03
-3.250153244336531893e-03
-4.130384136843326566e-03
-5.102907806732987113e-03
-5.745574656574080515e-03
-5.496188972539334597e-03
-4.184979143696139318e-03
-2.331838858897752539e-03
-6.559633922406330614e-04
5.001007115239794508e-04
1.185004106943969441e-03
1.588310209576023748e-03
1.886410335119951577e-03
2.213987688276940376e-03
2.678503511300480300e-03
3.362238877397559587e-03
4.277526975887888973e-03
5.251187762567890820e-03
5.821180268536649965e-03
5.432254109558713739e-03
3.998396982865706772e-03
2.112701810590944442e-03
4.781262264369637392e-04
-6.193361880623454892e-04
-1.261921346731325775e-03
-1.645618826761754278e-03
-1.943926093053994532e-03
-2.289546091641874587e-03
-2.790080998989569357e-03
-3.526137819542361426e-03
-4.496423151756232840e-03
-5.488739530685324101e-03
-5.988656101951236703e-03
-5.442315785390192638e-03
-3.857184434685488605e-03
-1.912538390118922061e-03
-3.007364472003344505e-04
7.488342043741703447e-04
1.354584017385232833e-03
1.722107858588945231e-03
2.024799850393276500e-03
2.395743437765717864e-03
2.944858049744798843e-03
3.752361141204912411e-03
4.800336456537036139e-03
5.825508560576478541e-03
6.244748007267432802e-03
5.506256344986539507e-03
3.733738550956345985e-03
1.708732107556018478e-03
1.107606539186704094e-04
-8.941765307347304681e-04
-1.464760811293995373e-03
-1.818463567599540483e-03
-2.130435324015233882e-03
-2.536136204207577530e-03
-3.149906046567979134e-03
-4.052176105517567989e-03
-5.202287940021717468e-03
-6.267619488445830105e-03
-6.577718905822028256e-03
-5.595143290777654897e-03
-3.596944584269091364e-03
-1.480393371939225716e-03
1.013733289765980314e-04
1.058021201112729470e-03
1.592322946766282308e-03
1.934333188136834773e-03
2.261898890555746368e-03
2.714627534217672541e-03
3.413321519287894346e-03
4.438039749683752970e-03
5.714548127939118351e-03
6.814932434754376704e-03
6.963938962350341155e-03
5.669936674325361595e-03
3.413631302313513069e-03
1.210309842265597019e-03
-3.406946301908501343e-04
-1.239806053755643364e-03
-1.735348998476119549e-03
-2.068624313039176855e-03
-2.420353541568995900e-03
-2.936021975069248464e-03
-3.744804174181994363e-03
-4.923666165538556107e-03
-6.346863737652683191e-03
-7.456601994186969930e-03
-7.363705939079866723e-03
-5.681904295302814961e-03
-3.152203695171322539e-03
-8.878160157179858713e-04
6.066508641399301046e-04
1.435771733761402299e-03
1.890525123395114110e-03
2.220025617710424514e-03
2.607646813190343110e-03
3.206650334894254814e-03
4.156080644186567301e-03
5.523267280813094239e-03
7.102681104844476428e-03
8.164566839955067143e-03
7.718024709543825149e-03
5.576684336231162858e-03
2.788593702974577222e-03
5.117366239361018348e-04
-8.927699473357692548e-04
-1.639573067522634257e-03
-2.053895392879151981e-03
-2.387719705911076074e-03
-2.826982382125854849e-03
-3.534936228813675713e-03
-4.660867684800697013e-03
-6.249281103237535467e-03
-7.972640714374378684e-03
-8.885940825242917562e-03
-7.949374528027696590e-03
-5.303393208464506937e-03
-2.313305332598241358e-03
-9.202439306188918758e-05
1.187575804050033110e-03
1.843537464039590084e-03
2.221876569811752702e-03
2.572177806513952555e-03
3.083547417133397552e-03
3.931694477226257978e-03
5.273881363182617889e-03
7.107678258462775574e-03
8.925141615397315722e-03
9.537196873506445516e-03
7.970174286374953274e-03
4.828104637858250323e-03
1.736855118336567581e-03
-3.512073931385897439e-04
-1.476849719303880478e-03
-2.040340357738306722e-03
-2.392327675486139761e-03
-2.775868775088119467e-03
-3.384919996845479982e-03
-4.409841023950426993e-03
-6.008156915101128294e-03
-8.089942157770526818e-03
-9.895338874366796031e-03
-1.000542027126119157e-02
-7.701133741964290118e-03
-4.147689823443814414e-03
-1.090452220928345281e-03
7.916208816221483729e-04
1.746702497948789774e-03
2.224659614590673417e-03
2.565420020445878611e-03
3.003700640379764614e-03
3.741040503944804453e-03
4.983038750376645766e-03
6.869730251917733309e-03
9.161522887310875884e-03
1.077688212031555591e-02
1.016295491940714599e-02
7.096738099788367678e-03
3.297390326614051213e-03
4.202773167387140207e-04
-1.202511947546440691e-03
-1.986507421518747193e-03
-2.394366362140745112e-03
-2.744099817083768544e-03
-3.263032924713409489e-03
-4.163475018534873104e-03
-5.662606853095111629e-03
-7.848810427920979368e-03
-1.024864751226824827e-02
-1.142425467085383603e-02
-9.898389605943294298e-03
-6.168234028988667239e-03
-2.346478647688455318e-03
2.232138531422802295e-04
1.562550952701519677e-03
2.190812862008691304e-03
2.550994455931664389e-03
2.934029966956074563e-03
3.563121205706059648e-03
4.663598545987743434e-03
6.451878111208816761e-03
8.907491043226301031e-03
1.122917599526034212e-02
1.167468954762636638e-02
9.157254688889815072e-03
4.991003334129451470e-03
1.381834701348444569e-03
-7.968852888081073100e-04
-1.859479117975478598e-03
-2.359839122671742850e-03
-2.699469423799661944e-03
-3.142981728633545413e-03
-3.913844302387312762e-03
-5.249189896538114172e-03
-7.337397631772729460e-03
-9.966525954723944383e-03
-1.193743036996349968e-02
-1.139253703738986150e-02
-7.974195034533629323e-03
-3.688648836070110380e-03
-4.859846963647094001e-04
1.273042409182172357e-03
2.090928325572431572e-03
2.498724727922233685e-03
2.847234742259854411e-03
3.379684737405082295e-03
4.323497475335848737e-03
5.918881484530914491e-03
8.277483969153337853e-03
1.089787749129285561e-02
1.219331487538768792e-02
1.052388897485811124e-02
6.475605561164962318e-03
2.399055838759888998e-03
-2.810357205996605171e-04
-1.641861820606431216e-03
-2.262810732764612524e-03
-2.616001427249944802e-03
-3.002948980414384302e-03
-3.652124433110662434e-03
-4.795348163691546053e-03
-6.654268548081129601e-03
-9.191310789393843106e-03
-1.153369250453921240e-02
-1.185673865763218170e-02
-9.133633862453067673e-03
-4.845610761558140529e-03
-1.238375920838391759e-03
8.897146840939074977e-04
1.908772547115641623e-03
2.386432725385319482e-03
2.721771369941918244e-03
3.174885031012980932e-03
3.965211069468590338e-03
5.322699776498593903e-03
7.410747430083723490e-03
9.955540620571509680e-03
1.170100536053397290e-02
1.088897781071939200e-02
7.397936938850145118e-03
3.271023679579081449e-03
2.784794086861503391e-04
-1.338713650376384531e-03
-2.089161345842967515e-03
-2.475442195073858983e-03
-2.825880987290228536e-03
-3.369093149202070057e-03
-4.317699108823687404e-03
-5.882698211059370075e-03
-8.110618973245997676e-03
-1.041812614034874629e-02
-1.127936327670661827e-02
-9.386346707639613846e-03
-5.549946654758081133e-03
-1.893106719632375694e-03
4.565502686532244068e-04
1.646257673572364480e-03
2.202820927989966853e-03
2.543246698770538702e-03
2.936210748541908007e-03
3.587325166137569563e-03
4.698371741310435577e-03
6.430369924194021675e-03
8.644880913161989353e-03
1.043523676708363844e-02
1.025820164957898586e-02
7.558948616518366970e-03
3.807343471366344319e-03
7.856834290783186849e-04
-9.797136823948265211e-04
-1.840217353629590349e-03
-2.269578938082598973e-03
-2.601072789093794926e-03
-3.057099636558516156e-03
-3.824720079317663318e-03
-5.082049593859066031e-03
-6.896320047760117096e-03
-8.890712213607472256e-03
-9.923961351851596710e-03
-8.758667444114975192e-03
-5.661144328896150664e-03
-2.319076838471962210e-03
3.954676900366122275e-05
1.325141610587482000e-03
1.950134934676546515e-03
2.306477974659348375e-03
2.656589352806643708e-03
3.187893422771293471e-03
4.067446566977136850e-03
5.427032523527994430e-03
7.193009274553100081e-03
8.746140348892457797e-03
8.906215704784090775e-03
6.999447708280480927e-03
3.912690802486680323e-03
1.149855672108786352e-03
-6.125419769193379349e-04
-1.533939699829336197e-03
-2.002246649257872352e-03
-2.326253101295836651e-03
-2.712966534808079148e-03
-3.321666128191798351e-03
-4.290993297512721814e-03
-5.676747168704430850e-03
-7.233224748341674122e-03
-8.171258548580683304e-03
-7.514616653832317285e-03
-5.222760433904232759e-03
-2.450169733109215566e-03
-2.956920655595963402e-04
9.825610008471186672e-04
1.644840758496881683e-03
2.017114372449893382e-03
2.336696121064396007e-03
2.768291586905910137e-03
3.444375014114822112e-03
4.460485326455799170e-03
5.768498863809547704e-03
6.958333487816750242e-03
7.214282401046854393e-03
5.950869859901610111e-03
3.622433611407217813e-03
1.321207417133544743e-03
-2.879262224201905901e-04
-1.201513748237768159e-03
-1.689571800315543175e-03
-2.008997120144776719e-03
-2.340586856644378232e-03
-2.815378285089423314e-03
-3.535062696476103192e-03
-4.534771491232119159e-03
-5.649848210323669788e-03
-6.365068804321651584e-03
-6.003441322078550448e-03
-4.418882170898533017e-03
-2.307604142942218817e-03
-5.077464010314425378e-04
6.603756079066743726e-04
1.314673318645621534e-03
1.691524210158890529e-03
1.986197202840738005e-03
2.336026840453402781e-03
2.842188212386058226e-03
3.568002251175179853e-03
4.475243452391852554e-03
5.298106182812945680e-03
5.515191735023292248e-03
4.705598620345889313e-03
3.069309880600350551e-03
1.306258542807520098e-03
-4.278610422474902304e-05
-8.791545123405477462e-04
-1.357171353964755408e-03
-1.666261526442619793e-03
-1.951900601355112744e-03
-2.317164508672308297e-03
-2.833256236876820818e-03
-3.517470760805162331e-03
-4.257934003866898666e-03
-4.733701408211038637e-03
-4.519417549010288152e-03
-3.474224046129571666e-03
-1.978003703820735079e-03
-5.913411898013662491e-04
3.924274464827338027e-04
9.918834975992988322e-04
1.353950775071191721e-03
1.622844626950981604e-03
1.905284396475143659e-03
2.275427824075945508e-03
2.772482057988294880e-03
3.364773810222087061e-03
3.884320860305521400e-03
4.018662228848146264e-03
3.502678734338683566e-03
2.413188058824592471e-03
1.155666615512067818e-03
1.098663721623120167e-04
-5.979568688261817540e-04
-1.034250787949303908e-03
-1.321329895534233134e-03
-1.565416948089764062e-03
-1.842833523463145761e-03
-2.201407432236922312e-03
-2.647203424015948971e-03
-3.105445308083235652e-03
-3.384952423688187498e-03
-3.239076296958297383e-03
-2.569071182471332777e-03
-1.567723555849430319e-03
-5.720947989955933082e-04
1.957688676500343662e-04
7.048268622132659303e-04
1.031080863443730551e-03
1.269068269892813326e-03
1.494808866112436576e-03
1.759883559593891904e-03
2.087358369686491150e-03
2.452625461657921904e-03
2.753318051358161038e-03
2.812707163892401181e-03
2.480054994529612075e-03
1.782131947488894150e-03
9.362911751308791025e-04
1.798658180353127198e-04
-3.762799954359319051e-04
-7.464052438132970325e-04
-9.986010757656938516e-04
-1.202395389318729581e-03
-1.410086152427949668e-03
-1.652359929987566502e-03
-1.929895439268127346e-03
-2.194900094987888711e-03
-2.338796799555809772e-03
-2.228186599471245269e-03
-1.805349865798072922e-03
-1.163886830287102136e-03
-4.901317776079113170e-04
6.956121580191981161e-05
4.714003095566459073e-04
7.457157880485443735e-04
9.468670175313499606e-04
1.123797360364236879e-03
1.310010127875200787e-03
1.518514234239811030e-03
1.732033752939684786e-03
1.891160695496051179e-03
1.901401252275674572e-03
1.684145660385459814e-03
1.248935553765719323e-03
7.059430618415302693e-04
1.904624929048609906e-04
-2.177632995510691118e-04
-5.100009160145368287e-04
-7.179381298667539572e-04
-8.818963059414215711e-04
-1.034506737828353243e-03
-1.194325139842781222e-03
-1.360249123797981638e-03
-1.503626537584191666e-03
-1.565994718572303029e-03
-1.479756992202006143e-03
-1.215507488084764881e-03
-8.179116094397495844e-04
-3.836126914602429306e-04
5.563908732569593145e-07
2.968953471514020081e-04
5.120118330709503727e-04
6.728031826702614336e-04
8.073719310626939353e-04
9.356728403325502040e-04
1.064696323987027052e-03
1.183544821263910743e-03
1.259737146348144463e-03
1.245611946061522075e-03
1.103331212509007066e-03
8.372866988864944866e-04
5.013156898336671927e-04
1.672610247738549340e-04
-1.146768838887441224e-04
-3.302494409131229765e-04
-4.907472534419479119e-04
-6.165516591656851559e-04
-7.259048294804627040e-04
-8.291648774654426096e-04
-9.250762597307690552e-04
-9.977015138945895690e-04
-1.017397232369134097e-03
-9.521003493523909778e-04
-7.886491655325961929e-04
-5.484749911250951567e-04
-2.794509271520336305e-04
-2.912617145355612754e-05
1.762736103287736698e-04
3.339961279282508159e-04
4.549860498480910926e-04
5.533867247814425487e-04
6.398771310168681033e-04
7.179400901671853779e-04
7.813646873954055655e-04
8.135628740067497736e-04
7.919769150132207995e-04
6.998522645279638176e-04
5.400225493597702675e-04
3.382730431518330642e-04
1.307914371448663413e-04
-5.370518804077334298e-05
-2.030247775830083714e-04
-3.190938167999483183e-04
-4.105882624780998898e-04
-4.864564494851390699e-04
-5.518879860604521863e-04
-6.059444372874099203e-04
-6.404428265888058303e-04
-6.413368325632489743e-04
-5.944877734010046858e-04
-4.948657887082012199e-04
-3.529693016433221517e-04
-1.918007595282609774e-04
-3.588559288741070179e-05
9.874398277848666977e-05
2.073020973962117299e-04
2.929209778384774606e-04
3.616332889782112453e-04
4.184321837853923354e-04
4.648370938669250919e-04
4.976138422920154802e-04
5.089047235155033872e-04
4.887817907320994625e-04
4.305350145863655461e-04
3.362626137171693562e-04
2.182312970104624127e-04
9.400661324515301664e-05
-2.108808062239692722e-05
-1.187285869137353234e-04
-1.975970809873921522e-04
-2.605019915867865898e-04
-3.111453592541966800e-04
-3.517582772852453042e-04
-3.817219998867494744e-04
-3.971631777211731378e-04
-3.919198048914420297e-04
-3.602861247738614082e-04
-3.008111374941248675e-04
-2.187749664432681626e-04
-1.250403014106730407e-04
-3.172819780822841370e-05
5.217630145436436315e-05
1.226421243249772972e-04
1.797033538244039092e-04
2.253448343651648931e-04
2.614955292635100150e-04
2.886608791799770207e-04
3.052766357717455210e-04
3.079129475655393547e-04
2.925682460976203585e-04
2.569210193718012708e-04
2.024931995169283294e-04
1.351374461937319906e-04
6.318243152940303730e-05
-5.589889089560974846e-06
-6.616380847639444359e-05
-1.167061204422359546e-04
-1.575882661627379369e-04
-1.899644063363236507e-04
-2.145738483209353288e-04
-2.310184887779789364e-04
-2.376050238211725729e-04
-2.318639732514791768e-04
-2.117583049792757079e-04
-1.771771588601303603e-04
-1.308375431543088504e-04
-7.783490979114826168e-05
-2.399256386656370429e-05
2.594718360284460192e-05
6.927668689128216729e-05
1.051884255290492360e-04
1.339845298994205090e-04
1.561786437279659868e-04
1.718235376230479257e-04
1.802003994589230411e-04
1.799406003508137279e-04
1.696090522455849829e-04
1.486065089181738176e-04
1.179651905933022215e-04
8.050047113810333507e-05
4.011286197966398864e-05
6.238235667273504761e-07
-3.517653827822406009e-05
-6.584312423152994295e-05
-9.099656146580880375e-05
-1.107668581652566464e-04
-1.252602458395001006e-04
-1.342200792955234071e-04
-1.369592766798378416e-04
-1.325946426772558800e-04
-1.205370816194165220e-04
-1.010466620205044506e-04
-7.553977952988944671e-05
-4.640789842707556496e-05
-1.640200670314925579e-05
1.207629187873463620e-05
3.741459788483812596e-05
5.882556515761465648e-05
7.608650096897859750e-05
8.918249366913016626e-05
9.801406626910737598e-05
1.022585895087487916e-04
1.014231044422806918e-04
9.507991337478298162e-05
8.320361336857710313e-05
6.644606115173155359e-05
4.617305161315399042e-05
2.420306127591783369e-05
2.372288930653188192e-06
-1.784965599912270343e-05
-3.553021424233458026e-05
-5.021510441379474851e-05
-6.173496444857495997e-05
-6.999482133944957189e-05
-7.483164916511273986e-05
-7.598437150649890010e-05
-7.318546403800672145e-05
-6.634282183431815120e-05
-5.573208038921277754e-05
-4.209192309515254952e-05
-2.654869595351047929e-05
-1.039035123500984920e-05
5.201376016735432234e-06
1.933768323324439612e-05
3.146882763725383325e-05
4.131123478980683024e-05
4.872158355996124827e-05
5.358380643475156937e-05
5.575266038872731558e-05
5.507196854689751843e-05
5.145976741056910872e-05
4.502405703205343822e-05
3.615005813817261186e-05
2.550296376775858660e-05
1.392985516916237339e-05
2.300518654911029619e-06
-8.641034386709604340e-06
-1.835666014641236952e-05
-2.651200288888347137e-05
-3.291799989710497758e-05
-3.745715815705351809e-05
-4.003004865161893545e-05
-4.054244620059057409e-05
-3.893651447688149472e-05
-3.525175914659157544e-05
-2.968573741667490442e-05
-2.261914781024993188e-05
-1.458345558173079708e-05
-6.178330154809150780e-06
2.027105007825596758e-06
9.569383008887857820e-06
1.611941607251195354e-05
2.146742420211156100e-05
2.548410149018103443e-05
2.808188066491808691e-05
2.919416292450263667e-05
2.878025090064819085e-05
2.685256674953137232e-05
2.351234062067536704e-05
1.897379387641634946e-05
1.355966210045518631e-05
7.663855008819838810e-06
1.693736823153720427e-06
-3.985692950515389755e-06
-9.086552569419261571e-06
-1.340511393248422494e-05
-1.680745974356765839e-05
-1.920693345366253645e-05
-2.054627489633482080e-05
-2.079251152710233298e-05
-1.994602690196830538e-05
-1.805853117056626373e-05
-1.524970612133168492e-05
-1.171147737595766752e-05
-7.693692902549125113e-06
-3.473771434955705604e-06
6.793156568261201695e-07
4.534323290184176657e-06
7.912351690446926483e-06
1.068639510733156767e-05
1.277143296671620084e-05
1.411285174081811341e-05
1.467960091771435780e-05
1.446503912623781238e-05
1.349435044638491035e-05
1.183391098937676052e-05
9.596339750753922335e-06
6.936234572743875579e-06
4.035613760490898683e-06
1.082907554727342025e-06
-1.747788387671701502e-06
-4.311145943237792226e-06
-6.496118396669171033e-06
-8.223903964465443468e-06
-9.442226248853579157e-06
-1.012013485671677295e-05
-1.024614929094362256e-05
-9.830333970368052666e-06
-8.908639138324242539e-06
-7.546348225981529060e-06
-5.837403769900533897e-06
-3.897946236159854591e-06
-1.854950606571276923e-06
1.669525686727369337e-07
2.056741569163919569e-06
3.723776519327735982e-06
5.099628394879029335e-06
6.136406838536726503e-06
6.803903454884259431e-06
7.087608163845561422e-06
6.988619656252905017e-06
6.525163225675418690e-06
5.734345969141977633e-06
4.672345692475835452e-06
3.411676884005371341e-06
2.035355977994765976e-06
6.291324694072319267e-07
-7.262442860212517985e-07
-1.960889512581660286e-06
-3.018864879712043621e-06
-3.858709200361215848e-06
-4.452459156314948664e-06
-4.784403984612238313e-06
-4.850466010456727498e-06
-4.658434587602636355e-06
-4.228600551681635828e-06
-3.593913225974358117e-06
-2.798795611307947360e-06
-1.896217628536686369e-06
-9.433342707345155739e-07
3.407459490039287089e-09
8.926030395047716542e-07
1.680867900317091120e-06
2.334235440886640471e-06
2.828307519608084899e-06
3.147786984245155439e-06
3.285993242036008442e-06
3.244684306455769864e-06
3.034134797922226824e-06
2.673112989570168240e-06
2.188289971320655774e-06
1.612751199917576121e-06
9.836062080103063397e-07
3.390504399899555292e-07
-2.845529788932096299e-07
-8.550327186834695750e-07
-1.345909368867368723e-06
-1.737049130181695529e-06
-2.014724977522863518e-06
-2.171421355834186147e-06
-2.205640548119901986e-06
-2.121793105095390346e-06
-1.930069895784707112e-06
-1.646081584261162395e-06
-1.290061501474624474e-06
-8.855557637990148407e-07
-4.577103437208161051e-07
-3.141889597033204723e-08
3.703556891896812971e-07
7.278458942988596711e-07
1.025240790706857565e-06
1.251007366162685599e-06
1.397927347543263622e-06
1.463010467407052240e-06
1.447379765544526647e-06
1.356129187852431429e-06
1.198075417487070934e-06
9.853002013028281518e-07
7.324178511489012219e-07
4.555871379577970726e-07
1.713772901060803745e-07
-1.043486987154643849e-07
-3.573772897586753942e-07
-5.758183806876132239e-07
-7.504966606984347919e-07
-8.751145076970590901e-07
-9.462692586242860700e-07
-9.633942286001725904e-07
-9.286519949662971196e-07
-8.467637497428404706e-07
-7.247321332340716392e-07
-5.714192947723307268e-07
-3.969749245032242411e-07
-2.121551078352851038e-07
-2.761030793024507588e-08
1.467675991951012899e-07
3.023676741759375378e-07
4.322184190867163453e-07
5.311897816410820546e-07
5.960728015724516658e-07
6.255766600438073014e-07
6.202701061530692253e-07
5.824730036259574952e-07
5.160860868689295438e-07
4.263419815306749072e-07
3.194707220076639142e-07
2.022936823905541163e-07
8.178133446800230337e-08
-3.537741511686525784e-08
-1.431487688691024559e-07
-2.364401436668577178e-07
-3.112896268592292655e-07
-3.649678771983183584e-07
-3.960109450878907829e-07
-4.042016274991019406e-07
-3.905090733676420443e-07
-3.569870576855412858e-07
-3.066260649603585998e-07
-2.431560220337799228e-07
-1.708046011672948123e-07
-9.402676928454592994e-08
-1.722970257329207238e-08
5.548053133638455513e-08
1.205089311145464080e-07
1.749262602792206302e-07
2.165671522656076733e-07
2.440779420224560593e-07
2.569233495799058864e-07
2.553595203626083304e-07
2.403770877727834225e-07
2.136146518659618592e-07
1.772424669860426637e-07
1.338187747764267585e-07
8.612600608422978512e-08
3.699882587543451100e-08
-1.084147961485818373e-08
-5.493264034907689286e-08
-9.318734953710252776e-08
-1.239752121428204204e-07
-1.461713252580262536e-07
-1.591751409462906760e-07
-1.629039566117537569e-07
-1.577643769834907986e-07
-1.446036229674469336e-07
-1.246418312156511814e-07
-9.938714824790572125e-08
-7.053733407660051023e-08
-3.987393892744315177e-08
-9.156833304158189299e-09
1.997285415606681251e-08
4.607469244390349960e-08
6.797160582596541600e-08
8.479182547750723677e-08
9.599093981493367368e-08
1.013560186286164461e-07
1.009939531514178985e-07
9.530576033432855915e-08
8.494823111196268596e-08
7.078440667250148832e-08
5.382506347138017214e-08
3.516444225749374609e-08
1.591441371126252126e-08
-2.858315193600955835e-09
-2.018771645782534527e-08
-3.525350526554088192e-08
-4.741400917563788310e-08
-5.622646726760455170e-08
-6.145536629826718833e-08
-6.306990262575741862e-08
-6.123174742855216132e-08
-5.627422942591258597e-08
-4.867407729521067334e-08
-3.901711573490305476e-08
-2.795975512270610111e-08
-1.618859044715179833e-08
-4.380718038353263830e-09
6.832668583478275889e-09
1.689726023092859669e-08
2.535973174269428438e-08
3.188426596996708524e-08
3.626147088390912270e-08
3.841010858417655373e-08
3.837228533210382029e-08
3.630284025960281956e-08
3.245372797518777118e-08
2.715430302802623586e-08
2.078860482028662916e-08
1.377096415553352961e-08
6.521419783095358096e-09
-5.575391649991687068e-10
-7.101541662539756138e-09
-1.280116313973207289e-08
-1.741436285930817441e-08
-2.077427805963443868e-08
-2.279244745922820996e-08
-2.345775715987670711e-08
-2.283153146720400605e-08
-2.103927102176776838e-08
-1.825961477232094093e-08
-1.471119477599520810e-08
-1.063815776630733856e-08
-6.295214455683975705e-09
-1.933108214602081630e-09
2.214657857450183359e-09
5.943134752628312417e-09
9.084782021790781129e-09
1.151558597864869564e-08
1.315837152615760535e-08
1.398340201087882561e-08
1.400647782441961734e-08
1.328482342065986759e-08
1.191111215572987358e-08
1.000603348477385104e-08
7.709861279987727952e-09
5.173527166754293025e-09
2.549723694586044679e-09
-1.545501881111917286e-11
-2.389888210462115609e-09
-4.461469998870646485e-09
-6.142588217579995347e-09
-7.372933380612650346e-09
-8.120639109972697411e-09
-8.381841832876653511e-09
-8.178811996843256710e-09
-7.556857070180327727e-09
-6.580234894858543556e-09
-5.327348268134441532e-09
-3.885516857954495370e-09
-2.345635696366379257e-09
-7.970245381025841222e-10
6.772543052391179184e-10
2.004379453368370744e-09
3.124887467764211093e-09
3.994824338488960185e-09
4.586898806489556968e-09
4.890662696890075290e-09
4.911790079640901868e-09
4.670563177143304612e-09
4.199700768234209896e-09
3.541686401721377009e-09
2.745769491993011164e-09
1.864821036375578546e-09
9.522250661907396929e-10
5.897526335646615525e-11
-7.688766785044544877e-10
-1.492306403955351124e-09
-2.080858941193407406e-09
-2.513609124976929621e-09
-2.779538175537490729e-09
-2.877355323108025185e-09
-2.814818675568517096e-09
-2.607629351125214842e-09
-2.277987951019066742e-09
-1.852913151276925676e-09
-1.362428360128373626e-09
-8.377233553096270752e-10
-3.093929067721068898e-10
1.941565511252999081e-10
6.480574092603159420e-10
1.032033812889668633e-09
1.331124116847885588e-09
1.536061451837645232e-09
1.643320565467800417e-09
1.654855821546277466e-09
1.577568789595591346e-09
1.422554302800284657e-09
1.204181357303445933e-09
9.390697894621355674e-10
6.450251498962417722e-10
3.399923943295123142e-10
4.108388509066221549e-11
-2.362709770804696718e-10
-4.790177340202361089e-10
-6.769857052847815881e-10
-8.232012953112853215e-10
-9.140051932789776635e-10
-9.489834187814865459e-10
-9.307310314401140929e-10
-8.644743663885523390e-10
-7.575828583203229180e-10
-6.190048785463778877e-10
-4.586635090388778755e-10
-2.868477787505965029e-10
-1.136326051933903270e-10
5.164334457405700578e-11
2.008181352762402229e-10
3.272481240591304474e-10
4.260402808951671718e-10
4.941718350486841971e-10
5.305002013837280359e-10
5.356717180123177467e-10
5.119423132003985420e-10
4.629267303366865335e-10
3.932953444334063764e-10
3.084388921180326022e-10
2.141216111809213950e-10
1.161423727776990027e-10
2.002146672869897564e-11
-6.927208554266506052e-11
-1.475412486079480348e-10
-2.115220927426792042e-10
-2.589816008983230177e-10
-2.887522045325019821e-10
-3.007064831304629328e-10
-2.956783485482263682e-10
-2.753393282066684676e-10
-2.420402168330087661e-10
-1.986293683110115742e-10
-1.482592490909692781e-10
-9.419259261246198373e-11
-3.961862477726767667e-11
1.251155080554800457e-11
5.962310405122727449e-11
9.962391636391684344e-11
1.309762311017361828e-10
1.527325955532589813e-10
1.645371793104686087e-10
1.665953151295761775e-10
1.596155576609561881e-10
1.447296522334091789e-10
1.233965305765682115e-10
9.729679930857710037e-11
6.822417024500433299e-11
3.797992317867439384e-11
8.275831308186207706e-12
-1.934992762020885919e-11
-4.360043615053946207e-11
-6.346902471456843176e-11
-7.826853573209744754e-11
-8.764097451616198238e-11
-9.154870291109168495e-11
-9.024922042309218231e-11
-8.425627864007708700e-11
-7.429057027227556102e-11
-6.122351765434801297e-11
-4.601776005260998508e-11
-2.966781640298844749e-11
-1.314410049213186406e-11
2.656982363087065999e-12
1.695468874422750476e-11
2.911580512111234778e-11
3.867585763599081160e-11
4.534944309837606558e-11
4.903006641019670434e-11
4.978040011937292201e-11
4.781431571130452259e-11
4.347235998048782875e-11
3.719255671094558558e-11
2.947850341345442870e-11
2.086670998890680243e-11
1.189500088690915940e-11
3.073589133276775199e-12
-5.139852103389606574e-12
-1.236012575296032889e-11
-1.828881701562066075e-11
-2.272269183069568684e-11
-2.555625326940600022e-11
-2.677883037260119351e-11
-2.646683492565854345e-11
-2.477202525575283103e-11
-2.190675689352053318e-11
-1.812727610792113733e-11
-1.371612548148950398e-11
-8.964685409469507928e-12
-4.156778867046143989e-12
4.458716294114118897e-13
4.615715230090023705e-12
8.168540711088443603e-12
1.096950484118499030e-11
1.293597531693393739e-11
1.403731828352090828e-11
1.429191342390388895e-11
1.376180353968615012e-11
1.254547651925699324e-11
1.076933376049353920e-11
8.578420612157686231e-12
6.126983101956852434e-12
3.569374542347260982e-12
1.051770230492046289e-12
-1.294935966373489127e-12
-3.360776571875060871e-12
-5.060724002090184590e-12
-6.337003242631879421e-12
-7.159732359486743777e-12
-7.526007070194256827e-12
-7.457618932948010626e-12
-6.997653171170986590e-12
-6.206250266500312777e-12
-5.155834856451204444e-12
-3.926116807041768770e-12
-2.599154125558323331e-12
-1.254737905727155983e-12
3.368139866935496780e-14
1.202356166791262510e-12
2.199775944644389466e-12
2.988312884512217839e-12
3.544970804130787353e-12
3.861279427567158619e-12
3.942417666400402906e-12
3.805683684079828800e-12
3.478453912262107039e-12
2.995787715710411947e-12
2.397839158837868400e-12
1.727232944659088644e-12
1.026549137119637484e-12
3.360421404420114055e-13
-3.083047668015081471e-13
-8.763154898518062187e-13
-1.344702835458865537e-12
-1.697679640501247022e-12
-1.927109970118336908e-12
-2.032234876778885938e-12
-2.019026965367543968e-12
-1.899242997243540171e-12
-1.689253624836354119e-12
-1.408734023820704895e-12
-1.079298910594311612e-12
-7.231606708000244743e-13
-3.618807497122038999e-13
-1.527288218856839198e-14
2.994969272631106486e-13
5.685835886553338624e-13
7.818942578234599388e-13
9.332772675085930207e-13
1.020481251534806994e-12
1.044908279027904952e-12
1.011193695065256521e-12
9.266516404802095993e-13
8.006288031505259820e-13
6.438098965242286705e-13
4.675168649707866897e-13
2.830401893906385016e-13
1.010353062419807765e-13
-6.898948810761343419e-14
-2.190747171694947270e-13
-3.430898195616391708e-13
-4.368881211362499585e-13
-4.983402419089979848e-13
-5.272557239322572243e-13
-5.252077713346950214e-13
-4.952798063658567575e-13
-4.417549824991516343e-13
-3.697708569092816669e-13
-2.849611837380176711e-13
-1.931053835950254888e-13
-9.980386079911397713e-14
-1.019420031860461373e-14
7.128037637862874388e-14
1.410428359612877728e-13
1.964909239172554725e-13
2.360427635436365741e-13
2.591230870106428735e-13
2.660965811938166373e-13
2.581570627550901550e-13
2.371827412324885524e-13
2.055686684800297510e-13
1.660476303526037038e-13
1.215102694560862054e-13
7.483422180043204204e-14
2.873061197844580015e-14
-1.438549906643104824e-14
-5.249605721632844909e-14
-8.404969407401899279e-14
-1.079994363479083158e-13
-1.238095383448008017e-13
-1.314340931112782494e-13
-1.312713439191327103e-13
-1.240985475208206226e-13
-1.109928164383296659e-13
-9.324359294526349657e-14
-7.226230448198074887e-14
-4.949435677674259814e-14
-2.633798677746954014e-14
-4.073680665571196274e-15
1.619307497570189151e-14
3.357393559606581244e-14
4.742395421465347258e-14
5.735210648234854862e-14
6.321707742329787424e-14
6.511000115963264909e-14
6.332638305919173745e-14
5.832979761360725834e-14
5.071014249466231667e-14
4.113924704113709430e-14
3.032649775689629427e-14
1.897687688177923692e-14
7.753440225873239028e-15
-2.754182377509278270e-15
-1.205416510819692044e-14
-1.976913940120388469e-14
-2.564499781699664679e-14
-2.955216144365465364e-14
-3.148000034984024333e-14
-3.152539800255007277e-14
-2.987666791829766496e-14
-2.679416077263232686e-14
-2.258894448170904090e-14
-1.760090460788692726e-14
-1.217750774055177247e-14
-6.654308959854230376e-15
-1.338080616120431696e-15
3.506791195375026166e-15
7.668238640125751122e-15
1.099260869501988126e-14
1.338698475604614117e-14
1.481799218445184384e-14
1.530751082480431750e-14
1.492584201373910130e-14
1.378295968486668437e-14
1.201851471563608267e-14
9.791260843154669274e-15
7.268533459072749982e-15
4.616345088041089022e-15
1.990570147128978890e-15
-4.704159389654485643e-16
-2.651394510723208207e-15
-4.464127463626600154e-15
-5.849329062001699150e-15
-6.776870029089368166e-15
-7.244385309030960327e-15
-7.274525753604566859e-15
-6.911142695268899836e-15
-6.214722357541227556e-15
-5.257394939143757672e-15
-4.117832637181664665e-15
-2.876324329118228808e-15
-1.610275209466311815e-15
-3.903308527579846514e-16
7.227294203842951851e-16
1.680241793034717667e-15
2.447017414006955213e-15
3.001831313170004287e-15
3.337105230937743784e-15
3.457885824673565246e-15
3.380247340528492767e-15
3.129265562403391829e-15
2.736717739411074351e-15
2.238661847416334238e-15
1.673038998691533819e-15
1.077426454494457388e-15
4.870471243451258583e-16
-6.688362508100069601e-17
-5.584198474463650886e-16
-9.677285080259820031e-16
-1.281513081150784598e-15
-1.493038696546897206e-15
-1.601799638742210769e-15
-1.612885100788176331e-15
-1.536109554658658810e-15
-1.384979846326761592e-15
-1.175572339784674956e-15
-9.253905344856683475e-16
-6.522671588849841247e-16
-3.733655220824938949e-16
-1.043236852612125057e-16
1.414273818696693125e-16
3.531532666303813163e-16
5.231072200197603166e-16
6.466283373769478763e-16
7.220621457571655105e-16
7.505269382694107991e-16
7.355550763244759283e-16
6.826421412518156562e-16
5.987382949630944775e-16
4.917156584242316294e-16
3.698431842914937771e-16
2.412967046897968159e-16
1.137269410478181149e-16
-6.097344609807132033e-18
-1.125598157540022587e-16
-2.013753130263916091e-16
-2.696771209870506231e-16
-3.160179269443954866e-16
-3.402937791962062176e-16
-3.436035283454923008e-16
-3.280583878465215439e-16
-2.965573721820919747e-16
-2.525445136002628933e-16
-1.997630196782909014e-16
-1.420200500560491631e-16
-8.297372333895129544e-17
-2.595149054631206871e-17
2.619369118727987071e-17
7.118570942413830605e-17
1.073851542321007711e-16
1.338080883732991696e-16
1.501072167102913116e-16
1.565206053174180959e-16
1.537943014449764587e-16
1.430859282379042798e-16
1.258565858350774667e-16
1.037582200973886469e-16
7.852307806813126869e-17
5.186102587176895395e-17
2.536943937621256148e-17
4.591732745200440053e-19
-2.170114850699737596e-17
-4.022152358672776986e-17
-5.450780757254625955e-17
-6.426098495179805026e-17
-6.946050914752875877e-17
-7.033438765241295575e-17
-6.731911230396407331e-17
-6.101274282918047970e-17
-5.212445640928803470e-17
-4.142369954785864306e-17
-2.969175072602265596e-17
-1.767805790982576948e-17
-6.063191164653037226e-18
4.570315142753998753e-18
1.375852824681303439e-17
2.116793528831235623e-17
2.659885234243784427e-17
2.998118278976826311e-17
3.136361547736329676e-17
3.089758821072200494e-17
2.881747843833669503e-17
2.541852414968296541e-17
2.103393243123652384e-17
1.601251306095697844e-17
1.069799493147895219e-17
5.410960524531716752e-18
4.340851560976970176e-19
-3.998890186575654193e-18
-7.710275707176900310e-18
-1.058169583688050848e-17
-1.255375856906022207e-17
-1.362255754524231169e-17
-1.383355750511080644e-17
-1.327349371223424006e-17
-1.206095245784398358e-17
-1.033629568233880196e-17
-8.251552973486483482e-18
-5.960834935605845668e-18
-3.611730311228152595e-18
-1.338042820505139680e-18
7.458900387137093461e-19
2.549167969857977358e-18
4.006568356359138769e-18
5.079132716145683729e-18
5.753257120457311714e-18
6.038508108420965600e-18
5.964429771802701919e-18
5.576632224668300545e-18
4.932457509345006223e-18
4.096507948730125239e-18
3.136296582410578331e-18
2.118242664400357230e-18
1.104190569596347678e-18
1.485812268458104606e-19
-7.036453962560090014e-19
-1.418387253494243358e-18
-1.972972066827961405e-18
-2.356058380901690903e-18
-2.566931536474872349e-18
-2.614303329599755398e-18
-2.514738554322248719e-18
-2.290837649135761862e-18
-1.969302931650029010e-18
-1.579007409961653662e-18
-1.149171153450312127e-18
-7.077320955047110909e-19
-2.799773920115210130e-19
1.125204877360419084e-19
4.526405677130324852e-19
7.281211888791962386e-19
9.316551725526275897e-19
1.060703830643480378e-18
1.117073013750084489e-18
1.106302336946205849e-18
1.036922935421659970e-18
9.196397829378830627e-19
7.664921315036580158e-19
5.900405077529127543e-19
4.026215245038931930e-19
2.157031730678088492e-19
3.936389428187298941e-20
-1.180908080801033041e-19
-2.503696043073009845e-19
-3.532981390037935778e-19
-4.247942339332859380e-19
-4.647320173843874774e-19
-4.747156075034978244e-19
-4.577854639528020195e-19
-4.180814497109103348e-19
-3.604861483180300760e-19
-2.902702581819997215e-19
-2.127591747438839841e-19
-1.330364384476908431e-19
-5.569584443444948032e-20
1.535005623985715198e-20
7.700134038521276382e-20
1.270419924124140491e-19
1.641543810281133153e-19
1.878829515175081225e-19
1.985552156728355361e-19
1.971694944834519334e-19
1.852595575394409961e-19
1.647463510627421882e-19
1.377864874303518885e-19
1.066261796756114297e-19
7.346795616247351987e-20
4.035590150325520668e-20
9.083457085359560421e-21
-1.887391185486435004e-20
-4.240051868651652335e-20
-6.075754256713719037e-20
-7.357746941080455680e-20
-8.083894304766084501e-20
-8.282578243099688604e-20
-8.007432941338876618e-20
-7.331342286544173086e-20
-6.340117557643442420e-20
-5.126239756018276343e-20
-3.783000717505663646e-20
-2.399314769945131462e-20
-1.055403028145214630e-20
1.805198801692200522e-21
1.254497533430958752e-20
2.128028133158897951e-20
2.778269009898249514e-20
3.197359356267966272e-20
3.391006349313172035e-20
3.376502594771567325e-20
3.180353553399405506e-20
2.835693151111840851e-20
2.379655512521615087e-20
1.850852459987876591e-20
1.287082096116603858e-20
7.233655407205426073e-21
1.903787894420196261e-21
-2.866833875460340110e-21
-6.888029156428474546e-21
-1.003409913975846583e-20
-1.224268046723202499e-20
-1.351027986050381589e-20
-1.388514645082541777e-20
-1.345820221808310429e-20
-1.235276747777346258e-20
-1.071379265989118901e-20
-8.697246395035930050e-21
-6.460220898848578700e-21
-4.152207070958803995e-21
-1.907871860119783359e-21
1.584528542119074837e-22
1.956480258778902779e-21
3.421897806077351761e-21
4.516631322517929201e-21
5.227637078870156266e-21
5.564472087940319474e-21
5.555929217493651996e-21
5.246039638351125924e-21
4.689742253843759787e-21
3.948500543205149881e-21
3.086114804021927032e-21
2.164935587869680094e-21
1.242635809974951798e-21
3.696480961828888256e-22
-4.126763767589940517e-22
-1.073178232929722015e-21
-1.591301509934878355e-21
-1.956872852561787142e-21
-2.169340772898838919e-21
-2.236585175724196807e-21
-2.173416761717438614e-21
-1.999887619945157688e-21
-1.739529224284041580e-21
-1.417623310348317793e-21
-1.059596025444626045e-21
-6.896076653762102508e-22
-3.293905721733389399e-22
2.632379595423184536e-24
2.919357081125310194e-22
5.281904132043559508e-22
7.052942952064308483e-22
8.211658994286418307e-22
8.773434993570720434e-22
8.784361284114084879e-22
8.314759401822968201e-22
7.452203938223994704e-22
6.294493435947446089e-22
4.942965842743426534e-22
3.496483541465412932e-22
2.046333299616508471e-22
6.722034589949355746e-23
-5.606804363468527795e-23
-1.603255186186798267e-22
-2.423213360461325143e-22
-3.004602358541489278e-22
-3.346580576122107563e-22
-3.461508234232775746e-22
-3.372563360628070515e-22
-3.111074347390994133e-22
-2.713751048130893622e-22
-2.219978430413837652e-22
-1.669312422704479909e-22
-1.099288879410897562e-22
-5.436255562441709234e-23
-3.086552410822158326e-24
4.165197629297013573e-23
7.825770531085413082e-23
1.057900521597110440e-22
1.239295609442948700e-22
1.329143238100811808e-22
1.334538562542483165e-22
1.266281584052593145e-22
1.137795290495452807e-22
9.640412026818689044e-23
7.604931360732163823e-23
5.422185994444478388e-23
3.231045376370759206e-23
1.152510316903320284e-23
-7.145606223341780174e-24
-2.295940347004091375e-23
-3.542841258931033807e-23
-4.431223677758525621e-23
-4.959843338085019361e-23
-5.147312551821933340e-23
-5.028465649899461351e-23
-4.650317649619512194e-23
-4.067888476756479461e-23
-3.340136521734028980e-23
-2.526207905288382982e-23
-1.682164565447166163e-23
-8.583079749487007575e-24
-9.716854998155089495e-25
5.678140519539269174e-24
1.112935492082564890e-23
1.524247248908041508e-23
1.797032556120829955e-23
1.934837927707604842e-23
1.948172915044934562e-23
1.852995210058510168e-23
1.669095253636374686e-23
1.418485155572311262e-23
1.123882334197288172e-23
8.073603948379986241e-24
4.892200023303873841e-24
1.871124042511198330e-24
-8.457082577211240549e-25
-3.150452661671178743e-24
-4.972359850294697785e-24
-6.276633527669385646e-24
-7.061486012132788339e-24
-7.353798784863143177e-24
-7.203811674209642252e-24
-6.679256169782634537e-24
-5.859320438833081313e-24
-4.828790536944178772e-24
-3.672658312784641760e-24
-2.471425414917425227e-24
-1.297268017218180608e-24
-2.111614621782738901e-25
7.389991859256990934e-25
1.519305044568447412e-24
2.109839239891173254e-24
2.503897888419193021e-24
2.706572302547090664e-24
2.732857453384240549e-24
2.605458643439559825e-24
2.352463869471261886e-24
2.005034934627465263e-24
1.595248089901758934e-24
1.154187368538941446e-24
7.103635047201038709e-25
2.885009650085462192e-25
-9.129262628371542564e-26
-4.139848477989968936e-25
-6.697344363787767061e-25
-8.537090161109956487e-25
-9.656580078737117779e-25
-1.009298726144703953e-24
-9.915743975734594351e-25
-9.218405281514331775e-25
-8.110314954940720671e-25
-6.708531183435314203e-25
-5.130397719750925088e-25
-3.487067519328769164e-25
-1.878203210905908081e-25
-3.879944932616778479e-26
9.174507535875887029e-26
1.991364270336218552e-25
2.806318925622643301e-25
3.353130082962229344e-25
3.638860234851283835e-25
3.684160904553742872e-25
3.520198418951264255e-25
3.185404963210582822e-25
2.722275129535200849e-25
2.174394167827638477e-25
1.583841538760152339e-25
9.890668127880310173e-26
4.232889582134227783e-26
-8.657156007831396087e-27
-5.204529426777854325e-26
-8.652554266376121378e-26
-1.114555822798038780e-25
-1.268010096021594430e-25
-1.330523164939610385e-25
-1.311262559280295705e-25
-1.222586927691618728e-25
-1.078953050001490605e-25
-8.958569222458000404e-26
-6.888561169764555544e-26
-4.727120572278923342e-26
-2.606819449079469872e-26
-6.398069027815641182e-27
1.085767290414801875e-26
2.507522845717591610e-26
3.588911763809006270e-26
4.317765279568245261e-26
4.703593481268881625e-26
4.773960583197246055e-26
4.570285936839678792e-26
4.143418800549109996e-26
3.549305329035064815e-26
2.845014124961495812e-26
2.085319402583621864e-26
1.319966982001784700e-26
5.916764861339303646e-27
-6.512957929807230373e-28
-6.249278121354454498e-27
-1.071117273189034622e-26
-1.395571024500373260e-26
-1.597825817955100670e-26
-1.684013563537018420e-26
-1.665626564339878774e-26
-1.558195314038443600e-26
-1.379945595970417389e-26
-1.150492027474674235e-26
-8.896180680331301665e-27
-6.161868664858842619e-27
-3.472216665044014530e-27
-9.718735668046503006e-28
1.225048323914623699e-27
3.037597132332836614e-27
4.418320639657577098e-27
5.351514011640845744e-27
5.849706367821245326e-27
5.948824462784267182e-27
5.702536082657114730e-27
5.176288629044443534e-27
4.441519840110855240e-27
3.570435503436120659e-27
2.631637232164032745e-27
1.686759118537373218e-27
7.881527200133484942e-28
-2.244004308730437649e-29
-7.143572693893364622e-28
-1.267799975678860989e-27
-1.673104293346589186e-27
-1.929663597587489903e-27
-2.044630851232534295e-27
-2.031496821120692344e-27
-1.908609342668569945e-27
-1.697677939155671295e-27
-1.422298752319513021e-27
-1.106535446588789579e-27
-7.735985546774794689e-28
-4.446734854933379055e-28
-1.379511651121906567e-28
1.320885320821666682e-28
3.551031959631267128e-28
5.250076031221454439e-28
6.397961392015439754e-28
7.011041151374629473e-28
7.135673543859644366e-28
6.840551641679219234e-28
6.208576992214598253e-28
5.329042299492955573e-28
4.290752344101316946e-28
3.176513246331597702e-28
2.059194250611878763e-28
9.993508647107845541e-29
4.422493554843556879e-30
-7.721735135942429803e-29
-1.428239370151295073e-28
-1.913515929458191874e-28
-2.227257304258816891e-28
-2.376968202653699755e-28
-2.376989739897918466e-28
-2.247129630763612791e-28
-2.011296068130651163e-28
-1.696089815816055112e-28
-1.329333261290774110e-28
-9.385570700832005847e-29
-5.495105034155670510e-29
-1.847968545691082151e-29
1.372491777647413332e-29
4.033346143129225138e-29
6.055567536218769981e-29
7.413013056008072763e-29
8.127202468744302241e-29
8.258714271241011652e-29
7.896401367600385813e-29
7.145809641770023108e-29
6.118142305330792566e-29
4.920873510551473866e-29
3.650734462066266164e-29
2.389353330336848642e-29
1.201409605729725165e-29
1.348343904464224418e-30
-7.776042196916799902e-30
-1.516032876369707250e-29
-2.071130652302048250e-29
-2.442133236634119925e-29
-2.635374229720102937e-29
-2.663336303933682886e-29
-2.544023398135001745e-29
-2.300386048223742609e-29
-1.959540809430647868e-29
-1.551607333202323421e-29
-1.108114551842542677e-29
-6.600654309489034976e-30
-2.358641768522615020e-30
1.406246070572043841e-30
4.516108280283032145e-30
6.862885192357968364e-30
8.410000592795498444e-30
9.186559476913258560e-30
9.275283116034970778e-30
8.796268151496466096e-30
7.889137102308112690e-30
6.696144469854141230e-30
5.348356575717786362e-30
3.956258410775743810e-30
2.605231430499672603e-30
1.355477370467979083e-30
2.452925541461618178e-31
-7.037731177427571650e-31
-1.481376315489400177e-30
-2.083706062848993639e-30
-2.510459896147042100e-30
-2.763709598790297361e-30
-2.848389151688101334e-30
-2.773769829486518645e-30
-2.555117785233975948e-30
-2.214769195370680832e-30
-1.782073313500753053e-30
-1.291977838937808195e-30
-7.823815063848522726e-31
-2.906765799211337917e-31
1.499109180734070596e-31
5.135331167142189339e-31
7.839320935958758359e-31
9.553056528184221334e-31
1.031744725810095138e-30
1.025422450926524699e-30
9.539235375206117362e-31
8.372203155202144097e-31
6.948138211295647991e-31
5.434719846311864503e-31
3.958389711202604047e-31
2.599981137803129217e-31
1.398865615794856017e-31
3.631786786495825974e-32
-5.170782071099260440e-32
-1.257301808061022023e-31
-1.868550796055522043e-31
-2.352387039067291762e-31
-2.700638182405993805e-31
-2.899284857916484605e-31
-2.934852413962326319e-31
-2.801313149676547823e-31
-2.505606098896360217e-31
-2.070382276844817836e-31
-1.533334614873026996e-31
-9.432887052012139585e-32
-3.539343765637001212e-32
1.834672771559346140e-32
6.269320093770206352e-32
9.488685093707755055e-32
1.138606732946591937e-31
1.202051185381739805e-31
1.158748384182026105e-31
1.037124716081837468e-31
8.689249160017897192e-32
6.839266089114447768e-32
5.058368919286769272e-32
3.499487824189415990e-32
2.227306237809546200e-32
1.231290539659589425e-32
4.506275752393682200e-33
-1.957945513842857308e-33
-7.812973201006107643e-33
-1.350818307620287859e-32
-1.911115270620361255e-32
-2.432374947892681445e-32
-2.859340016607382045e-32
-3.128261389838049957e-32
-3.185156320507245575e-32
-3.001065159267006405e-32
-2.581091560800605022e-32
-1.965660328945016749e-32
-1.224232766763772571e-32
-4.432916905764639154e-33
2.885526006696906645e-33
8.951364886744779771e-33
1.324142131163783503e-32
1.553359711450329589e-32
1.591055233573398167e-32
1.470924054865039428e-32
1.243127100174002757e-32
9.635196456386085714e-33
6.833103473086340526e-33
4.410565469334801720e-33
2.582268664362826002e-33
1.387167672997359201e-33
7.187586996238613510e-34
3.796185603431441696e-34
1.458412570632644431e-34
-1.732076784451424840e-34
-6.916353977205221588e-34
-1.427239101353581253e-33
-2.306469989739447928e-33
-3.190114456067290616e-33
-3.911795548374253677e-33
-4.319594441162438188e-33
-4.311491293784922356e-33
-3.857601322418029878e-33
-3.005662056619539835e-33
-1.870066857643995181e-33
-6.081125489394577790e-34
6.106043246926815602e-34
1.634891752441282451e-33
2.356661079977472493e-33
2.725332535388951132e-33
2.750155199774954216e-33
2.491242708083483671e-33
2.042281088655279575e-33
1.509193086881730673e-33
9.893657598271793676e-34
5.554103380290301025e-34
2.460603549069825028e-34
6.508195431309698699e-35
-1.263942479866217981e-35
-3.001572523837318356e-35
-3.460332151567412206e-35
-6.637408780530764129e-35
-1.488537821713291975e-34
-2.850856251416348634e-34
-4.587064401198953808e-34
-6.393267421046782176e-34
-7.906000708061747997e-34
-8.789828765015456162e-34
-8.812558063627660733e-34
-7.893357806456117481e-34
-6.116191453126247439e-34
-3.708865241239931241e-34
-9.949982334927257207e-35
1.669015453200179458e-34
3.958173720758197320e-34
5.631478917168744295e-34
6.563937766513655529e-34
6.753947135060425309e-34
6.307369749139763840e-34
5.404059632758892967e-34
4.255397932282247698e-34
3.062166785858528737e-34
1.980897554616572142e-34
1.104143928197334780e-34
4.566644009638348178e-35
6.043734742382620796e-37
-3.164617280981642535e-35
-5.906295989980332115e-35
-8.834969625894686874e-35
-1.232022677599017702e-34
-1.635162861016843425e-34
-2.056006370109919943e-34
-2.432419871522103907e-34
-2.693022679992228901e-34
-2.774520343194755858e-34
-2.636541794564561101e-34
-2.271023794520818487e-34
-1.704598442606809385e-34
-9.940203414731230084e-35
-2.160790386690709290e-35
5.455880633089620636e-35
1.213985755010779460e-34
1.729977081073708351e-34
2.059358744759619918e-34
2.194932820314959182e-34
2.153774341603334814e-34
1.970796131009792659e-34
1.690290921487324420e-34
1.357307915228178239e-34
1.010508043386727748e-34
6.776283907701211964e-35
3.740110311931223603e-35
1.039707245781411308e-35
-1.357717840591462838e-35
-3.516834462136657015e-35
-5.491854885732351179e-35
-7.295472160355361039e-35
-8.884934981486793332e-35
-1.016664977487713869e-34
-1.101644899742948629e-34
-1.130949173381784796e-34
-1.095220506375038079e-34
-9.908877157104305476e-35
-8.217243309283095775e-35
-5.990144865750543046e-35
-3.403420218277917741e-35
-6.729429222898699519e-36
1.974370666032661864e-35
4.329998358683094483e-35
6.228519764778224644e-35
7.563799072057451621e-35
8.294812607110926334e-35
8.441388087435634821e-35
8.071922943955068047e-35
7.286332893822120635e-35
6.197890179340549032e-35
4.917258817221616048e-35
3.541087653692135100e-35
2.146246072529878673e-35
7.894807587026742866e-36
-4.887968780976013451e-36
-1.658527521996232823e-35
-2.693903165970803763e-35
-3.568904147640555176e-35
-4.255567609732088823e-35
-4.725261724381579015e-35
-4.952455993149421108e-35
-4.919892003059633721e-35
-4.623774209590868279e-35
-4.077645524424470147e-35
-3.313944970044747567e-35
-2.382766898190077416e-35
-1.347927040068986055e-35
-2.809640327128378645e-36
7.459339826432657010e-36
1.666946261103961942e-35
2.428532408807446893e-35
2.993464683681533990e-35
3.342588596286025870e-35
3.474334885627355021e-35
3.402366395827999400e-35
3.151988261934136465e-35
2.756047410276273155e-35
2.250998853370010813e-35
1.673651407211972520e-35
1.058873201548854631e-35
4.382935212296460035e-36
-1.601672806039172850e-36
-7.122380178926961710e-36
-1.197044817269222005e-35
-1.596959319765070913e-35
-1.897730716108742605e-35
-2.088947054131077954e-35
-2.164738028968498446e-35
-2.124533147418006718e-35
-1.973644661222876029e-35
-1.723459319721957454e-35
-1.391088952880753393e-35
-9.984292089271167597e-36
-5.706851777606110601e-36
-1.345189125880783368e-36
2.839614213756591674e-36
6.611283097647863731e-36
9.774554981757303125e-36
1.218666535474245760e-35
1.376323746312874246e-35
1.447854494182885998e-35
1.436086348037045719e-35
1.348416005950413712e-35
1.195762211072647143e-35
9.914501615582559523e-36
7.501491636635681424e-36
4.869452430132916199e-36
2.165862687183060851e-36
-4.710178878817547663e-37
-2.916557738603459274e-36
-5.063134794394551262e-36
-6.822861420706401237e-36
-8.129885673266571673e-36
-8.942308768496794110e-36
-9.243572222076452233e-36
-9.043039359232216502e-36
-8.375457200672088590e-36
-7.299044454353859735e-36
-5.892094595434298988e-36
-4.248177096754014509e-36
-2.470222880302467278e-36
-6.639504877031705803e-37
1.068805289607283263e-36
2.636278405427878137e-36
3.961948078261662703e-36
4.988315881441253160e-36
5.679067024587993099e-36
6.019586359445467812e-36
6.015969014025713277e-36
5.692794131819356904e-36
5.090004809548945210e-36
4.259256014583216606e-36
3.260063013340261894e-36
2.156020618674729345e-36
1.011286363199444695e-36
-1.125544223256787003e-37
-1.159183805204266694e-36
-2.079787247994514131e-36
-2.834827052790487103e-36
-3.395348784748311313e-36
-3.743806242297207243e-36
-3.874381032036641991e-36
-3.792771641544497168e-36
-3.515438819297878663e-36
-3.068319811006675294e-36
-2.485060446425853146e-36
-1.804855200391899862e-36
-1.070023748120416741e-36
-3.234810510357646339e-37
3.937287543628802172e-37
1.044669091896060117e-36
1.598374914998031706e-36
2.031236896267067627e-36
2.327844065737054363e-36
2.481270965723671013e-36
2.492839780377597236e-36
2.371424003726135159e-36
2.132385054229478543e-36
1.796245933741928580e-36
1.387207569458042412e-36
9.316062673429230030e-37
4.563978545636436780e-37
-1.226128205574628718e-38
-4.502813891882223279e-37
-8.367135673058757616e-37
-1.154601208849360607e-36
