0.000000000000000000e+00
3.765919707120678652e-29
9.278276239654186889e-23
2.630245911108646365e-21
2.279059188142411542e-20
1.075132308679349403e-19
3.401255983973917816e-19
7.802933574811987481e-19
1.268548274971523466e-18
1.021879817796478431e-18
-2.031739882607035520e-18
-1.218551421338717809e-17
-3.709204018979575380e-17
-8.897227087915427415e-17
-1.856920612206717683e-16
-3.514585841621844124e-16
-6.168818417948073006e-16
-1.018185618806727268e-15
-1.595438287187941673e-15
-2.389798611555801885e-15
-3.439918462028777463e-15
-4.777790363682416720e-15
-6.424447949210515965e-15
-8.385998565710084913e-15
-1.065047299448227526e-14
-1.318591110680439184e-14
-1.593997009652422692e-14
-1.884116157580758055e-14
-2.180162291633043415e-14
-2.472113982520183484e-14
-2.749199411933828346e-14
-3.000413960292067639e-14
-3.215022482761000344e-14
-3.383008397379109053e-14
-3.495448928127422322e-14
-3.544816873180092185e-14
-3.525229912237549753e-14
-3.432684181507692217e-14
-3.265315524854851165e-14
-3.023726589864285230e-14
-2.711399743258893310e-14
-2.335185804025675168e-14
-1.905820216048293901e-14
-1.438376713857421709e-14
-9.525300855684719659e-15
-4.724707472464700321e-15
-2.630001914770404784e-16
3.552601766513725726e-15
6.409850574151779394e-15
8.021920490665025432e-15
8.167584202014729568e-15
6.740964372595065814e-15
3.810132763766902078e-15
-3.166423277679961939e-16
-5.018501095163074509e-15
-9.285045000720163535e-15
-1.163631861956292686e-14
-1.004091585456202820e-14
-1.833018212468493172e-15
1.637122220408670477e-14
4.875784185985403465e-14
1.003997640590906910e-13
1.773418865452105047e-13
2.866859786706814312e-13
4.366741181679158211e-13
6.367685202437380125e-13
8.977246626986880372e-13
1.231653731920382672e-12
1.652069752651984568e-12
2.173916446710836313e-12
2.813568977150930015e-12
3.588806299277869929e-12
4.518750813624510816e-12
5.623773286261485104e-12
6.925362402607335147e-12
8.445959656347418384e-12
1.020876135062962196e-11
1.223749014523818281e-11
1.455613872807973790e-11
1.718868781826672911e-11
2.015879991653299788e-11
2.348948919417914321e-11
2.720276691221367540e-11
3.131926107814995122e-11
3.585780895601734764e-11
4.083502175766213041e-11
4.626482246463596630e-11
5.215796022129657523e-11
5.852150790937727153e-11
6.535835302463020121e-11
7.266669538277973292e-11
8.043956798594086832e-11
8.866439910342662518e-11
9.732263388064012686e-11
1.063894323696574536e-10
1.158334577826646739e-10
1.256167642531200021e-10
1.356947879383099524e-10
1.460164395839594201e-10
1.565242914838375550e-10
1.671548478885943777e-10
1.778388860184887467e-10
1.885018553548956249e-10
1.990643259375624024e-10
2.094424817220120489e-10
2.195486620046883276e-10
2.292919615299071307e-10
2.385789069416643159e-10
2.473142324562349925e-10
2.554017798137312157e-10
2.627455458082483653e-10
2.692508945233162668e-10
2.748259408839410529e-10
2.793830979667167213e-10
2.828407639328052019e-10
2.851251071915100716e-10
2.861718924577092628e-10
2.859282777854190250e-10
2.843545052523096437e-10
2.814254070721571063e-10
2.771316551563861811e-10
2.714806953131201442e-10
2.644973262726323567e-10
2.562239066425368790e-10
2.467201971928051309e-10
2.360628686593244034e-10
2.243447236641333265e-10
2.116736928734567566e-10
1.981716683837637299e-10
1.839732307827975930e-10
1.692243107948490998e-10
1.540808035214063239e-10
1.387071257355537059e-10
1.232746779979521112e-10
1.079601474553466119e-10
9.294356791640053500e-11
7.840604446911456709e-11
6.452705278848777904e-11
5.148123929841125833e-11
3.943467685234908625e-11
2.854056936283940685e-11
1.893444424220322605e-11
1.072891899940932450e-11
4.008172769388106489e-12
-1.177710070053055313e-12
-4.818332974155207699e-12
-6.948317020004668723e-12
-7.652175261156547923e-12
-7.068563296644653129e-12
-5.393774938244063875e-12
-2.884398345932949186e-12
1.409016189463931558e-13
3.300460720511929910e-12
6.149497661225543144e-12
8.180718706520087155e-12
8.825549888197417086e-12
7.455907245340338443e-12
3.386437123666982907e-12
-4.122806546382519367e-12
-1.586323769128031642e-11
-3.267411019979919839e-11
-5.543828913053564609e-11
-8.507729249811885184e-11
-1.225454598756310385e-10
-1.688231078895385102e-10
-2.249085566892019705e-10
-2.918089542435282299e-10
-3.705298831232270371e-10
-4.620638015914028299e-10
-5.673774404283255258e-10
-6.873983416419608287e-10
-8.230007782358151546e-10
-9.749913300983611745e-10
-1.144094406460485603e-09
-1.330937999399578897e-09
-1.536039927317883511e-09
-1.759794786408262477e-09
-2.002461777906202589e-09
-2.264153526600759270e-09
-2.544825958952090774e-09
-2.844269273737377780e-09
-3.162100019212673937e-09
-3.497754290752269199e-09
-3.850482081470658355e-09
-4.219342852409341077e-09
-4.603202433027226535e-09
-5.000731409823998126e-09
-5.410405203081119004e-09
-5.830506061223540525e-09
-6.259127212930287997e-09
-6.694179404629357194e-09
-7.133400014098336696e-09
-7.574364871115333811e-09
-8.014502838139797174e-09
-8.451113114661735354e-09
-8.881385136580233450e-09
-9.302420855696728855e-09
-9.711259112152082200e-09
-1.010490176103273262e-08
-1.048034118705362396e-08
-1.083458883907803081e-08
-1.116470443651737818e-08
-1.146782553720687461e-08
-1.174119720333053260e-08
-1.198220154964190020e-08
-1.218838699787292719e-08
-1.235749708499618517e-08
-1.248749867591325469e-08
-1.257660941060666927e-08
-1.262332417324990284e-08
-1.262644031046164249e-08
-1.258508125557333133e-08
-1.249871814450730759e-08
-1.236718894687838482e-08
-1.219071459289557216e-08
-1.196991156005829927e-08
-1.170580039883467454e-08
-1.139980972452774983e-08
-1.105377528133048437e-08
-1.066993378796013571e-08
-1.025091139394837161e-08
-9.799706700982587219e-09
-9.319668424015981652e-09
-8.814467872477109273e-09
-8.288066515072477344e-09
-7.744678948343159151e-09
-7.188731618482187300e-09
-6.624817651315233259e-09
-6.057648133167471649e-09
-5.492000164651528111e-09
-4.932661990243509748e-09
-4.384375498576285189e-09
-3.851776399099635617e-09
-3.339332416225796872e-09
-2.851279904403378191e-09
-2.391559373809375012e-09
-1.963750519980135885e-09
-1.571007462147526713e-09
-1.215995002735798337e-09
-9.008268125680396356e-10
-6.270065119545539130e-10
-3.953726489103506545e-10
-2.060485676270637621e-10
-5.839811289336997241e-11
4.901196656416583639e-11
1.184421630163835996e-10
1.530022770761585231e-10
1.566649136202233490e-10
1.342700378662020380e-10
9.152033252276839747e-11
3.496718357730768214e-11
-2.801281595639263339e-11
-8.925091633783745560e-11
-1.398288657467842995e-10
-1.701312056778890417e-10
-1.699072263892221593e-10
-1.283425700881902908e-10
-3.414041359128086767e-11
1.243879250742855565e-10
3.592232332248662320e-10
6.825299345593069550e-10
1.106539516811785687e-09
1.643426665512447604e-09
2.305179114523807406e-09
3.103462415283612168e-09
4.049480994520019295e-09
5.153837003705238440e-09
6.426388554843208379e-09
7.876108983346436111e-09
9.510948780883124972e-09
1.133770180520168185e-08
1.336187730900510644e-08
1.558757924719358073e-08
1.801739423294692977e-08
2.065228942831570743e-08
2.349152158227375693e-08
2.653255837228450453e-08
2.977101316425602020e-08
3.320059427567608773e-08
3.681306980002720356e-08
4.059824901667212363e-08
4.454398135842277474e-08
4.863617382824469614e-08
5.285882763913940231e-08
5.719409469242666310e-08
6.162235430922108483e-08
6.612231039141339650e-08
7.067110892056792001e-08
7.524447541649802267e-08
7.981687168462606723e-08
8.436167089620193134e-08
8.885134977855438475e-08
9.325769645427351982e-08
9.755203226281164810e-08
1.017054457282174613e-07
1.056890366986667613e-07
1.094741685738257710e-07
1.130327264455431443e-07
1.163373788995690668e-07
1.193618411513443126e-07
1.220811371147442583e-07
1.244718579244045252e-07
1.265124143518359212e-07
1.281832804784876814e-07
1.294672259202490718e-07
1.303495338507256661e-07
1.308182020521133236e-07
1.308641242453348342e-07
1.304812490199511651e-07
1.296667138080951969e-07
1.284209515234874213e-07
1.267477677154904971e-07
1.246543863640221728e-07
1.221514627525936455e-07
1.192530621971366506e-07
1.159766037633602759e-07
1.123427684678196528e-07
1.083753718165446036e-07
1.041012008876663067e-07
9.954981650553077851e-08
9.475332138457394984e-08
8.974609544483542164e-08
8.456449981914128948e-08
7.924655139188943529e-08
7.383157003193482051e-08
6.835980101123123744e-08
6.287201543418410939e-08
5.740909183881930250e-08
5.201158246227196509e-08
4.671926798184733192e-08
4.157070483941692372e-08
3.660276951972993636e-08
3.185020437318583827e-08
2.734516974132565274e-08
2.311680725265187163e-08
1.919081920362153720e-08
1.558906892378327758e-08
1.232920694721011969e-08
9.424327678254535862e-09
6.882661053515472745e-09
4.707303470264421537e-09
2.895991978758493485e-09
1.440925427886651988e-09
3.286359119867271965e-10
-4.600865055788695777e-10
-9.502132210450945644e-10
-1.172438536572706633e-09
-1.163081460795309933e-09
-9.639267067031654022e-10
-6.220042717842036822e-10
-1.893075623576556213e-10
2.775493686924158149e-10
7.177342680401644472e-10
1.066656958300549799e-09
1.256484930761766991e-09
1.216711082322061914e-09
8.747697782272531216e-10
1.566967989311497828e-10
-1.012171861646120277e-09
-2.706467929313502692e-09
-5.000031600088259596e-09
-7.965131643964660590e-09
-1.167167179255216155e-08
-1.618639067658045945e-08
-2.157206285484905572e-08
-2.788670868923954982e-08
-3.518282097057216691e-08
-4.350661628346128683e-08
-5.289731911405499762e-08
-6.338648664818724996e-08
-7.499738207591845381e-08
-8.774440400924281474e-08
-1.016325793281528878e-07
-1.166571263967632068e-07
-1.328030951331505107e-07
-1.500450898765532331e-07
-1.683470803745894593e-07
-1.876623055174431344e-07
-2.079332736795057362e-07
-2.290918627003277936e-07
-2.510595216528652379e-07
-2.737475756169481641e-07
-2.970576337088046655e-07
-3.208820996225836582e-07
-3.451047829244838621e-07
-3.696016083156100188e-07
-3.942414190536940282e-07
-4.188868697044197953e-07
-4.433954023928932250e-07
-4.676202997483308718e-07
-4.914118067971650647e-07
-5.146183131655044741e-07
-5.370875861175413644e-07
-5.586680441840801227e-07
-5.792100604454032382e-07
-5.985672839269091963e-07
-6.165979670555099728e-07
-6.331662867228324253e-07
-6.481436462030451495e-07
-6.614099449998267854e-07
-6.728548036392341649e-07
-6.823787304992847870e-07
-6.898942179589964520e-07
-6.953267554788436081e-07
-6.986157476795139930e-07
-6.997153260709815270e-07
-6.985950438013491651e-07
-6.952404436262162120e-07
-6.896534902602729940e-07
-6.818528593383119232e-07
-6.718740763914008581e-07
-6.597695005092599486e-07
-6.456081487226624915e-07
-6.294753585717674013e-07
-6.114722878230012923e-07
-5.917152518496730816e-07
-5.703349007717747441e-07
-5.474752400634084836e-07
-5.232924999488795885e-07
-4.979538605190558162e-07
-4.716360410782973354e-07
-4.445237637783222214e-07
-4.168081030800944153e-07
-3.886847339974947187e-07
-3.603520934038054772e-07
-3.320094699004225449e-07
-3.038550388530879844e-07
-2.760838601709046673e-07
-2.488858572312167079e-07
-2.224437960217712657e-07
-1.969312840757116723e-07
-1.725108091011400459e-07
-1.493318373498280427e-07
-1.275289917224777289e-07
-1.072203293661733942e-07
-8.850573808184244202e-08
-7.146547022347754244e-08
-5.615883193849109403e-08
-4.262304457366280246e-08
-3.087229385688960251e-08
-2.089698107089046278e-08
-1.266318886696400904e-08
-6.112372639845068483e-09
-1.161286505830147369e-09
2.297849084637327043e-09
4.396933199290618820e-09
5.291321073176816398e-09
5.158911198582395127e-09
4.198984877468564835e-09
2.630802673581067693e-09
6.919646383564896759e-10
-1.363456384981411897e-09
-3.266996668825936485e-09
-4.738084656954993810e-09
-5.486508826247819270e-09
-5.215051830640534940e-09
-3.622270344266710518e-09
-4.053981045490616121e-10
4.736652094305760238e-09
1.210021327037335936e-08
2.197374315726510625e-08
3.463468544674736562e-08
5.034634257023423620e-08
6.935478985824815670e-08
9.188586128828662308e-08
1.181422371286627954e-07
1.483006635941945860e-07
1.825093341513896467e-07
2.208854613363778404e-07
2.635130668854958794e-07
3.104410166204900138e-07
3.616813248921177369e-07
4.172077514695672291e-07
4.769547115823312160e-07
5.408165173921880729e-07
6.086469665062013878e-07
6.802592902652207297e-07
7.554264714710477197e-07
8.338819379782979461e-07
9.153206351960933621e-07
9.994004770556407991e-07
1.085744171424146953e-06
1.173941412325326696e-06
1.263551427684300921e-06
1.354105867694339889e-06
1.445112015332643608e-06
1.536056297075479284e-06
1.626408068500382222e-06
1.715623646268792933e-06
1.803150554977659557e-06
1.888431954587546175e-06
1.970911211624163501e-06
2.050036575111078282e-06
2.125265916289023980e-06
2.196071489604650921e-06
2.261944671262881169e-06
2.322400630812406610e-06
2.376982890839422616e-06
2.425267729854756225e-06
2.466868383897054713e-06
2.501439003264206961e-06
2.528678322080310962e-06
2.548333000167341185e-06
2.560200598854299551e-06
2.564132154962144411e-06
2.560034320173253001e-06
2.547871036385046523e-06
2.527664721364494996e-06
2.499496943094799487e-06
2.463508565542165299e-06
2.419899353205832387e-06
2.368927026650990860e-06
2.310905766243627989e-06
2.246204166481381378e-06
2.175242648544643944e-06
2.098490344002427619e-06
2.016461467878928998e-06
1.929711204524255279e-06
1.838831134827178647e-06
1.744444238272654125e-06
1.647199508076660288e-06
1.547766222101072526e-06
1.446827916421278934e-06
1.345076112208535915e-06
1.243203850000994845e-06
1.141899088390523377e-06
1.041838026637759908e-06
9.436784126884877558e-07
8.480528994966284480e-07
7.555625134195373057e-07
6.667702987270196581e-07
5.821952019470685649e-07
5.023062588405749374e-07
4.275171452604435457e-07
3.581811510062734319e-07
2.945866330399862102e-07
2.369530011017796854e-07
1.854272848698236471e-07
1.400813273784251417e-07
1.009096444682840846e-07
6.782798462975270262e-08
4.067261776334673063e-08
1.920037515126018602e-08
3.089456378874569702e-09
-8.058987896243412864e-09
-1.471849548455891094e-08
-1.743415989518031519e-08
-1.681873794929316583e-08
-1.354801781589845836e-08
-8.355474820725988156e-09
-2.026249578114001628e-09
4.609509967950301252e-09
1.068389422234720997e-08
1.529901048402003383e-08
1.753523340144394911e-08
1.645986071465138374e-08
1.113610249499058677e-08
6.323274831500004186e-10
-1.596851386979438273e-08
-3.955937339444718318e-08
-7.099958259550362134e-08
-1.111054117051055194e-07
-1.606407997698086369e-07
-2.203083454621830750e-07
-2.907406477956885489e-07
-3.724920845832007774e-07
-4.660311142991291187e-07
-5.717331839850664460e-07
-6.898743220022725669e-07
-8.206254897747767537e-07
-9.640477612370448547e-07
-1.120088392509793460e-06
-1.288577837438387200e-06
-1.469227757063711328e-06
-1.661630062938645804e-06
-1.865257025491838385e-06
-2.079462469462434537e-06
-2.303484068838947029e-06
-2.536446743837336348e-06
-2.777367152307534515e-06
-3.025159257675590272e-06
-3.278640945184003954e-06
-3.536541647893462556e-06
-3.797510933748541457e-06
-4.060127995095371152e-06
-4.322911972440952179e-06
-4.584333035098587827e-06
-4.842824132743297997e-06
-5.096793323891865214e-06
-5.344636580055466855e-06
-5.584750957796839635e-06
-5.815548025328833107e-06
-6.035467425610227902e-06
-6.242990454266189083e-06
-6.436653528040725889e-06
-6.615061418049121987e-06
-6.776900121779201897e-06
-6.920949248647611761e-06
-7.046093796025027406e-06
-7.151335195869601629e-06
-7.235801516627134964e-06
-7.298756710684121606e-06
-7.339608804511754607e-06
-7.357916936504537632e-06
-7.353397156541765697e-06
-7.325926911254079735e-06
-7.275548149848866045e-06
-7.202468997105819139e-06
-7.107063952532716594e-06
-6.989872587791506936e-06
-6.851596728039622254e-06
-6.693096116833375618e-06
-6.515382578394104553e-06
-6.319612705422566367e-06
-6.107079114948545384e-06
-5.879200328863068865e-06
-5.637509349690622122e-06
-5.383641015553496036e-06
-5.119318231204752440e-06
-4.846337184156695034e-06
-4.566551666321132465e-06
-4.281856631944017740e-06
-3.994171132002196900e-06
-3.705420773404645845e-06
-3.417519858262426616e-06
-3.132353364099645473e-06
-2.851758930020287124e-06
-2.577509016567221523e-06
-2.311293408173756971e-06
-2.054702226740161765e-06
-1.809209622907452169e-06
-1.576158308079177467e-06
-1.356745085151157722e-06
-1.152007529272843116e-06
-9.628119618330710881e-07
-7.898428512829589292e-07
-6.335937634518942904e-07
-4.943599717638304245e-07
-3.722328243006169350e-07
-2.670959501183811946e-07
-1.786233716803390535e-07
-1.062795738972281815e-07
-4.932156314827371914e-08
-6.802931990775492342e-09
2.242007285642977332e-08
3.968050004385768769e-08
4.649069991656939827e-08
4.453044536846959765e-08
3.563324316942680596e-08
2.177092957116471306e-08
5.036661280943108085e-09
-1.237357051601920545e-08
-2.818075970913466190e-08
-4.004388032571521651e-08
-4.558188555435825902e-08
-4.239652700261893042e-08
-2.809579974610053538e-08
-3.178095854227766884e-10
4.324514852933473997e-08
1.048225176287656923e-07
1.865416319467449927e-07
2.904043186774081936e-07
4.182641706293070725e-07
5.718047100673239893e-07
7.525186599393976787e-07
9.616885325677481315e-07
1.200368737791494869e-06
1.469369402459757026e-06
1.769242081209869999e-06
2.100267524628086330e-06
2.462445655330667308e-06
2.855487885249045486e-06
3.278811888645434642e-06
3.731538925203614689e-06
4.212493786105582676e-06
4.720207413494606922e-06
5.252922220274310623e-06
5.808600113054056425e-06
6.384933196383517235e-06
6.979357111458251175e-06
7.589066937439002486e-06
8.211035558673693006e-06
8.842034376629104476e-06
9.478656221539847018e-06
1.011734029581827263e-05
1.075439895946144919e-05
1.138604614720870015e-05
1.200842718833418841e-05
1.261764978278672978e-05
1.320981587227168424e-05
1.378105413186663649e-05
1.432755279704814072e-05
1.484559253283445135e-05
1.533157904600740084e-05
1.578207513846014671e-05
1.619383189944606413e-05
1.656381873717209445e-05
1.688925195551813907e-05
1.716762159006169315e-05
1.739671622872450267e-05
1.757464555630326651e-05
1.769986037897256301e-05
1.777116990409045749e-05
1.778775607265183767e-05
1.774918476591944827e-05
1.765541373429931226e-05
1.750679712476241518e-05
1.730408651329988666e-05
1.704842838028436351e-05
1.674135799928732387e-05
1.638478974309490917e-05
1.598100384457438653e-05
1.553262968386585693e-05
1.504262570698241470e-05
1.451425611403823670e-05
1.395106448731588205e-05
1.335684456041085802e-05
1.273560835898614849e-05
1.209155197133237481e-05
1.142901923231139013e-05
1.075246362754275950e-05
1.006640874528298836e-05
9.375407621302006699e-06
8.684001337023740082e-06
7.996677242875707822e-06
7.317827187320303069e-06
6.651706137028592351e-06
6.002391575175705920e-06
5.373744062679509167e-06
4.769369341478244208e-06
4.192582349561402131e-06
3.646373504526273811e-06
3.133377596044722471e-06
2.655845607907770716e-06
2.215619767476466871e-06
1.814112094619613451e-06
1.452286693778357168e-06
1.130646001950807535e-06
8.492211723767932825e-07
6.075667388151371335e-07
4.047596688067419121e-07
2.394028764586765895e-07
1.096332264137009887e-07
1.313402094345612412e-08
-5.284807804675074890e-08
-9.148178072632751722e-08
-1.063256836010178229e-07
-1.012987350006099474e-07
-8.064685942517619383e-08
-4.890598617351774673e-08
-1.086176391162785565e-08
2.849372292055719806e-08
6.400788802060756104e-08
9.041585039808398408e-08
1.023905115617974409e-07
9.459407663365854936e-08
6.173057404385358422e-08
-1.401086973600672036e-09
-9.985399333157648980e-08
-2.384805191071524525e-07
-4.218805134844023909e-07
-6.543508674971576253e-07
-9.398369363192657030e-07
-1.281886284532282035e-06
-1.683605208439169332e-06
-2.147618472051247266e-06
-2.676032672043036281e-06
-3.270403621789493114e-06
-3.931708115673998394e-06
-4.660320402410688351e-06
-5.455993660149654863e-06
-6.317846726997252737e-06
-7.244356298323077124e-06
-8.233354757240770718e-06
-9.282033757067225383e-06
-1.038695362488296847e-05
-1.154405860378640996e-05
-1.274869789857718118e-05
-1.399565243580609758e-05
-1.527916719503320610e-05
-1.659298891416437311e-05
-1.793040891860522775e-05
-1.928431077214308998e-05
-2.064722239764551714e-05
-2.201137226836447368e-05
-2.336874922648782071e-05
-2.471116544488687340e-05
-2.603032201147525404e-05
-2.731787658341293542e-05
-2.856551253085065132e-05
-2.976500896748637443e-05
-3.090831104761176289e-05
-3.198759989725014503e-05
-3.299536154002670853e-05
-3.392445417709965205e-05
-3.476817318429964085e-05
-3.552031319940256887e-05
-3.617522668770848591e-05
-3.672787839515620218e-05
-3.717389512544719184e-05
-3.750961031048650470e-05
-3.773210288285269964e-05
-3.783923000408251304e-05
-3.782965325387797954e-05
-3.770285794170711761e-05
-3.745916526422927127e-05
-3.709973709798253629e-05
-3.662657328630931187e-05
-3.604250135186265182e-05
-3.535115863930563831e-05
-3.455696696699817104e-05
-3.366509993944009595e-05
-3.268144314387406822e-05
-3.161254752300497701e-05
-3.046557628165193923e-05
-2.924824574702514143e-05
-2.796876066029698479e-05
-2.663574443130207537e-05
-2.525816493782261725e-05
-2.384525649688486477e-05
-2.240643867683546629e-05
-2.095123265609574365e-05
-1.948917586634379544e-05
-1.802973568455695783e-05
-1.658222295852160785e-05
-1.515570616353725015e-05
-1.375892699334250251e-05
-1.240021818479334057e-05
-1.108742436345918196e-05
-9.827826675594785312e-06
-8.628071941315498803e-06
-7.494107024720172850e-06
-6.431119070229088603e-06
-5.443482201655319507e-06
-4.534711222815829331e-06
-3.707422797154020947e-06
-2.963304520033336626e-06
-2.303092231924716355e-06
-1.726555854269039547e-06
-1.232493962415505202e-06
-8.187372417640972864e-07
-4.821609034902385998e-07
-2.187060647553391363e-07
-2.341002456126230184e-08
1.095547097806344387e-07
1.868328690053029994e-07
2.158306448402156302e-07
2.046520743538629449e-07
1.620280512181156953e-07
9.723850792172916949e-08
2.002838785277020914e-08
-5.948190456238319623e-08
-1.308908251441955581e-07
-1.836139781611597098e-07
-2.069855219902398887e-07
-1.903618073805669622e-07
-1.232263375775739784e-07
4.704877186124776791e-09
2.033785065330258881e-07
4.823005641951523200e-07
8.504354791285998197e-07
1.316108489834277447e-06
1.886912259313586833e-06
2.569618583418884155e-06
3.370096035187680318e-06
4.293234351840416373e-06
5.342876329205807109e-06
6.521757940266802110e-06
7.831457339688462283e-06
9.272353354707834445e-06
1.084359399420125911e-05
1.254307543242944745e-05
1.436743184175183117e-05
1.631203636021266756e-05
1.837101338556967171e-05
2.053726228787555505e-05
2.280249252897075291e-05
2.515727007002237919e-05
2.759107483892389736e-05
3.009236891908287676e-05
3.264867501139069199e-05
3.524666461359264976e-05
3.787225525769564923e-05
4.051071604799439996e-05
4.314678065182693051e-05
4.576476681338066671e-05
4.834870138949175255e-05
5.088244984592611909e-05
5.334984910385775499e-05
5.573484258841485757e-05
5.802161630441611014e-05
6.019473474711971349e-05
6.223927544677766244e-05
6.414096094418039458e-05
6.588628699803262450e-05
6.746264583460865097e-05
6.885844326455399240e-05
7.006320851282599334e-05
7.106769563594950796e-05
7.186397544004043982e-05
7.244551686492350278e-05
7.280725686752559107e-05
7.294565792465192025e-05
7.285875238130383772e-05
7.254617299815858380e-05
7.200916919740152659e-05
7.125060866812548777e-05
7.027496416422652429e-05
6.908828550501551675e-05
6.769815696285665400e-05
6.611364038694533091e-05
6.434520456229826104e-05
6.240464143250412437e-05
6.030496992398688797e-05
5.806032819741292105e-05
5.568585522344911954e-05
5.319756263924634943e-05
5.061219789742919329e-05
4.794709977607765220e-05
4.522004738315941194e-05
4.244910386392703437e-05
3.965245610643609327e-05
3.684825183362750925e-05
3.405443556385854322e-05
3.128858500584015957e-05
2.856774951700034732e-05
2.590829228682993893e-05
2.332573789954529405e-05
2.083462687949918124e-05
1.844837872773281973e-05
1.617916482480984599e-05
1.403779241296720626e-05
1.203360069322551251e-05
1.017436989504950749e-05
8.466244011546635278e-06
6.913667753038738837e-06
5.519338162778712943e-06
4.284171260982799549e-06
3.207284032278190050e-06
2.285992036458825172e-06
1.515822889629102886e-06
8.905458173488517472e-07
4.022174097194603447e-07
4.124360101329621743e-08
-2.035422515015485048e-07
-3.447855009115163353e-07
-3.965010841778779231e-07
-3.739498974471123568e-07
-2.935016698837045972e-07
-1.724855519874315295e-07
-2.902982304198524841e-08
1.181077308631727245e-07
2.497171178802987497e-07
3.463194189696291608e-07
3.883543338088946021e-07
3.563703079938618299e-07
2.312156003183424329e-07
-5.771298132959204167e-09
-3.725734311571169475e-07
-8.863108293802517145e-07
-1.563061120152168101e-06
-2.417686756968002358e-06
-3.463670327389590277e-06
-4.712959397977477305e-06
-6.175822347488461116e-06
-7.860716617724954752e-06
-9.774170767655018091e-06
-1.192068164710400726e-05
-1.430262790987016922e-05
-1.692020096432145145e-05
-1.977135431658719967e-05
-2.285177210217303795e-05
-2.615485743242940996e-05
-2.967174100708070214e-05
-3.339131026670292017e-05
-3.730025918052741425e-05
-4.138315858523064077e-05
-4.562254680710978215e-05
-4.999904011106315278e-05
-5.449146232301201747e-05
-5.907699276723601478e-05
-6.373133144859879527e-05
-6.842888019619121798e-05
-7.314293827654196403e-05
-7.784591079080572813e-05
-8.250952800116581208e-05
-8.710507359704364801e-05
-9.160361981839402156e-05
-9.597626730624231686e-05
-1.001943875480571324e-04
-1.042298658213207613e-04
-1.080553426024503645e-04
-1.116444514831884988e-04
-1.149720517080992380e-04
-1.180144534966981191e-04
-1.207496343314163516e-04
-1.231574443695980709e-04
-1.252197990791991669e-04
-1.269208571134943127e-04
-1.282471813515324583e-04
-1.291878809674402550e-04
-1.297347323819003260e-04
-1.298822770272112573e-04
-1.296278940441878823e-04
-1.289718463402474461e-04
-1.279172988674025756e-04
-1.264703085102599281e-04
-1.246397855675211459e-04
-1.224374274168814629e-04
-1.198776255161650600e-04
-1.169773473538532967e-04
-1.137559952773633301e-04
-1.102352442665923088e-04
-1.064388606837884536e-04
-1.023925038414215649e-04
-9.812351194304933606e-05
-9.366067363739664529e-05
-8.903398616589677295e-05
-8.427440095661346484e-05
-7.941355757994701008e-05
-7.448350726477246211e-05
-6.951642766448308097e-05
-6.454433121101164450e-05
-5.959877011186485014e-05
-5.471054172157151425e-05
-4.990939853587389799e-05
-4.522376731264632062e-05
-4.068048174905004540e-05
-3.630453271876420558e-05
-3.211883933304796930e-05
-2.814404312306351060e-05
-2.439832657947192673e-05
-2.089725627971413869e-05
-1.765365003082270897e-05
-1.467746697217673397e-05
-1.197571948236794488e-05
-9.552406016189062861e-06
-7.408464593161994289e-06
-5.541747442071779016e-06
-3.947018115293407376e-06
-2.615973051189274801e-06
-1.537289934434810383e-06
-6.967051809767777303e-07
-7.712242245560953574e-08
3.412469779359560089e-07
5.807114759617684506e-07
6.658963245405379464e-07
6.235125651766915921e-07
4.821016365764958263e-07
2.717598885889801349e-07
2.384756702859217995e-08
-2.293132976866172176e-07
-4.547481468704400313e-07
-6.191430593298110746e-07
-6.891593957765215711e-07
-6.317482346690454660e-07
-4.144634660457557602e-07
-5.772687007068389156e-09
6.246349894488845754e-07
1.505545417089667043e-06
2.663921922418058754e-06
4.124616195609620471e-06
5.910090538733110983e-06
8.040154921836331498e-06
1.053172255516500210e-05
1.339858767573771001e-05
1.665122896564849421e-05
2.029664150814040842e-05
2.433819952040292185e-05
2.877555137200231371e-05
3.360454770268906841e-05
3.881720287572540612e-05
4.440168960084700414e-05
5.034236635620068634e-05
5.661983721747965718e-05
6.321104381620998010e-05
7.008938932546491889e-05
7.722489452526181048e-05
8.458438604832525353e-05
9.213171678352119844e-05
9.982801807910602265e-05
1.076319828364914998e-04
1.155001778504979350e-04
1.233873829012564131e-04
1.312469532285121389e-04
1.390312012285861666e-04
1.466917926104498301e-04
1.541801519181721519e-04
1.614478723243293625e-04
1.684471249333648502e-04
1.751310634626700971e-04
1.814542210063150294e-04
1.873728965012863687e-04
1.928455293574078981e-04
1.978330613273540986e-04
2.022992849476424899e-04
2.062111776955227196e-04
2.095392203592340481e-04
2.122576970763218605e-04
2.143449731945939964e-04
2.157837457686719864e-04
2.165612603699778455e-04
2.166694872190045977e-04
2.161052496676702916e-04
2.148702989007315390e-04
2.129713304170128196e-04
2.104199402714842008e-04
2.072325219591498763e-04
2.034301078285675221e-04
1.990381616013536510e-04
1.940863305097570934e-04
1.886081663996020720e-04
1.826408246836539937e-04
1.762247482746484594e-04
1.694033408226623737e-04
1.622226301756473212e-04
1.547309195881788025e-04
1.469784214862646739e-04
1.390168671711748184e-04
1.308990861374313296e-04
1.226785508405540037e-04
1.144088865810686980e-04
1.061433511436377704e-04
9.793429413462663609e-05
8.983261065059529196e-05
8.188720706062318827e-05
7.414449757740985774e-05
6.664794857335324839e-05
5.943768337160083018e-05
5.255015409175006465e-05
4.601788003428560733e-05
3.986924526362649329e-05
3.412834272624158145e-05
2.881484942618097299e-05
2.394391745427642369e-05
1.952606904633552232e-05
1.556708975761283639e-05
1.206792121394864120e-05
9.024562352051015710e-06
6.427994161355069021e-06
4.264146479556541420e-06
2.513925630090899118e-06
1.153318488995172420e-06
1.535824425066406544e-07
-5.184772941854273695e-07
-9.001499771929355695e-07
-1.032395658800937182e-06
-9.593750659187725587e-07
-7.279545462387285369e-07
-3.872062026488888837e-07
1.208105536314900138e-08
4.178702861717729886e-07
7.773231453357267512e-07
1.037229133324027487e-06
1.144427195930262908e-06
1.046231778664194648e-06
6.908748662714975791e-07
2.797224211021409240e-08
-9.909831307608019448e-07
-2.412104054815428290e-06
-4.278578032437650842e-06
-6.630136857888410960e-06
-9.502544516910163357e-06
-1.292712156896995327e-05
-1.693032225647736805e-05
-2.153337660249411242e-05
-2.675200444006748212e-05
-3.259620254934440060e-05
-3.907010077208554477e-05
-4.617187890707011132e-05
-5.389373390576067456e-05
-6.222188662113139785e-05
-7.113661902507160387e-05
-8.061233602806837384e-05
-9.061765021646503763e-05
-1.011154922592744093e-04
-1.120632537049946628e-04
-1.234129717554531135e-04
-1.351115669006863209e-04
-1.471011437850645160e-04
-1.593193633558215837e-04
-1.716998904706666424e-04
-1.841729161699782048e-04
-1.966657483624087465e-04
-2.091034594203666926e-04
-2.214095748230212343e-04
-2.335067841193755734e-04
-2.453176545480487331e-04
-2.567653288533855481e-04
-2.677741921118585136e-04
-2.782704973841490623e-04
-2.881829461186349341e-04
-2.974432256307477465e-04
-3.059865117221240464e-04
-3.137519486477865984e-04
-3.206831203802684087e-04
-3.267285259358871600e-04
-3.318420672853152303e-04
-3.359835514203779851e-04
-3.391191993195248914e-04
-3.412221451080380734e-04
-3.422729001920277636e-04
-3.422597511607189977e-04
-3.411790582209760486e-04
-3.390354237804713900e-04
-3.358417087642344488e-04
-3.316188866874765842e-04
-3.263957409080418359e-04
-3.202084265821185816e-04
-3.130999329654378751e-04
-3.051194911618172897e-04
-2.963219750473695025e-04
-2.867673377324715472e-04
-2.765201127482926242e-04
-2.656489898730274063e-04
-2.542264532233547624e-04
-2.423284479755463488e-04
-2.300340261474796894e-04
-2.174249150121037894e-04
-2.045849562743841735e-04
-1.915993804318839183e-04
-1.785539067291411479e-04
-1.655336905861708380e-04
-1.526221715714846027e-04
-1.398998996213021457e-04
-1.274434297601997098e-04
-1.153243725087594706e-04
-1.036086678401932639e-04
-9.235611763398592078e-05
-8.162017073399286955e-05
-7.144791365135193077e-05
-6.188018689942566123e-05
-5.295172897834693346e-05
-4.469125145838937180e-05
-3.712136993572883874e-05
-3.025835321422001232e-05
-2.411169972383934258e-05
-1.868359658690524046e-05
-1.396835331398218754e-05
-9.951921070880605889e-06
-6.611605522557983653e-06
-3.916056620473742407e-06
-1.825577056243167840e-06
-2.927407102539158020e-07
7.367366283619863744e-07
1.322969899714626714e-06
1.530835687485117779e-06
1.428973398827750515e-06
1.088944512390121953e-06
5.845974818731819675e-07
-8.362030624230979402e-09
-6.126418911758160771e-07
-1.149556575453013226e-06
-1.539241645035768503e-06
-1.700986082977268090e-06
-1.553757284919920667e-06
-1.016957530221404098e-06
-1.140773680977182450e-08
1.539487569461389169e-06
3.708473336702859885e-06
6.563173405253041871e-06
1.016491678132683324e-05
1.456774727078109825e-05
1.981767604385277883e-05
2.595220214616791608e-05
3.300008995869860778e-05
4.098136104433192941e-05
4.990743537224167807e-05
5.978134638180912242e-05
7.059795640588926091e-05
8.234411228496215404e-05
9.499870267327884378e-05
1.085326047188973089e-04
1.229085343857140068e-04
1.380808379221638166e-04
1.539952789491593767e-04
1.705888845259358405e-04
1.877899137420556528e-04
2.055180043665576456e-04
2.236845382491515295e-04
2.421932465274562489e-04
2.609410535997044758e-04
2.798191367050439850e-04
2.987141581136023975e-04
3.175096113714794281e-04
3.360872133647050232e-04
3.543282712536701871e-04
3.721149580870883929e-04
3.893314429839336908e-04
4.058648402934986578e-04
4.216059654800032096e-04
4.364499112590486288e-04
4.502964827652247552e-04
4.630505518790518503e-04
4.746224048916569964e-04
4.849281614820186506e-04
4.938903345279539248e-04
5.014385790817012028e-04
5.075106462980569265e-04
5.120535176797342018e-04
5.150246520738735153e-04
5.163932392005549533e-04
5.161413263563124345e-04
5.142646758315521337e-04
5.107732239565090015e-04
5.056910496763494670e-04
4.990558181643430088e-04
4.909177358578817926e-04
4.813381264113628685e-04
4.703877991573991182e-04
4.581454196052798015e-04
4.446960948487875824e-04
4.301303504167961964e-04
4.145436012422938177e-04
3.980361181534245937e-04
3.807133797931873224e-04
3.626865997808861744e-04
3.440731523616553261e-04
3.249966045931787745e-04
3.055861084010268679e-04
2.859750087474580518e-04
2.662986690132822091e-04
2.466916748406656080e-04
2.272847201913199525e-04
2.082015717640909962e-04
1.895565255784912499e-04
1.714527021989071729e-04
1.539813825874437696e-04
1.372223907955399393e-04
1.212453221206017805e-04
1.061112410515991061e-04
9.187437292257104652e-05
7.858331303123963134e-05
6.628138202442860922e-05
5.500594772733970731e-05
4.478677170891123870e-05
3.564367170912093974e-05
2.758396583929617857e-05
2.060024007119778380e-05
1.466893748809072390e-05
9.750113430836856537e-06
5.788468029802867486e-06
2.715508001600028607e-06
4.524608801808254197e-07
-1.086581952914984332e-06
-1.991849632556819316e-06
-2.355871714495917312e-06
-2.272533857630808885e-06
-1.837244393682781142e-06
-1.147998910599247143e-06
-3.069326762475519720e-07
5.781550905408535789e-07
1.392815875259392318e-06
2.015904963151975442e-06
2.320682392874136460e-06
2.177044554278808644e-06
1.454653506480662536e-06
2.656858983986617425e-08
-2.227095685431885313e-06
-5.415949865884507420e-06
-9.636917068686624054e-06
-1.497284224998854195e-05
-2.149215684206810798e-05
-2.924946049547546883e-05
-3.828674870317677311e-05
-4.863494071019369746e-05
-6.031535323072373140e-05
-7.334081656392060550e-05
-8.771622534164425498e-05
-1.034384352530834204e-04
-1.204955373913278255e-04
-1.388656439917444047e-04
-1.585153897471423519e-04
-1.793983852764138192e-04
-2.014538544802862074e-04
-2.246056519486382044e-04
-2.487618003916724401e-04
-2.738146225543298560e-04
-2.996414776068882964e-04
-3.261060564505095750e-04
-3.530601483327687950e-04
-3.803457639633685641e-04
-4.077974866812637020e-04
-4.352449203381168015e-04
-4.625151072731035259e-04
-4.894347995897644797e-04
-5.158324807915842022e-04
-5.415400530583817668e-04
-5.663941295225912321e-04
-5.902369025752880055e-04
-6.129165993984736971e-04
-6.342875835915690388e-04
-6.542102132239867654e-04
-6.725506142798105607e-04
-6.891805652181509948e-04
-7.039777031585792676e-04
-7.168262458377427926e-04
-7.276183701801447554e-04
-7.362562979735954704e-04
-7.426550190868866363e-04
-7.467454481781718141e-04
-7.484776840306824617e-04
-7.478239475191909283e-04
-7.447807400480306768e-04
-7.393698081573676613e-04
-7.316376290093429182e-04
-7.216533366610463143e-04
-7.095052635665391764e-04
-6.952965329808493203e-04
-6.791403533877452339e-04
-6.611557831499366867e-04
-6.414647113402603597e-04
-6.201906214110977731e-04
-5.974593820115551472e-04
-5.734018922530175312e-04
-5.481579748697126961e-04
-5.218805541379658306e-04
-4.947389671343992504e-04
-4.669203026146378924e-04
-4.386279620754512877e-04
-4.100771559768412629e-04
-3.814876915560287121e-04
-3.530750421909136351e-04
-3.250411625071258459e-04
-2.975666998199866047e-04
-2.708060779145700955e-04
-2.448864007657926083e-04
-2.199103362232418210e-04
-1.959622603531548525e-04
-1.731161769205986824e-04
-1.514434669782382980e-04
-1.310185024848440965e-04
-1.119206065605850834e-04
-9.423167676476618896e-05
-7.802982025608497284e-05
-6.338033475452922445e-05
-5.032606149539304593e-05
-3.887935473963575605e-05
-2.901758948897708193e-05
-2.068333244731701510e-05
-1.378921976355959724e-05
-8.226482485765581224e-06
-3.875208889354011627e-06
-6.140422307555025148e-07
1.672822233466254124e-06
3.092800350417645747e-06
3.746684211846210967e-06
3.734344889277690931e-06
3.162780816665724166e-06
2.154387647115328034e-06
8.533018330288562185e-07
-5.718578830218039882e-07
-1.929689712221750556e-06
-3.011994564566512045e-06
-3.602979245604376273e-06
-3.489972294581908372e-06
-2.473714411429433846e-06
-3.764781112898445336e-07
2.953183631707681596e-06
7.639507372078450852e-06
1.378207229323682439e-05
2.146085375726332611e-05
3.074240420176068989e-05
4.168570848785952380e-05
5.434647510837436611e-05
6.877905810728447342e-05
8.503574671098796561e-05
1.031636919509387279e-04
1.232001603731164112e-04
1.451670477143724119e-04
1.690656269199244564e-04
1.948723635355792579e-04
2.225363579890600116e-04
2.519786371238435163e-04
2.830931875279678127e-04
3.157493604998141252e-04
3.497951221008752218e-04
3.850605859236311225e-04
4.213613410627652491e-04
4.585012441530789866e-04
4.962745413402917111e-04
5.344673796723772548e-04
5.728589186486047601e-04
6.112223340636918807e-04
6.493260059373419640e-04
6.869351051522033054e-04
7.238136596642662625e-04
7.597270223715788450e-04
7.944445160219142706e-04
8.277419317392378491e-04
8.594035344938265970e-04
8.892232947008285940e-04
9.170052156194431238e-04
9.425628377544015279e-04
9.657182336415360896e-04
9.863010079972898709e-04
1.004147936177748326e-03
1.019103864325971408e-03
1.031024333984552647e-03
1.039780088204034702e-03
1.045263205254681792e-03
1.047394161977535220e-03
1.046128746204975316e-03
1.041463516771833075e-03
1.033438534348155155e-03
1.022136401022641838e-03
1.007677236929867227e-03
9.902100059821616462e-04
9.699014347928318477e-04
9.469244631487498502e-04
9.214485310488404858e-04
8.936338991670074667e-04
8.636315577204447093e-04
8.315891654803299424e-04
7.976620678621835180e-04
7.620270677558694649e-04
7.248956102613851853e-04
6.865227045805141152e-04
6.472084329351944498e-04
6.072902835451505967e-04
5.671265625034747253e-04
5.270733567823153616e-04
4.874593905931995852e-04
4.485641088156085794e-04
4.106040673479316081e-04
3.737311328939192613e-04
3.380433645790647482e-04
3.036063550124159962e-04
2.704800274993197418e-04
2.387441903615893286e-04
2.085160842327352419e-04
1.799548669624724529e-04
1.532511272885667586e-04
1.286033432503897020e-04
1.061867061783549444e-04
8.612194764802218508e-05
6.845207495356904167e-05
5.313309341982211105e-05
4.004130238092304015e-05
2.899550381599670326e-05
1.978859851593039068e-05
1.222061723307977661e-05
6.124909107808368124e-06
1.381073651731754331e-06
-2.088240622588489213e-06
-4.335308093640255527e-06
-5.414908314576835272e-06
-5.414001808900747496e-06
-4.475645043465214208e-06
-2.810987380495133346e-06
-6.963964475046348515e-07
1.543432572043524269e-06
3.562124158301766842e-06
5.021610729328560456e-06
5.618603420050268862e-06
5.101949612554971107e-06
3.277812231288148102e-06
2.685847769299013211e-09
-4.832897062500043850e-06
-1.132517786837297675e-05
-1.957704743611284729e-05
-2.971217963269471156e-05
-4.188029789750006264e-05
-5.625267931403913236e-05
-7.300922331282426513e-05
-9.232014069705617556e-05
-1.143262332795863924e-04
-1.391217307739675958e-04
-1.667428333238745017e-04
-1.971637347684360457e-04
-2.303003120741982845e-04
-2.660201972850615012e-04
-3.041568684724818431e-04
-3.445248642679802319e-04
-3.869332786429800579e-04
-4.311952545247792852e-04
-4.771321126708214693e-04
-5.245718311284576583e-04
-5.733426333942727004e-04
-6.232632822726521778e-04
-6.741321942735046483e-04
-7.257176296055464814e-04
-7.777509791787515486e-04
-8.299246188257446664e-04
-8.818950283441552010e-04
-9.332909999668366876e-04
-9.837259177872762633e-04
-1.032812401101080874e-03
-1.080177175512275593e-03
-1.125473938885903583e-03
-1.168392255266735786e-03
-1.208661119342582021e-03
-1.246046714761940176e-03
-1.280344919738461706e-03
-1.311370132066174256e-03
-1.338942812202284244e-03
-1.362878603804000598e-03
-1.382981851511639118e-03
-1.399045733256475089e-03
-1.410860095003856670e-03
-1.418226567646576524e-03
-1.420978911874121392e-03
-1.419005103796139528e-03
-1.412266786076969488e-03
-1.400811654267685238e-03
-1.384775279010422820e-03
-1.364370734582029268e-03
-1.339866933513093319e-03
-1.311559263163848254e-03
-1.279738355630588879e-03
-1.244663966538564048e-03
-1.206550520995508914e-03
-1.165568754181976058e-03
-1.121864301650193517e-03
-1.075589787523997679e-03
-1.026942950093209708e-03
-9.762007656850503956e-04
-9.237393115297205587e-04
-8.700316667290076749e-04
-8.156211846395121107e-04
-7.610739156089705009e-04
-7.069201750247060875e-04
-6.535994159255428555e-04
-6.014231962174038885e-04
-5.505674903338142034e-04
-5.010984122977177281e-04
-4.530262889555044712e-04
-4.063744474128991378e-04
-3.612436832500162676e-04
-3.178530974997199887e-04
-2.765434000154321534e-04
-2.377387439292077118e-04
-2.018750367668291519e-04
-1.693130105131311202e-04
-1.402598829562693784e-04
-1.147222265065392773e-04
-9.250467837517293754e-05
-7.325647665906473535e-05
-5.655413138166390415e-05
-4.199793296610330350e-05
-2.929573182692646154e-05
-1.831087996071452696e-05
-9.061444616234205700e-06
-1.671748355200861779e-06
3.709204939140499278e-06
6.998780406232902811e-06
8.255530827910839201e-06
7.717424778440216466e-06
5.794079973902805217e-06
3.016754762933230064e-06
-3.867789792701929507e-08
-2.833948900131927944e-06
-4.933828175705599958e-06
-6.038721676010530899e-06
-5.978290479093682568e-06
-4.670827621413764116e-06
-2.061922175062280406e-06
1.939538405454376107e-06
7.510547225168135215e-06
1.493589407245363368e-05
2.459814087981327505e-05
3.693922652012475352e-05
5.240389374652534149e-05
7.137868754896751404e-05
9.414026050399855710e-05
1.208235600765823395e-04
1.514152733908327177e-04
1.857720886627856191e-04
2.236582521633643324e-04
2.647935411311639503e-04
3.089015978184135765e-04
3.557495067135834038e-04
4.051720547135693172e-04
4.570775626567830509e-04
5.114357419964880944e-04
5.682510562110582465e-04
6.275271165952522358e-04
6.892285351033569782e-04
7.532464432628090036e-04
8.193727855637546317e-04
8.872868186794605292e-04
9.565553210665634102e-04
1.026646127077681043e-03
1.096952959209605838e-03
1.166828274570238903e-03
1.235620030600034433e-03
1.302707925659702705e-03
1.367534771488888726e-03
1.429629186133797364e-03
1.488616732292753243e-03
1.544217929767667660e-03
1.596233175776130050e-03
1.644516398422405041e-03
1.688941067511091345e-03
1.729363747957183639e-03
1.765591412005398713e-03
1.797358931195774988e-03
1.824322312396811077e-03
1.846071226874364691e-03
1.862161319449768052e-03
1.872163042883977658e-03
1.875719957647569618e-03
1.872606366336651302e-03
1.862772652609856732e-03
1.846367448536930054e-03
1.823729072474704685e-03
1.795344320006963135e-03
1.761779773071852837e-03
1.723597865614244018e-03
1.681275229975666852e-03
1.635142648361370904e-03
1.585363121289606186e-03
1.531957039134822793e-03
1.474872394672708913e-03
1.414085829779571698e-03
1.349710280542612420e-03
1.282080272767754676e-03
1.211788735367756806e-03
1.139659882123863436e-03
1.066659261861084215e-03
9.937603467372764770e-04
9.218016689398589964e-04
8.513745030634230692e-04
7.827754298299385545e-04
7.160411625566928760e-04
6.510588761922057443e-04
5.877209694579708411e-04
5.260766628480386059e-04
4.664303591292580614e-04
4.093504764368408283e-04
3.555793987824734247e-04
3.058673433547662540e-04
2.607798495950798805e-04
2.205406954169573627e-04
1.849641617693179930e-04
1.535040883467634167e-04
1.254100379255227555e-04
9.994522259857781439e-05
7.659884894015237542e-05
5.522519441824983078e-05
3.606380355534041457e-05
1.963275077243594756e-05
6.527579676283107580e-06
-2.811260935549100059e-06
-8.289924904602194423e-06
-1.025282055003864981e-05
-9.447953322398637297e-06
-6.879446056727645278e-06
-3.595102767470822076e-06
-4.749016061275456387e-07
1.916989234488288384e-06
3.376482879710099515e-06
3.993296538566351102e-06
4.000554198815915869e-06
3.589730816605998809e-06
2.747090509493504381e-06
1.157559880406666327e-06
-1.800556366808635115e-06
-6.973721659849566994e-06
-1.529136382591369126e-05
-2.760498871728656609e-05
-4.455033019995204908e-05
-6.646466367657564349e-05
-9.337427086699767243e-05
-1.250481821164384384e-04
-1.610988053312656040e-04
-2.011012906778323337e-04
-2.447026255582995130e-04
-2.916974938229292130e-04
-3.420583442802803474e-04
-3.959187692823688039e-04
-4.535193369576166408e-04
-5.151314894511390676e-04
-5.809772286169209580e-04
-6.511603921469544688e-04
-7.256205244852622499e-04
-8.041142104064513555e-04
-8.862227872245807565e-04
-9.713807670118073528e-04
-1.058916747729976484e-03
-1.148098185182175757e-03
-1.238172782890615024e-03
-1.328401774121698489e-03
-1.418083240620784035e-03
-1.506566116753404018e-03
-1.593257143918900285e-03
-1.677623527037848741e-03
-1.759193463785276934e-03
-1.837555395608698409e-03
-1.912355276911359425e-03
-1.983289947618530145e-03
-2.050094325428532347e-03
-2.112520907443304202e-03
-2.170311986791030254e-03
-2.223167703502663527e-03
-2.270715898355630744e-03
-2.312491855822032018e-03
-2.347936522099068526e-03
-2.376420003042202956e-03
-2.397292887291021558e-03
-2.409961655790219832e-03
-2.413977292389914240e-03
-2.409119945309649499e-03
-2.395459099916402799e-03
-2.373369947070562772e-03
-2.343493365067239338e-03
-2.306638722948624754e-03
-2.263643501646641406e-03
-2.215218024285470905e-03
-2.161813127900612252e-03
-2.103549477531557396e-03
-2.040237165821421131e-03
-1.971493823900716258e-03
-1.896942630264830112e-03
-1.816445225133021899e-03
-1.730306904347707212e-03
-1.639389846440597294e-03
-1.545088080551793334e-03
-1.449153237168834167e-03
-1.353404389761194782e-03
-1.259395421626540064e-03
-1.168135315421557413e-03
-1.079950397702711352e-03
-9.945409445399576703e-04
-9.112261293969951869e-04
-8.293085813259316831e-04
-7.484443483919558200e-04
-6.688939474037844867e-04
-5.915628291658224947e-04
-5.178074359650651666e-04
-4.490645516848690072e-04
-3.864279976597385729e-04
-3.303220948912394782e-04
-2.803932476334125112e-04
-2.356665023249777187e-04
-1.949183130303653070e-04
-1.571350505606142678e-04
-1.218906679480471334e-04
-8.950196038652964345e-05
-6.089864302720058366e-05
-3.724964851756717120e-05
-1.947775854746233744e-05
-7.837552792387976662e-06
-1.710251111796437510e-06
3.086944889745939068e-07
5.825569114861088481e-08
-6.811976594872230028e-07
-6.528662692091885116e-07
5.957518643020928808e-07
2.704968410709248120e-06
4.761162972076644815e-06
5.726294529618345570e-06
4.892562055979781288e-06
2.216717447959951085e-06
-1.563321876832435050e-06
-5.051279210636818850e-06
-6.500610813623653642e-06
-4.202102750959173324e-06
3.168523338893911124e-06
1.633838434258233545e-05
3.540608723640784169e-05
5.997948226243147605e-05
8.942411326168758876e-05
1.231401238199333003e-04
1.607878831346634793e-04
2.024068058040934812e-04
2.484077261877713967e-04
2.994551759037033991e-04
3.562824089057021874e-04
4.194936552138550179e-04
4.894043272210559480e-04
5.659542229757901985e-04
6.487069487670569764e-04
7.369270005137013458e-04
8.297092142158338538e-04
9.261265458773064538e-04
1.025361994182483324e-03
1.126797613733208914e-03
1.230045411106290209e-03
1.334918431203038595e-03
1.441352700797286432e-03
1.549299753819909347e-03
1.658613981208781080e-03
1.768958718462248191e-03
1.879750302680444204e-03
1.990151398429699722e-03
2.099115189127122739e-03
2.205472203654994766e-03
2.308043211398006379e-03
2.405756177287445355e-03
2.497743747395306853e-03
2.583400624728673326e-03
2.662387315703171504e-03
2.734577155635093543e-03
2.799955601110061705e-03
2.858492270858740622e-03
2.910014612919020489e-03
2.954115047241391567e-03
2.990119395896714567e-03
3.017133081722699322e-03
3.034164364017023774e-03
3.040303985491211048e-03
3.034922645142747177e-03
3.017836850248077109e-03
2.989394351868512011e-03
2.950444729695786850e-03
2.902187500863937647e-03
2.845924115206430009e-03
2.782772657094474949e-03
2.713424702245497300e-03
2.638023612639480136e-03
2.556218288292308721e-03
2.467399050635826156e-03
2.371064089762204598e-03
2.267213245432339076e-03
2.156639905209441384e-03
2.041005663192609586e-03
1.922638930041608782e-03
1.804085719160617753e-03
1.687532321806052343e-03
1.574282610228194780e-03
1.464478814860820707e-03
1.357191939932570141e-03
1.250889267631517462e-03
1.144148622278762370e-03
1.036382830517243057e-03
9.283090204068299720e-04
8.219675062070722982e-04
7.202482628744144490e-04
6.260675871387856237e-04
5.414824704760784826e-04
4.670729600273141723e-04
4.018369970346655825e-04
3.436529095424555751e-04
2.901425825125238545e-04
2.396032294943807096e-04
1.916393426797936524e-04
1.472399246458394053e-04
1.082678471527224686e-04
7.656865332207840559e-05
5.306494248203656608e-05
3.721161639194513492e-05
2.704121880686860709e-05
1.978758809219903885e-05
1.284036417378773331e-05
4.649804297143697190e-06
-4.776214241739069701e-06
-1.397588356921220663e-05
-2.069347940059001941e-05
-2.283919171938809603e-05
-1.938742232551200057e-05
-1.088949374452826465e-05
5.670011577337806153e-07
1.191203411530307159e-05
1.994166203800887749e-05
2.215660443880280425e-05
1.731446527342367118e-05
5.539925213134214041e-06
-1.200177792039233080e-05
-3.372127807031469692e-05
-5.828762487192297627e-05
-8.515742145370419560e-05
-1.148038805867446140e-04
-1.486075455556367807e-04
-1.884754895167879316e-04
-2.363262473304412299e-04
-2.935983269799624781e-04
-3.609132737151341409e-04
-4.379656313936645777e-04
-5.236434214589448521e-04
-6.163240730397907038e-04
-7.142554140630258484e-04
-8.159238135527626746e-04
-9.203282949580809513e-04
-1.027111690095247696e-03
-1.136537217766349622e-03
-1.249332044550663856e-03
-1.366442316678724957e-03
-1.488754427546559473e-03
-1.616835716159806865e-03
-1.750737331684647019e-03
-1.889886494934976810e-03
-2.033078509854262771e-03
-2.178563433909560306e-03
-2.324209988174748883e-03
-2.467720730686592031e-03
-2.606867680029266096e-03
-2.739716099541759497e-03
-2.864805700478650994e-03
-2.981262965493174273e-03
-3.088825694431659215e-03
-3.187771288442075180e-03
-3.278753444264465196e-03
-3.362566889278213126e-03
-3.439874710477871730e-03
-3.510944981711197361e-03
-3.575449475940148478e-03
-3.632374096201213941e-03
-3.680076206482208508e-03
-3.716498385088455852e-03
-3.739514333294863702e-03
-3.747347037890435845e-03
-3.738970615546726318e-03
-3.714395130122233844e-03
-3.674745735844143091e-03
-3.622086490838392556e-03
-3.559000426573981097e-03
-3.488008016856059858e-03
-3.410966597741491805e-03
-3.328622142918113373e-03
-3.240465574296290743e-03
-3.144974089017297907e-03
-3.040206576849501918e-03
-2.924601099868044153e-03
-2.797732327007290427e-03
-2.660766496658651011e-03
-2.516422134217280015e-03
-2.368397298144613115e-03
-2.220415469705442398e-03
-2.075204798734765592e-03
-1.933789735840034949e-03
-1.795397455797101676e-03
-1.658072095597134827e-03
-1.519813649925291386e-03
-1.379821583603949280e-03
-1.239332728297007228e-03
-1.101658546402003872e-03
-9.713256947751101530e-04
-8.525978621443741981e-04
-7.479492113223111353e-04
-6.571307045256028065e-04
-5.772652454611481351e-04
-5.039923307642794458e-04
-4.332279764981842923e-04
-3.628151403367354524e-04
-2.933575870816650241e-04
-2.278660766066062480e-04
-1.703612877896779976e-04
-1.240429843453698790e-04
-8.983360533965049498e-05
-6.593895921003128696e-05
-4.861005624094895421e-05
-3.374789832836807386e-05
-1.861706651469996547e-05
-2.895640194165514231e-06
1.139910690558606697e-05
2.105721598824645497e-05
2.336701342496299308e-05
1.759611544845480767e-05
5.620891639675470340e-06
-8.550639881009096353e-06
-2.013995088924326905e-05
-2.526197748706011635e-05
-2.221385299585212605e-05
-1.189540018133421399e-05
2.763469533813858275e-06
1.810570552702532159e-05
3.126406154771971095e-05
4.133867240601380615e-05
4.985024415019418092e-05
6.037042213257264419e-05
7.751760643983283646e-05
1.056932025449138033e-04
1.479712877516716624e-04
2.054546480388313523e-04
2.772272865615273358e-04
3.608399608234351972e-04
4.531227153714190875e-04
5.510601258423410229e-04
6.524918159318828740e-04
7.564880297624761597e-04
8.633608164280379962e-04
9.743705032896461888e-04
1.091250712419265280e-03
1.215694516179216360e-03
1.348924474183171504e-03
1.491424177276237835e-03
1.642855471437783049e-03
1.802138617611678166e-03
1.967641944983167246e-03
2.137416565273479556e-03
2.309418462807474350e-03
2.481679101292973665e-03
2.652409364500949492e-03
2.820043291626550108e-03
2.983242545711585394e-03
3.140887259606673157e-03
3.292073943159910376e-03
3.436129007839690275e-03
3.572631374586348208e-03
3.701424531451117089e-03
3.822591907423983793e-03
3.936372683551455504e-03
4.043008930402715653e-03
4.142537022925304839e-03
4.234561445316599969e-03
4.318069947899644961e-03
4.391357491519646411e-03
4.452116017429605388e-03
4.497715345098242737e-03
4.525651021774293632e-03
4.534078175958966561e-03
4.522302483042705407e-03
4.491078504148538798e-03
4.442586797598776192e-03
4.380029518470872699e-03
4.306890140635636667e-03
4.226020696011845851e-03
4.138811766288892635e-03
4.044726898170642251e-03
3.941417452363181646e-03
3.825476607171183086e-03
3.693678090596061621e-03
3.544343490980702421e-03
3.378372189755783281e-03
3.199514050404209543e-03
3.013682778936356121e-03
2.827445146639571191e-03
2.646162887450910581e-03
2.472467178408605925e-03
2.305697282410149301e-03
2.142611026039560260e-03
1.979171226500831601e-03
1.812725861777566248e-03
1.643655512418365277e-03
1.475708896690036079e-03
1.314772854764954422e-03
1.166528004413515786e-03
1.034008837739845265e-03
9.162238697513434013e-04
8.085805202341460590e-04
7.050451030915964130e-04
6.011163315211250687e-04
4.962250699314886462e-04
3.943610462097083967e-04
3.025238474552011374e-04
2.276388180246515208e-04
1.733548407472370960e-04
1.382450032038940206e-04
1.162849858185195493e-04
9.939312003550624915e-05
8.082204541225733506e-05
5.779449879498756843e-05
3.217187445144000397e-05
8.925515017767397534e-06
-6.754154758803949524e-06
-1.225690852643230119e-05
-8.921917187580999229e-06
-1.396280087239988738e-06
4.601269967273503022e-06
4.956801437808959392e-06
-1.021752901468426626e-06
-1.047199913312419366e-05
-1.853080014785996407e-05
-2.081245746920576970e-05
-1.568549016948305973e-05
-5.380680818095277316e-06
4.478976044082239850e-06
6.660052351934207496e-06
-5.352785210290132659e-06
-3.538778563150269573e-05
-8.365861352019145539e-05
-1.471084026329881904e-04
-2.207796559395236121e-04
-2.996424367364736749e-04
-3.802347475300256376e-04
-4.616193439047241694e-04
-5.454491269285286024e-04
-6.352390914209851561e-04
-7.351658678042880370e-04
-8.488034463254208201e-04
-9.781565905669267324e-04
-1.123212912430733134e-03
-1.282059552197502457e-03
-1.451455786963415590e-03
-1.627654997049262026e-03
-1.807240964442960495e-03
-1.987776580541061097e-03
-2.168136878374385141e-03
-2.348487769600304722e-03
-2.529954586504183384e-03
-2.714084984219990952e-03
-2.902241484439168750e-03
-3.095059593919818539e-03
-3.292082749130982935e-03
-3.491642938241281639e-03
-3.691004426154459710e-03
-3.886736149021710347e-03
-4.075233894384383548e-03
-4.253283060579062663e-03
-4.418541800445738126e-03
-4.569835798579241319e-03
-4.707189977302776544e-03
-4.831575445751896611e-03
-4.944414022732127219e-03
-5.046945577381780138e-03
-5.139610429933485700e-03
-5.221615397431151120e-03
-5.290827022593247268e-03
-5.344066694603498598e-03
-5.377779168264513500e-03
-5.388930652250111669e-03
-5.375897416956395766e-03
-5.339065730051749566e-03
-5.280905564271168653e-03
-5.205410324132703041e-03
-5.116989951132559604e-03
-5.019112090409257390e-03
-4.913132691629492135e-03
-4.797773087878619280e-03
-4.669546358491717328e-03
-4.524130109394313391e-03
-4.358311525396579671e-03
-4.171830482679684919e-03
-3.968360684240741093e-03
-3.755084201116215374e-03
-3.540806640552504343e-03
-3.333171965001495603e-03
-3.136017806910748346e-03
-2.948016034753925350e-03
-2.763345108849440696e-03
-2.574332072019183074e-03
-2.375095378706898984e-03
-2.164639113209412651e-03
-1.947934487273811702e-03
-1.734336192673436184e-03
-1.533912978042336912e-03
-1.353347441983328596e-03
-1.193399195651058224e-03
-1.049262197122055032e-03
-9.137255428407260347e-04
-7.815586288119758104e-04
-6.527938482294859271e-04
-5.330512868290681900e-04
-4.305781035551321172e-04
-3.514847026232848014e-04
-2.957519298669531523e-04
-2.562971853388527747e-04
-2.218071327564697433e-04
-1.819988695194126906e-04
-1.325908430156947434e-04
-7.734174388868551744e-05
-2.603733360514361652e-05
1.055388133873488805e-05
2.614881347734355224e-05
2.205872327796502789e-05
6.453493944696263808e-06
-9.676183704803171851e-06
-1.766429215366093242e-05
-1.479857996226916591e-05
-4.746106714525111906e-06
5.191296175822662068e-06
8.393832344613699525e-06
2.579184138950564587e-06
-8.920028506563824943e-06
-1.867810832566447826e-05
-1.855675080213582510e-05
-3.228111814356809593e-06
2.777615077815156732e-05
7.029130728438663797e-05
1.177525691509897587e-04
1.643425217517498974e-04
2.076977760775000756e-04
2.501397951085322625e-04
2.980769496853484112e-04
3.599435195136193449e-04
4.435192952453644185e-04
5.535792745941967800e-04
6.905883657743294539e-04
8.507264008573777814e-04
1.027084179388757044e-03
1.211555645196682549e-03
1.396833430817544068e-03
1.577985857120752259e-03
1.753289964129212770e-03
1.924234236331045155e-03
2.094813494302073722e-03
2.270372087979458890e-03
2.456297278889862240e-03
2.656835520432148517e-03
2.874227517235978038e-03
3.108263467369967378e-03
3.356272021625242383e-03
3.613489624029635368e-03
3.873715406015577727e-03
4.130137617935980901e-03
4.376213921511314629e-03
4.606492903641540293e-03
4.817273642396740357e-03
5.007013510842000040e-03
5.176414395584368923e-03
5.328148440725436613e-03
5.466229559555228941e-03
5.595095702818053338e-03
5.718532667433289321e-03
5.838629883420557755e-03
5.954993901735881716e-03
6.064437079839746572e-03
6.161293449040741201e-03
6.238389674597817278e-03
6.288533389919357883e-03
6.306210919260703610e-03
6.289063311422141665e-03
6.238687616394895767e-03
6.160426504545487084e-03
6.062063588051995466e-03
5.951683318437541240e-03
5.835283176827407887e-03
5.714915975785251311e-03
5.588082289772011366e-03
5.448747032202965433e-03
5.289788912890725815e-03
5.106089866763892718e-03
4.897083388436648289e-03
4.667627130247310914e-03
4.426624352638655786e-03
4.183745852454848028e-03
3.945538427771935232e-03
3.712694582237855041e-03
3.479964489303309129e-03
3.239103790530886533e-03
2.983772779003772933e-03
2.714134441498005680e-03
2.438721402031169237e-03
2.172228895307811401e-03
1.929864594164121434e-03
1.720798692886107159e-03
1.544031291218525385e-03
1.389031202934474987e-03
1.241122194574404217e-03
1.088996066393902807e-03
9.303968681752702819e-04
7.728475851128906561e-04
6.289759682032681435e-04
5.090822893382139806e-04
4.152554718512993601e-04
3.405017698459839428e-04
2.733959276946811186e-04
2.054224728150676963e-04
1.364870683516910025e-04
7.513071193122082471e-05
3.318134162311402012e-05
1.798705302320813089e-05
2.690032772157266441e-05
4.738863254431182508e-05
6.283330532745923821e-05
6.076104067372607525e-05
3.889661181534864953e-05
5.758888922855462917e-06
-2.434360156702023098e-05
-3.900872050933211856e-05
-3.395473092322538104e-05
-1.466326209563124294e-05
6.998734672790449449e-06
1.899942677650010803e-05
1.479328836686905817e-05
-4.367404089348458140e-06
-3.127395039394427896e-05
-5.744737293386511866e-05
-7.813977375427398262e-05
-9.525692865299296183e-05
-1.170328842754806120e-04
-1.548694417571827521e-04
-2.189286157560167473e-04
-3.143930520223688313e-04
-4.397986336222533318e-04
-5.878556346701276254e-04
-7.481902358579208987e-04
-9.108332571418173863e-04
-1.069205268897991702e-03
-1.221715284655920967e-03
-1.371681586010726952e-03
-1.525851373603615870e-03
-1.692162791004494854e-03
-1.877490367593020147e-03
-2.085976824715267668e-03
-2.318276781321515490e-03
-2.571732897317503472e-03
-2.841262361216886478e-03
-3.120600516707163017e-03
-3.403535751940123949e-03
-3.684850694891559589e-03
-3.960817917174530925e-03
-4.229240266735993965e-03
-4.489141277712943232e-03
-4.740277951748844004e-03
-4.982659277101135833e-03
-5.216214800656029590e-03
-5.440683837513385877e-03
-5.655708945502983809e-03
-5.861040528834977198e-03
-6.056714053872092919e-03
-6.243062052813871943e-03
-6.420474106862019033e-03
-6.588910311528571075e-03
-6.747284468183655133e-03
-6.892928639570404872e-03
-7.021393203830301501e-03
-7.126795785056121678e-03
-7.202797992012013699e-03
-7.244080897423198218e-03
-7.247962939136199517e-03
-7.215637789182455936e-03
-7.152489368021979800e-03
-7.067122999602492260e-03
-6.969129869619060044e-03
-6.866087253225033708e-03
-6.760724023266695935e-03
-6.649352832067756576e-03
-6.522435930283747643e-03
-6.367491666544287943e-03
-6.173632019482333359e-03
-5.936189062046545555e-03
-5.659544888678364263e-03
-5.356712798111284979e-03
-5.045413458701732308e-03
-4.741946236344780040e-03
-4.455378623041139803e-03
-4.184769685724534956e-03
-3.920991831423016778e-03
-3.652565454511616690e-03
-3.372754951073394028e-03
-3.084195915195190544e-03
-2.798297034623924325e-03
-2.529349821554217632e-03
-2.286371125221925860e-03
-2.067396996384997070e-03
-1.859993209957864352e-03
-1.648353894176853409e-03
-1.423316284133944662e-03
-1.189403233554016956e-03
-9.642568174792988042e-04
-7.701393977764251679e-04
-6.220901526386725909e-04
-5.197121587777326886e-04
-4.476730136684820309e-04
-3.847657660982927341e-04
-3.160212953184393962e-04
-2.403846629690534426e-04
-1.692774772008319494e-04
-1.172319908190713506e-04
-9.088360846489003538e-05
-8.358294548907832001e-05
-7.910705665027789320e-05
-6.194658114340899563e-05
-2.739132798853206809e-05
1.513962532335715009e-05
4.765741225745254210e-05
5.455531994838615982e-05
3.222435560107419621e-05
-8.348516794672897716e-06
-4.726826090702409639e-05
-6.610251933374674085e-05
-5.691885872947329185e-05
-2.518526760654254715e-05
1.450111789787418456e-05
4.696516469880216495e-05
6.447273229988780463e-05
7.024765123657897975e-05
7.627993772910262606e-05
9.719076209243193568e-05
1.435770445493715543e-04
2.180116146258112889e-04
3.151773166252585991e-04
4.255218930365461819e-04
5.403594323311887741e-04
6.560374573228955298e-04
7.755394726583480104e-04
9.071748485136562137e-04
1.061195799902992605e-03
1.245833189451731006e-03
1.464229419716461941e-03
1.713217286398410148e-03
1.984145223337070284e-03
2.265278702287871863e-03
2.544909071577269432e-03
2.814232208710567770e-03
3.069262831628957657e-03
3.311406561840526171e-03
3.546692976366000363e-03
3.783980803413736736e-03
4.032628838995486707e-03
4.300174233886488659e-03
4.590495008936668238e-03
4.902792132914442907e-03
5.231546290931676432e-03
5.567418227692604547e-03
5.898894360271455910e-03
6.214349967914511649e-03
6.504125309071457153e-03
6.762197205778412712e-03
6.987087785176446762e-03
7.181783782889778790e-03
7.352632900593698145e-03
7.507411255406278017e-03
7.652974545388278697e-03
7.793059936531596815e-03
7.926840112451212506e-03
8.048706323508021676e-03
8.149470444401890959e-03
8.218774653326078872e-03
8.248082392544636016e-03
8.233333221063177110e-03
8.176312383420128796e-03
8.084092753076213556e-03
7.966522967830905883e-03
7.832496156677156915e-03
7.686361242073233915e-03
7.526028086956178080e-03
7.343867382849310864e-03
7.130451539867698613e-03
6.879860998871490524e-03
6.594263226850864863e-03
6.285348550311142639e-03
5.971276879724742026e-03
5.669802675688033131e-03
5.390366984542955577e-03
5.129045833684117879e-03
4.869466191608161007e-03
4.590145565278484080e-03
4.275284044573880900e-03
3.923673118542451814e-03
3.550698783653538897e-03
3.181725346908846098e-03
2.839956815429661545e-03
2.535440510801260146e-03
2.261754062179030089e-03
2.002651886348712999e-03
1.744776142900793161e-03
1.488323372649497144e-03
1.248374107771290167e-03
1.045432578098578558e-03
8.910602984523058887e-04
7.783321144379239413e-04
6.841722761355910993e-04
5.828009908048071945e-04
4.617294533166513846e-04
3.295420606605908051e-04
2.099712651598256686e-04
1.260740438887018628e-04
8.516603517565141763e-05
7.464143345765768516e-05
7.120421095524790377e-05
5.674372527100890153e-05
2.968265951152132060e-05
4.113294323434980978e-06
-2.239246651152233015e-06
1.751263732742698278e-05
5.265207724025713535e-05
8.036970445275605935e-05
7.974788455862719930e-05
4.496557202311297311e-05
-1.067219267346887177e-05
-6.215736289650777402e-05
-8.685421205286789222e-05
-7.683367651999341481e-05
-4.274714054856784955e-05
-7.855332672745210193e-06
3.698509266849470477e-06
-2.226111406252215914e-05
-8.527723523185573985e-05
-1.732283640238256660e-04
-2.704058088512756005e-04
-3.661140890503977101e-04
-4.597012631863316373e-04
-5.602364048555715740e-04
-6.817384502716251991e-04
-8.366372513163612690e-04
-1.030436980814254926e-03
-1.259562388241622323e-03
-1.512793872192689940e-03
-1.775292744120167973e-03
-2.033474462131922532e-03
-2.279014659733830279e-03
-2.510869031725546010e-03
-2.735008384104037349e-03
-2.962291922939295878e-03
-3.205328693527655353e-03
-3.475263495394234885e-03
-3.779240894612793250e-03
-4.118976960614573017e-03
-4.490530364859164104e-03
-4.885102289232627105e-03
-5.290547508401873163e-03
-5.693241864083437541e-03
-6.079990968169877129e-03
-6.439739007527944294e-03
-6.764909031763043958e-03
-7.052257094919515967e-03
-7.303150975550134170e-03
-7.523204685329327492e-03
-7.721235739760479340e-03
-7.907584481019476474e-03
-8.091952238351756213e-03
-8.281065154470567194e-03
-8.476615856559918324e-03
-8.674018746302841060e-03
-8.862474172229099431e-03
-9.026627651126809329e-03
-9.149732748405551772e-03
-9.217745934943562952e-03
-9.223333365416827231e-03
-9.168531771043302719e-03
-9.064944968833903854e-03
-8.930950518043056369e-03
-8.786352303522409340e-03
-8.645967555395813603e-03
-8.514363356723486306e-03
-8.383941954190766987e-03
-8.237605316954424786e-03
-8.055485251334620900e-03
-7.823325051404206310e-03
-7.538935182616971972e-03
-7.213499018764278278e-03
-6.866571008418980923e-03
-6.516694584107246037e-03
-6.172203387329295611e-03
-5.827350349897163564e-03
-5.466628857019225837e-03
-5.075744482361526679e-03
-4.653414747297905663e-03
-4.216735776874167528e-03
-3.795763352906846716e-03
-3.419172816629195526e-03
-3.098890523305819229e-03
-2.823335663632203611e-03
-2.564451764913727120e-03
-2.295131850404870388e-03
-2.006339352412575897e-03
-1.712544752844689456e-03
-1.441357035300611924e-03
-1.214078261912156839e-03
-1.030769816639457619e-03
-8.708290135191301988e-04
-7.091608727499602123e-04
-5.363790550431211251e-04
-3.678774097334379487e-04
-2.343157549624101557e-04
-1.597720520863630557e-04
-1.433082978496997965e-04
-1.575840254293934552e-04
-1.657656663920887641e-04
-1.445884579223548935e-04
-9.713213907152310085e-05
-4.678524280326628270e-05
-1.779512619287976593e-05
-1.718255897821441251e-05
-3.091750255080273922e-05
-3.610142272950614986e-05
-1.919315076629322228e-05
1.343595136756456108e-05
4.002876075064234877e-05
3.936896596259928968e-05
6.686976063762883381e-06
-4.125787582789507309e-05
-7.496819794779987969e-05
-6.885452998477065753e-05
-1.527980225404597497e-05
7.206091448313197193e-05
1.665966879738439927e-04
2.436250307487813416e-04
2.930427988355268926e-04
3.238502949506258648e-04
3.591955743583898205e-04
4.254955139576978708e-04
5.413836589120763669e-04
7.113408299096893404e-04
9.259449320050136892e-04
1.167506738224207904e-03
1.417888804644276517e-03
1.665086439835383476e-03
1.906342849459603458e-03
2.147345160929267031e-03
2.398571209401860384e-03
2.670626884766097789e-03
2.970352097397394291e-03
3.298822743782729716e-03
3.651512226119465153e-03
4.020136063294472636e-03
4.395285954860776029e-03
4.768907655157336549e-03
5.135913276595157999e-03
5.494607060661340844e-03
5.846004296316473225e-03
6.192428665464697057e-03
6.535924660685861302e-03
6.877007052819159721e-03
7.214114775984643499e-03
7.543893639284728753e-03
7.862166009272369624e-03
8.165223463186994934e-03
8.450959402872831525e-03
8.719382093125525868e-03
8.972223071522129889e-03
9.211650409946862961e-03
9.438438376282828196e-03
9.650229696115109751e-03
9.840639760972401395e-03
9.999806839514412821e-03
1.011657054030144602e-02
1.018184589944566912e-02
1.019214261564101859e-02
1.015181633724407916e-02
1.007277173698134347e-02
9.971071434891618998e-03
9.861108745493481556e-03
9.749273419855500333e-03
9.629796082634631271e-03
9.485162213528519626e-03
9.291947609958779719e-03
9.030533552618447840e-03
8.694892335896065375e-03
8.297735829237668642e-03
7.867677225622624754e-03
7.438546468239284892e-03
7.035212912520141804e-03
6.662939480725460842e-03
6.306447411940910817e-03
5.940191172629035246e-03
5.544881718719383255e-03
5.120797432194636699e-03
4.689236151368442358e-03
4.280098510187564480e-03
3.912620243789638984e-03
3.581822839228238683e-03
3.260773623290677548e-03
2.918700880144491343e-03
2.543594592500031393e-03
2.153450097632650558e-03
1.787119084109557200e-03
1.480059344707920343e-03
1.241932994834905922e-03
1.052610552115176325e-03
8.798578886457494906e-04
7.052894986110416721e-04
5.382152497538917040e-04
4.060775774119506861e-04
3.288304215179370989e-04
2.980564921133978772e-04
2.785464586817501466e-04
2.323370653016137749e-04
1.469053920803273965e-04
4.529117644895181457e-05
-3.023276864772268504e-05
-4.877409737552052693e-05
-1.271705021617594781e-05
4.490481913592028306e-05
8.438246402229279122e-05
8.589237922720055582e-05
5.935356812146124443e-05
3.209162854345524741e-05
2.545273712997643900e-05
3.844266757246044805e-05
4.964266532191776083e-05
3.448858408957383920e-05
-1.562177939629413843e-05
-8.603291674311511466e-05
-1.478216152837199355e-04
-1.764353127026683794e-04
-1.677680155759929664e-04
-1.421492497764691447e-04
-1.347722062487804952e-04
-1.788777906730849225e-04
-2.911313232062420720e-04
-4.661966485158393304e-04
-6.818811679161316955e-04
-9.109323207559235974e-04
-1.133166948438873349e-03
-1.342622531722505348e-03
-1.547588975755675609e-03
-1.764786441773908863e-03
-2.011075967382029706e-03
-2.296367983937039163e-03
-2.620189545919980427e-03
-2.972532015763218374e-03
-3.337971603857726316e-03
-3.701153533558986485e-03
-4.051663601987548838e-03
-4.386873162516641105e-03
-4.712192598680015748e-03
-5.038982554484292692e-03
-5.380942226802530419e-03
-5.750043310806729133e-03
-6.153034414412983030e-03
-6.589288367966190940e-03
-7.050401784534873241e-03
-7.521566869447296640e-03
-7.984381349503565442e-03
-8.420485303904285540e-03
-8.815243836921443990e-03
-9.160656660646455604e-03
-9.456788765109700248e-03
-9.711286103637918957e-03
-9.936946278508287933e-03
-1.014779802018113408e-02
-1.035460361760703364e-02
-1.056100228362888416e-02
-1.076152500236665296e-02
-1.094234405306041859e-02
-1.108488439807086071e-02
-1.117146985315312438e-02
-1.119129270311489989e-02
-1.114454455974998870e-02
-1.104284050619267973e-02
-1.090520637510782910e-02
-1.075063297183092605e-02
-1.058991845773340351e-02
-1.042040380610135403e-02
-1.022657634466010018e-02
-9.987246422432085810e-03
-9.686801468095081885e-03
-9.325369884837730883e-03
-8.922222814736377808e-03
-8.509304688215601348e-03
-8.116755418502957786e-03
-7.757320569709366329e-03
-7.418545580879324156e-03
-7.068576166470597749e-03
-6.673979073334661283e-03
-6.220131701791339722e-03
-5.721621865281394798e-03
-5.214928687253410182e-03
-4.736654425825647177e-03
-4.301035410726551655e-03
-3.892589838094387845e-03
-3.480480533129457887e-03
-3.045629090524076300e-03
-2.600866965709769385e-03
-2.187650890661225946e-03
-1.849526704012048085e-03
-1.600945994822733191e-03
-1.415425892054253485e-03
-1.243510175314004821e-03
-1.047859592995128205e-03
-8.285104622634317101e-04
-6.185165966108163585e-04
-4.540627804239105313e-04
-3.442235795793156393e-04
-2.656880371488141166e-04
-1.862546376115896754e-04
-9.591997557208050426e-05
-1.765677689856717827e-05
1.240514651964479272e-05
-2.108764772466618996e-05
-9.382177613740011240e-05
-1.548104844330175074e-04
-1.615700606207503220e-04
-1.096322032506269511e-04
-3.357204477483433569e-05
2.017849429066926979e-05
2.684332402107833014e-05
-1.965118958420731418e-06
-3.126196199660119144e-05
-3.109594370018010673e-05
1.973279912552770945e-06
4.521758912304166148e-05
6.955235903195579133e-05
6.299672145042795404e-05
4.113059546747308091e-05
3.842737119976107025e-05
8.750303178867022613e-05
2.001895947280427231e-04
3.616456670636042348e-04
5.397431173688492035e-04
7.031078542537086938e-04
8.374323198499151501e-04
9.520599048712366421e-04
1.074855293680933733e-03
1.239214459663108992e-03
1.469952673239149823e-03
1.774090933595724468e-03
2.139431711162469423e-03
2.540210760798546335e-03
2.946625055666435896e-03
3.334337852501517881e-03
3.690916739310946479e-03
4.017821095186284615e-03
4.328218611223668896e-03
4.642033399519733539e-03
4.980029547383390751e-03
5.358526820572821238e-03
5.785791740509832470e-03
6.260518402582695985e-03
6.772299772913152605e-03
7.303673316130142139e-03
7.833194105292646051e-03
8.338981273452996876e-03
8.802227211738629375e-03
9.210202862776571339e-03
9.558324242933596837e-03
9.850889387255451490e-03
1.010019782866323351e-02
1.032397099857055786e-02
1.054131658868783829e-02
1.076788578019495339e-02
1.101126102243356678e-02
1.126783746232627552e-02
1.152236869094575185e-02
1.175083688092050035e-02
1.192640196245569120e-02
1.202707990048330726e-02
1.204285854417655108e-02
1.197962248698875888e-02
1.185787814134623211e-02
1.170590208157210044e-02
1.154918069287160648e-02
1.140001987757232986e-02
1.125193539519810798e-02
1.108212403799786923e-02
1.086201817335643444e-02
1.057181046846188306e-02
1.021193623769675075e-02
9.804820742611124185e-03
9.384453614784443037e-03
8.978042708254427642e-03
8.589602333132760961e-03
8.195965995981959601e-03
7.759697573227905543e-03
7.253125480136561609e-03
6.679313089501621482e-03
6.075564371965218487e-03
5.494988489530874300e-03
4.976504212072303812e-03
4.523259817851291859e-03
4.105452869939517878e-03
3.686720036420382870e-03
3.254944970034145523e-03
2.833170071193732206e-03
2.460497639579189381e-03
2.157148874964151704e-03
1.902755284018937607e-03
1.648357066358008315e-03
1.355191549208722068e-03
1.029263750339174353e-03
7.216360199164158478e-04
4.918171523666688399e-04
3.632058072776799961e-04
3.073607398141749939e-04
2.697725394574792212e-04
2.141909122875602001e-04
1.470179068414762793e-04
1.018966513046551208e-04
1.005891896356052285e-04
1.269674549587616560e-04
1.380261371015011279e-04
1.016864317535215814e-04
2.703082211947181759e-05
-4.032982569474618427e-05
-5.422619198410768741e-05
-5.003186933671639259e-06
7.250109498696491082e-05
1.252599598374745985e-04
1.203656272005900249e-04
6.550636712756557748e-05
-1.910926626236055393e-06
-4.569636519754513511e-05
-5.715153102321060828e-05
-5.838008377065588523e-05
-8.304334460797652443e-05
-1.507559151221396629e-04
-2.536395840277214228e-04
-3.630580744870025365e-04
-4.503692569170493184e-04
-5.074066176768900639e-04
-5.542789413276134674e-04
-6.309520359568750094e-04
-7.784724472939639085e-04
-1.020308968505466516e-03
-1.352687611529689938e-03
-1.747162941447882563e-03
-2.162666446736639155e-03
-2.560776988019871497e-03
-2.917895687562279024e-03
-3.230513002427225049e-03
-3.513117926698758157e-03
-3.790967676642778821e-03
-4.091109842138909714e-03
-4.434744612664263085e-03
-4.832782237230381917e-03
-5.284987248124305495e-03
-5.781952551317463829e-03
-6.308576561481414081e-03
-6.847718989861051667e-03
-7.383105876299575487e-03
-7.901101611442648900e-03
-8.391452590335198025e-03
-8.847398219668364469e-03
-9.265594727468214400e-03
-9.646139260636852134e-03
-9.992705826841943167e-03
-1.031252855530827468e-02
-1.061580798486362609e-02
-1.091415827739817407e-02
-1.121798491517490490e-02
-1.153313295537661438e-02
-1.185764210919601144e-02
-1.217979157255874578e-02
-1.247860882868779414e-02
-1.272751479705249746e-02
-1.290080026381105333e-02
-1.298140932479035538e-02
-1.296748566417557126e-02
-1.287485157009145113e-02
-1.273344838380667532e-02
-1.257779472447074186e-02
-1.243416564470033008e-02
-1.230937436197374231e-02
-1.218648117224546169e-02
-1.203064942926692672e-02
-1.180402090828028966e-02
-1.148359554733737777e-02
-1.107329985024541399e-02
-1.060297893446042125e-02
-1.011325198008487976e-02
-9.633434904727351811e-03
-9.165276468372120580e-03
-8.683674182113940848e-03
-8.156098046348510613e-03
-7.569841744755390935e-03
-6.948779901893502135e-03
-6.345751098582232824e-03
-5.812345632659596598e-03
-5.365121608871742560e-03
-4.972892171575511201e-03
-4.576963645071287917e-03
-4.132063022953972112e-03
-3.638154278395292276e-03
-3.138117660947005623e-03
-2.682441577022634353e-03
-2.289743930610600633e-03
-1.936901250421281355e-03
-1.587906046641364421e-03
-1.235759040919711749e-03
-9.179625971124470837e-04
-6.883204726185157985e-04
-5.679755751405030084e-04
-5.201740541333024249e-04
-4.741969009836842237e-04
-3.797276767827334303e-04
-2.442096499825255449e-04
-1.202637497708529309e-04
-5.544804754981026202e-05
-5.049311423326276795e-05
-6.301165647362654107e-05
-5.067526574854714922e-05
-1.179928341450703394e-05
1.462856879063600959e-05
-1.141981430526146724e-05
-8.904190522372731962e-05
-1.705009649413300160e-04
-1.966373274515941004e-04
-1.428904448269059234e-04
-3.772651997435517637e-05
5.990348131839528845e-05
1.039716775012156628e-04
9.137737340186106983e-05
5.818543268292233423e-05
4.917548043536324820e-05
8.610481089382444658e-05
1.572884784529371297e-04
2.327545413187747183e-04
2.909561890351225542e-04
3.372986759319471684e-04
4.029933444963878868e-04
5.269215137735490601e-04
7.332265358899039747e-04
1.018041305633589962e-03
1.351678056662112323e-03
1.693409861643673181e-03
2.010067876340934645e-03
2.289335416889936616e-03
2.542676501490299164e-03
2.798299717077250628e-03
3.088616297654543565e-03
3.437928925496421505e-03
3.854803987374944788e-03
4.330935283593419748e-03
4.845665595179062153e-03
5.373632658759429533e-03
5.892557427361827006e-03
6.388785656935681324e-03
6.859355462777142268e-03
7.310601689210297245e-03
7.754265884984345991e-03
8.202585729046007676e-03
8.663876950235901292e-03
9.139784702336405803e-03
9.624809124129118237e-03
1.010805138674856878e-02
1.057652323209407400e-02
1.101893855508484510e-02
1.142875758481231609e-02
1.180543920181277920e-02
1.215336838580702815e-02
1.247867232806224198e-02
1.278493579824947941e-02
1.306941721822178076e-02
1.332148395832621207e-02
1.352444868307495912e-02
1.366081738342997572e-02
1.371945029566234465e-02
1.370184825318168133e-02
1.362438033274082118e-02
1.351426470566475732e-02
1.339950186096717719e-02
1.329601393298169426e-02
1.319759997991061876e-02
1.307446030173899446e-02
1.288312851610146775e-02
1.258529434087955062e-02
1.216751136279846206e-02
1.165139537803877752e-02
1.108705521948051900e-02
1.053084092262691895e-02
1.001815565005367316e-02
9.547015307749418672e-03
9.083642431733072314e-03
8.588375124528089752e-03
8.045856018654118716e-03
7.478165230260229446e-03
6.929359504741124283e-03
6.430400018368504812e-03
5.970471552717394187e-03
5.499483060693290126e-03
4.964454082175639646e-03
4.354380960812257589e-03
3.717320991046537890e-03
3.132340419692482107e-03
2.655567043471390720e-03
2.283537563258196575e-03
1.964938264121922958e-03
1.650702837876329068e-03
1.337626651249062019e-03
1.065552517860302376e-03
8.711657509384117390e-04
7.435303969859279136e-04
6.264340298106476973e-04
4.680193415539342979e-04
2.710378625561555839e-04
9.420762284314156533e-05
1.152783784524226195e-06
4.046495627567528641e-06
5.446630808100333876e-05
8.857600020802406868e-05
8.222813162892077526e-05
6.403339228195561864e-05
7.680539353119211071e-05
1.274218762631272833e-04
1.743656459136808600e-04
1.644437909415251767e-04
8.352295956531397090e-05
-2.581187810933549645e-05
-9.559221145608762747e-05
-8.547270193430160168e-05
-1.331588398006758875e-05
5.951589603057916289e-05
7.350879559180458281e-05
1.053717835597604288e-05
-1.001775386258599239e-04
-2.095185487037374845e-04
-2.856872643892754645e-04
-3.345245927559018146e-04
-3.920015518043478233e-04
-4.980435176731025067e-04
-6.712088108817148169e-04
-8.998093315998118491e-04
-1.152406382144673027e-03
-1.398782218262720287e-03
-1.628133216456419336e-03
-1.855024725580303128e-03
-2.111608678287433226e-03
-2.431631211047992954e-03
-2.834634711219760107e-03
-3.317193596191347557e-03
-3.853863218558140676e-03
-4.406212011270851069e-03
-4.935616224760997449e-03
-5.414999088435150029e-03
-5.835954453646410335e-03
-6.209783846272002097e-03
-6.562995595025849192e-03
-6.929192676008148581e-03
-7.339829780995877316e-03
-7.816160411743331218e-03
-8.364071614464207646e-03
-8.972676437754144307e-03
-9.616698317883936101e-03
-1.026195552187955835e-02
-1.087269989045951298e-02
-1.141922228682050282e-02
-1.188404837780969447e-02
-1.226525702161695291e-02
-1.257598634568754190e-02
-1.284002211371015195e-02
-1.308437117437550624e-02
-1.333068565665878127e-02
-1.358801704988312452e-02
-1.384933777187456923e-02
-1.409338767551402728e-02
-1.429175680604405189e-02
-1.441911733047557091e-02
-1.446288673186121865e-02
-1.442816341332797334e-02
-1.433509276195479160e-02
-1.420881222368382268e-02
-1.406581656603113697e-02
-1.390327469313399136e-02
-1.369773751606248070e-02
-1.341596391414491378e-02
-1.303426467088067073e-02
-1.255680155673763801e-02
-1.202150349465043629e-02
-1.148712354600954846e-02
-1.100530998612010009e-02
-1.059208025473583857e-02
-1.021656709885038899e-02
-9.816939741388228807e-03
-9.336708579139048336e-03
-8.759352911214554963e-03
-8.117282394146991056e-03
-7.467057499283435811e-03
-6.847659253170349132e-03
-6.253864714875559394e-03
-5.647764235574169976e-03
-5.001406368637909168e-03
-4.335216151756201598e-03
-3.716057836339503768e-03
-3.210974939220620668e-03
-2.833085164275250031e-03
-2.527915564764080490e-03
-2.216274321681076156e-03
-1.858786408110128883e-03
-1.484680029816554548e-03
-1.158212850525234920e-03
-9.146321015035304824e-04
-7.277475290906326852e-04
-5.410347297448353304e-04
-3.309166509022385761e-04
-1.373625890324743572e-04
-2.861113125493647586e-05
-3.325839422958598677e-05
-1.069282423855656287e-04
-1.671128110954009621e-04
-1.624410682928040955e-04
-1.097594134777454410e-04
-6.611642032840736301e-05
-6.722477505372541481e-05
-9.415909501882683609e-05
-9.828343679678730525e-05
-5.566047793636629741e-05
4.779074255532729522e-06
2.674713119967518467e-05
-1.922849082719267424e-05
-1.038114006530038420e-04
-1.578430413835836120e-04
-1.252801831843407363e-04
-5.535538417103073431e-06
1.475092622378663368e-04
2.659543809912750904e-04
3.148326099791063119e-04
3.120376083420962963e-04
3.113450424075741782e-04
3.652141696899718622e-04
4.945732842472745855e-04
6.834466903671343246e-04
8.973987678039641687e-04
1.110391320554718689e-03
1.322532874299197671e-03
1.559710172919554286e-03
1.857826616435796861e-03
2.242107505876255510e-03
2.712600907726862767e-03
3.242069862967934292e-03
3.785759101392005121e-03
4.297563544906916368e-03
4.745596387406081536e-03
5.121724543281136466e-03
5.442812346537920752e-03
5.744555220763213413e-03
6.070817191757959391e-03
6.461994945291781034e-03
6.945391841449975213e-03
7.529439615357978732e-03
8.202373358992388550e-03
8.934982596328914367e-03
9.686447709159034386e-03
1.041198593547133615e-02
1.107096204417275243e-02
1.163416130783790324e-02
1.208902936345582907e-02
1.244187549038374037e-02
1.271637743344005561e-02
1.294827878920541860e-02
1.317693675748879065e-02
1.343525629023342022e-02
1.374031371120886490e-02
1.408732042706601663e-02
1.444920423155496465e-02
1.478283715901601916e-02
1.504095188988160275e-02
1.518657555196563889e-02
1.520520097391905856e-02
1.510981160100484909e-02
1.493583245948264769e-02
1.472686075413782471e-02
1.451637945395164303e-02
1.431353884239660972e-02
1.410051379700472812e-02
1.384416521013724470e-02
1.351723937717997162e-02
1.311782447187459337e-02
1.267461919587089918e-02
1.223210051123267521e-02
1.182178449093154553e-02
1.143668549803221468e-02
1.102765750370249265e-02
1.052875847860539581e-02
9.899190723988959481e-03
9.154664962846949597e-03
8.363994513543150308e-03
7.609207166134627533e-03
6.935464122121542604e-03
6.328348709375242707e-03
5.737705139720770606e-03
5.129788736387564350e-03
4.523226794449457591e-03
3.975036043514123228e-03
3.526371217543869570e-03
3.157161010180208581e-03
2.795377424497233303e-03
2.377929342243738538e-03
1.908971090647994077e-03
1.459121331988928391e-03
1.103304044790243176e-03
8.555906438451638552e-04
6.646199340511585495e-04
4.735897741569092137e-04
2.827047848510951347e-04
1.483319193481590428e-04
1.183944529461650636e-04
1.711096597543205024e-04
2.226772287928587728e-04
1.991877492821301587e-04
1.018428057609439884e-04
1.284658995236989202e-06
-3.156401221499509954e-05
1.101371452624432207e-05
7.510064928961908209e-05
1.037978315393743676e-04
9.070595268476426781e-05
7.689978203860456602e-05
9.965256979168535180e-05
1.473312337763694406e-04
1.649567955072619085e-04
1.039783910599704705e-04
-3.085589581438271734e-05
-1.795100826883279670e-04
-2.703823833179786504e-04
-2.728557050843386411e-04
-2.180844901978517191e-04
-1.757013300513313213e-04
-2.076078530283659946e-04
-3.330044737120424914e-04
-5.258200923959345215e-04
-7.408491271597149623e-04
-9.472771424546235679e-04
-1.147672724376624410e-03
-1.373425713641056138e-03
-1.663055181640090644e-03
-2.038214184571241969e-03
-2.490653021620140798e-03
-2.985261810590652664e-03
-3.475498753420709110e-03
-3.922526923233493092e-03
-4.309510351873711495e-03
-4.646265370361927008e-03
-4.964193739105979969e-03
-5.304938597826199496e-03
-5.707520426590924692e-03
-6.198029591781229787e-03
-6.784149469426231996e-03
-7.454829646626246961e-03
-8.184000845384455450e-03
-8.936581336105840073e-03
-9.675077910629395483e-03
-1.036555118740438083e-02
-1.098228193245476096e-02
-1.151090867676336435e-02
-1.195000401539048594e-02
-1.231104457483608687e-02
-1.261663011141833657e-02
-1.289678352508934027e-02
-1.318335577766853624e-02
-1.350302332191931354e-02
-1.387002567191887754e-02
-1.428042891874282093e-02
-1.470999490067614011e-02
-1.511735994308152815e-02
-1.545300562702900220e-02
-1.567257139894385684e-02
-1.575095364607300569e-02
-1.569223816662856583e-02
-1.553076539388786002e-02
-1.532106961667537015e-02
-1.511870966363235320e-02
-1.495863559494335290e-02
-1.484042077334535130e-02
-1.472831168614741407e-02
-1.456803395744031560e-02
-1.431365118020911688e-02
-1.395089812332780434e-02
-1.350313302434909789e-02
-1.301448283056311911e-02
-1.251869466976791856e-02
-1.201345944861991616e-02
-1.145966312882883142e-02
-1.081025312599939031e-02
-1.005171061002242336e-02
-9.227864814603041824e-03
-8.423873694630348158e-03
-7.716151468356107455e-03
-7.122830588350825658e-03
-6.594308341030730679e-03
-6.055181578555289372e-03
-5.466251963412036875e-03
-4.854620602618211871e-03
-4.284109304754623801e-03
-3.791316548461186493e-03
-3.347323770363728676e-03
-2.884695346596449946e-03
-2.367414544942130893e-03
-1.835957433832007251e-03
-1.379526819040218302e-03
-1.058545503922019926e-03
-8.528806371097039487e-04
-6.880513722290560255e-04
-5.123892989294603168e-04
-3.444610844335275058e-04
-2.410534174118752170e-04
-2.213655814524746073e-04
-2.315673646899993234e-04
-1.915776807098505327e-04
-7.694158050789694106e-05
5.103651333630880121e-05
1.009588107205669510e-04
3.799083304232101779e-05
-8.427708754170305967e-05
-1.752800507920105602e-04
-1.877466231531275433e-04
-1.486650374897200149e-04
-1.174591236061157549e-04
-1.200392700444471652e-04
-1.252130921965717699e-04
-8.226829670232552899e-05
2.181025298301926451e-05
1.420861797826411749e-04
2.104756619470982430e-04
1.930118809584834753e-04
1.200316279661479160e-04
6.624827724552236367e-05
9.945575030587259677e-05
2.381538814231172550e-04
4.466824298966863408e-04
6.661763626326463366e-04
8.558994314048422140e-04
1.017167187559482079e-03
1.188008033589158310e-03
1.416629232734439121e-03
1.732522175424628611e-03
2.131583703642846508e-03
2.580722779684279083e-03
3.036225774858192835e-03
3.464595572812783318e-03
3.855881867193848653e-03
4.225115489709893070e-03
4.603538496741440417e-03
5.025070889651511719e-03
5.513994592487974841e-03
6.077920335259516874e-03
6.707221202697646184e-03
7.379628214735565322e-03
8.067347859840723681e-03
8.743979844147188596e-03
9.389331714919034455e-03
9.991416110433304354e-03
1.054599638523846285e-02
1.105470956529310857e-02
1.152293585167174332e-02
1.195826737098045281e-02
1.236983933113425423e-02
1.276816537532712674e-02
1.316470531826862203e-02
1.357036761368634117e-02
1.399257602904615400e-02
1.443131747268448610e-02
1.487547361358951617e-02
1.530133409734829933e-02
1.567509115618154203e-02
1.596008134960547400e-02
1.612767373790245998e-02
1.616856769595973603e-02
1.609981328715221968e-02
1.596313661849478593e-02
1.581272707075218401e-02
1.569510890333592271e-02
1.562841761036647126e-02
1.559081949185572337e-02
1.552572381069761143e-02
1.536443347363813418e-02
1.505746097689971211e-02
1.459891885125927033e-02
1.402935288743629126e-02
1.341287010759448402e-02
1.280009208919530815e-02
1.219978581132982222e-02
1.157957212576278538e-02
1.089809374873758341e-02
1.014743749720052948e-02
9.372954365358694001e-03
8.650436237873091946e-03
8.032857154932149593e-03
7.507054585628929883e-03
6.998889278722848079e-03
6.428842146333843197e-03
5.775414654174773794e-03
5.091446082100112638e-03
4.455956195096328482e-03
3.903070182888566508e-03
3.394984280945321023e-03
2.867593901759639494e-03
2.306233388351914843e-03
1.774743110752204783e-03
1.363752991261849056e-03
1.106162623126659807e-03
9.451420051488017933e-04
7.889164080122509047e-04
5.965678125140403115e-04
4.059178536544098522e-04
2.768017281982459196e-04
2.150403074238245980e-04
1.629328379083586282e-04
6.714382199526654877e-05
-5.294158600551385565e-05
-1.158704848609096416e-04
-6.110456685641974407e-05
8.218803490223270834e-05
2.134858784711547264e-04
2.485619154343248686e-04
1.887554838736272330e-04
1.067130936791517226e-04
6.949639868032149003e-05
7.833141769921610957e-05
8.001129774123341871e-05
3.044236368984560824e-05
-5.667459885332577421e-05
-1.219697492832138002e-04
-1.180600715288671304e-04
-5.720880124313041569e-05
-7.086169121418491158e-06
-4.069316175471605142e-05
-1.833993524740701103e-04
-3.977151702585601085e-04
-6.133297627136511570e-04
-7.765561867210839849e-04
-8.838734275591721753e-04
-9.804290445715648644e-04
-1.129791090458791281e-03
-1.377437799625533775e-03
-1.729633347876443749e-03
-2.156219247034651867e-03
-2.611149733910308936e-03
-3.056827976752796074e-03
-3.479650896397290093e-03
-3.891371215966024817e-03
-4.318728405540305307e-03
-4.788420965422979236e-03
-5.314772258326723453e-03
-5.894561465894786710e-03
-6.509588093636128545e-03
-7.134457851653168425e-03
-7.745733567832470585e-03
-8.328959638450905353e-03
-8.881528944718004859e-03
-9.411142056806055464e-03
-9.931078994323846651e-03
-1.045431033124851437e-02
-1.098853751295748339e-02
-1.153369346092211235e-02
-1.208249093821584831e-02
-1.262356120005159350e-02
-1.314586003500417717e-02
-1.364257116644933092e-02
-1.411286274081194510e-02
-1.456057426215537874e-02
-1.499007849832995933e-02
-1.540084054876135825e-02
-1.578311331246348703e-02
-1.611728585056500934e-02
-1.637834874422968226e-02
-1.654486942471778896e-02
-1.660941710277588981e-02
-1.658562327558325833e-02
-1.650717635955401691e-02
-1.641668255731177153e-02
-1.634701219609693487e-02
-1.630264880812268280e-02
-1.625092112740792599e-02
-1.613047179586644606e-02
-1.587663288011139165e-02
-1.545347484143343164e-02
-1.487573406539727944e-02
-1.420603119514455247e-02
-1.352509731416881404e-02
-1.288969648102263402e-02
-1.230382123956155066e-02
-1.172382013778389478e-02
-1.109687506782376654e-02
-1.040709366982642964e-02
-9.693739888917638978e-03
-9.023575154831766157e-03
-8.435278630652137330e-03
-7.900962820409768855e-03
-7.341582009285241989e-03
-6.689774740055350229e-03
-5.949127785623638427e-03
-5.195504335593834934e-03
-4.514554157379649726e-03
-3.930300995568777010e-03
-3.393326583010454478e-03
-2.842793216648371694e-03
-2.281850256500050130e-03
-1.787228576586028569e-03
-1.437493941483439144e-03
-1.230405137504282003e-03
-1.076639513700748067e-03
-8.806342959166065789e-04
-6.269398543299451896e-04
-3.831287090896998214e-04
-2.195224687421474087e-04
-1.354034495862081375e-04
-7.135274361239277575e-05
1.128081793063206031e-05
7.862432887638353535e-05
6.233103858912984014e-05
-5.396943881717417116e-05
-1.978539663041684407e-04
-2.656186867683641459e-04
-2.163604522675378146e-04
-1.061545845867586805e-04
-2.984110184767883430e-05
-3.216289043357804187e-05
-7.564900929510131678e-05
-8.965744932181047026e-05
-4.448332713511576365e-05
2.327946540166284120e-05
5.350277350700764886e-05
2.673899657432320044e-05
-1.192054415972865103e-05
1.115879586583174096e-05
1.369605915513184716e-04
3.400010287276687216e-04
5.470871436367368652e-04
6.905878911590682991e-04
7.550513584581412807e-04
7.862955401785233370e-04
8.618035395125800803e-04
1.046048547997441855e-03
1.359201630705104448e-03
1.774262426439905931e-03
2.238606139025135344e-03
2.703717468504937549e-03
3.146419913521109144e-03
3.573176974853511240e-03
4.009306073596887073e-03
4.481567583602645045e-03
5.003516857656896411e-03
5.569520941113107262e-03
6.158284911151465021e-03
6.742675846034493388e-03
7.300878854300247960e-03
7.824444252962595159e-03
8.320738045141272063e-03
8.809632661197264875e-03
9.316145482212314852e-03
9.861725885930924113e-03
1.045695396703913947e-02
1.109773247463406720e-02
1.176592141747970222e-02
1.243409152051789569e-02
1.307293984105851493e-02
1.365915656017995493e-02
1.418133783362532895e-02
1.464200237932672746e-02
1.505485659930404750e-02
1.543795839334634844e-02
1.580496110468536386e-02
1.615765111041954014e-02
1.648300844150556166e-02
1.675672652470991744e-02
1.695268366582568589e-02
1.705500412349842537e-02
1.706729823095635284e-02
1.701371644061369648e-02
1.692928867165285553e-02
1.684209545579973960e-02
1.675508056385495437e-02
1.663777516254817332e-02
1.643537726226617160e-02
1.609437829932342315e-02
1.559359492457256663e-02
1.496309861535066212e-02
1.427676547936364976e-02
1.361790611312331187e-02
1.303525043348019267e-02
1.251670306803890319e-02
1.200092446180429928e-02
1.142274725265269436e-02
1.076234117741021144e-02
1.006064064519754213e-02
9.385553240986665990e-03
8.772681850211036178e-03
8.189782226185949796e-03
7.559854953390903951e-03
6.828868206119284058e-03
6.020464982917909068e-03
5.225022545001527588e-03
4.527643683324067934e-03
3.939935280218890071e-03
3.402405796964433089e-03
2.857620664883723117e-03
2.320446604807737193e-03
1.869297202502546648e-03
1.562197880093867770e-03
1.364599917530648875e-03
1.170163052226193745e-03
8.995153671730841830e-04
5.758791803598910372e-04
2.975563311987298814e-04
1.371863822514345500e-04
7.615284728038681367e-05
4.100510983105330081e-05
-6.256606242752874157e-06
-3.009166117946336273e-05
2.244219054717844840e-05
1.397811488905310168e-04
2.364478687233305301e-04
2.314024224585927846e-04
1.300377383283336135e-04
2.115646030372111928e-05
-8.062109491140807455e-06
4.865365009533603963e-05
1.201129640928251226e-04
1.331171263547215597e-04
8.020909269172249272e-05
1.597884634179359584e-05
-6.476174514464954613e-06
7.893633975697806292e-06
-4.826494566757997140e-07
-8.983988512125773256e-05
-2.622369442492534955e-04
-4.574175320312292951e-04
-5.979958836818176447e-04
-6.477187617229460386e-04
-6.390413038486299820e-04
-6.537139624362201234e-04
-7.742587471756627029e-04
-1.040122485566044716e-03
-1.433459956201289364e-03
-1.897308134991694583e-03
-2.370129689195147032e-03
-2.815392831494881957e-03
-3.232373596906374779e-03
-3.647121024757416299e-03
-4.092446746485720044e-03
-4.588803474996726653e-03
-5.134626684490074637e-03
-5.708512776736789258e-03
-6.280066655035346224e-03
-6.823462779402363586e-03
-7.327987730141819617e-03
-7.802078003945649848e-03
-8.270248162209605999e-03
-8.764697826425117688e-03
-9.314711705053213553e-03
-9.937156008580985689e-03
-1.063067911429484667e-02
-1.137501361388335019e-02
-1.213540156290331996e-02
-1.287090230874663420e-02
-1.354439942691241551e-02
-1.413165685605728521e-02
-1.462689799202829787e-02
-1.504314281167493626e-02
-1.540686976494700516e-02
-1.574823806141015595e-02
-1.608969605349748130e-02
-1.643676887556430252e-02
-1.677464119304507978e-02
-1.707255692617378265e-02
-1.729526388820717964e-02
-1.741757013325810968e-02
-1.743587776194948855e-02
-1.737069024530680725e-02
-1.725725437676061194e-02
-1.712703749897720451e-02
-1.698839555289864689e-02
-1.681734096256780678e-02
-1.656618165342115673e-02
-1.618897066009500341e-02
-1.567190530191980152e-02
-1.505053638174323055e-02
-1.439968365157334035e-02
-1.379682986037135059e-02
-1.327817519596936023e-02
-1.281590114795952244e-02
-1.233570877539641279e-02
-1.176744402663954144e-02
-1.109515976869656674e-02
-1.036807323695576252e-02
-9.660000290999091327e-03
-9.006499107961191478e-03
-8.372382679200486913e-03
-7.682117280422093124e-03
-6.891980393210748491e-03
-6.040734468294111682e-03
-5.228369305822935624e-03
-4.536836767102803841e-03
-3.965435150141988045e-03
-3.444929007107181817e-03
-2.918319801988259170e-03
-2.405323007823188721e-03
-1.979844660415178842e-03
-1.680941426948769774e-03
-1.454222076070965305e-03
-1.194410868110017164e-03
-8.510371709784397571e-04
-4.851177279939938880e-04
-2.124279556029341352e-04
-9.127924813808499472e-05
-7.374583249756972033e-05
-6.831221319130881015e-05
-3.836103477206575466e-05
-2.532088187481315269e-05
-7.645954968819353029e-05
-1.677875999364747915e-04
-2.153357478343369204e-04
-1.635604079472991639e-04
-5.050511911028573341e-05
2.447288431554558736e-05
-2.858803215010772107e-06
-1.015616465500507201e-04
-1.801721059571192540e-04
-1.751765883633067829e-04
-1.031098390070558251e-04
-3.077525935771166076e-05
-1.764444976014213941e-06
5.640270474488921247e-06
5.246207961453475935e-05
1.754577636782133157e-04
3.474308337133514744e-04
4.957776561883060372e-04
5.608867754331000243e-04
5.454901172051124063e-04
5.182236609066547635e-04
5.724372520675500686e-04
7.720833729593037540e-04
1.120156704900987597e-03
1.565105106781110875e-03
2.035204912437883588e-03
2.477013986998852571e-03
2.876918459525583394e-03
3.258392453451830050e-03
3.661603186451962630e-03
4.119038047563549666e-03
4.639427340219250996e-03
5.205549764089383198e-03
5.784159609375392683e-03
6.341646666346296111e-03
6.858203004050515347e-03
7.335383514246680836e-03
7.795322594836823389e-03
8.272956194050775161e-03
8.804498361567826906e-03
9.415938381211616526e-03
1.011473738071154253e-02
1.088667592493249361e-02
1.169837051575554031e-02
1.250464548400295230e-02
1.325890139787449552e-02
1.392396991197472449e-02
1.448076774891175061e-02
1.493242587451563963e-02
1.530250012504505777e-02
1.562729393941433842e-02
1.594401006226070852e-02
1.627798086452557011e-02
1.663306306750497038e-02
1.698890633690891550e-02
1.730696636451943549e-02
1.754409429785822386e-02
1.766919797827644703e-02
1.767624082773350605e-02
1.758714403067074966e-02
1.744167506877777191e-02
1.727737222641654094e-02
1.710852587800286775e-02
1.691580855947323256e-02
1.665465442791363646e-02
1.628107321534536314e-02
1.578231863720121544e-02
1.519359240435724789e-02
1.458667632302476647e-02
1.403222176268685562e-02
1.355632401020864276e-02
1.312071600120188163e-02
1.264469631896989951e-02
1.205896896835979837e-02
1.135507429865274462e-02
1.059153585145598646e-02
9.847394736121378028e-03
9.157090591269536478e-03
8.481741176076933522e-03
7.746497380757785302e-03
6.916304887880453042e-03
6.042346901191850833e-03
5.231389654595908212e-03
4.560452507695673258e-03
4.015815653834600880e-03
3.517391955764861272e-03
3.005880800283593571e-03
2.502830734850117114e-03
2.078373745835512820e-03
1.760352554732113510e-03
1.487476494447179543e-03
1.166173035097574535e-03
7.752199358875876481e-04
4.019663544878909387e-04
1.633799503280225290e-04
9.236409388552901554e-05
1.108162226984003607e-04
1.156647822944541193e-04
7.950710620910930683e-05
5.589069881982710746e-05
9.217571719147221677e-05
1.577824593813395560e-04
1.726093371303030039e-04
1.008774281208460829e-04
2.079488122400398574e-07
-3.198018318748635459e-05
4.259367149112990876e-05
1.638395121718414925e-04
2.317742712670720583e-04
1.987705253347846212e-04
1.034610598415750454e-04
2.052110026336749596e-05
-1.563019009640817284e-05
-3.764613420787132284e-05
-1.032253636700404542e-04
-2.314299864383322861e-04
-3.790241494772767969e-04
-4.761933568065215838e-04
-4.877127020490813129e-04
-4.478666056948493084e-04
-4.434017201715106482e-04
-5.604399044974108131e-04
-8.346301710553966774e-04
-1.235958948777745063e-03
-1.692592416893906691e-03
-2.133817216188545890e-03
-2.525028225526582126e-03
-2.877708905485303146e-03
-3.234300984065642624e-03
-3.640652316597245246e-03
-4.121868160444005190e-03
-4.672090699534313558e-03
-5.260002401443540469e-03
-5.844681665007181275e-03
-6.393452264652920228e-03
-6.894491623876023746e-03
-7.360474020409306720e-03
-7.823386215575343916e-03
-8.323433038775494841e-03
-8.896114569315508036e-03
-9.561289097269250539e-03
-1.031687427168285001e-02
-1.113834576183565100e-02
-1.198377458533702797e-02
-1.280301400937066195e-02
-1.354888018704662918e-02
-1.418778880590002185e-02
-1.470734112131846100e-02
-1.511884473546132659e-02
-1.545373766737637850e-02
-1.575430072473420207e-02
-1.606067575605773373e-02
-1.639765071472040064e-02
-1.676538785653415228e-02
-1.713774731978840588e-02
-1.746985777010059623e-02
-1.771340113231721289e-02
-1.783465927461442418e-02
-1.782817397234347581e-02
-1.771935202835459022e-02
-1.755317195844420183e-02
-1.737245438227250430e-02
-1.719534842769175967e-02
-1.700420951689469995e-02
-1.675419251205760574e-02
-1.639993291838700087e-02
-1.592701659817633356e-02
-1.536874437438376026e-02
-1.479400306867646210e-02
-1.426872216429421469e-02
-1.381271873119918440e-02
-1.338190701681561505e-02
-1.289323099427775766e-02
-1.228043658151476737e-02
-1.154239248557836599e-02
-1.074510040628905323e-02
-9.970786809502538497e-03
-9.251784111529182467e-03
-8.545725212659541561e-03
-7.778804728912152265e-03
-6.923839109780648322e-03
-6.042143061516976228e-03
-5.244469698223492779e-03
-4.600984617157466428e-03
-4.084299622727000610e-03
-3.603321426659316859e-03
-3.096205532524645351e-03
-2.587073464843474106e-03
-2.146160612738114409e-03
-1.797593689987174491e-03
-1.480883793250235576e-03
-1.116219203293648951e-03
-7.046946364829820546e-04
-3.471887148626017416e-04
-1.512483895839791305e-04
-1.225470202568478256e-04
-1.595342722249573327e-04
-1.567471072505203090e-04
-1.017628169809562674e-04
-6.182602192298812440e-05
-8.469133343495753433e-05
-1.337546407455035102e-04
-1.314886578940364210e-04
-5.621434820804979048e-05
2.319693372294687772e-05
1.645908881475377882e-05
-9.118161047682738082e-05
-2.188793395675980012e-04
-2.659528489158916476e-04
-2.026457396750083316e-04
-8.652643868417719147e-05
3.054168262509138991e-06
4.033515207300718768e-05
6.621856752313975188e-05
1.352237763158056284e-04
2.547043863455597849e-04
3.745910232456714116e-04
4.336463571978969541e-04
4.180624631445036747e-04
3.822977254984736640e-04
4.174643302056262289e-04
5.940079346098273757e-04
9.205256748883720213e-04
1.343750505637661191e-03
1.784334008452402890e-03
2.182108996109335952e-03
2.523933475086930639e-03
2.842313017570396918e-03
3.191064247517480003e-03
3.614626310676678517e-03
4.126985773357309296e-03
4.708021066630553239e-03
5.315492658416114818e-03
5.904678442996925611e-03
6.446437144789479191e-03
6.937208080536519557e-03
7.398816585733334131e-03
7.869834101614155489e-03
8.392474111917793203e-03
8.999431091756316531e-03
9.704179346659180805e-03
1.049673549486634071e-02
1.134532928531072418e-02
1.220315262406993818e-02
1.301847211693685398e-02
1.374587693739432598e-02
1.435625128345315200e-02
1.484321179029149916e-02
1.522428544319717227e-02
1.553607139380772453e-02
1.582399518010415770e-02
1.612882710095781338e-02
1.647350206001284290e-02
1.685440888913370891e-02
1.724070047660047900e-02
1.758307958810174931e-02
1.783024921351858069e-02
1.794776236537067027e-02
1.793185886583338259e-02
1.781151184952067118e-02
1.763597183623383594e-02
1.745165248473210667e-02
1.727853326085763280e-02
1.709869726397580600e-02
1.686544423816179611e-02
1.653101498248311582e-02
1.607896648274910814e-02
1.554110659118128866e-02
1.498472142805816823e-02
1.447320145863248940e-02
1.402285457322250371e-02
1.358643753802921128e-02
1.308019382371072327e-02
1.244091827909616678e-02
1.167327378166174538e-02
1.084862049115797172e-02
1.005095528060208354e-02
9.310515794861183927e-03
8.582423017501113888e-03
7.794466461254435583e-03
6.926279946417293089e-03
6.046751122697991906e-03
5.267963982784307567e-03
4.652012956493953126e-03
4.158417890471956778e-03
3.686549976115410625e-03
3.173534123098851415e-03
2.647995390600910767e-03
2.183633016566081334e-03
1.805257741437338390e-03
1.455769499830258549e-03
1.066495985386572672e-03
6.527681944147102101e-04
3.199296769978498623e-04
1.622594226814933415e-04
1.621628986455437313e-04
2.029903635079240718e-04
1.834007339832364797e-04
1.072781553735498806e-04
5.349455740047901056e-05
6.847881389670317062e-05
1.093072023804594119e-04
9.987169089376687263e-05
2.867656528398497011e-05
-2.898711058748676465e-05
8.593109159138090746e-06
1.367184313677287291e-04
2.606578439528983650e-04
2.835377776657423414e-04
1.929185485234458878e-04
6.167340792615396002e-05
-2.879244286360300274e-05
-6.116246949211716160e-05
-8.354185019130752458e-05
-1.486444346058904962e-04
-2.565804153488780801e-04
-3.549185280164840711e-04
-3.911776516186386441e-04
-3.671631143219489832e-04
-3.483623957180558266e-04
-4.230364717373649979e-04
-6.449600976406244046e-04
-1.001489968013435840e-03
-1.425488678847527165e-03
-1.838214659649270227e-03
-2.193290881197100181e-03
-2.496678761187511031e-03
-2.795945176657290126e-03
-3.149952923361252176e-03
-3.597743917058864212e-03
-4.141628628593153720e-03
-4.749477290738522879e-03
-5.371546077762421115e-03
-5.962143861338175740e-03
-6.496792142398516087e-03
-6.979418268639905713e-03
-7.438909274507702653e-03
-7.918001253359273697e-03
-8.459122055039540108e-03
-9.091607451607752743e-03
-9.823380088894799120e-03
-1.063848710771987324e-02
-1.150037988048368751e-02
-1.235972892373586943e-02
-1.316490913916292319e-02
-1.387297408214054409e-02
-1.445888516310455188e-02
-1.492096826304797029e-02
-1.528110016413997130e-02
-1.557905172232737154e-02
-1.586172056067997049e-02
-1.616948945670358337e-02
-1.652325759713702685e-02
-1.691627128885615089e-02
-1.731421125295684246e-02
-1.766484262857092452e-02
-1.791522194564770104e-02
-1.803098701767272966e-02
-1.801015279367408281e-02
-1.788459072469980593e-02
-1.770661306250170819e-02
-1.752481925934842866e-02
-1.735978172633389008e-02
-1.719250646353413792e-02
-1.697415295393453830e-02
-1.665473394774557789e-02
-1.621627472856542254e-02
-1.568985546955688551e-02
-1.514222231306669095e-02
-1.463560198612941059e-02
-1.418432448921633747e-02
-1.373925250177895040e-02
-1.321637570061416286e-02
-1.255485404754238220e-02
-1.176359759187344672e-02
-1.091776133814817938e-02
-1.010245861547383675e-02
-9.346366642764388638e-03
-8.603088268436736435e-03
-7.802180600888854005e-03
-6.928677741614908646e-03
-6.056579381073422252e-03
-5.297372279685628668e-03
-4.705015631668752786e-03
-4.227690609344747497e-03
-3.757547529052973276e-03
-3.232446721922761085e-03
-2.686826882953474022e-03
-2.199442909517288543e-03
-1.797411180554228530e-03
-1.426831256627090171e-03
-1.026462542428856943e-03
-6.196256266650924894e-04
-3.113072413790236815e-04
-1.829724778036638446e-04
-1.994587047530625083e-04
-2.356822436816573155e-04
-1.973554099749413892e-04
-1.029747585788855593e-04
-3.983993420699637091e-05
-5.162838007693464786e-05
-8.941975877664719177e-05
-7.801871580188493918e-05
-1.342683288673341618e-05
2.548403266908223769e-05
-3.475375448708067206e-05
-1.742212163252750330e-04
-2.894078488400885938e-04
-2.893044693215314467e-04
-1.767457294000493277e-04
-3.627915083964132416e-05
5.063499626887933469e-05
7.473973873175140665e-05
9.056903267072295856e-05
1.500365091723970194e-04
2.485877979729837891e-04
3.330300670926371657e-04
3.578002004093443081e-04
3.351174332772548507e-04
3.358134061591489211e-04
4.427601182686392357e-04
6.954754455241489094e-04
1.066245150491791508e-03
1.480686014718115119e-03
1.864438216630048047e-03
2.184344691687363157e-03
2.461383527775716507e-03
2.752922169619123963e-03
3.118879572022133402e-03
3.591576840420974536e-03
4.162945659836990962e-03
4.791631927972916580e-03
5.423170669437356838e-03
6.012536758862012040e-03
6.539966999035347860e-03
7.015622153128816922e-03
7.473606058423992032e-03
7.959186077547485832e-03
8.514175827528787377e-03
9.164762997004008774e-03
9.914443293745633934e-03
1.074295469918336472e-02
1.161068656615131187e-02
1.246712418838675021e-02
1.326141552311406804e-02
1.395297149049798749e-02
1.452003631860399394e-02
1.496438850563012839e-02
1.531083703072011123e-02
1.560105402510767597e-02
1.588253933011158497e-02
1.619497155002097219e-02
1.655747700240546919e-02
1.696089909008840352e-02
1.736845256051134517e-02
1.772596487372996715e-02
1.797956771526862396e-02
1.809522645791045853e-02
1.807242657974021671e-02
1.794517795592233053e-02
1.776787107021695136e-02
1.759038209555133236e-02
1.743330061813117351e-02
1.727643702374662832e-02
1.706910060235746970e-02
1.675960125193008340e-02
1.632900934642720139e-02
1.580822580945425923e-02
1.526402927234749886e-02
1.475816905395110380e-02
1.430376183129044437e-02
1.385036530603602628e-02
1.331376100717243660e-02
1.263478037174228623e-02
1.182538963353478405e-02
1.096349930161269991e-02
1.013508262303727987e-02
9.367836353426840790e-03
8.614543862154768264e-03
7.806345533190615048e-03
6.932221933225665711e-03
6.069322019646270980e-03
5.327512811501827934e-03
4.753471616010327382e-03
4.286324119187996488e-03
3.813272360864140582e-03
3.274083707703598529e-03
2.709242178679907836e-03
2.202679659066032140e-03
1.783907112037074654e-03
1.401171777510404250e-03
9.975888229920265148e-04
6.005080320071885976e-04
3.126561080728029003e-04
2.049404579879187749e-04
2.298399996969432209e-04
2.581392014117699692e-04
2.029981705387199969e-04
9.465140448327799289e-05
2.597373033003097233e-05
3.735910478339780520e-05
7.477872591482252328e-05
6.376654937277842841e-05
5.834110908981139379e-06
-1.825122195252434459e-05
5.786275385665462062e-05
2.028375384461837000e-04
3.079020252000734537e-04
2.882997492664129643e-04
1.594151417652008604e-04
1.425962601576758703e-05
-6.687697129723227483e-05
-8.197319149389170308e-05
-9.103253227452006509e-05
-1.456346059115323007e-04
-2.379700214519905204e-04
-3.144705369024281319e-04
-3.344671698068633079e-04
-3.168589097026071832e-04
-3.347745226337200237e-04
-4.655965036575507028e-04
-7.378551394858685365e-04
-1.113702900266330502e-03
-1.515460072641998477e-03
-1.874150749263542477e-03
-2.167652241809806500e-03
-2.427955531778641391e-03
-2.718434138647052647e-03
-3.098062658586003826e-03
-3.592728717889961780e-03
-4.185975496461934696e-03
-4.829749533253131256e-03
-5.466797146967699965e-03
-6.053459420751984219e-03
-6.574137687641177369e-03
-7.043884665191156753e-03
-7.500546224632271414e-03
-7.990890335610090559e-03
-8.555850721649022050e-03
-9.218983812179984763e-03
-9.980431060118770750e-03
-1.081689540373136256e-02
-1.168682079377757199e-02
-1.253919769188359401e-02
-1.332408259503503611e-02
-1.400284109436660852e-02
-1.455619327234989116e-02
-1.498836323500976793e-02
-1.532610818933036884e-02
-1.561223688818475820e-02
-1.589444154477098053e-02
-1.621169624268266329e-02
-1.658173155724350367e-02
-1.699363161357365232e-02
-1.740888658967070998e-02
-1.777203297031387449e-02
-1.802865725347345752e-02
-1.814505927386813808e-02
-1.812182675440105611e-02
-1.799447673226063638e-02
-1.781878451021878806e-02
-1.764537310500825448e-02
-1.749464990168218478e-02
-1.734540033409513043e-02
-1.714552063713462027e-02
-1.684213111554823047e-02
-1.641576722818032658e-02
-1.589742732606245351e-02
-1.535414289481689190e-02
-1.484748140654536946e-02
-1.438974246385734367e-02
-1.392950729885104356e-02
-1.338232853022708856e-02
-1.269017869022687553e-02
-1.186721546021352394e-02
-1.099338619576372203e-02
-1.015539422260749655e-02
-9.380392556538724377e-03
-8.620755734687821775e-03
-7.808868212832002081e-03
-6.936424825623771669e-03
-6.082366980807677771e-03
-5.354637718222415334e-03
-4.793938000582437069e-03
-4.332581214586136466e-03
-3.854606428387718532e-03
-3.302126593872733388e-03
-2.721089516436228737e-03
-2.199934902055723264e-03
-1.770097058438685087e-03
-1.380986807518305541e-03
-9.780162108372881212e-04
-5.903432416023632334e-04
-3.180818749942668808e-04
-2.241595858769349721e-04
-2.527133977029775969e-04
-2.728099335161294115e-04
-2.041527208507864035e-04
-8.579270923432619710e-05
-1.410758332346292976e-05
-2.637415357504233691e-05
-6.454543080848807173e-05
-5.477599846465306906e-05
-2.552412725805781392e-06
1.043429713019588712e-05
-7.645816155739639983e-05
-2.236169062425114485e-04
-3.192665942852822422e-04
-2.843109825080439648e-04
-1.438779518517261736e-04
3.120020637977553938e-06
7.807163605488625594e-05
8.501476284828933495e-05
8.833518638814813440e-05
1.394444884266039732e-04
2.281407422576516312e-04
3.005128750179993677e-04
3.191681957549632825e-04
3.072266180348336671e-04
3.386426491315442538e-04
4.861772285619760580e-04
7.703770656538183603e-04
1.146774406488049527e-03
1.536474872943992829e-03
1.875487647846451516e-03
2.150198240843244086e-03
2.400343551540910260e-03
2.692847690993405672e-03
3.085028137046848772e-03
3.597363189707239624e-03
4.207022405283180645e-03
4.861256573202781678e-03
5.501233434194631976e-03
6.084777056468993958e-03
6.599660090705553560e-03
7.064605599325017408e-03
7.520085988402158000e-03
8.013749914044918446e-03
8.585675633641235913e-03
9.257372895181482583e-03
1.002653400857967704e-02
1.086776042817784449e-02
1.173825928471801221e-02
1.258685292605396348e-02
1.336441021871545738e-02
1.403379437619296961e-02
1.457751565471085767e-02
1.500149197523412310e-02
1.533376662927790970e-02
1.561783338400454454e-02
1.590140462499602114e-02
1.622286720738681451e-02
1.659891600031916659e-02
1.701738448664326039e-02
1.743857057824345705e-02
1.780614382880393518e-02
1.806535200998166113e-02
1.818276228459763874e-02
1.815974417223244555e-02
1.803284870697906619e-02
1.785876736354328337e-02
1.768856882982815931e-02
1.754244982132074915e-02
1.739841411340877289e-02
1.720334878914760168e-02
1.690358111293569984e-02
1.647936765741032233e-02
1.596189991033609284e-02
1.541849900364402476e-02
1.491066641253168887e-02
1.445012337833829347e-02
1.398471003825140814e-02
1.342975139179875509e-02
1.272798469136065397e-02
1.189512331737100498e-02
1.101261335318565356e-02
1.016777394260951796e-02
9.387492970476475976e-03
8.623957855026252728e-03
7.810455221013346515e-03
6.940468212721513999e-03
6.093887007366381899e-03
5.376857107002730105e-03
4.825483377719527733e-03
4.367175969236506208e-03
3.884039930271303287e-03
3.320437432340982761e-03
2.726799085690047742e-03
2.195138542270074888e-03
1.758275908245266438e-03
1.366133383901818165e-03
9.652084857187361250e-04
5.853299307326222589e-04
3.243054556017256639e-04
2.393481635525642457e-04
2.691093475589588415e-04
2.821400953649075998e-04
2.033314200225533135e-04
7.805845204351646014e-05
4.842872184903044419e-06
1.836724204367531674e-05
5.760395035100086082e-05
4.921231100262341674e-05
1.469909936545835169e-06
-3.535907827766514857e-06
9.051068142072969658e-05
2.381826923490943466e-04
3.260543693514695402e-04
2.796522143607885311e-04
1.313195464321407948e-04
-1.603024323106279740e-05
-8.546720759670416363e-05
-8.578379984504746895e-05
-8.469411382269867493e-05
-1.335041469308789503e-04
-2.202477860027878063e-04
-2.906674243542102867e-04
-3.094918260325030409e-04
-3.024864221812154736e-04
-3.437863047250398567e-04
-5.026220148514710592e-04
-7.939647026752404526e-04
-1.169095083683382693e-03
-1.548875039602217027e-03
-1.873359507043550381e-03
-2.135149168044978354e-03
-2.379274351173835469e-03
-2.674719338307224997e-03
-3.077125084242646278e-03
-3.602783067428771361e-03
-4.224238057005292798e-03
-4.885531238014288215e-03
-5.526956518215286190e-03
-6.107640033903588388e-03
-6.617910635527992497e-03
-7.079140446733802119e-03
-7.533609982033536226e-03
-8.029487277896390010e-03
-8.606143751239296591e-03
-9.283583208112861779e-03
-1.005776814581141321e-02
-1.090187013402714108e-02
-1.177230876431549500e-02
-1.261787633720116465e-02
-1.339008138427777959e-02
-1.405287249458728009e-02
-1.459001051964382151e-02
-1.500856239899345246e-02
-1.533741400777974967e-02
-1.562047607000112415e-02
-1.590542237099483447e-02
-1.623019576384372373e-02
-1.661075649418003800e-02
-1.703407347391182672e-02
-1.745963374290403561e-02
-1.783052635566185345e-02
-1.809178087532316639e-02
-1.821015545215249470e-02
-1.818755233766199131e-02
-1.806121517830877252e-02
-1.788843545782418942e-02
-1.772055241408328208e-02
-1.757758502736462766e-02
-1.743698049663361394e-02
-1.724493624035085618e-02
-1.694726610985182111e-02
-1.652408991996379140e-02
-1.600679588285446042e-02
-1.546295703803365028e-02
-1.495405311557924596e-02
-1.449139538950568878e-02
-1.402227525772972543e-02
-1.346181685742860699e-02
-1.275325793673764627e-02
-1.191339091763839696e-02
-1.102473803306553042e-02
-1.017511311572583295e-02
-9.391299705490368036e-03
-8.625414576070118342e-03
-7.811367650927370648e-03
-6.943784800701882122e-03
-6.103022289207042476e-03
-5.393748618197490886e-03
-4.848713727182487991e-03
-4.391920598013578439e-03
-3.904318513958571820e-03
-3.332142539628214252e-03
-2.729242935678598617e-03
-2.190295472401226299e-03
-1.749073432858941476e-03
-1.355661778899416295e-03
-9.569977030401166955e-04
-5.830472340816820467e-04
-3.298126220051623481e-04
-2.505738571482834230e-04
-2.804480083728006987e-04
-2.879910519203666345e-04
-2.019271506201152501e-04
-7.200369987177591166e-05
1.959188721442146409e-06
-1.274889902910214434e-05
-5.299165548065470037e-05
-4.580860815146854144e-05
-1.375608208703263642e-06
-1.913660746865151939e-06
-1.006205838307308668e-04
-2.481028791893177474e-04
-3.300513950247485227e-04
-2.754883229813922304e-04
-1.218789828806274604e-04
2.520579263136542631e-05
9.024966710963529682e-05
8.556139726048704163e-05
8.126965179823670540e-05
1.286181998773447584e-04
2.143812695101718357e-04
2.839872141295518484e-04
3.035001114985352356e-04
3.003226319507812576e-04
3.485228175744538651e-04
5.148012879656852121e-04
8.103620023739072954e-04
1.183794896456215199e-03
1.556097332160214040e-03
1.870344025347438687e-03
2.123481229683965403e-03
2.364068244584343649e-03
2.662277502276724772e-03
3.072355770026749533e-03
3.607552045139077786e-03
4.237186609053630870e-03
4.903154768306474710e-03
5.545266643173448612e-03
6.123659935120055221e-03
6.630496029140744985e-03
7.088988284648651932e-03
7.542635547515466783e-03
8.039917516510378462e-03
8.619678988836703901e-03
9.300869999494514734e-03
1.007827315467083908e-02
1.092410872579453567e-02
1.179429681668283172e-02
1.263764741583794059e-02
1.340613260589916533e-02
1.406445090807356864e-02
1.459720725692717491e-02
1.501222898754324235e-02
1.533894623736395922e-02
1.562152463567146113e-02
1.590758981695646404e-02
1.623477150972825467e-02
1.661853057485559310e-02
1.704525710959338067e-02
1.747390017505086324e-02
1.784716633733508806e-02
1.810994293684078937e-02
1.822911493649624626e-02
1.820693406717129384e-02
1.808109478233362738e-02
1.790927367428625516e-02
1.774297419213680463e-02
1.760208336257459288e-02
1.746367116941871522e-02
1.727348042739193512e-02
1.697700091792495383e-02
1.655429018467857380e-02
1.603690026506843572e-02
1.549259863796807052e-02
1.498286159470782301e-02
1.451871862860456067e-02
1.404707131091218267e-02
1.348288165488344299e-02
1.276970274892863348e-02
1.192504879882902782e-02
1.103218584453286716e-02
1.017930229941558552e-02
9.393162342081642566e-03
8.625872680758303601e-03
7.811761357412397820e-03
6.946167127102270168e-03
6.109655648691752518e-03
5.405783359279992852e-03
4.864961678032058562e-03
4.408900483510887897e-03
3.917862071509178173e-03
3.339493082186964935e-03
2.730099167929358073e-03
2.186246124197205667e-03
1.742353461096323537e-03
1.348519528077575655e-03
9.518091879611810914e-04
5.821053489660886352e-04
3.340952163735195980e-04
2.584446845481051932e-04
2.880428376474668153e-04
2.916258779083785897e-04
2.005942539843004262e-04
6.761412173991760571e-05
-6.710875481510875940e-06
8.934390134238284301e-06
4.998526291039191298e-05
4.374550703996330821e-05
1.635957963287125073e-06
5.895475049540444443e-06
1.075794431937268295e-04
2.546719791356092766e-04
3.323957948874676203e-04
2.722497024576224674e-04
1.151877904579003543e-04
-3.148613459612115080e-05
-9.331107657458379294e-05
-8.505505228889697191e-05
-7.852647394940844656e-05
-1.249485183762457882e-04
-2.102418880159461856e-04
-2.795823126406967048e-04
-2.998471262260186824e-04
-2.994282939185186130e-04
-3.522566039184236346e-04
-5.233107554431811305e-04
-8.213336224207991917e-04
-1.193243289919484551e-03
-1.560268800401013985e-03
-1.867596902706547329e-03
-2.115088617134919333e-03
-2.353593998399523390e-03
-2.653971477127918099e-03
-3.069435497143117170e-03
-3.611143512676825724e-03
-4.246255078451628001e-03
-4.915265380536308452e-03
-5.557710619571844778e-03
-6.134446209630029477e-03
-6.638878983367292944e-03
-7.095451653642671254e-03
-7.548462370619866968e-03
-8.046582109325921620e-03
-8.628294472649383068e-03
-9.311848587211599831e-03
-1.009125360551760796e-02
-1.093811574790779124e-02
-1.180804270707572906e-02
-1.264987107086233513e-02
-1.341588695926286372e-02
-1.407128304333071789e-02
-1.460121227969727285e-02
-1.501398933512450469e-02
-1.533938755536836014e-02
-1.562172732061683014e-02
-1.590859451422944881e-02
-1.623741108855371318e-02
-1.662331352905735762e-02
-1.705231929569460056e-02
-1.748303268805679114e-02
-1.785791556416494938e-02
-1.812176370095336733e-02
-1.824154119504435914e-02
-1.821971948939117222e-02
-1.809427566499936454e-02
-1.792312541429407630e-02
-1.775786942529414617e-02
-1.761830354435920884e-02
-1.748125287110944073e-02
-1.729217125761159726e-02
-1.699634984316388681e-02
-1.657382125339538353e-02
-1.605626029086623663e-02
-1.551157443908121256e-02
-1.500124532460474051e-02
-1.453611823702245440e-02
-1.406283111224178144e-02
-1.349622372610739633e-02
-1.278003689245820265e-02
-1.193224489334950185e-02
-1.103660370322188944e-02
-1.018156869610841245e-02
-9.393924239593396883e-03
-8.625796821278033238e-03
-7.811789233692696677e-03
-6.947674913432899668e-03
-6.114102162215788276e-03
-5.413846782501802873e-03
-4.875762178508383921e-03
-4.420065645393065311e-03
-3.926608682268505415e-03
-3.344018317941665434e-03
-2.730267681138415399e-03
-2.183207887837205607e-03
-1.737695821286871231e-03
-1.343799814479436708e-03
-9.485803703631188371e-04
-5.817693878046898293e-04
-3.371466701981709678e-04
-2.637027400790713672e-04
-2.929607690146292524e-04
-2.938575747138452688e-04
-1.995667038438466020e-04
-6.463013064641187080e-05
9.877943322558755589e-06
-6.432150600431467110e-06
-4.807060670305627562e-05
-4.251047709044350427e-05
-1.955290451791280738e-06
-8.620628675964467328e-06
-1.121602288336377452e-04
-2.588861488969150895e-04
-3.337712854726921025e-04
-2.699649553944754796e-04
-1.106957387457487609e-04
3.562636035094975042e-05
9.525521215399866898e-05
8.458523058443295360e-05
7.654495489373247638e-05
1.223717070808818532e-04
2.074445910619052179e-04
2.767561266494516863e-04
2.976577940954363254e-04
2.991161562649065461e-04
3.549265063262715828e-04
5.289515693005926141e-04
8.283875272911027984e-04
1.199141381436051286e-03
1.562653584825374762e-03
1.865503486146031327e-03
2.109422593666471137e-03
2.346700063330319462e-03
2.648590797037547653e-03
3.067609497736566593e-03
3.613552371769716484e-03
4.252192660267150974e-03
4.923139620829185790e-03
5.565768656337743286e-03
6.141405482742572433e-03
6.644257788463511262e-03
7.099552553976696406e-03
7.552094504566839346e-03
8.050673980632860882e-03
8.633545287162770407e-03
9.318516382080059210e-03
1.009911273378104150e-02
1.094655976587457710e-02
1.181627498133495588e-02
1.265711674758854439e-02
1.342157077760822159e-02
1.407513889555846512e-02
1.460331375696581266e-02
1.501470955042745296e-02
1.533930833585376088e-02
1.562152234317952179e-02
1.590890996539631730e-02
1.623876347463827294e-02
1.662601938800726403e-02
1.705646662042308720e-02
1.748849844698600192e-02
1.786442674568184188e-02
1.812899027845705363e-02
1.824919948789951313e-02
1.822765701677239725e-02
1.810250864326246045e-02
1.793181149472924604e-02
1.776722084158063181e-02
1.762847259104213110e-02
1.749223967731763571e-02
1.730379976932381811e-02
1.700832686634701219e-02
1.658584649877625425e-02
1.606811912232427794e-02
1.552314807134359646e-02
1.501242463532509279e-02
1.454668121009723356e-02
1.407238702028944938e-02
1.350429486977560226e-02
1.278624858637508223e-02
1.193649838131093273e-02
1.103910486468952061e-02
1.018270222106761221e-02
9.394108693186943582e-03
8.625482416173816183e-03
7.811603143802020068e-03
6.948502408223481558e-03
6.116853929206327554e-03
5.418919540079507498e-03
4.882563531064883396e-03
4.427068462224731729e-03
3.932038193752759175e-03
3.346731071166408628e-03
2.730190746135873966e-03
2.181104693701671742e-03
1.734624607182953370e-03
1.340790289593222790e-03
9.466148537755636212e-04
5.816800948311976914e-04
3.391695816042180245e-04
2.670442796486057315e-04
2.960210748857694508e-04
2.952006580139283042e-04
1.988695458600951173e-04
6.272276013872956247e-05
-1.188668461768353573e-05
4.855284944538897116e-06
4.688882076712127601e-05
4.178642575143190821e-05
2.219393601251843498e-06
1.037276271551986857e-05
1.150312959614778225e-04
2.614866475939946612e-04
3.345758007744620267e-04
2.684811968558797348e-04
1.078427631805053662e-04
-3.824342533671764194e-05
-9.647304620111978957e-05
-8.425379455938380405e-05
-7.522727032503002346e-05
-1.206667932105675954e-04
-2.056339487157805379e-04
-2.750003322189954399e-04
-2.963777598866930776e-04
-2.990471267468171822e-04
-3.566942271674816678e-04
-5.324953415465058298e-04
-8.327195386504691660e-04
-1.202685944899806398e-03
-1.563991464117102208e-03
-1.864080258635062749e-03
-2.105824880028652445e-03
-2.342381311597383897e-03
-2.645231902529456176e-03
-3.066453391047900892e-03
-3.615006633791334554e-03
-4.255819287087225615e-03
-4.927962074052342524e-03
-5.570712890379941017e-03
-6.145682194777546924e-03
-6.647561978289569760e-03
-7.102053360690467609e-03
-7.554268055640030177e-03
-8.053070951078928133e-03
-8.636582172507061006e-03
-9.322349115032645475e-03
-1.010361164838584173e-02
-1.095137107241931501e-02
-1.182093394257300277e-02
-1.266117287361147835e-02
-1.342469213692080304e-02
-1.407717563603832350e-02
-1.460431491546112723e-02
-1.501489850284252331e-02
-1.533902906908735965e-02
-1.562117114024103894e-02
-1.590886625488245956e-02
-1.623933106337788895e-02
-1.662738632768646918e-02
-1.705868907799345732e-02
-1.749151089681906870e-02
-1.786807692029202671e-02
-1.813309223470633419e-02
-1.825359250189171820e-02
-1.823225378148228201e-02
-1.810731624906830248e-02
-1.793691525059003949e-02
-1.777273402640588626e-02
-1.763447070616495221e-02
-1.749870821933303955e-02
-1.731062215200339025e-02
-1.701532098097548532e-02
-1.659283095702861893e-02
-1.607496891255284777e-02
-1.552980093231050296e-02
-1.501882940811811312e-02
-1.455272287805578317e-02
-1.407784915782752354e-02
-1.350890250569002256e-02
-1.278977678598161409e-02
-1.193887537979536340e-02
-1.104043561365807002e-02
-1.018320373353895879e-02
-9.394031854683133897e-03
-8.625110947152798968e-03
-7.811331852900514454e-03
-6.948874176304772714e-03
-6.118414466734770595e-03
-5.421897491941802573e-03
-4.886593099008552064e-03
-4.431225309703307712e-03
-3.935248715207235147e-03
-3.348297887880062086e-03
-2.730063071378120449e-03
-2.179749666342142844e-03
-1.732704799436920583e-03
-1.338953413777259783e-03
-9.454575727216900849e-04
-5.816765174164478412e-04
-3.404215154199744268e-04
-2.690524467492483112e-04
-2.978341478493491050e-04
-2.959827608461041912e-04
-1.984427027530212843e-04
-6.158028777618386744e-05
1.309087990140070687e-05
-3.909346991214366979e-06
-4.618988179124175784e-05
-4.137607070466861283e-05
-2.401939899978586300e-06
-1.142743592990127636e-05
-1.167310526304002458e-04
-2.630146597518531379e-04
-3.350397785230234751e-04
-2.675923435091546424e-04
-1.061384560863117221e-04
3.981683656939925033e-05
9.721684040113290641e-05
8.405938091719770294e-05
7.441616786765265369e-05
1.196045254375910762e-04
2.045174515771560470e-04
2.739538625086618338e-04
2.956568907548850979e-04
2.990647635979032056e-04
3.577837960152133526e-04
5.345926683168794515e-04
8.352367847816129015e-04
1.204711931841261508e-03
1.564717131807580449e-03
1.863199146479202961e-03
2.103685545683288589e-03
2.339826705030551013e-03
2.643232449970442984e-03
3.065726891304677588e-03
3.615791682401329598e-03
4.257869309403890593e-03
4.930719864433605500e-03
5.573561444821065712e-03
6.148162498048186445e-03
6.649487539513950808e-03
7.103506166526960507e-03
7.555505693995398162e-03
8.054396611517728941e-03
8.638227644579617170e-03
9.324403734224226761e-03
1.010600781176437465e-02
1.095391794375648320e-02
1.182337982104853143e-02
1.266327406779245782e-02
1.342627008773917587e-02
1.407815137953443742e-02
1.460471781325616697e-02
1.501485241707461310e-02
1.533872286341705395e-02
1.562082159125173508e-02
1.590868084853686026e-02
1.623947663450845888e-02
1.662796780538302113e-02
1.705974103087400801e-02
1.749300298388697938e-02
1.786993236031488366e-02
1.813521577148583669e-02
1.825590137332557331e-02
1.823470294090068916e-02
1.810990907319426010e-02
1.793969447492388750e-02
1.777575463907609885e-02
1.763776486379068156e-02
1.750225788315772427e-02
1.731435383675494766e-02
1.701912714536953433e-02
1.659660758827432789e-02
1.607864712341445027e-02
1.553335105004105023e-02
1.502223223101037050e-02
1.455592661810322687e-02
1.408074536928570313e-02
1.351134555577638598e-02
1.279164068745780418e-02
1.194011087666580102e-02
1.104108746180989392e-02
1.018338181290050042e-02
9.393873687127884606e-03
8.624782242956019127e-03
7.811065616338240709e-03
6.948984609767795348e-03
6.119211855477047976e-03
5.423510086890353729e-03
4.888814410340283460e-03
4.433534040416024953e-03
3.937035069281761938e-03
3.349157690518108146e-03
2.729956186474299506e-03
2.178938392502758215e-03
1.731576584904920366e-03
1.337892732033711023e-03
9.448084409152601379e-04
5.816941389709552991e-04
3.411417838916962295e-04
2.701821608399616794e-04
2.988437183193978579e-04
2.964160066806697733e-04
1.982058505253834026e-04
6.094470634832069940e-05
-1.376568201470534419e-05
3.376051609201123598e-06
4.579960062978275317e-05
4.115502080311772743e-05
2.512882999642031875e-06
1.201634259401814998e-05
1.176702446729379194e-04
2.638581068124064202e-04
3.352992335465686431e-04
2.671046123366235142e-04
1.051907828267401181e-04
-4.070610392953784724e-05
-9.765283826056628627e-05
-8.396443959663826341e-05
-7.395574972658210567e-05
-1.189853525556922682e-04
-2.038680392155408153e-04
-2.733632888612286564e-04
-2.952725673943251152e-04
-2.991026900288536465e-04
-3.584068335570132053e-04
-5.357495597742258564e-04
-8.366022091795352221e-04
-1.205795902108504607e-03
-1.565089962618294080e-03
-1.862701277404995919e-03
-2.102506098173886201e-03
-2.338417421891933468e-03
-2.642113382648789578e-03
-3.065285230077817967e-03
-3.616161230995324112e-03
-4.258925931886424140e-03
-4.932172102657939733e-03
-5.575081871935477773e-03
-6.149502562765921804e-03
-6.650538992799431316e-03
-7.104300765691215318e-03
-7.556168418401342478e-03
-8.055079129560908588e-03
-8.639048020322667026e-03
-9.325409492212831039e-03
-1.010716792151246726e-02
-1.095513945594980831e-02
-1.182453914018845829e-02
-1.266425151535533963e-02
-1.342697845787828824e-02
-1.407855300139123321e-02
-1.460482866990927067e-02
-1.501473505234703597e-02
-1.533847164599153393e-02
-1.562054443664036632e-02
-1.590848109924577342e-02
-1.623943795482510333e-02
-1.662814405233836029e-02
-1.706015228355491423e-02
-1.749363817422790526e-02
-1.787075804096633844e-02
-1.813618933624326982e-02
-1.825698564080381961e-02
-1.823587792287578724e-02
-1.811117673142872628e-02
-1.794107396430045034e-02
-1.777726894145184242e-02
-1.763942379658986134e-02
-1.750404523169710874e-02
-1.731622570305145145e-02
-1.702102370080243662e-02
-1.659847293384742947e-02
-1.608044602494376057e-02
-1.553507150326009431e-02
-1.502387079014018585e-02
-1.455746541753490109e-02
-1.408213755894467678e-02
-1.351252215514887542e-02
-1.279253705649753027e-02
-1.194069551237223262e-02
-1.104137347469708215e-02
-1.018341686370832083e-02
-9.393725050416325967e-03
-8.624538324567134623e-03
-7.810853646338420699e-03
-6.948973834655072269e-03
-6.119567218660694821e-03
-5.424300512624708262e-03
-4.889934807339963406e-03
-4.434714495515511626e-03
-3.937955156843842529e-03
-3.349598227994774607e-03
-2.729886261077102156e-03
-2.178491372447693194e-03
-1.730961657056276620e-03
-1.337322488392223094e-03
-9.444682431362030764e-04
-5.817111536166468021e-04
-3.415228068895741730e-04
-2.707680263447737002e-04
-2.993628260314066441e-04
-2.966394199313522953e-04
-1.980877190714206554e-04
-6.062124406774878707e-05
1.411333509900634554e-05
-3.098503791347862825e-06
-4.559778621506524395e-05
-4.104419560638189701e-05
-2.572572036541982436e-06
-1.231649069754927648e-05
-1.181461702045076908e-04
-2.642876738614739307e-04
-3.354370327075198053e-04
-2.668635172357644689e-04
-1.047082419680684805e-04
4.117096564323898206e-05
9.789344641111501623e-05
8.392844581785550561e-05
7.371760756103346479e-05
1.186519445948899093e-04
2.035169493620733782e-04
2.730531646029822753e-04
2.950829124973692284e-04
2.991362930331229711e-04
3.587337348784787306e-04
5.363346189665231826e-04
8.372805665035953698e-04
1.206327373268664552e-03
1.565266676116385154e-03
1.862447092983135878e-03
2.101913344940036128e-03
2.337705441313758358e-03
2.641535591975214051e-03
3.065032677708388192e-03
3.616304148103949984e-03
4.259410241626694280e-03
4.932861353090477186e-03
5.575819080787794077e-03
6.150164970201018114e-03
6.651068152683588426e-03
7.104703794365515614e-03
7.556497294748931552e-03
8.055400406638203031e-03
8.639415038497509983e-03
9.325845101063530082e-03
1.010766036171837842e-02
1.095564949092849537e-02
1.182501386451299298e-02
1.266463966003537715e-02
1.342724297403004828e-02
1.407867847553756317e-02
1.460482298358482464e-02
1.501462614197731152e-02
1.533830102237650379e-02
1.562035931155461403e-02
1.590832672629296715e-02
1.623935136185074984e-02
1.662814991630851696e-02
1.706026135910356303e-02
1.749384839872037897e-02
1.787105809769558643e-02
1.813656398235814413e-02
1.825742153687542890e-02
1.823636824445764096e-02
1.811172282865475963e-02
1.794168305013442086e-02
1.777794824544988786e-02
1.764017337668338445e-02
1.750485282749823443e-02
1.731706671259088115e-02
1.702186718895428927e-02
1.659929124798472516e-02
1.608122290648634350e-02
1.553580358195524001e-02
1.502456083341554074e-02
1.455811110563640098e-02
1.408272328682138620e-02
1.351302012764526474e-02
1.279291770909629818e-02
1.194094038281560619e-02
1.104148205515228555e-02
1.018340493838484385e-02
9.393620625699863544e-03
8.624383376572978752e-03
7.810711136622215840e-03
6.948926964554184155e-03
6.119696412804121605e-03
5.424640634796504095e-03
4.890438976076468339e-03
4.435257308922681448e-03
3.938384139627656294e-03
3.349804434935733325e-03
2.729848207795006459e-03
2.178268965144886452e-03
1.730657204122876616e-03
1.337043384195799956e-03
9.443058518224576149e-04
5.817225443669191750e-04
3.417046423556863491e-04
2.710418056537670841e-04
2.996031926292759854e-04
2.967435994287817048e-04
1.980357841811820365e-04
6.047421848155120743e-05
-1.427390580338517279e-05
2.968609814117514458e-06
4.550371037398688281e-05
4.099382736288364039e-05
2.600407000917507465e-06
1.245246357076213016e-05
1.183616593150639031e-04
2.644845641485395128e-04
3.355048868431472907e-04
2.667593790053892863e-04
1.044888270804922623e-04
-4.139057863645730691e-05
-9.801546105265733153e-05
-8.392077734404950438e-05
-7.360782346072535008e-05
-1.184894398024519000e-04
-2.033442974549526199e-04
-2.729051990085948581e-04
-2.949988474033078266e-04
-2.991590961416233760e-04
-3.588880334849070368e-04
-5.365992473701396885e-04
-8.375808555837313454e-04
-1.206559155086515522e-03
-1.565341315792125130e-03
-1.862332530703378992e-03
-2.101649035162351034e-03
-2.337384934288633948e-03
-2.641267735248387441e-03
-3.064901148775057028e-03
-3.616342463724984014e-03
-4.259599402312792653e-03
-4.933146424980193630e-03
-5.576134394570339894e-03
-6.150456886889615893e-03
-6.651308096603872344e-03
-7.104889664006425014e-03
-7.556645878334304449e-03
-8.055535695879993338e-03
-8.639557280905010156e-03
-9.326003826905945870e-03
-1.010783249066341330e-02
-1.095582180318768230e-02
-1.182516806082244132e-02
-1.266475799851163840e-02
-1.342731286221513637e-02
-1.407869510450679776e-02
-1.460478982456946476e-02
-1.501455368100083725e-02
-1.533820439711651960e-02
-1.562025555248382214e-02
-1.590823217323465363e-02
-1.623927963169027877e-02
-1.662811062124065417e-02
-1.706025965428226154e-02
-1.749388535805906572e-02
-1.787113183012394371e-02
-1.813667126602404311e-02
-1.825755956908364092e-02
-1.823653595051987625e-02
-1.811192116321099638e-02
-1.794191397056133994e-02
-1.777821255070148598e-02
-1.764046823091378058e-02
-1.750517021019366501e-02
-1.731739391022787955e-02
-1.702218961781497980e-02
-1.659959662871303074e-02
-1.608150476720393574e-02
-1.553606202426566218e-02
-1.502479979242545526e-02
-1.455833342986488470e-02
-1.408292653805394597e-02
-1.351319577350741132e-02
-1.279305421511189519e-02
-1.194102807861914355e-02
-1.104151673161006195e-02
-1.018338889256776257e-02
-9.393562729819367532e-03
-8.624300547060920544e-03
-7.810630689456546372e-03
-6.948885180990500496e-03
-6.119728358959468546e-03
-5.424762583454259372e-03
-4.890633572024195505e-03
-4.435474125570055236e-03
-3.938559523935689435e-03
-3.349890180768897146e-03
-2.729831364860480641e-03
-2.178172291943955910e-03
-1.730524657819710157e-03
-1.336923077146174059e-03
-9.442377357683720161e-04
-5.817288109057652768e-04
-3.417805502280641988e-04
-2.711531525101317994e-04
-2.996996968327389770e-04
-2.967856818970582809e-04
-1.980162867729256333e-04
-6.041675812938886251e-05
1.433777870056986470e-05
-2.916165492889331971e-06
-4.546576272224927016e-05
-4.097377898924909175e-05
-2.610998309306764603e-06
-1.250480700659368233e-05
-1.184453637206275318e-04
-2.645628821475753977e-04
-3.355349711682176933e-04
-2.667222198865340011e-04
-1.044032103640350935e-04
4.148114526451776568e-05
9.807045975564569198e-05
8.392295200597634397e-05
7.356438473788136736e-05
1.184200562534181507e-04
2.032695673242524445e-04
2.728432335507946873e-04
2.949667703155047101e-04
2.991718321367321191e-04
3.589514421303974375e-04
5.367022944826500830e-04
8.376944407972370830e-04
1.206645138178293790e-03
1.565368081523134305e-03
1.862288852135210188e-03
2.101548986163675851e-03
2.337261829499376505e-03
2.641160777666370137e-03
3.064841388808542226e-03
3.616343865408704495e-03
4.259657522009000288e-03
4.933243588562221879e-03
5.576248008490118126e-03
6.150567208375503497e-03
6.651402973630515456e-03
7.104965516349895545e-03
7.556705683738196636e-03
8.055585515118830059e-03
8.639602869407052993e-03
9.326048383891789861e-03
1.010787592213635913e-02
1.095586129652786726e-02
1.182519943357134180e-02
1.266477721350579323e-02
1.342731723038658592e-02
1.407868392388841698e-02
1.460476443262038668e-02
1.501451706130610061e-02
1.533816055385856317e-02
1.562020885523690561e-02
1.590818681191217068e-02
1.623923924522378132e-02
1.662807810445961557e-02
1.706023711881583804e-02
1.749387421890225697e-02
1.787113299061724239e-02
1.813668536144499160e-02
1.825758719696430818e-02
1.823657778020782577e-02
1.811197781193133599e-02
1.794198559238896137e-02
1.777829821634946406e-02
1.764056533973136845e-02
1.750527428290456905e-02
1.731749906104503717e-02
1.702228975136826916e-02
1.659968702057829093e-02
1.608158336220025936e-02
1.553612975906852253e-02
1.502485963608681148e-02
1.455838849944906047e-02
1.408297820602059415e-02
1.351324273608061136e-02
1.279309293438134730e-02
1.194105420916853448e-02
1.104152670936721023e-02
1.018338114088512304e-02
9.393538589874307274e-03
8.624265258576097049e-03
7.810594068852217027e-03
6.948860662627010833e-03
6.119729142264418963e-03
5.424795509493085359e-03
4.890693929559823856e-03
4.435545386572742506e-03
3.938619501043829664e-03
3.349920706305423157e-03
2.729825935080074529e-03
2.178137644337017464e-03
1.730476560798896576e-03
1.336879751085621234e-03
9.442139673605616165e-04
5.817316662836248889e-04
3.418069006814495616e-04
2.711904203505014605e-04
2.997312817480438617e-04
2.967993758614764798e-04
1.980102944780925283e-04
6.039862787986234702e-05
-1.435818634140698781e-05
2.899197324658781305e-06
4.545341445702575349e-05
4.096710903743562478e-05
2.613773578763260906e-06
1.252054190826224712e-05
1.184714082406101380e-04
2.645884435942152967e-04
3.355465221203843512e-04
2.667124970212085360e-04
1.043764139993074699e-04
-4.151198460425023940e-05
-9.809140395850120470e-05
-8.392625553048199650e-05
-7.355058828701862596e-05
-1.183954977098600003e-04
-2.032425825733926469e-04
-2.728216532780990112e-04
-2.949568861340626930e-04
-2.991775514235942577e-04
-3.589729159192367133e-04
-5.367347699057525151e-04
-8.377287433774557694e-04
-1.206670378421786493e-03
-1.565375655848118578e-03
-1.862275828890378251e-03
-2.101519221815559019e-03
-2.337224376875543085e-03
-2.641126481564068720e-03
-3.064819261388421635e-03
-3.616338659798799121e-03
-4.259669155334590458e-03
-4.933268203390591897e-03
-5.576279906368866203e-03
-6.150600784915184055e-03
-6.651434036878142372e-03
-7.104991769075026491e-03
-7.556726498703102840e-03
-8.055601321120988215e-03
-8.639614482999631931e-03
-9.326056520931446520e-03
-1.010788097992152031e-02
-1.095586337385812126e-02
-1.182519848636050079e-02
-1.266477323227157073e-02
-1.342731035746375610e-02
-1.407867447863212634e-02
-1.460475285962527237e-02
-1.501450384482101545e-02
-1.533814614616696090e-02
-1.562019365164939687e-02
-1.590817117980039205e-02
-1.623922359050976316e-02
-1.662806294503182264e-02
-1.706022313382975913e-02
-1.749386225368921438e-02
-1.787112401216568724e-02
-1.813668037174761064e-02
-1.825758711641461973e-02
-1.823658331148191730e-02
-1.811198929239496436e-02
-1.794200284780399918e-02
-1.777832044427112013e-02
-1.764059107176304403e-02
-1.750530148559605037e-02
-1.731752541630917144e-02
-1.702231309920787874e-02
-1.659970586273090340e-02
-1.608159725417951380e-02
-1.553613941041025875e-02
-1.502486662459981588e-02
-1.455839466420199776e-02
-1.408298493974316674e-02
-1.351325045814152914e-02
-1.279310094529645218e-02
-1.194106095326395375e-02
-1.104153031764093344e-02
-1.018338008172475426e-02
-9.393532302400578113e-03
-8.624254666685331541e-03
-7.810581791258869658e-03
-6.948850629877934004e-03
-6.119725428031914938e-03
-5.424800607767137420e-03
-4.890707258289052686e-03
-4.435562992714727794e-03
-3.938635436288214116e-03
-3.349929544779732364e-03
-2.729825127341043919e-03
-2.178128474261776214e-03
-1.730463339268397674e-03
-1.336867844979864120e-03
-9.442076627068745872e-04
-5.817326625302205248e-04
-3.418138623274835099e-04
-2.711997347279271700e-04
-2.997388171439152723e-04
-2.968024696888173350e-04
-1.980088306481606931e-04
-6.039450216210283915e-05
1.436272892447564207e-05
-2.895449263482646497e-06
-4.545061126726828175e-05
-4.096536923251448207e-05
-2.613918241773070952e-06
-1.252355885288267362e-05
-1.184770976065487632e-04
-2.645946869132980469e-04
-3.355501450831953466e-04
-2.667112401162379160e-04
-1.043705039388225073e-04
4.151985024698366580e-05
9.809758482804806950e-05
8.392808817454845975e-05
7.354751742625485658e-05
1.183889891279310156e-04
2.032351958184823210e-04
2.728159522035766577e-04
2.949546546286682170e-04
2.991794241036299304e-04
3.589783379219012673e-04
5.367422021836799461e-04
8.377360820614808239e-04
1.206675535039179563e-03
1.565377158007252639e-03
1.862273243270027613e-03
2.101513244640913596e-03
2.337216568517020386e-03
2.641118764614033571e-03
3.064813378589383366e-03
3.616335771188721859e-03
4.259669668765835894e-03
4.933271831855583905e-03
5.576285874662089553e-03
6.150608085997924177e-03
6.651441657422427385e-03
7.104998842574971121e-03
7.556732381826635446e-03
8.055605611907141680e-03
8.639617005688193449e-03
9.326057296507277508e-03
1.010788019128655568e-02
1.095586132621005453e-02
1.182519556007341661e-02
1.266476982743462362e-02
1.342730683413384529e-02
1.407867110185904297e-02
1.460474976091410450e-02
1.501450101037166487e-02
1.533814343717182851e-02
1.562019085430778505e-02
1.590816807504041863e-02
1.623922002779479290e-02
1.662805890299155070e-02
1.706021875317186368e-02
1.749385783416518292e-02
1.787111997353529533e-02
1.813667718624382627e-02
1.825758522560986391e-02
1.823658304249936926e-02
1.811199078782773503e-02
1.794200602122545188e-02
1.777832497026644518e-02
1.764059641615071256e-02
1.750530697732603433e-02
1.731753035611199171e-02
1.702231689048230162e-02
1.659970813913215146e-02
1.608159796995695459e-02
1.553613886026825389e-02
1.502486537390052522e-02
1.455839339692929606e-02
1.408298426214297204e-02
1.351325071713507971e-02
1.279310212143370921e-02
1.194106266600041856e-02
1.104153194548797810e-02
1.018338096550154732e-02
9.393531976664060493e-03
8.624253053021004381e-03
7.810579285304163760e-03
6.948848026641274780e-03
6.119723670943775888e-03
5.424800421354057135e-03
4.890708806998173702e-03
4.435565742616711868e-03
3.938638331517019947e-03
3.349931454700400598e-03
2.729825357783868030e-03
2.178127078178475600e-03
1.730461061201663290e-03
1.336865734557393225e-03
9.442065691011483197e-04
5.817328706434830420e-04
3.418150376618210693e-04
2.712011740864545017e-04
2.997398484156621446e-04
2.968027769246047104e-04
1.980085327083963890e-04
6.039396573980304410e-05
-1.436318959573893421e-05
2.895137631532036064e-06
4.545033431671236868e-05
4.096504647561147064e-05
2.613672962722640682e-06
1.252366160338529728e-05
1.184777149800470480e-04
2.645956546444359469e-04
3.355509827128128693e-04
2.667114309013487701e-04
1.043698446939685966e-04
-4.152108602131826038e-05
-9.809878844479025890e-05
-8.392866191114109150e-05
-7.354719685863564036e-05
-1.183879533383237737e-04
-2.032339320377817352e-04
-2.728149887463232810e-04
-2.949543250431987322e-04
-2.991797703297263342e-04
-3.589791608374643794e-04
-5.367431932747762906e-04
-8.377369532696842761e-04
-1.206676094556167426e-03
-1.565377324864342633e-03
-1.862273024157869508e-03
-2.101512702452300579e-03
-2.337215800379472460e-03
-2.641117891290193243e-03
-3.064812537326256497e-03
-3.616335103533535513e-03
-4.259669300501339739e-03
-4.933271848929905029e-03
-5.576286302853804278e-03
-6.150608881684493760e-03
-6.651442713259033031e-03
-7.105000007129050159e-03
-7.556733488286795052e-03
-8.055606508952378383e-03
-8.639617583706182824e-03
-9.326057504060627015e-03
-1.010788003933629949e-02
-1.095586088030832926e-02
-1.182519492304175308e-02
-1.266476911654157086e-02
-1.342730615746435055e-02
-1.407867053836893076e-02
-1.460474934774297524e-02
-1.501450073948154898e-02
-1.533814326153261354e-02
-1.562019070204795704e-02
-1.590816786841443495e-02
-1.623921970297069126e-02
-1.662805842646905216e-02
-1.706021813147063151e-02
-1.749385711481027394e-02
-1.787111923722038351e-02
-1.813667653180531594e-02
-1.825758475080192442e-02
-1.823658282432739572e-02
-1.811199086621679069e-02
-1.794200638912590851e-02
-1.777832557215126147e-02
-1.764059715553696964e-02
-1.750530773242188476e-02
-1.731753100132391379e-02
-1.702231732023155517e-02
-1.659970828950710700e-02
-1.608159783345833663e-02
-1.553613848954028993e-02
-1.502486487209227402e-02
-1.455839289521865254e-02
-1.408298388852458234e-02
-1.351325056369150762e-02
-1.279310221899980504e-02
-1.194106297427318178e-02
-1.104153236309891352e-02
-1.018338135905049770e-02
-9.393532221611124861e-03
-8.624253074461341734e-03
-7.810579084812458925e-03
-6.948847683968553852e-03
-6.119723316703067073e-03
-5.424800187809276399e-03
-4.890708774856368860e-03
-4.435565906956161902e-03
-3.938638604662360494e-03
-3.349931707790269539e-03
-2.729825482576446645e-03
-2.178127037832290874e-03
-1.730460902771998287e-03
-1.336865556605198579e-03
-9.442064637685714575e-04
-5.817328744969962537e-04
-3.418151195153283856e-04
-2.712012643616753941e-04
-2.997398885397079406e-04
-2.968027556438369808e-04
-1.980084864056878412e-04
-6.039394503349753167e-05
1.436316137141058284e-05
-2.895192134899575551e-06
-4.545036462306343888e-05
-4.096501562173389199e-05
-2.613590140630770266e-06
-1.252357994101174307e-05
-1.184776945794341948e-04
-2.645957179573001756e-04
-3.355510957930548711e-04
-2.667115247968866536e-04
-1.043698613668199150e-04
4.152115613828848053e-05
9.809890250968392482e-05
8.392875447960769606e-05
7.354722079373841436e-05
1.183879046027342216e-04
2.032338454034241426e-04
2.728149118760936982e-04
2.949542903717993544e-04
2.991797815739497685e-04
3.589791986074929121e-04
5.367432319986176984e-04
8.377369769793487162e-04
1.206676102828504668e-03
1.565377328011530872e-03
1.862273033042509060e-03
2.101512719975609771e-03
2.337215819124401246e-03
2.641117897546498179e-03
3.064812518423949261e-03
3.616335054413278606e-03
4.259669226624682344e-03
4.933271764759217248e-03
5.576286227093643980e-03
6.150608831448137019e-03
6.651442699255870686e-03
7.105000031196090186e-03
7.556733543582906491e-03
8.055606582287069134e-03
8.639617659022276464e-03
9.326057566024274770e-03
1.010788007620401496e-02
1.095586088559821238e-02
1.182519489587515425e-02
1.266476906082280793e-02
1.342730608026871005e-02
1.407867044797050764e-02
1.460474925169144914e-02
1.501450064309861089e-02
1.533814316705032869e-02
1.562019060850880665e-02
1.590816777228983708e-02
1.623921959930274897e-02
1.662805831026300737e-02
1.706021799904202524e-02
1.749385696478154145e-02
1.787111907092074625e-02
1.813667635302651862e-02
1.825758456496608118e-02
1.823658263735304999e-02
1.811199068333246148e-02
1.794200621395229331e-02
1.777832540618856302e-02
1.764059699807373274e-02
1.750530758071107418e-02
1.731753085084602323e-02
1.702231716507213513e-02
1.659970812302003981e-02
1.608159764953834628e-02
1.553613828447578289e-02
1.502486464651971686e-02
1.455839265511944640e-02
1.408298364425297593e-02
1.351325032682750352e-02
1.279310199819140570e-02
1.194106277228176687e-02
1.104153217681792983e-02
1.018338118242357107e-02
9.393532049177649376e-03
8.624252902911343568e-03
7.810578911957926154e-03
6.948847507453617504e-03
6.119723135363413710e-03
5.424800005546247077e-03
4.890708602827521963e-03
4.435565759605470358e-03
3.938638490572859627e-03
3.349931622797631178e-03
2.729825412579895989e-03
2.178126970166840808e-03
1.730460835809430852e-03
1.336865498036221870e-03
9.442064196645115351e-04
5.817328416049948481e-04
3.418150897623982855e-04
2.712012360416143084e-04
2.997398699876139974e-04
2.968027557473813241e-04
1.980085027639265252e-04
6.039396459700610711e-05
-1.436314896729947192e-05
2.895199854003903059e-06
4.545037698864504714e-05
4.096503339622262777e-05
2.613600048443450566e-06
1.252356786334057568e-05
1.184776636663605531e-04
2.645956902967440925e-04
3.355510933002922016e-04
2.667115479687550490e-04
1.043698878138513830e-04
-4.152115145527878354e-05
-9.809892508620923659e-05
-8.392878696919906271e-05
-7.354724022838000030e-05
-1.183879025350694295e-04
-2.032338323712242574e-04
-2.728149036723721420e-04
-2.949542901418702686e-04
-2.991797741084950817e-04
-3.589791612864819386e-04
-5.367431526181973842e-04
-8.377368639426970628e-04
-1.206675980109938673e-03
-1.565377218878745381e-03
-1.862272943782405194e-03
-2.101512633642202334e-03
-2.337215702108275724e-03
-2.641117714099054745e-03
-3.064812244798192659e-03
-3.616334685880091132e-03
-4.259668775286820294e-03
-4.933271250665252801e-03
-5.576285667505388038e-03
-6.150608232814719009e-03
-6.651442054333423642e-03
-7.104999321282893382e-03
-7.556732744030837841e-03
-8.055605668842998751e-03
-8.639616612931650882e-03
-9.326056376773184803e-03
-1.010787874174319360e-02
-1.095585941060768509e-02
-1.182519328891906175e-02
-1.266476733121318053e-02
-1.342730423519475184e-02
-1.407866849023096945e-02
-1.460474717820251130e-02
-1.501449844436537721e-02
-1.533814082783421275e-02
-1.562018810990975157e-02
-1.590816509529443742e-02
-1.623921672944052957e-02
-1.662805524236817337e-02
-1.706021474052606471e-02
-1.749385353572495416e-02
-1.787111549985468187e-02
-1.813667266881152304e-02
-1.825758078716275754e-02
-1.823657876914134418e-02
-1.811198671124956625e-02
-1.794200211655671423e-02
-1.777832116936748502e-02
-1.764059262991694507e-02
-1.750530311673662714e-02
-1.731752634340878727e-02
-1.702231265949253475e-02
-1.659970363325370679e-02
-1.608159315103478704e-02
-1.553613373499807514e-02
-1.502486002751425055e-02
-1.455838800707809529e-02
-1.408297906551976737e-02
-1.351324592626085980e-02
-1.279309782886963245e-02
-1.194105879823394688e-02
-1.104152830935379095e-02
-1.018337736755414377e-02
-9.393528333849843551e-03
-8.624249410621275327e-03
-7.810575733409370718e-03
-6.948844602320839933e-03
-6.119720353454448369e-03
-5.424797232804687286e-03
-4.890705902095178470e-03
-4.435563352565710139e-03
-3.938636571384379614e-03
-3.349930178628817996e-03
-2.729824244654159831e-03
-2.178125906147020639e-03
-1.730459902389342450e-03
-1.336864847306889039e-03
-9.442060832152926811e-04
-5.817326121628579004e-04
-3.418147082325279800e-04
-2.712006953764135473e-04
-2.997394681212487799e-04
-2.968027916392067516e-04
-1.980089368960515496e-04
-6.039444026675420404e-05
1.436293116581526543e-05
-2.895216501516620502e-06
-4.545047649877940554e-05
-4.096532361463359006e-05
-2.613823808326374750e-06
-1.252337548979687901e-05
-1.184770487779553458e-04
-2.645950819681623027e-04
-3.355509700126753782e-04
-2.667119679805086702e-04
-1.043704264076880813e-04
4.152099600586844089e-05
9.809927137398682354e-05
8.392930144487619729e-05
7.354749366651034564e-05
1.183877776763550923e-04
2.032335939923367459e-04
2.728148910878362980e-04
2.949545411936369379e-04
2.991799277237919426e-04
3.589787200988732484e-04
5.367418811608665793e-04
8.377350038532222539e-04
1.206674123412210383e-03
1.565375936344582525e-03
1.862272421326944573e-03
2.101512538524957958e-03
2.337215337384642919e-03
2.641116349769825292e-03
3.064809436753277144e-03
3.616330430690576584e-03
4.259663453878425633e-03
4.933265418296710683e-03
5.576279802224133435e-03
6.150602548462827911e-03
6.651436436510966416e-03
7.104993386524105677e-03
7.556725979268830336e-03
8.055597591411384553e-03
8.639606898811201877e-03
9.326044926608580143e-03
1.010786567895661202e-02
1.095584502530431298e-02
1.182517795136599041e-02
1.266475139976949715e-02
1.342728797850202029e-02
1.407865203572607714e-02
1.460473049166258891e-02
1.501448133975390349e-02
1.533812300363119469e-02
1.562016920627727276e-02
1.590814476469572594e-02
1.623919471045631030e-02
1.662803142293702019e-02
1.706018919407905135e-02
1.749382651480758943e-02
1.787108737946740966e-02
1.813664384669991247e-02
1.825755156748377211e-02
1.823654927128455158e-02
1.811195684703064204e-02
1.794197165849338582e-02
1.777828989249110453e-02
1.764056046477223763e-02
1.750527022864809684e-02
1.731749307691122369e-02
1.702227936001907485e-02
1.659967044824196478e-02
1.608155995833706817e-02
1.553610029389786672e-02
1.502482629861094307e-02
1.455835442763628133e-02
1.408294652989891017e-02
1.351321538905799792e-02
1.279306974920334239e-02
1.194103284880630722e-02
1.104150365408863507e-02
1.018335336838262044e-02
9.393505110650901546e-03
8.624227693634144848e-03
7.810556040994160072e-03
6.948826494523933917e-03
6.119702611457084919e-03
5.424779006322248513e-03
4.890687802657636869e-03
4.435547288442712177e-03
3.938624250128635630e-03
3.349921649003284770e-03
2.729817999640293119e-03
2.178120500666131786e-03
1.730455318272617997e-03
1.336862010388151570e-03
9.442050689353111712e-04
5.817317940935664471e-04
3.418121833739274111e-04
2.711965572299072057e-04
2.997361618359371122e-04
2.968027714672013553e-04
1.980120595329078062e-04
6.039808091416515225e-05
-1.436108607021409700e-05
2.895535198689427695e-06
4.545123807728515644e-05
4.096727041493354420e-05
2.615097773843891758e-06
1.252150993132502265e-05
1.184721352794429212e-04
2.645904014511468879e-04
3.355501194746919103e-04
2.667153898789394054e-04
1.043749380056226654e-04
-4.151921863791744959e-05
-9.810128483171031604e-05
-8.393282409469602983e-05
-7.354944822108143584e-05
-1.183872476757864047e-04
-2.032323735597603767e-04
-2.728153183982217787e-04
-2.949568272152829529e-04
-2.991814740983416202e-04
-3.589760141542385993e-04
-5.367333553976816199e-04
-8.377225692360717449e-04
-1.206662233133652413e-03
-1.565368880272362956e-03
-1.862271678224667812e-03
-2.101515793013648652e-03
-2.337217592467564966e-03
-2.641112334818979546e-03
-3.064795943635088837e-03
-3.616307468481690102e-03
-4.259633867980429367e-03
-4.933233378159519733e-03
-5.576248967212909385e-03
-6.150574686747323737e-03
-6.651410932382849708e-03
-7.104967649825026481e-03
-7.556696452090779642e-03
-8.055560917734265122e-03
-8.639560870758502750e-03
-9.325988976888462817e-03
-1.010780087080255692e-02
-1.095577363657243043e-02
-1.182510282863090401e-02
-1.266467527095233372e-02
-1.342721287724094915e-02
-1.407857893223212614e-02
-1.460465916517185436e-02
-1.501441048077130705e-02
-1.533805050432437457e-02
-1.562009258139666727e-02
-1.590806163627723341e-02
-1.623910328125048250e-02
-1.662793085471018714e-02
-1.706007980404261604e-02
-1.749370971810812816e-02
-1.787096535025905694e-02
-1.813651894715591351e-02
-1.825742568778928460e-02
-1.823642329714122295e-02
-1.811183047628803916e-02
-1.794184368949490460e-02
-1.777815891148351937e-02
-1.764042564112970959e-02
-1.750513180816133316e-02
-1.731735226086376228e-02
-1.702213758843685795e-02
-1.659952852452127939e-02
-1.608141768089721424e-02
-1.553595704652163331e-02
-1.502468239455537376e-02
-1.455821228021537093e-02
-1.408281053495500160e-02
-1.351309013064286649e-02
-1.279295747304876919e-02
-1.194093207945014917e-02
-1.104141033425850779e-02
-1.018326396030281786e-02
-9.393419158921998899e-03
-8.624147371452487235e-03
-7.810482763165692635e-03
-6.948757814511963803e-03
-6.119633082006698498e-03
-5.424705191086649260e-03
-4.890612998415179435e-03
-4.435480707477658380e-03
-3.938574314238853062e-03
-3.349889357695608368e-03
-2.729797062360910225e-03
-2.178104190868753245e-03
-1.730442526376465423e-03
-1.336855573769532828e-03
-9.442044957835741626e-04
-5.817298601846114872e-04
-3.418010388753603174e-04
-2.711772844349139857e-04
-2.997200703996376271e-04
-2.968011726998522146e-04
-1.980249235290201175e-04
-6.041434025770289426e-05
1.435169887678990725e-05
-2.898422451313261457e-06
-4.545524737661212582e-05
-4.097519086865766412e-05
-2.619188304315624995e-06
-1.251181681134658163e-05
-1.184496610470703445e-04
-2.645695728584785160e-04
-3.355465199478844325e-04
-2.667310062179322882e-04
-1.043960884530336833e-04
4.150929736815102996e-05
9.810788830214047765e-05
8.394703632552670775e-05
7.355852543067695703e-05
1.183869616379075023e-04
2.032295217733820979e-04
2.728189887222389311e-04
2.949675012593510129e-04
2.991882866992090603e-04
3.589646221624513060e-04
5.366977493118956681e-04
8.376713394148480171e-04
1.206614556152930300e-03
1.565343147647591275e-03
1.862274381578985123e-03
2.101537375270022198e-03
2.337237083525489298e-03
2.641107452543344555e-03
3.064752952514161743e-03
3.616226136146280610e-03
4.259525995909263160e-03
4.933116553199492701e-03
5.576138895264902591e-03
6.150479353610201379e-03
6.651328440170985352e-03
7.104887822525610824e-03
7.556604965391656992e-03
8.055444151203764933e-03
8.639409864500988828e-03
9.325801515263557398e-03
1.010758147271136227e-02
1.095553184398586656e-02
1.182485052444185412e-02
1.266442381858149703e-02
1.342697073106682848e-02
1.407835012205958802e-02
1.460444280161032546e-02
1.501420122170202265e-02
1.533783978838408266e-02
1.561987036456899750e-02
1.590781833731789302e-02
1.623883162658666321e-02
1.662762730497271968e-02
1.705974525802134503e-02
1.749334926106089691e-02
1.787058697840546856e-02
1.813613146577217755e-02
1.825703629463235056e-02
1.823603560572397211e-02
1.811144374709131033e-02
1.794145370507407161e-02
1.777776027929212424e-02
1.764001457173063753e-02
1.750470800078605949e-02
1.731691881396270338e-02
1.702169890803773705e-02
1.659908756958335466e-02
1.608097466827021829e-02
1.553551111469403737e-02
1.502423566751376338e-02
1.455777345948038731e-02
1.408239449102733146e-02
1.351271219742186495e-02
1.279262534573914756e-02
1.194064121258743734e-02
1.104114726817442826e-02
1.018301596856484477e-02
9.393182481073847345e-03
8.623926243961724594e-03
7.810279364340058823e-03
6.948563011648653878e-03
6.119429382539665757e-03
5.424482483357289525e-03
4.890383243770878366e-03
4.435275156733405576e-03
3.938422060895781056e-03
3.349795808958783670e-03
2.729743427134161994e-03
2.178068337958162341e-03
1.730418199993611142e-03
1.336848373553066157e-03
9.442106071471558079e-04
5.817262522376749406e-04
3.417643158155094754e-04
2.711126770795807724e-04
2.996647762007440831e-04
2.967922081964560472e-04
1.980635967201000401e-04
6.046673078997310505e-05
-1.431838682151649818e-05
2.911751363956293082e-06
4.547007939120056017e-05
4.099911561939749075e-05
2.628695727758227245e-06
1.247753439457082017e-05
1.183762136018358374e-04
2.645026919304142334e-04
3.355351094489283058e-04
2.667816027302407776e-04
1.044661927382187894e-04
-4.147271508719837043e-05
-9.812333286357332934e-05
-8.398911461072771278e-05
-7.358879964991259833e-05
-1.183914320511225790e-04
-2.032268645336303219e-04
-2.728348944604883802e-04
-2.950022790566557591e-04
-2.992088213869192816e-04
-3.589281497518599499e-04
-5.365873881092814114e-04
-8.375147537469836969e-04
-1.206471470937718051e-03
-1.565270590276328800e-03
-1.862292750863440635e-03
-2.101617724751942123e-03
-2.337315191266195122e-03
-2.641114642235369014e-03
-3.064646324660876171e-03
-3.616003983768588306e-03
-4.259223665322911696e-03
-4.932787650075522168e-03
-5.575831996704722938e-03
-6.150220100127135395e-03
-6.651112690503410349e-03
-7.104686242751158398e-03
-7.556375344795147019e-03
-8.055146011806881001e-03
-8.639016453329411566e-03
-9.325306186712492909e-03
-1.010699775600598475e-02
-1.095488835347450431e-02
-1.182418291366482861e-02
-1.266376617936297924e-02
-1.342634841283393658e-02
-1.407777520074685561e-02
-1.460391264128589953e-02
-1.501369993181259251e-02
-1.533734196068006934e-02
-1.561934625970961936e-02
-1.590723961294238445e-02
-1.623817668411208642e-02
-1.662688534927185893e-02
-1.705891824345400279e-02
-1.749245112386504583e-02
-1.786964001885897949e-02
-1.813516045935027743e-02
-1.825606174316433961e-02
-1.823506817494682103e-02
-1.811048196691812315e-02
-1.794048612975190221e-02
-1.777677158243955863e-02
-1.763899309657018799e-02
-1.750365115099824717e-02
-1.731583335447776581e-02
-1.702059594613372639e-02
-1.659797554290128041e-02
-1.607985577798453150e-02
-1.553438516241812013e-02
-1.502311005681364331e-02
-1.455667217710008600e-02
-1.408135707427953832e-02
-1.351177923391971500e-02
-1.279181768394126346e-02
-1.193994779202130554e-02
-1.104053296996672200e-02
-1.018244574254710717e-02
-9.392642439367913237e-03
-8.623422036463167933e-03
-7.809811859658342612e-03
-6.948105897249368980e-03
-6.118937243457330324e-03
-5.423930816712168798e-03
-4.889805528799388498e-03
-4.434755427952040419e-03
-3.938039734534081078e-03
-3.349569556888974328e-03
-2.729627827204021522e-03
-2.178005289454417685e-03
-1.730386074392179689e-03
-1.336854422011211734e-03
-9.442403641420440454e-04
-5.817205453140296975e-04
-3.416664064191614184e-04
-2.709396578924294879e-04
-2.995144861303592398e-04
-2.967615378926319520e-04
-1.981585281131134440e-04
-6.060267278315944469e-05
1.422588298599293018e-05
-2.954394592869166244e-06
-4.551260211377296477e-05
-4.105848508036866694e-05
-2.646698900331515814e-06
-1.238311963148540560e-05
-1.181838834942863597e-04
-2.643294496123623654e-04
-3.355053202393185096e-04
-2.669127534503148969e-04
-1.046514202549994588e-04
4.136894987588051468e-05
9.815197268279070568e-05
8.409100922725592738e-05
7.366946576967840288e-05
1.184137388024060185e-04
2.032327708464539914e-04
2.728838717386116580e-04
2.950926523394640762e-04
2.992584143099137964e-04
3.588327828949000142e-04
5.363080387323200743e-04
8.371229853538594183e-04
1.206117977148226956e-03
1.565098777393727309e-03
1.862354432197358290e-03
2.101841387232648416e-03
2.337540741917310504e-03
2.641169924499337830e-03
3.064422502564200564e-03
3.615494450451778655e-03
4.258514511018477236e-03
4.932011590803871137e-03
5.575110787678132229e-03
6.149619888463075945e-03
6.650626504132267809e-03
7.104244716913230180e-03
7.555876674332314379e-03
8.054491783889134587e-03
8.638141231926356814e-03
9.324193406604980305e-03
1.010568011325796954e-02
1.095343548585605772e-02
1.182268176287131108e-02
1.266229994644893844e-02
1.342497898354694588e-02
1.407653208020355137e-02
1.460278948770847747e-02
1.501265818233122988e-02
1.533631999479704959e-02
1.561827201741752651e-02
1.590604441390874174e-02
1.623680800505633223e-02
1.662531641935178009e-02
1.705715256528030077e-02
1.749052059796907255e-02
1.786759643376024248e-02
1.813306173898115992e-02
1.825395621464039400e-02
1.823298153855801643e-02
1.810841170880770484e-02
1.793840614057409799e-02
1.777464587439217189e-02
1.763679310072854139e-02
1.750136846561272178e-02
1.731348123973001571e-02
1.701819879735478117e-02
1.659555349180347888e-02
1.607741639552070362e-02
1.553193118333261180e-02
1.502066073680965314e-02
1.455428277057536912e-02
1.407911670922789953e-02
1.350977932297712028e-02
1.279010618973206587e-02
1.193850177974022965e-02
1.103927462772767189e-02
1.018129430796727714e-02
9.391560463271131712e-03
8.622413165497644014e-03
7.808869745946194103e-03
6.947167182290744751e-03
6.117900363198372320e-03
5.422743753094047027e-03
4.888546658622882485e-03
4.433616803134275697e-03
3.937205168969109582e-03
3.349089130773511350e-03
2.729406675990363271e-03
2.177913134011777874e-03
1.730365362124004812e-03
1.336908494127016581e-03
9.443289606419450356e-04
5.817129093445767059e-04
3.414430804458271139e-04
2.705447270122457101e-04
2.991679504919064585e-04
2.966804579501275928e-04
1.983605936572207043e-04
6.090536265764018585e-05
-1.400951715032342855e-05
3.063208074386718417e-06
4.561449092099230097e-05
4.118672148987632188e-05
2.676347469122839508e-06
1.216437819571056890e-05
1.177528041424771144e-04
2.639435312695099828e-04
3.354375074082674825e-04
2.672035334956675474e-04
1.050691435940826488e-04
-4.112258845276768458e-05
-9.819580787443053804e-05
-8.430523010476399196e-05
-7.385273877882034298e-05
-1.184818099212265002e-04
-2.032677463184570708e-04
-2.730058602041551862e-04
-2.952938013251133809e-04
-2.993621814950597152e-04
-3.586185660481446642e-04
-5.356966869365573352e-04
-8.362730546184931127e-04
-1.205357531470733958e-03
-1.564739490769675653e-03
-1.862510128141546583e-03
-2.102359290794301658e-03
-2.338075617189552292e-03
-2.641348459787724780e-03
-3.064006018190781975e-03
-3.614463853057657983e-03
-4.257051327348104763e-03
-4.930400111291853918e-03
-5.573614714045504320e-03
-6.148385957378686879e-03
-6.649645801980277361e-03
-7.103374421748769561e-03
-7.554903236574522958e-03
-8.053207134764230751e-03
-8.636406062903684983e-03
-9.321971487383102703e-03
-1.010303961864057569e-02
-1.095052316965369581e-02
-1.181968141910809574e-02
-1.265938775952694419e-02
-1.342228619320756308e-02
-1.407412147241311057e-02
-1.460064804599367494e-02
-1.501070479985255890e-02
-1.533442488955206670e-02
-1.561628336288714558e-02
-1.590381736324524009e-02
-1.623423137355080662e-02
-1.662233259125354967e-02
-1.705376678908219340e-02
-1.748679706235393982e-02
-1.786364074544372765e-02
-1.812899271040414179e-02
-1.824987361255469426e-02
-1.822893926967938602e-02
-1.810440602707620930e-02
-1.793438450974446652e-02
-1.777053438524646770e-02
-1.763253149939085843e-02
-1.749693653683891126e-02
-1.730890296547769186e-02
-1.701352237871678330e-02
-1.659082104266258739e-02
-1.607264688924221405e-02
-1.552713454710373704e-02
-1.501587893662960187e-02
-1.454962783355156185e-02
-1.407476695134354458e-02
-1.350591784748202649e-02
-1.278683098061399702e-02
-1.193577058342664907e-02
-1.103693433576182804e-02
-1.017918109096794393e-02
-9.389590378557221770e-03
-8.620579795089301431e-03
-7.807147391472140686e-03
-6.945421908792443443e-03
-6.115928739173753965e-03
-5.420445377152004370e-03
-4.886082579695485983e-03
-4.431376386281243862e-03
-3.935565366696452960e-03
-3.348163910167268730e-03
-2.729018273377681759e-03
-2.177801569009856202e-03
-1.730401363974573906e-03
-1.337078269251347354e-03
-9.445395397051670498e-04
-5.817056201597615040e-04
-3.409907949643099291e-04
-2.697440586892195383e-04
-2.984594630303011092e-04
-2.964980724180721556e-04
-1.987468666805239489e-04
-6.150681612160942399e-05
1.356302709861902378e-05
-3.301482307356270473e-06
-4.582895604185318960e-05
-4.143686952183558395e-05
-2.721003563291041137e-06
-1.171786128821983156e-05
-1.168913862427373949e-04
-2.631740116608447867e-04
-3.352973521496967983e-04
-2.677774444487898589e-04
-1.059075844016811824e-04
4.060748455345951683e-05
9.825000407392392682e-05
8.471022590240074245e-05
7.422257278266664244e-05
1.186459660379096600e-04
2.033713228745695435e-04
2.732685894200456082e-04
2.956941750077044461e-04
2.995594051084463777e-04
3.581910231641838955e-04
5.344976166033267627e-04
8.346151302529305430e-04
1.203881021829337128e-03
1.564053125345719409e-03
1.862839593205148012e-03
2.103412572330155741e-03
2.339184498895253896e-03
2.641785680097126846e-03
3.063301045093842767e-03
3.612569887201644118e-03
4.254311871310135357e-03
4.927362255420442844e-03
5.570791531199202097e-03
6.146069302887006806e-03
6.647829373784504281e-03
7.101793172854534847e-03
7.553153220835997009e-03
8.050891393284112865e-03
8.633256552794508695e-03
9.317915933718303595e-03
1.009820518850654270e-02
1.094518789289024990e-02
1.181419516374903993e-02
1.265408692185342535e-02
1.341742216717214421e-02
1.406981547801904216e-02
1.459687686251882020e-02
1.500731531566482785e-02
1.533117100436202744e-02
1.561287659292429769e-02
1.589998188631586498e-02
1.622975449152883401e-02
1.661710226782892388e-02
1.704778915351585697e-02
1.748018913741332739e-02
1.785659781910725261e-02
1.812173582511476116e-02
1.824258950005828994e-02
1.822173021961626116e-02
1.809726737514971706e-02
1.792722022138122998e-02
1.776320707911451316e-02
1.762492704749669611e-02
1.748901352157487474e-02
1.730070190870527935e-02
1.700513069671829788e-02
1.658231827585399804e-02
1.606407282857076971e-02
1.551851310233407812e-02
1.500729107453361959e-02
1.454128001541117425e-02
1.406698519460646522e-02
1.349903784208357320e-02
1.278103589462159517e-02
1.193098970582395779e-02
1.103289264605112133e-02
1.017557674445269435e-02
9.386257492524373997e-03
8.617487023402044255e-03
7.804228476736286592e-03
6.942420121772457930e-03
6.112469402283724276e-03
5.416347690994678318e-03
4.881645712600261346e-03
4.427320290680014994e-03
3.932595051618692494e-03
3.346510700338810405e-03
2.728376600449972968e-03
2.177697544049147019e-03
1.730577670051866492e-03
1.337479271095697248e-03
9.449762416145332175e-04
5.817075218968155784e-04
3.401574252268092791e-04
2.682626774981541635e-04
2.971369034982351397e-04
2.961299793362871520e-04
1.994241234072713744e-04
6.260061460063805932e-05
-1.272526493290466275e-05
3.768908854722894515e-06
4.623902258952283816e-05
4.188906830777837717e-05
2.786373538586265865e-06
1.089130076369128871e-05
1.153152698197327353e-04
2.617630350863138261e-04
3.350259227179387027e-04
2.688109847571806084e-04
1.074465206342885574e-04
-3.962726393516592378e-05
-9.829445163996811813e-05
-8.541341036065525007e-05
-7.490298929835797819e-05
-1.189871799406085604e-04
-2.036099814149953003e-04
-2.737777377467882521e-04
-2.964276430301869721e-04
-2.999116556645709040e-04
-3.574164088420741224e-04
-5.323398361352563559e-04
-8.316361791676663440e-04
-1.201229159295426297e-03
-1.562824745603632855e-03
-1.863450868844058550e-03
-2.105354135461613100e-03
-2.341267925495882363e-03
-2.642706132824866865e-03
-3.062202228955219346e-03
-3.609347756628421538e-03
-4.249562326864859962e-03
-4.922053900421037229e-03
-5.565844091474892244e-03
-6.142018017453468315e-03
-6.644683216282568430e-03
-7.099099617470861975e-03
-7.550207271844042688e-03
-8.046993020111924827e-03
-8.627927689152716309e-03
-9.311021173983583671e-03
-1.008996096732706418e-02
-1.093607878474558807e-02
-1.180483550652909087e-02
-1.264507043748923538e-02
-1.340919522839402640e-02
-1.406259653052341352e-02
-1.459063029416873131e-02
-1.500177625258979942e-02
-1.532590967622151495e-02
-1.560738697367658120e-02
-1.589377822105926888e-02
-1.622245980415676359e-02
-1.660851425197628836e-02
-1.703791112520115086e-02
-1.746921792429926776e-02
-1.784486767802911239e-02
-1.810962787611159960e-02
-1.823042788783720350e-02
-1.820969503368412290e-02
-1.808535472955212844e-02
-1.791526765340439517e-02
-1.775097836860189612e-02
-1.761222287259693597e-02
-1.747575733969710179e-02
-1.728695794799173929e-02
-1.699104635309312689e-02
-1.656803173184975136e-02
-1.604965782875930266e-02
-1.550401708026870329e-02
-1.499285663058500320e-02
-1.452726041024709515e-02
-1.405393601153616910e-02
-1.348753361571915395e-02
-1.277139671100827219e-02
-1.192310719161920017e-02
-1.102630794926667823e-02
-1.016977461430808305e-02
-9.380939440234232346e-03
-8.612572873646723304e-03
-7.799577868627336104e-03
-6.937576703369818104e-03
-6.106786417640552682e-03
-5.409515120642714725e-03
-4.874175095038222640e-03
-4.420448451651673959e-03
-3.927548774284062537e-03
-3.343722478419126724e-03
-2.727358781617227144e-03
-2.177647826245246703e-03
-1.731028899185463408e-03
-1.338293528780048125e-03
-9.458033603833977633e-04
-5.817455168151118051e-04
-3.387384816940442931e-04
-2.657149747931324005e-04
-2.948360989836994726e-04
-2.954402227865480027e-04
-2.005262001932134309e-04
-6.445171144327015102e-05
1.126663759752184997e-05
-4.613417642056855389e-06
-4.696835766068401647e-05
-4.266170713722144248e-05
-2.887616995569057086e-06
-9.478313963240937137e-06
-1.126264054045277940e-04
-2.593377725903514498e-04
-3.345205674712290128e-04
-2.705349742186247261e-04
-1.100770040495222159e-04
3.789047819715417483e-05
9.827739694944382254e-05
8.654794639936451265e-05
7.606357957638897711e-05
1.196249651169969052e-04
2.040857669941163939e-04
2.746890743211334476e-04
2.976905071673630965e-04
3.005193580673078059e-04
3.561268351796862720e-04
5.287210803372542189e-04
8.266222012271980460e-04
1.196743972796281358e-03
1.560722957491843471e-03
1.864462729910333887e-03
2.108660834631361902e-03
2.344897459609121895e-03
2.644465332024783892e-03
3.060624715843906357e-03
3.604215132374407899e-03
4.241833572340209489e-03
4.913331307364411649e-03
5.557673120854120935e-03
6.135322012925568079e-03
6.639516130025622902e-03
7.094742362312356568e-03
7.545507559593666452e-03
8.040790802908107104e-03
8.619418112601260132e-03
9.299960530633815878e-03
1.007668830074840392e-02
1.092138233333527463e-02
1.178972636431632401e-02
1.263053398834366320e-02
1.339597984965426071e-02
1.405107758748171294e-02
1.458076392146364503e-02
1.499313769245469961e-02
1.531779771767616087e-02
1.559896928768312804e-02
1.588425042646459534e-02
1.621119186866623943e-02
1.659516005821625936e-02
1.702246088678607480e-02
1.745198010174224199e-02
1.782637885425486513e-02
1.809050594714591703e-02
1.821120292609803432e-02
1.819066650037173827e-02
1.806652443589584767e-02
1.789637828871476141e-02
1.773164874622797788e-02
1.759212636257707560e-02
1.745476215524775776e-02
1.726515935859960355e-02
1.696867718996867419e-02
1.654531533506726701e-02
1.602671817916075450e-02
1.548093692007033312e-02
1.496986950684807763e-02
1.450493564456619734e-02
1.403316849408421663e-02
1.346925452007705429e-02
1.275613740663127799e-02
1.191071642285256721e-02
1.101606703959091133e-02
1.016085821610254562e-02
9.372849014581548580e-03
8.605144614016797810e-03
7.792547858627873157e-03
6.930180301308530404e-03
6.097961804005515643e-03
5.398747178544812363e-03
4.862276931540483217e-03
4.409419115587853884e-03
3.919402937087919196e-03
3.339222017639203229e-03
2.725778370049369501e-03
2.177712768465098030e-03
1.731951819685988592e-03
1.339793737349840620e-03
9.472759827069463347e-04
5.818907680675145921e-04
3.364862133573628543e-04
2.615904512887712394e-04
2.910499542846459176e-04
2.942105358852795550e-04
2.021982035659193339e-04
6.739853453468453511e-05
-8.876834016505045951e-06
6.045541180652922491e-06
4.819659994383989140e-05
4.392985074052679158e-05
3.066971446086897531e-06
7.223163848811587032e-06
1.082946600255803093e-04
2.553729336136242563e-04
3.335979190318083759e-04
2.732197508788084049e-04
1.143161674376630806e-04
-3.497765830996058109e-05
-9.808416422395751708e-05
-8.825612920644940315e-05
-7.791738501445295644e-05
-1.207225324934311584e-04
-2.049448285417903063e-04
-2.762236298134383011e-04
-2.997677152811050079e-04
-3.015553750433609594e-04
-3.541464177982031592e-04
-5.230076218043119536e-04
-8.186212039302066595e-04
-1.189501749615622323e-03
-1.557225843687969720e-03
-1.865952236623840245e-03
-2.113922990372366431e-03
-2.350849800419755557e-03
-2.647612829389606615e-03
-3.058569933172767923e-03
-3.596515149836211796e-03
-4.229926266590178056e-03
-4.899717702848358121e-03
-5.544817248987490843e-03
-6.124744736996905019e-03
-6.631380208023515167e-03
-7.087979393825147301e-03
-7.538336876684698443e-03
-8.031384923196785430e-03
-8.606480434468715898e-03
-9.283062485786103962e-03
-1.005631803656660203e-02
-1.089874673256777463e-02
-1.176640208551232337e-02
-1.260807789959494246e-02
-1.337559329049718346e-02
-1.403338596428883346e-02
-1.456573636322263873e-02
-1.498014020929058776e-02
-1.530575197264728154e-02
-1.558657788617420076e-02
-1.587024605350911832e-02
-1.619456851263056940e-02
-1.657534795004150796e-02
-1.699941285422968199e-02
-1.742614799470193140e-02
-1.779857714788333697e-02
-1.806168591045092045e-02
-1.818219026568845126e-02
-1.816193772941651977e-02
-1.803809868450662740e-02
-1.786787151377820793e-02
-1.770247806766126614e-02
-1.756178343684201837e-02
-1.742303110326118634e-02
-1.723217112450199998e-02
-1.693477743460777146e-02
-1.651084185094698481e-02
-1.599186229108066556e-02
-1.544582878352572519e-02
-1.493486878921016121e-02
-1.447091525842551449e-02
-1.400150468757428712e-02
-1.344139182747544105e-02
-1.273292442298420458e-02
-1.189196609940238944e-02
-1.100071675382334642e-02
-1.014765771458452787e-02
-9.361016654438300208e-03
-8.594386805684457384e-03
-7.782408336510311143e-03
-6.919436570040798581e-03
-6.084936101878782311e-03
-5.382597543423249357e-03
-4.844208448881593375e-03
-4.392496805291537521e-03
-3.906781878239314401e-03
-3.332187906989529831e-03
-2.723330397195277038e-03
-2.177940306746115225e-03
-1.733609815803724592e-03
-1.342374886184481177e-03
-9.497907100694737582e-04
-5.823126457502682306e-04
-3.331445661042729497e-04
-2.552520451314627776e-04
-2.850906738936290468e-04
-2.920875160222844834e-04
-2.045559161165323345e-04
-7.183886131993936130e-05
5.157274773547073613e-06
-8.355689232840521176e-06
-5.018205833735296895e-05
-4.595679118791326550e-05
-3.431270374081599316e-06
-3.845792725956372473e-06
-1.016470299133275499e-04
-2.491388759093488892e-04
-3.319251152071164205e-04
-2.771288400621148350e-04
-1.208088591976003005e-04
3.029765484627375887e-05
9.748048114908010016e-05
9.064727620215076525e-05
8.070200343399435490e-05
1.224838320936821510e-04
2.063833750569130771e-04
2.786867070047947641e-04
3.030747792052101400e-04
3.033294791397170200e-04
3.513573561735003109e-04
5.144668029105752558e-04
8.064131039816974577e-04
1.178217487614109747e-03
1.551489474951354150e-03
1.867836816992410462e-03
2.121786206157681709e-03
2.360129924511155872e-03
2.652985215663092918e-03
3.056250947947874216e-03
3.585627934576579839e-03
4.212472333316725007e-03
4.879400517434675719e-03
5.525395559192561833e-03
6.108637057790632617e-03
6.618986598723909306e-03
7.077819318612586785e-03
7.527794829430773174e-03
8.017702055335184166e-03
8.587637397301247852e-03
9.258314981836946941e-03
1.002630222320739957e-02
1.086520811944892938e-02
1.173168619633766473e-02
1.257454712863692939e-02
1.334511376806535310e-02
1.400698076052768817e-02
1.454344669418343276e-02
1.496108878686889035e-02
1.528836940143934141e-02
1.556893476152119461e-02
1.585042676322532401e-02
1.617102317036725467e-02
1.654716345093448088e-02
1.696645297463330454e-02
1.738902892379442719e-02
1.775847259849521603e-02
1.801999542986539027e-02
1.814014872807135845e-02
1.812027781557978834e-02
1.799688117317761391e-02
1.782655501513388460e-02
1.766021276816054711e-02
1.751781152411795509e-02
1.737701122302599127e-02
1.718426626892644027e-02
1.688546923676640180e-02
1.646060863443337546e-02
1.594097526943352022e-02
1.539447343461319319e-02
1.488356888766799620e-02
1.442095273375587454e-02
1.395491531430712202e-02
1.340033801979768208e-02
1.269872274168209331e-02
1.186442820812299258e-02
1.097835769450396411e-02
1.012867990157092016e-02
9.344263488534914133e-03
8.579380751287455156e-03
7.768410917929294106e-03
6.904566084869753588e-03
6.066616559444243904e-03
5.359459140389200710e-03
4.817908264196285595e-03
4.367513743645641544e-03
3.887862400313266652e-03
3.321435074613019074e-03
2.719485194180136164e-03
2.178299741468895691e-03
1.736318457719859126e-03
1.346592409923188897e-03
9.539673677572891490e-04
5.833803673697202444e-04
3.285320744999370131e-04
2.459620094342132991e-04
2.760462761059250762e-04
2.884956912743495520e-04
2.076024976295244562e-04
7.818437326153778973e-05
3.736150834408683513e-07
1.193236448032566151e-05
5.329430992226629192e-05
4.914664645818027431e-05
4.223948766195908972e-06
-8.949848631121779162e-07
9.187642209542587154e-05
2.396321912124267639e-04
3.289000942215760965e-04
2.824155962351328252e-04
1.302981615798125368e-04
-2.303517332797802705e-05
-9.601794813691926314e-05
-9.371164012815115366e-05
-8.462712112684878682e-05
-1.251302233239135777e-04
-2.086430819284212424e-04
-2.824880969913970744e-04
-3.082220925490175263e-04
-3.064034226994563972e-04
-3.478367165089477899e-04
-5.023642065006861694e-04
-7.885052184562198023e-04
-1.161114871417051348e-03
-1.542126782028939436e-03
-1.869642509137237714e-03
-2.132798484898511086e-03
-2.373954830757938738e-03
-2.661828899607756108e-03
-3.054304394023258339e-03
-3.571194416529130822e-03
-4.188098798515031349e-03
-4.850294558087288842e-03
-5.497070355935397210e-03
-6.084833843787406694e-03
-6.600586120688168093e-03
-7.062931845268662946e-03
-7.512764236516665528e-03
-7.998517620494288022e-03
-8.561236768766690777e-03
-9.223416153315887669e-03
-9.983622467869244371e-03
-1.081712789542466080e-02
-1.168154565477901204e-02
-1.252580916590180504e-02
-1.330060493975506949e-02
-1.396835725087814881e-02
-1.451095511807943411e-02
-1.493362209924792815e-02
-1.526376778536785335e-02
-1.554445199010974672e-02
-1.582327002492575282e-02
-1.613887266666234541e-02
-1.650858318643723399e-02
-1.692111637908818092e-02
-1.733770668179484761e-02
-1.770277052793295045e-02
-1.796188789272730804e-02
-1.808141800193978355e-02
-1.806201996241166979e-02
-1.793924512067057719e-02
-1.776882153683352963e-02
-1.760119667694359097e-02
-1.745642450170187612e-02
-1.731272723444721856e-02
-1.711725912670364336e-02
-1.681636407565458013e-02
-1.639003567063280695e-02
-1.586928306318663787e-02
-1.532189736884039324e-02
-1.481083037055548959e-02
-1.434986200927142012e-02
-1.388838366362723543e-02
-1.334150790222128451e-02
-1.264959274563413720e-02
-1.182489524517751737e-02
-1.094646767961680173e-02
-1.010198054793680703e-02
-9.321140172182109176e-03
-8.559122040750677743e-03
-7.749889664631033626e-03
-6.884977903381088275e-03
-6.042090366089791255e-03
-5.327761480316547255e-03
-4.781116106748266661e-03
-4.331871551344502330e-03
-3.860260020130714276e-03
-3.305230395073938121e-03
-2.713297093908706697e-03
-2.178538497384171872e-03
-1.740383360035956638e-03
-1.353194223104186005e-03
-9.607695369080412363e-04
-5.858390620013136964e-04
-3.227090518098575818e-04
-2.329663777565418729e-04
-2.627436750393403585e-04
-2.825062823387506543e-04
-2.110778291903865449e-04
-8.675786533972685893e-05
-8.243754943075686935e-06
-1.727161772353581691e-05
-5.805462239867712908e-05
-5.412541628832665317e-05
-5.951891866027939025e-06
7.069480263088363231e-06
-7.809781914374162826e-05
-2.254965162938432871e-04
-3.234605566339451778e-04
-2.889232936454412537e-04
-1.435270299302769626e-04
1.210712513992380496e-05
9.289433349036121663e-05
9.716633383257501167e-05
8.975963424643532520e-05
1.288302441923658704e-04
2.119737816302075099e-04
2.881483940876219713e-04
3.161009156230223200e-04
3.117789720729710764e-04
3.441110658671093191e-04
4.861857013685900314e-04
7.632036114481949773e-04
1.135778042236967877e-03
1.526866759237160759e-03
1.870088780447594573e-03
2.147077072973821703e-03
2.393626434263229370e-03
2.675919269903570541e-03
3.054102449160149991e-03
3.553504749925840041e-03
4.155765422397711926e-03
4.810239138920081176e-03
5.457077787009267933e-03
6.050553965447636080e-03
6.573812740794117079e-03
7.041514229769946578e-03
7.491856522678979821e-03
7.972496338837484903e-03
8.525562523806916662e-03
9.175902537817737931e-03
9.924871039092753380e-03
1.075017106533170987e-02
1.161093365065761322e-02
1.245645836535895501e-02
1.323670779897416147e-02
1.391257411507086997e-02
1.446400404679233642e-02
1.489428484094290628e-02
1.522925538913939489e-02
1.551102668419513178e-02
1.578699660928309031e-02
1.609636535590489720e-02
1.645761751309319024e-02
1.686099099908749954e-02
1.726927271444637577e-02
1.762810340292223638e-02
1.788365891322818077e-02
1.800211600483905133e-02
1.798324659383725155e-02
1.786131964218757792e-02
1.769085124819457649e-02
1.752160002137858122e-02
1.737369115176513185e-02
1.722606320596092866e-02
1.702679630439783362e-02
1.672284450734828204e-02
1.629421832264462897e-02
1.577155732884182732e-02
1.522251257238574351e-02
1.471071943814246212e-02
1.425148519055054706e-02
1.379577755962389275e-02
1.325912304131486065e-02
1.258041011127056241e-02
1.176907118718126428e-02
1.090160562183191406e-02
1.006492223034534395e-02
9.289775218586550018e-03
8.532490478000587242e-03
7.726374078990605986e-03
6.860524938175792051e-03
6.010982769292659740e-03
5.286347196603103857e-03
4.731659108606590773e-03
4.282648390244268334e-03
3.820930755995779592e-03
3.281037230989649386e-03
2.703086579711969778e-03
2.177900031844625002e-03
1.745927597353567418e-03
1.363102198588011854e-03
9.716524950381535226e-04
5.910870840267689556e-04
3.162850103412326156e-04
2.157001785334794074e-04
2.437599812078066234e-04
2.726670397613817245e-04
2.142133560718125960e-04
9.759123278845303212e-05
1.892019242850106296e-05
2.494879714117502115e-05
6.516663803357808458e-05
6.184857948851429758e-05
9.589686603862043705e-06
-1.432701057538206706e-05
5.951181404562046266e-05
2.049731946960579182e-04
3.138149300363086958e-04
2.958352667186286717e-04
1.609980110546741633e-04
3.815634884176287313e-06
-8.678666194793420246e-05
-1.002134596316170797e-04
-9.580358208610998891e-05
-1.335307243891828649e-04
-2.165099693215589017e-04
-2.962428167155060975e-04
-3.279614693200808310e-04
-3.211687662257927604e-04
-3.415918802301526856e-04
-4.660922505328048788e-04
-7.288791172449540735e-04
-1.099067086461370194e-03
-1.502099900331152309e-03
-1.866409264183116652e-03
-2.163652002396287011e-03
-2.420136708256961575e-03
-2.697557493413303004e-03
-3.058119299964355206e-03
-3.534085728279766532e-03
-4.115370345952698052e-03
-4.757447597652869620e-03
-5.402432994196738371e-03
-6.002374864944705693e-03
-6.535519799810722043e-03
-7.011113083809446603e-03
-7.463325448524044982e-03
-7.938251592330263298e-03
-8.479028426362172563e-03
-9.113409824175747881e-03
-9.846480657118626342e-03
-1.065940592484844809e-02
-1.151368561653705151e-02
-1.235947729379095576e-02
-1.314608392803980237e-02
-1.383253645834674021e-02
-1.439622575330946549e-02
-1.483775379817669875e-02
-1.518066053149639411e-02
-1.546553665637238201e-02
-1.573926460437972616e-02
-1.604157416129920952e-02
-1.639237640523083864e-02
-1.678391240797617520e-02
-1.718109962689286924e-02
-1.753133743107740047e-02
-1.778175385762674476e-02
-1.789843324913059641e-02
-1.788007439425596048e-02
-1.775928256654556517e-02
-1.758893493689641860e-02
-1.741779240255131311e-02
-1.726596700957282876e-02
-1.711324846356399726e-02
-1.690887858960149134e-02
-1.660059471137239825e-02
-1.616843487117589073e-02
-1.564256780896610549e-02
-1.509048262522407272e-02
-1.457675817732632939e-02
-1.411880096102947034e-02
-1.366979890011425086e-02
-1.314600198849882537e-02
-1.248451855376032232e-02
-1.169113039119548669e-02
-1.083893503513164505e-02
-1.001372708361822350e-02
-9.247523244581827562e-03
-8.498060627256671939e-03
-7.697622681719650667e-03
-6.831793389224793955e-03
-5.973974272161345495e-03
-5.235107032337303103e-03
-4.668031502617201768e-03
-4.216950538076502317e-03
-3.766197838193005663e-03
-3.245236203806938641e-03
-2.685969356215540862e-03
-2.174614105894439112e-03
-1.752487219663369580e-03
-1.377227950894948901e-03
-9.886682738959823389e-04
-6.015551497957369407e-04
-3.109384678923767767e-04
-1.942271444375505657e-04
-2.175878099181358289e-04
-2.568476994612966515e-04
-2.153821214848100239e-04
-1.100673971646445848e-04
-3.255830624729441251e-05
-3.548392349618440303e-05
-7.548082503953951064e-05
-7.370057037143172823e-05
-1.686894669600306240e-05
2.146029057512405261e-05
-3.579052602683069703e-05
-1.759943945664299396e-04
-2.971433487910232828e-04
-3.011270721152341863e-04
-1.824696629188589305e-04
-2.608704345543463721e-05
7.574616404018684609e-05
1.012298783871822883e-04
1.017330971031144048e-04
1.386060681677186155e-04
2.219513119832063758e-04
3.071594004364579635e-04
3.453735690363529784e-04
3.372989305523821477e-04
3.432438609393788365e-04
4.437758002806525500e-04
6.846726330501355260e-04
1.047332882492124943e-03
1.462441463611235861e-03
1.853375193599160128e-03
2.179290496512185926e-03
2.453210619133720360e-03
2.729149154720358645e-03
3.070145432983466174e-03
3.516420620161691667e-03
4.068695966041659638e-03
4.691375695893364867e-03
5.330506238578363275e-03
5.936450080824224283e-03
6.481716502776052775e-03
6.968446996320283755e-03
7.424957322000264384e-03
7.894431811274622499e-03
8.420497074936710361e-03
9.034164271110731864e-03
9.745256011574466096e-03
1.053971335692014538e-02
1.138265881925774881e-02
1.222600988276115880e-02
1.301879596785014519e-02
1.371802949346916101e-02
1.429793335874009370e-02
1.475552427716477454e-02
1.511105773595539103e-02
1.540273113693754053e-02
1.567631143957886469e-02
1.597182938362875365e-02
1.631078611566953024e-02
1.668792048520828172e-02
1.707097245689167056e-02
1.740980913875022143e-02
1.765305261780403603e-02
1.776693214853242858e-02
1.774896212447274121e-02
1.762969493963034706e-02
1.745986781743652169e-02
1.728682986227016855e-02
1.713049745701978113e-02
1.697157999505927162e-02
1.676068440717469465e-02
1.644648888921246624e-02
1.600905255399194885e-02
1.547795357448962864e-02
1.492050486743743722e-02
1.440256287876374650e-02
1.394436645282408523e-02
1.350218563670037980e-02
1.299349880558733732e-02
1.235341083383831480e-02
1.158317927547321616e-02
1.075153166118366158e-02
9.942715494321291772e-03
9.190237950626681945e-03
8.453533076224992518e-03
7.663350092985655830e-03
6.800242185317159800e-03
5.933387277431955917e-03
5.175912293232427450e-03
4.590434466660273799e-03
4.132759676956352692e-03
3.692164545958010087e-03
3.193013055391156260e-03
2.657295591929645113e-03
2.165079231354024789e-03
1.758180050805422398e-03
1.395878024939788435e-03
1.014316129931644352e-03
6.210856351679076978e-04
3.101966996518598814e-04
1.700884295728094140e-04
1.831768609965055735e-04
2.322748593590937655e-04
2.117086441372794444e-04
1.223622802918421910e-04
4.849709178579355846e-05
4.896587275476260064e-05
8.975539846756239604e-05
9.146631251023078202e-05
3.059292848850415464e-05
-2.573036982819088776e-05
7.868870822382194384e-06
1.366677877041844701e-04
2.694625281419752382e-04
3.008539538640161624e-04
2.060431294595411425e-04
5.541370994052668790e-05
-5.739770710322348056e-05
-9.753861991746145339e-05
-1.053085574397688936e-04
-1.422451200338673038e-04
-2.268702811530896619e-04
-3.204151028007649177e-04
-3.697776161041790204e-04
-3.640052336156255242e-04
-3.544167735751698801e-04
-4.238969365895993283e-04
-6.320581230818774930e-04
-9.774642667574385581e-04
-1.400768723572213582e-03
-1.822223879499780064e-03
-2.186666062568538762e-03
-2.489353904879098005e-03
-2.771780207231411448e-03
-3.094798240213387976e-03
-3.506434820762604695e-03
-4.020583483526586274e-03
-4.614130534374453682e-03
-5.240236277336393980e-03
-5.849269878774911169e-03
-6.407849188680895744e-03
-6.909377938190084181e-03
-7.374001990107980666e-03
-7.839867067075543400e-03
-8.349793842753135825e-03
-8.937866912041103271e-03
-9.619488616687816088e-03
-1.038689644717392425e-02
-1.121057139368375304e-02
-1.204570188326819537e-02
-1.284200930200710480e-02
-1.355475405768900680e-02
-1.415457351861522384e-02
-1.463394950181167407e-02
-1.500861101230939465e-02
-1.531309987594368406e-02
-1.559103732487374626e-02
-1.588214477571872965e-02
-1.620941420215075632e-02
-1.657047143714615936e-02
-1.693662415864495563e-02
-1.726109419617077520e-02
-1.749478231947410034e-02
-1.760453816304154498e-02
-1.758675310448426857e-02
-1.746960853882773002e-02
-1.730116726740683550e-02
-1.712684178603360655e-02
-1.696602592995832826e-02
-1.680028013550564914e-02
-1.658167206949849246e-02
-1.625990023311674887e-02
-1.581497938336905856e-02
-1.527573672178108612e-02
-1.470929483059972911e-02
-1.418320213057216485e-02
-1.372145052935003044e-02
-1.328452892307748975e-02
-1.279193290571288902e-02
-1.217673310133551151e-02
-1.143483642052022312e-02
-1.062957911926360952e-02
-9.843194980179374720e-03
-9.110979312911597627e-03
-8.394450095871752726e-03
-7.622209495434073556e-03
-6.767735396664730126e-03
-5.893476566420314221e-03
-5.113678193479534451e-03
-4.502372161706721942e-03
-4.030620494449826084e-03
-3.596008777176904359e-03
-3.118908401688852850e-03
-2.610339264038675187e-03
-2.142817546620299357e-03
-1.758245558120927155e-03
-1.417331733079866532e-03
-1.050650840568439267e-03
-6.549318630695961322e-04
-3.203485417124516733e-04
-1.477298544242302419e-04
-1.412289273502896278e-04
-1.961653785792051650e-04
-1.989160560798414179e-04
-1.307630623632292130e-04
-6.440428481868946866e-05
-6.423062814421294075e-05
-1.079445374969735603e-04
-1.168758101644089433e-04
-5.472355106707121121e-05
2.203285580856388952e-05
2.066699058881235439e-05
-8.658846183475040652e-05
-2.261504051159831806e-04
-2.885872973211107994e-04
-2.268186461384292694e-04
-9.040055454931289816e-05
2.992809983398325230e-05
8.571697469757174920e-05
1.027790543919499417e-04
1.406695232615848637e-04
2.275011381413266274e-04
3.331282083376458270e-04
4.010078657883964248e-04
4.054353246053036793e-04
3.833322640310046965e-04
4.160307955400532800e-04
5.777523366335352364e-04
8.897238483397085186e-04
1.309851300236559036e-03
1.760380809813590509e-03
2.172213954836954390e-03
2.518587827634641025e-03
2.821935205024665456e-03
3.135225995993942867e-03
3.511727142022328437e-03
3.979648572395718190e-03
4.532162993513399324e-03
5.134098305335736863e-03
5.739299769196092894e-03
6.309800583499073669e-03
6.829311866219248475e-03
7.307288094263376943e-03
7.773827013558267870e-03
8.268479091406388121e-03
8.827166666540367176e-03
9.471077255715451906e-03
1.020017543193867463e-02
1.099245815249364107e-02
1.180866927083345716e-02
1.260109344772637925e-02
1.332432655685634321e-02
1.394557229552736456e-02
1.445205642033372054e-02
1.485362050067811322e-02
1.517948719435082902e-02
1.546953139873649165e-02
1.576194883670119576e-02
1.608060606513088062e-02
1.642606969915218207e-02
1.677385085469534215e-02
1.708152024942361999e-02
1.730330897666903026e-02
1.740750139280525938e-02
1.738974241286431188e-02
1.727573741641134572e-02
1.711040924758048393e-02
1.693663517453577669e-02
1.677278072769817011e-02
1.660095981582327893e-02
1.637456759064882805e-02
1.604420382650953436e-02
1.558961656958219102e-02
1.503861302871940808e-02
1.445807121791697729e-02
1.391771159906894477e-02
1.344640428344583312e-02
1.301032817823077718e-02
1.253217487920784898e-02
1.194327761306777230e-02
1.123354411015230550e-02
1.045994780589539278e-02
9.702299989121275503e-03
8.998184885125605839e-03
8.311901433968470546e-03
7.569413322596079720e-03
6.734612536031332232e-03
5.859506758042319456e-03
5.056815322879048245e-03
4.412459590110131419e-03
3.916348685791879933e-03
3.478830247320334815e-03
3.018994673589095196e-03
2.537197647861374940e-03
2.097850708209879258e-03
1.743079149325270274e-03
1.435143559488944159e-03
1.096782978977510524e-03
7.084145382293422638e-04
3.508053213747342651e-04
1.363637106301276547e-04
9.666126013833681741e-05
1.477012183758198152e-04
1.721450244269052271e-04
1.293365620141945379e-04
7.520884666658004169e-05
7.744047186205594289e-05
1.276270481293499822e-04
1.501415305513603975e-04
9.357096985729187587e-05
-2.429192258507551083e-06
-4.167934388207201367e-05
2.947892692733285758e-05
1.640639084999818596e-04
2.559571067577194343e-04
2.356712175955477141e-04
1.252400509712743614e-04
5.511180776012353549e-06
-6.336691356450372564e-05
-8.972183018050726877e-05
-1.279317289150348768e-04
-2.163558667067991552e-04
-3.374045451906272598e-04
-4.338625516122703745e-04
-4.628779428536154879e-04
-4.396133179575747595e-04
-4.359852605752771292e-04
-5.378543891925707940e-04
-7.934749629359191120e-04
-1.187620692856855347e-03
-1.654304523048611471e-03
-2.115509583539401488e-03
-2.520635196624007243e-03
-2.865871763848697705e-03
-3.187514246170168684e-03
-3.537573935012939055e-03
-3.956656763796712745e-03
-4.456872301764243545e-03
-5.020120818665268700e-03
-5.609358849262593462e-03
-6.185782411842072510e-03
-6.724240010885710987e-03
-7.221583399725329394e-03
-7.696263973930742540e-03
-8.180676729199176309e-03
-8.709651259540632587e-03
-9.308939112441957237e-03
-9.986879863231479942e-03
-1.073114731887632629e-02
-1.151103411301718227e-02
-1.228443381330113736e-02
-1.300769230641185548e-02
-1.364590971596454233e-02
-1.418113703555921520e-02
-1.461627701588480606e-02
-1.497338558564801844e-02
-1.528641204241457628e-02
-1.559000206634248396e-02
-1.590743443266958226e-02
-1.624156241969397507e-02
-1.657229421769992536e-02
-1.686242439100892748e-02
-1.707074980883383983e-02
-1.716820421756573567e-02
-1.715055115200595989e-02
-1.704135544171976602e-02
-1.688221708182328570e-02
-1.671294626057471741e-02
-1.655022754339396593e-02
-1.637612189240142402e-02
-1.614482423149992893e-02
-1.580730999931406061e-02
-1.534247363809672186e-02
-1.477654764160683983e-02
-1.417593925218113560e-02
-1.361300716309291406e-02
-1.312281092570357147e-02
-1.267907808399999087e-02
-1.220938703573774993e-02
-1.164411987799586143e-02
-1.096686601146120224e-02
-1.022742310773983899e-02
-9.502927986263783738e-03
-8.834150173067359738e-03
-8.189561734459309059e-03
-7.492662561967477521e-03
-6.695246808930360380e-03
-5.833989396469525107e-03
-5.015217586214956551e-03
-4.334858932859987635e-03
-3.803925008343269319e-03
-3.350256875517672924e-03
-2.895904850154435491e-03
-2.432786247776736778e-03
-2.018446936898101330e-03
-1.697124021024576986e-03
-1.434460040848679289e-03
-1.143866861574701016e-03
-7.824749458471782658e-04
-4.119953684579567062e-04
-1.509666659609202168e-04
-6.202633785320236994e-05
-9.217316719240003413e-05
-1.291331221305610881e-04
-1.113108901284510805e-04
-7.276569698169310272e-05
-8.045778378318416699e-05
-1.414021921511094218e-04
-1.867308648586406186e-04
-1.488014282073313831e-04
-4.246158100009413063e-05
4.117745467691730742e-05
2.296691296201215543e-05
-8.631853183074980455e-05
-1.961794516835124985e-04
-2.200547672960658408e-04
-1.477322865071007329e-04
-4.106188216436245888e-05
3.336023651542535364e-05
6.482820347645410701e-05
9.847808766573728752e-05
1.826907100232897025e-04
3.178387659045059702e-04
4.524582942919796037e-04
5.271900465351337913e-04
5.274107851082345758e-04
5.026796862992248234e-04
5.404485013720427460e-04
7.152547453759469653e-04
1.048154799556255982e-03
1.499571570749013913e-03
1.995010014108397796e-03
2.464606566824397577e-03
2.873777442829268582e-03
3.231607834606552328e-03
3.577579397766476876e-03
3.957361545766520036e-03
4.400823397051387316e-03
4.911265292970850432e-03
5.467945299279978501e-03
6.038082576352718327e-03
6.591741440121587532e-03
7.113454008246411324e-03
7.606962308514848316e-03
8.092544032954947925e-03
8.598859432094570557e-03
9.152557036456626313e-03
9.768983722518782831e-03
1.044656543304509771e-02
1.116616648816243750e-02
1.189536454774215747e-02
1.259636710741640110e-02
1.323542993316477456e-02
1.379124637252126216e-02
1.425994459462226992e-02
1.465508522973228873e-02
1.500232267877115409e-02
1.532996098821277388e-02
1.565811634896259463e-02
1.599009195418345242e-02
1.630939256258839148e-02
1.658429703452526938e-02
1.677925768916256263e-02
1.686937057121853933e-02
1.685199998392974269e-02
1.674965167200729438e-02
1.660109021045662672e-02
1.644295342136786048e-02
1.628968149114818145e-02
1.612242230977520285e-02
1.589511460214312541e-02
1.555789077893674627e-02
1.508746363519456422e-02
1.450725195950126022e-02
1.388243338705495537e-02
1.328818280445569384e-02
1.276709672041983872e-02
1.230269424874501881e-02
1.182977508235497598e-02
1.127925021966290700e-02
1.062857849176326516e-02
9.919801691037680863e-03
9.227288828191725426e-03
8.596392232868425506e-03
8.002293526955668937e-03
7.367770285350832421e-03
6.631147550542708206e-03
5.808554156813588651e-03
4.992840503152691511e-03
4.284618419790829288e-03
3.715069719710939380e-03
3.232591462118082019e-03
2.766545694254024957e-03
2.303970107488785470e-03
1.898909564964862276e-03
1.602723874941882525e-03
1.390439548173221483e-03
1.168487094533252708e-03
8.645011609275524752e-04
5.073170880380823257e-04
2.085557280604611739e-04
5.920830461301677630e-05
4.669318297624052485e-05
7.713273188678905436e-05
7.468658379283842162e-05
4.892632550256812855e-05
6.115759877921173059e-05
1.344811465151301221e-04
2.123863713442691458e-04
2.128234921987923352e-04
1.174462662555337883e-04
-1.909684060339687206e-06
-4.854277129493183695e-05
9.212450554504415202e-06
1.124280042444254644e-04
1.704171211578310195e-04
1.416277630490373580e-04
6.013526743329129798e-05
-9.378577989376949957e-06
-3.778148954158901818e-05
-5.591888922976817741e-05
-1.199601390220508124e-04
-2.546428165631286567e-04
-4.263400176154534082e-04
-5.673496196966675486e-04
-6.292468675226693415e-04
-6.229861373245821135e-04
-6.176960960899017042e-04
-7.019995227988942623e-04
-9.356373746101949830e-04
-1.321000048563775522e-03
-1.807602388772181932e-03
-2.321866892161360968e-03
-2.802727360386146355e-03
-3.224799889149442857e-03
-3.601031856434083571e-03
-3.968216938286822475e-03
-4.365622829914426670e-03
-4.817393435370231729e-03
-5.325105786119874174e-03
-5.871135488012412147e-03
-6.429089737379944242e-03
-6.975804596312218733e-03
-7.500119721367972704e-03
-8.005834925658431717e-03
-8.508750645492094491e-03
-9.029628268287777024e-03
-9.585866406301931514e-03
-1.018466696839258681e-02
-1.081969764442832806e-02
-1.147207679755562169e-02
-1.211523918123834538e-02
-1.272216347223601059e-02
-1.327277214769641625e-02
-1.375920183722271345e-02
-1.418715476724113564e-02
-1.457262729954209024e-02
-1.493476311445500644e-02
-1.528702529087055430e-02
-1.562983655474127487e-02
-1.594782418856804246e-02
-1.621355488365710043e-02
-1.639729817476724347e-02
-1.647959337170037258e-02
-1.646134549204274211e-02
-1.636606269209254366e-02
-1.623138416519195881e-02
-1.609181744238052242e-02
-1.595978947256453812e-02
-1.581493964895713464e-02
-1.560957855372308023e-02
-1.529094470773767131e-02
-1.483103901546184086e-02
-1.424784923818401237e-02
-1.360323219419713389e-02
-1.297430855490444047e-02
-1.241201646887511549e-02
-1.191200182062771007e-02
-1.141928603826822090e-02
-1.086773085479092286e-02
-1.022963781716529873e-02
-9.539041479025740788e-03
-8.867442755859381714e-03
-8.266430853413591490e-03
-7.721674166591894345e-03
-7.159397154301134873e-03
-6.505934199912351105e-03
-5.753427536360627981e-03
-4.973561074784840254e-03
-4.263195070754940974e-03
-3.668306969292182626e-03
-3.156739181882963104e-03
-2.666534523993392431e-03
-2.181728405623359519e-03
-1.756111663962440670e-03
-1.455760414385400946e-03
-1.277416984652086397e-03
-1.131711982882253106e-03
-9.175076344702313676e-04
-6.168991133501856459e-04
-3.132884348467945856e-04
-1.116035787390142403e-04
-4.149068597529667786e-05
-4.133249802955717974e-05
-3.371591587894223139e-05
-6.316606601625136069e-06
-1.105751310324298517e-05
-8.756887635489052368e-05
-2.000430321234624549e-04
-2.596284633238730576e-04
-2.098089044538844214e-04
-8.466405893996528209e-05
2.032248154406969789e-05
3.467038169848211211e-05
-2.854932218983753040e-05
-9.428286538775530073e-05
-9.936214075405454520e-05
-4.543176677897309908e-05
1.450125814536415860e-05
3.553945232374167384e-05
2.715723592002654735e-05
4.567913735231396487e-05
1.437103791388849377e-04
3.226819587306405134e-04
5.275693955323303890e-04
6.858554359690794940e-04
7.594535031203265363e-04
7.725791739643884850e-04
7.993237334674888972e-04
9.226150291236413260e-04
1.191740853615921164e-03
1.601827945713178237e-03
2.102372811389014058e-03
2.625421301484581402e-03
3.116282296008437546e-03
3.552370245464348507e-03
3.944641976513877171e-03
4.325116718522903879e-03
4.728968351460322711e-03
5.179674485938419275e-03
5.682238057028203386e-03
6.225046179110181252e-03
6.787537692315539703e-03
7.349455144911701092e-03
7.897946154152528722e-03
8.430419902046694045e-03
8.952985911648399242e-03
9.475827116105776937e-03
1.000763571632832041e-02
1.055122114303603392e-02
1.110174848344437984e-02
1.164805605143811457e-02
1.217643594088950454e-02
1.267542368668523635e-02
1.313975670646951727e-02
1.357185679637727162e-02
1.397996896622820222e-02
1.437328330430895189e-02
1.475564631451410820e-02
1.512038158595528127e-02
1.544883362362564627e-02
1.571424783282909104e-02
1.589059838700273425e-02
1.596355466627037353e-02
1.593893901646643158e-02
1.584388361497663864e-02
1.571812476175023232e-02
1.559716691678737256e-02
1.549382384203082906e-02
1.538739950970721519e-02
1.522819064458222349e-02
1.495847606467441172e-02
1.454196504113333330e-02
1.398666436889574663e-02
1.334652938993766309e-02
1.269718544059476872e-02
1.209661706759907959e-02
1.155378077279988272e-02
1.102691230419002542e-02
1.045613245215700274e-02
9.810688670792561822e-03
9.117011362257041590e-03
8.443533412916709099e-03
7.849385565772502155e-03
7.335004036766202065e-03
6.836531860945327908e-03
6.273813145143136705e-03
5.615946240926415235e-03
4.908588810015454204e-03
4.236441639265768437e-03
3.652218090758938170e-03
3.137614405906105977e-03
2.635116096095109148e-03
2.121093490259801616e-03
1.645787439851128728e-03
1.293983904242519689e-03
1.099828702411179094e-03
1.001135006946141364e-03
8.846756421664751834e-04
6.831731850749252471e-04
4.296990791995838150e-04
2.163876956633437032e-04
1.016063018181335444e-04
6.098841066565809506e-05
2.841349029348046100e-05
-2.350376797709026190e-05
-5.355950320351066612e-05
-4.605052622361099087e-06
1.203928461851286081e-04
2.431336211212084531e-04
2.746272352603768788e-04
1.951047605180021517e-04
7.008038124339993397e-05
-1.096684124389574960e-05
-1.191731582276942379e-05
2.829401411103415630e-05
4.312629746093111073e-05
4.021034894553660406e-06
-5.745181826425982608e-05
-8.640066100332683470e-05
-6.180906512508328157e-05
-2.174732538278228246e-05
-3.657670734868182844e-05
-1.548926553444459264e-04
-3.662177676112423176e-04
-6.073819107980736164e-04
-8.050646214896910657e-04
-9.230230814691124100e-04
-9.836220689151964347e-04
-1.053673607423027221e-03
-1.207279281705647429e-03
-1.489089912667462953e-03
-1.896766166492043926e-03
-2.387819579735410945e-03
-2.902997123372910021e-03
-3.392417018717042241e-03
-3.832701544200081255e-03
-4.230118666594862367e-03
-4.611789893870240666e-03
-5.011217559266787497e-03
-5.454872371324260769e-03
-5.954334658708071958e-03
-6.505235527066264602e-03
-7.091521894651811771e-03
-7.692180332589801037e-03
-8.287559156469569838e-03
-8.863392358661768139e-03
-9.411947521167671887e-03
-9.930866387279968510e-03
-1.042092144544551346e-02
-1.088398303628004826e-02
-1.132207348588544320e-02
-1.173769107917498923e-02
-1.213488142347915813e-02
-1.252006899650889848e-02
-1.290162021123578660e-02
-1.328755332152362946e-02
-1.368164392200044675e-02
-1.407913618114043849e-02
-1.446397539015002037e-02
-1.480952685312340693e-02
-1.508388415249284006e-02
-1.525915871467873816e-02
-1.532207118059165409e-02
-1.528160102080519146e-02
-1.516937290221361673e-02
-1.503049160600731377e-02
-1.490644717288627623e-02
-1.481613548706370818e-02
-1.474375398732154924e-02
-1.464118914838103205e-02
-1.444679109905739993e-02
-1.411392505936674181e-02
-1.363563076292350663e-02
-1.305098424564351232e-02
-1.242677995769939439e-02
-1.182224534439687766e-02
-1.125680404648690854e-02
-1.070228514388574595e-02
-1.010753531624038540e-02
-9.441351986933459173e-03
-8.723796352492808187e-03
-8.020231537264907104e-03
-7.397998358295122118e-03
-6.875951474708924017e-03
-6.407386012868792127e-03
-5.914223490776642986e-03
-5.348502360883611827e-03
-4.730604352775415015e-03
-4.129356018447871528e-03
-3.599165126249438077e-03
-3.130984248461296526e-03
-2.665429271587565780e-03
-2.159453118636891957e-03
-1.643471471772227051e-03
-1.209295574486962113e-03
-9.336200510215989694e-04
-8.072433317844496551e-04
-7.394005206930792315e-04
-6.354036828063443307e-04
-4.734341132647696413e-04
-3.074076257228118818e-04
-1.981279535467846185e-04
-1.471704201830335379e-04
-1.017678119233429333e-04
-2.157008156582685185e-05
6.786749129002560819e-05
9.500802954189876233e-05
1.707781754241727098e-05
-1.274064465593509050e-04
-2.432068993252023501e-04
-2.573327196120981362e-04
-1.771141150276262844e-04
-7.510953966457798781e-05
-1.982727672389565120e-05
-1.908280174137779695e-05
-2.482093499306123541e-05
1.204671277463920342e-05
9.150644243690037700e-05
1.637831453611063716e-04
1.754090914396530640e-04
1.197153122099751867e-04
4.951693846552267806e-05
4.357327243378063774e-05
1.543752794490810612e-04
3.755084879554068038e-04
6.488335694437352480e-04
9.027929856665282407e-04
1.094773948989242931e-03
1.232286389216899784e-03
1.364249608085658753e-03
1.551788080430968001e-03
1.836962271747201491e-03
2.225158173616857520e-03
2.686888262324519001e-03
3.174469111740847987e-03
3.643466021846954953e-03
4.069149186902620320e-03
4.452587755623735495e-03
4.816349624539396912e-03
5.193614573570232151e-03
5.615826450048379617e-03
6.103123656452791659e-03
6.659733674390479370e-03
7.274393368984517945e-03
7.924395385230416020e-03
8.581309292191337604e-03
9.216642020869404012e-03
9.806342940633179864e-03
1.033376211681254035e-02
1.079117357542941184e-02
1.118016692401634787e-02
1.151112374602976211e-02
1.180176775090366337e-02
1.207459358849939136e-02
1.235300319463640377e-02
1.265629428521629699e-02
1.299420957687554001e-02
1.336238107297293455e-02
1.374039423366173532e-02
1.409403375272400179e-02
1.438235458571098489e-02
1.456861430341020378e-02
1.463223435145051890e-02
1.457758361157812134e-02
1.443535478775288122e-02
1.425419407523037529e-02
1.408387108105129369e-02
1.395547193280271929e-02
1.386690149334523364e-02
1.378140511249784268e-02
1.364202848246978336e-02
1.339724819411056145e-02
1.302599361229598782e-02
1.254837566343814693e-02
1.201433354660768650e-02
1.147453558750164034e-02
1.094988047255982325e-02
1.041956094496981206e-02
9.838134103698402411e-03
9.173036001826902208e-03
8.437456460606755290e-03
7.692817128937400051e-03
7.014458308574293179e-03
6.442268419612492449e-03
5.953400508474479720e-03
5.481256917514751997e-03
4.969304929437975277e-03
4.417260300839849670e-03
3.879391221549444418e-03
3.413536047565879621e-03
3.024406892939607988e-03
2.654290388787629382e-03
2.234410070688235255e-03
1.753294074466792184e-03
1.278113658076517316e-03
9.050299968436060442e-04
6.810948538763017318e-04
5.692538328505295691e-04
4.882489678285888558e-04
3.872124484154982607e-04
2.818359245671786507e-04
2.193131604577298996e-04
2.124800225910334804e-04
2.146134550395552439e-04
1.630430382646718714e-04
4.700219214867713873e-05
-7.160140704815395288e-05
-1.091928797646251714e-04
-3.615391511180483276e-05
9.460469219429323449e-05
1.920842537447509861e-04
2.019005892804412038e-04
1.434157048066671660e-04
8.033476269518179808e-05
5.745384735144622531e-05
6.271864237171494833e-05
4.531974925281081329e-05
-3.145063089179004159e-05
-1.517428324332468299e-04
-2.556222108403250165e-04
-2.855587401232454522e-04
-2.325373072689102937e-04
-1.470811083783846054e-04
-1.094289640310816574e-04
-1.821176736176066864e-04
-3.769599306423018358e-04
-6.547570257654525489e-04
-9.533257392078912798e-04
-1.223655666129441462e-03
-1.453156769220405190e-03
-1.666041149319052398e-03
-1.904857459059807129e-03
-2.205865726506136496e-03
-2.581228782289545724e-03
-3.015004236357564545e-03
-3.472211785482459678e-03
-3.914808785371826257e-03
-4.316948789299383804e-03
-4.673864938934743120e-03
-5.002313211105812070e-03
-5.333880265251329626e-03
-5.704467083475446565e-03
-6.143650209739772924e-03
-6.666793861133337232e-03
-7.271396815442175872e-03
-7.937800847906134258e-03
-8.633418741768626031e-03
-9.319157733087796852e-03
-9.956632841772720954e-03
-1.051491966670828511e-02
-1.097583654762005270e-02
-1.133698718970001587e-02
-1.161203233579871305e-02
-1.182794617299256536e-02
-1.201941649054270693e-02
-1.222109413788873868e-02
-1.245902946323014342e-02
-1.274318974356773541e-02
-1.306318956705071303e-02
-1.338903482106462879e-02
-1.367763637001619473e-02
-1.388418033540122706e-02
-1.397555022444528852e-02
-1.394156686643964471e-02
-1.379962289216274743e-02
-1.358987141100343431e-02
-1.336138573183187975e-02
-1.315367291360089973e-02
-1.298089477427268393e-02
-1.282630279317323319e-02
-1.265077510833284048e-02
-1.241279540896652288e-02
-1.209058955192617198e-02
-1.169431568857115002e-02
-1.125998062492235448e-02
-1.082656045639270037e-02
-1.040885185749015375e-02
-9.983728474891671867e-03
-9.501584267306909665e-03
-8.919197208369372340e-03
-8.234065724975099532e-03
-7.495512104114818511e-03
-6.780883258434959766e-03
-6.149773444806552573e-03
-5.608075728150682671e-03
-5.110195639830544985e-03
-4.600508862558926743e-03
-4.062970363320669506e-03
-3.537712129343130538e-03
-3.087920984078272504e-03
-2.742552060118474532e-03
-2.464586047644917906e-03
-2.175967350056753988e-03
-1.821233555726686033e-03
-1.415032955822039884e-03
-1.030297190723157216e-03
-7.367505790183765313e-04
-5.456843974781217617e-04
-4.113236302029557438e-04
-2.848179130511852572e-04
-1.656886083502590197e-04
-9.844633301543541696e-05
-1.174697812519920505e-04
-1.964841610616185755e-04
-2.563666875258848615e-04
-2.282106356798597557e-04
-1.135916092180978615e-04
1.498156271833176451e-05
7.475454292278177438e-05
3.983937606649431349e-05
-4.367741119479091975e-05
-1.036743761673421320e-04
-1.040083158078232087e-04
-6.781149261908539440e-05
-4.624768446192692814e-05
-6.556021779835010407e-05
-1.005789263899138750e-04
-9.578231970288348242e-05
-1.335041104918996647e-05
1.327009658960999461e-04
2.828697609357585141e-04
3.725045544278886463e-04
3.754558827215639374e-04
3.212545150062929666e-04
2.771768532773394821e-04
3.100665677898484587e-04
4.528917083118951642e-04
6.940870721331734820e-04
9.915940918122625927e-04
1.299649114742640462e-03
1.592052542773900962e-03
1.870890034098105252e-03
2.159315316142991752e-03
2.485030183490696647e-03
2.864030351351027747e-03
3.292026008376091901e-03
3.746057899575348793e-03
4.194074047217352316e-03
4.607528344159011677e-03
4.971891111551158052e-03
5.291667317010117708e-03
5.588963641146137661e-03
5.896808370374676152e-03
6.249720365475403688e-03
6.674327783534369195e-03
7.182364260696556466e-03
7.767464521293667920e-03
8.406167139029276786e-03
9.062633927785335164e-03
9.695927408341005124e-03
1.026828518484945545e-02
1.075269184696134132e-02
1.113816970896048218e-02
1.143158873173912883e-02
1.165542401296277251e-02
1.184171957477008624e-02
1.202343651384813784e-02
1.222517959764238792e-02
1.245575854394199121e-02
1.270490247117937212e-02
1.294556565982270084e-02
1.314170896001293741e-02
1.325956630427424857e-02
1.327882377569638769e-02
1.319956878330003254e-02
1.304184846585900240e-02
1.283723486736541852e-02
1.261521338429516179e-02
1.239009522566734967e-02
1.215489895336368219e-02
1.188624036646927264e-02
1.155911507657070812e-02
1.116468197050714435e-02
1.072097589540872004e-02
1.026857963496000288e-02
9.850869214144462524e-03
9.488177075164043808e-03
9.161244850790723274e-03
8.816548008769841197e-03
8.394050377781464220e-03
7.862840151473165021e-03
7.242090465585094422e-03
6.591460909269396262e-03
5.974643281362074232e-03
5.419896663436072140e-03
4.906417318070187099e-03
4.388445957176203248e-03
3.840162166687861693e-03
3.285747313462924774e-03
2.787924575298584597e-03
2.401095613432667301e-03
2.126368286730088465e-03
1.907411683222751944e-03
1.673292274903828486e-03
1.393407113056295598e-03
1.097202747852571783e-03
8.414106940739490403e-04
6.550145293752112968e-04
5.133916092508026717e-04
3.663959703128925253e-04
1.937873110317179658e-04
3.378318468964379862e-05
-4.571119689847728942e-05
-9.565408814788720586e-06
1.053804341343063145e-04
2.117527814759457509e-04
2.364996551942807337e-04
1.732331123672220671e-04
7.845957399021235028e-05
1.853566488930164056e-05
1.575772499074991399e-05
3.858951851467474521e-05
3.918727226893870035e-05
7.687155143361904440e-07
-4.732599913879450480e-05
-5.762548537771546221e-05
-9.078817060975425201e-06
7.004218459185039536e-05
1.188627109234946625e-04
8.595199226390845396e-05
-3.553485643578715248e-05
-2.040483094798330589e-04
-3.574605363263562473e-04
-4.517485054000236152e-04
-4.855079204583845733e-04
-4.975274823690935570e-04
-5.425810673665162160e-04
-6.621478644353600727e-04
-8.665337588858861581e-04
-1.135618587718513093e-03
-1.434364112536351587e-03
-1.732601662312863037e-03
-2.018743896876654034e-03
-2.302147797935190192e-03
-2.605183657780700632e-03
-2.950405098430478306e-03
-3.349185125284280962e-03
-3.796282247813872069e-03
-4.271579641542134695e-03
-4.747307317275151553e-03
-5.197417415885335901e-03
-5.605660653160526689e-03
-5.969938900216047693e-03
-6.302056249134418281e-03
-6.623465871349429497e-03
-6.958623734711491017e-03
-7.327965091935595941e-03
-7.742359832088605356e-03
-8.200333635602945898e-03
-8.688557133156913845e-03
-9.185290437025317445e-03
-9.665781701469854451e-03
-1.010817681288096390e-02
-1.049838574181401023e-02
-1.083260565238120497e-02
-1.111679580118872177e-02
-1.136323117422119444e-02
-1.158514527460045331e-02
-1.179116031885566254e-02
-1.198144020327447656e-02
-1.214710941859373922e-02
-1.227345312964995758e-02
-1.234598463881267198e-02
-1.235710886340112176e-02
-1.231042140528476603e-02
-1.222016044123782307e-02
-1.210509532511671281e-02
-1.197872709284948309e-02
-1.184004509457998837e-02
-1.166992647672426484e-02
-1.143663662162645867e-02
-1.110988657227634374e-02
-1.067802542597807124e-02
-1.015973702081027392e-02
-9.602494736868893641e-03
-9.065723155530738819e-03
-8.595029619192322973e-03
-8.200475637356019129e-03
-7.851917204053078178e-03
-7.496222752996873490e-03
-7.088169733534766849e-03
-6.616852446953950737e-03
-6.110177819275396278e-03
-5.613157115776866088e-03
-5.153952657539566037e-03
-4.722166461567575690e-03
-4.277146017089449546e-03
-3.782504986060893862e-03
-3.241596163650875204e-03
-2.704975931379116280e-03
-2.240688585575596487e-03
-1.888030633358924078e-03
-1.631111534902258096e-03
-1.414758715054502056e-03
-1.190918585748511338e-03
-9.569673285420623446e-04
-7.527381951366264503e-04
-6.183196273734080936e-04
-5.500465770520516487e-04
-4.954317770351107956e-04
-3.941920776344880542e-04
-2.308690621228229735e-04
-5.248062045578245395e-05
6.593511100715280875e-05
7.979483119300129722e-05
8.660041974345559051e-06
-8.170761357332538956e-05
-1.313889141888189074e-04
-1.275630710650226256e-04
-1.025184710204662931e-04
-9.493333958574301003e-05
-1.112223691869398490e-04
-1.203595156747724594e-04
-8.436041273716735880e-05
3.810768052591911862e-06
1.077268734404092918e-04
1.707392410367551368e-04
1.564625309981240047e-04
7.581189221716239828e-05
-1.827451087542612858e-05
-6.308982715167571736e-05
-2.232163371553713354e-05
9.693645011344778390e-05
2.544268199781759957e-04
4.045881509652329865e-04
5.234581249486698748e-04
6.196192663068177077e-04
7.256583952458553694e-04
8.778000717964625247e-04
1.096204247574983663e-03
1.375772547791451889e-03
1.690297116757736185e-03
2.005931773359792298e-03
2.296497523721813087e-03
2.553790810939027527e-03
2.789492795584255346e-03
3.029302069476511993e-03
3.302738460571975898e-03
3.632916269243037510e-03
4.029685319422367761e-03
4.487694153569070192e-03
4.989036053229567967e-03
5.508829700358036999e-03
6.021608953118724045e-03
6.506661446821220170e-03
6.951180513155370139e-03
7.350950492870528437e-03
7.709003583001652893e-03
8.033109445258403147e-03
8.333044852372739619e-03
8.618390301809447304e-03
8.897223838984582439e-03
9.175665134625502969e-03
9.457896512568732608e-03
9.746152356897153438e-03
1.004027021896361331e-02
1.033671102780677441e-02
1.062738108978380537e-02
1.089896252781834100e-02
1.113359699060429558e-02
1.131152658380512634e-02
1.141564738356470876e-02
1.143701783895259907e-02
1.137950868158998756e-02
1.126140956275058398e-02
1.111229354858235194e-02
1.096489531119502515e-02
1.084386052935552500e-02
1.075519353371339262e-02
1.068104419033600108e-02
1.058331382835105659e-02
1.041634542222978112e-02
1.014470559627618854e-02
9.758715325652665695e-03
9.280045676855537551e-03
8.753409426882742886e-03
8.227106180662505444e-03
7.731714734730473285e-03
7.268551458357547929e-03
6.815188093416504368e-03
6.345641997429113217e-03
5.853079291939487956e-03
5.359655283640666137e-03
4.905049289172753318e-03
4.519372350939409276e-03
4.198453945920633916e-03
3.900462596249879271e-03
3.569574779720187125e-03
3.172733590280704587e-03
2.723786479299059819e-03
2.276012592671873384e-03
1.886521094675321780e-03
1.578112762988899713e-03
1.327836058113434194e-03
1.091656722410531662e-03
8.456679822191699638e-04
6.097083107333663762e-04
4.325820007105586054e-04
3.497957414173771123e-04
3.486951685336008608e-04
3.710901795364378265e-04
3.528452164886375234e-04
2.689944557989233371e-04
1.481799147424753347e-04
4.580528445580296697e-05
-7.051072294115393208e-07
2.334224279520840676e-06
1.724591292628997581e-05
1.194260557002694952e-05
-1.163301876586801865e-05
-2.146567424612231168e-05
1.281686594702932712e-05
8.818174203766079714e-05
1.632660740849998723e-04
1.847905138869065770e-04
1.251281353370324730e-04
3.060672664615054047e-06
-1.267918329557176239e-04
-2.076125362327375793e-04
-2.139272047922592820e-04
-1.640955469543421219e-04
-1.063613701842256739e-04
-8.988501637489780018e-05
-1.394772327939340520e-04
-2.477210650524532876e-04
-3.860726053925134628e-04
-5.257324947190268128e-04
-6.553782916036276097e-04
-7.867698678287899381e-04
-9.470607687628832157e-04
-1.163497550786200168e-03
-1.448898532785411388e-03
-1.794540159000451544e-03
-2.172709065442176082e-03
-2.546752982474022060e-03
-2.883862607724425094e-03
-3.165629465830042608e-03
-3.393103766687239915e-03
-3.585515884102595443e-03
-3.773969434350065745e-03
-3.992632514091288068e-03
-4.270123522753778433e-03
-4.623162727844459287e-03
-5.053556298211412875e-03
-5.548585158293154601e-03
-6.084139682971989420e-03
-6.629564241246092664e-03
-7.153115903345095596e-03
-7.627092914673401503e-03
-8.031932528028685320e-03
-8.358824512669166609e-03
-8.610592786351126821e-03
-8.800764934975557896e-03
-8.950909067398345534e-03
-9.086506585874891406e-03
-9.231866393890807154e-03
-9.404851132554757631e-03
-9.612413855061799350e-03
-9.848032391570487459e-03
-1.009196936615042173e-02
-1.031480734084159155e-02
-1.048392925426799502e-02
-1.057168000430609885e-02
-1.056312961969306172e-02
-1.046100711969702099e-02
-1.028578499504389718e-02
-1.007016383305609289e-02
-9.849097598869134204e-03
-9.648410642655728606e-03
-9.476160893968655144e-03
-9.320467761149154803e-03
-9.155320776731862634e-03
-8.952505127531242002e-03
-8.694612208301812431e-03
-8.382852534065099101e-03
-8.035210703370584961e-03
-7.675114937664716946e-03
-7.316239785531853529e-03
-6.952263111971118334e-03
-6.558852982740129289e-03
-6.108722153265591648e-03
-5.592283735011081489e-03
-5.031333698073927468e-03
-4.475428649903811368e-03
-3.980274529674103848e-03
-3.579328324874164573e-03
-3.266022987865723620e-03
-2.999103061632538408e-03
-2.729174989070167791e-03
-2.429762069577682398e-03
-2.111796438971355779e-03
-1.811171872995832833e-03
-1.558323234811615160e-03
-1.352776849926769567e-03
-1.162792333798694363e-03
-9.513670977402304604e-04
-7.088160332687341468e-04
-4.657238079805842666e-04
-2.744812074463985770e-04
-1.723147006130793966e-04
-1.540234921334674540e-04
-1.756696828783540305e-04
-1.862688803440972754e-04
-1.625139876154515313e-04
-1.196552253633383615e-04
-9.133044938322928573e-05
-9.616786138430992524e-05
-1.190154798238846160e-04
-1.220053947838823375e-04
-7.620243725481155471e-05
1.179843276052609367e-05
9.972423960020135607e-05
1.367184245010851906e-04
9.806323786331269123e-05
2.904541581732172585e-06
-9.673198065430314309e-05
-1.471934050814364373e-04
-1.235580525151281630e-04
-4.041932403589733769e-05
6.140316124415220740e-05
1.415369025844495307e-04
1.828952698245510248e-04
1.981928886569710104e-04
2.188973326321443915e-04
2.754221846424021640e-04
3.807326138556252934e-04
5.256674197694478868e-04
6.867278834276943199e-04
8.405664335775321150e-04
9.770201316619765621e-04
1.104556345820060115e-03
1.246496133367511411e-03
1.430737060709092985e-03
1.678022967631357136e-03
1.993590299002699715e-03
2.364947314642845688e-03
2.765861687141978834e-03
3.164481943490434022e-03
3.532522808067828975e-03
3.852644375191366811e-03
4.122179727358225854e-03
4.352692782595738233e-03
4.566022409322030573e-03
4.788218671162995307e-03
5.043029877745080700e-03
5.346430033492141458e-03
5.703233760737713536e-03
6.106286895734009366e-03
6.538171996517795972e-03
6.974911426316004505e-03
7.390830669759221316e-03
7.763580474360220335e-03
8.078315061382183165e-03
8.330184556904086240e-03
8.524612343110861759e-03
8.675262611700576901e-03
8.800101792975642892e-03
8.916429088325074706e-03
9.036081089400460620e-03
9.162087555493757945e-03
9.287790036220374551e-03
9.398830454931964007e-03
9.477581340848167946e-03
9.508744696537287447e-03
9.484286143988572559e-03
9.405871508623679308e-03
9.283673747433064324e-03
9.131711632058992639e-03
8.961371515058715390e-03
8.775842617091942494e-03
8.568260163420795411e-03
8.325096972055225086e-03
8.034034088965606377e-03
7.693062120455599999e-03
7.316170380435300762e-03
6.931721268341028280e-03
6.572662467871107257e-03
6.262011961809739111e-03
6.000436286120427315e-03
5.763029506810943281e-03
5.508650957415085064e-03
5.198690460306393431e-03
4.816244376418856929e-03
4.375176593336484697e-03
3.913212997909690759e-03
3.472205705526644395e-03
3.076865745727796163e-03
2.725042174895846506e-03
2.395891999550019830e-03
2.070552774406438524e-03
1.750850810979929020e-03
1.462010553930198501e-03
1.236064457187256412e-03
1.086876353306988558e-03
9.950748020102480156e-04
9.154460994038095007e-04
8.035730507604629163e-04
6.438878650850163136e-04
4.591071200041049001e-04
2.937540631038139155e-04
1.832464026391879958e-04
1.307701633226764516e-04
1.084339879906388149e-04
8.104726639994208918e-05
3.399782667229333616e-05
-1.605247446965198802e-05
-3.560675928365694177e-05
-2.763300701282904534e-06
7.190085663182547808e-05
1.477365948619376859e-04
1.783298235345992316e-04
1.407774422769629617e-04
5.005226512911130712e-05
-5.052672402102740070e-05
-1.155011014395064843e-04
-1.228080351145314478e-04
-8.330247352536930246e-05
-3.039379571567758833e-05
1.604440322014829419e-06
-3.771462091098748410e-06
-3.976642765027906543e-05
-8.559805088473295342e-05
-1.228342923714145643e-04
-1.485795057565059314e-04
-1.783443351134598889e-04
-2.380710442383076155e-04
-3.505842909592299383e-04
-5.238820262168064320e-04
-7.468007632971763793e-04
-9.933928570198368845e-04
-1.233274688568665759e-03
-1.443056977539262931e-03
-1.614268755501960338e-03
-1.755271277703299247e-03
-1.887291820763018890e-03
-2.036754659420148689e-03
-2.226936426649769873e-03
-2.471619211292923682e-03
-2.772276835327807092e-03
-3.118974866558611378e-03
-3.494069007704990980e-03
-3.877207914515555433e-03
-4.250114729281880693e-03
-4.600002173171514191e-03
-4.921061776449249525e-03
-5.214058430463515241e-03
-5.484512279565331369e-03
-5.740188799016314285e-03
-5.988638247452744180e-03
-6.235368358250233979e-03
-6.482966473536190023e-03
-6.731185432656704506e-03
-6.977743102259728256e-03
-7.219416214310801945e-03
-7.452971398865072990e-03
-7.675578328579914754e-03
-7.884567746271626404e-03
-8.076674196168776368e-03
-8.247157231697983468e-03
-8.389334357852058777e-03
-8.495009385662565665e-03
-8.556013868197244465e-03
-8.566642360206419560e-03
-8.526280900425968826e-03
-8.441188719101868840e-03
-8.324386900044425733e-03
-8.193050355011808478e-03
-8.063651255067832979e-03
-7.946125717925765775e-03
-7.839130238708559573e-03
-7.728583387328536239e-03
-7.590877430334205984e-03
-7.400478515298494243e-03
-7.139645469785247181e-03
-6.806552631850571432e-03
-6.418063102783600100e-03
-6.005158665472206878e-03
-5.602147253389744980e-03
-5.233938470709280193e-03
-4.907224000565384506e-03
-4.610128580192599489e-03
-4.320942990786119306e-03
-4.021657372809936230e-03
-3.708881827477390238e-03
-3.395572617540378556e-03
-3.101947682527816247e-03
-2.840634163539832151e-03
-2.605427628980632338e-03
-2.371834819121051551e-03
-2.110750924242601936e-03
-1.807935394886326427e-03
-1.477043249994472538e-03
-1.156735770110098186e-03
-8.919259503411048652e-04
-7.097254218603352106e-04
-6.049755371488557774e-04
-5.448027734798533469e-04
-4.894649069748338880e-04
-4.159098757036456704e-04
-3.286047941694235017e-04
-2.509484963946201483e-04
-2.040522175802192265e-04
-1.883899976022829421e-04
-1.815483355902849352e-04
-1.536542129485802947e-04
-8.938452538926637742e-05
-7.816827519238000419e-07
7.840705055465561890e-05
1.133029175211538282e-04
8.973322532572432274e-05
2.316046107640105681e-05
-5.055661481951284820e-05
-9.598054416630636147e-05
-9.708595148422560631e-05
-6.320812822364884340e-05
-1.969308063648266566e-05
9.579984049243870761e-06
1.658318559609111507e-05
1.232707785583557421e-05
1.824024941215980077e-05
5.202567531545489410e-05
1.167054701671932523e-04
1.988206507400281037e-04
2.761233894551439957e-04
3.300419630033171107e-04
3.562465863442696909e-04
3.682675205543414158e-04
3.929173987054641578e-04
4.600811893489362039e-04
5.915360134496472485e-04
7.932631225944391552e-04
1.053753784720727355e-03
1.348237167648376044e-03
1.646691743334949840e-03
1.922591193826510584e-03
2.159636449728943256e-03
2.354845900414432192e-03
2.517748867813296692e-03
2.666559973081770746e-03
2.822827803416579767e-03
3.006112868543419064e-03
3.229894436247791011e-03
3.499347375960127054e-03
3.811071499701967815e-03
4.154435084493353879e-03
4.513968285079378653e-03
4.872199252967156571e-03
5.212412217926681510e-03
5.520955485760019148e-03
5.788880335224583056e-03
6.012813215132385529e-03
6.195042762505720453e-03
6.342850294749338355e-03
6.467149836971997079e-03
6.580554564182277029e-03
6.695064181114930048e-03
6.819668154430244718e-03
6.958258441482335216e-03
7.108301394513041188e-03
7.260685091577801994e-03
7.400999861244318169e-03
7.512221152475194279e-03
7.578386279676888743e-03
7.588481596228977000e-03
7.539512480350157170e-03
7.437744687829193381e-03
7.297461773825189568e-03
7.137256629128371603e-03
6.974709724001551363e-03
6.821028342603365630e-03
6.677512628593831531e-03
6.535340339667588053e-03
6.379105604831352035e-03
6.193091815418505681e-03
5.967956006927678872e-03
5.704987027445181449e-03
5.415800325739797243e-03
5.117184521665806354e-03
4.823148326393893875e-03
4.537935061321563164e-03
4.253835214912721381e-03
3.955648323763541994e-03
3.630289086078349395e-03
3.276904878710575411e-03
2.911807687217411646e-03
2.564540724524781018e-03
2.265888657351990305e-03
2.033375479195233867e-03
1.861981861139917586e-03
1.725738968080259284e-03
1.590174830058041586e-03
1.429321927491939695e-03
1.237947091829852842e-03
1.032060773237127764e-03
8.375677470512799937e-04
6.741354594404997194e-04
5.443653549298554679e-04
4.349728767275351298e-04
3.288431220394002282e-04
2.195639714678745264e-04
1.182382622795756912e-04
4.742869481648212803e-05
2.576835720053027420e-05
5.329160356539953183e-05
1.074614661868944059e-04
1.531470050084454432e-04
1.608515644619569614e-04
1.221897492107905804e-04
5.334837043305160173e-05
-1.523233022117665558e-05
-5.639113104490615745e-05
-6.048867666769380222e-05
-3.846852893310179732e-05
-1.295881214631560208e-05
-3.634152210147971088e-06
-1.581629480561293780e-05
-3.862200831689974445e-05
-5.297452443824218689e-05
-4.423650743082912747e-05
-1.213015716488319825e-05
2.730685514983555233e-05
4.836737917651889776e-05
2.714796144728207845e-05
-4.794012060595143949e-05
-1.713947195929486564e-04
-3.232577929561866866e-04
-4.774223675997936196e-04
-6.117117573112119218e-04
-7.156310936877023372e-04
-7.931696117839390821e-04
-8.602699862536087152e-04
-9.385582853072088833e-04
-1.047960666723580332e-03
-1.200753710311201284e-03
-1.398680862979018993e-03
-1.633516731784458772e-03
-1.890357175451289626e-03
-2.152263898061531570e-03
-2.404779672746232538e-03
-2.639152331294122421e-03
-2.853663163325688250e-03
-3.053040856612261513e-03
-3.246400856192509232e-03
-3.444404969053284100e-03
-3.656382218914004233e-03
-3.888033430010357991e-03
-4.140124569286458486e-03
-4.408322595599434464e-03
-4.684093527102017700e-03
-4.956398333011379637e-03
-5.213804362122854107e-03
-5.446583087962660226e-03
-5.648386982592209886e-03
-5.817183362882253836e-03
-5.955261332944442737e-03
-6.068304135479841814e-03
-6.163710117253407700e-03
-6.248519225048803499e-03
-6.327420386938406929e-03
-6.401340785774400563e-03
-6.467024673340131952e-03
-6.517794486208800149e-03
-6.545381897082226501e-03
-6.542388882409153235e-03
-6.504684016232526768e-03
-6.432956325940889820e-03
-6.332807690947912793e-03
-6.213168719167011349e-03
-6.083386543205027489e-03
-5.949884356938655618e-03
-5.813615173596367591e-03
-5.669440347594460576e-03
-5.507991447432223492e-03
-5.319644694435445888e-03
-5.099265220352695686e-03
-4.849785214275092148e-03
-4.582826743694137436e-03
-4.315574772745785735e-03
-4.064676153833251399e-03
-3.839461181045370278e-03
-3.637500491356619129e-03
-3.444894919119476269e-03
-3.241789515020501201e-03
-3.011132458730240991e-03
-2.746846169223646651e-03
-2.457425444139163875e-03
-2.162881731036929087e-03
-1.886188120860987898e-03
-1.643347626925648411e-03
-1.437210840028889077e-03
-1.258401665249545909e-03
-1.092884017591469860e-03
-9.318488305175108696e-04
-7.780119325155491561e-04
-6.442601568367583307e-04
-5.450459455791573701e-04
-4.854862594283643499e-04
-4.549552442671762529e-04
-4.297205474837812638e-04
-3.839565570270670716e-04
-3.033101738661905366e-04
-1.932774946920479586e-04
-7.729910288615871917e-05
1.474611879317769992e-05
6.147163351882144926e-05
6.021811496208010324e-05
2.722004005484370250e-05
-1.191534523431043551e-05
-3.570707805290890562e-05
-3.671685695536531743e-05
-2.282309185299469085e-05
-9.948594582495855589e-06
-1.104706285962457724e-05
-2.781689271484409379e-05
-4.957236434888239634e-05
-5.942637997232967932e-05
-4.396385306379255756e-05
-1.002345684259830360e-06
5.858138712193546038e-05
1.156797120865011213e-04
1.518263679155426561e-04
1.577776381589418998e-04
1.379638799315629778e-04
1.091519615615246032e-04
9.429243060132983195e-05
1.143910840143075108e-04
1.816777079165051085e-04
2.964141502462089729e-04
4.480071093533317776e-04
6.194565061115221575e-04
7.931805926208018156e-04
9.561393352007525187e-04
1.102783484470559565e-03
1.235320747671630158e-03
1.361711997418969724e-03
1.492403572363235368e-03
1.636960147577129574e-03
1.801544330919865921e-03
1.987751390616256195e-03
2.192830239678293918e-03
2.410947558800871551e-03
2.634956018605322074e-03
2.858116931289625233e-03
3.075359225217773416e-03
3.283862979455520401e-03
3.482968814584807508e-03
3.673581730855517147e-03
3.857330103485706509e-03
4.035751314932181644e-03
4.209717467176207414e-03
4.379212402541740774e-03
4.543454739263528587e-03
4.701259874425883431e-03
4.851470344124627319e-03
4.993272678449381732e-03
5.126262359353426709e-03
5.250206456091199847e-03
5.364564086686606295e-03
5.467927853579369543e-03
5.557612324303445178e-03
5.629611787628862815e-03
5.679066981090421552e-03
5.701229466488697863e-03
5.692728043065082948e-03
5.652779849053229770e-03
5.583913009472533245e-03
5.491828562696620016e-03
5.384242299474749707e-03
5.268874889603787116e-03
5.151108935250823563e-03
5.032075717130502987e-03
4.907947891528431118e-03
4.770929881213494678e-03
4.611891572904343664e-03
4.423940106936847735e-03
4.205714547714813761e-03
3.963069990969953285e-03
3.708234823133351333e-03
3.456416400570907956e-03
3.220902488915605363e-03
3.008509560544476644e-03
2.817338756628979483e-03
2.638029746353927948e-03
2.458256848210345086e-03
2.268673726576990544e-03
2.067627265442861101e-03
1.862278286729072757e-03
1.665311036584922206e-03
1.488567334427962638e-03
1.336661844291672655e-03
1.203950840438227114e-03
1.076788453237669582e-03
9.403756978283230343e-04
7.869823370040491053e-04
6.212907430643764507e-04
4.597852071049727011e-04
3.240389417219502206e-04
2.309621375124534662e-04
1.848245691096513229e-04
1.751170191260896525e-04
1.813726632628639675e-04
1.824767622505136231e-04
1.657007935489418515e-04
1.309615845372862455e-04
8.846471935001571025e-05
5.145198438442922102e-05
2.826793479272229635e-05
1.806738256452110301e-05
1.224765510685703307e-05
4.396702206408022055e-07
-2.255082131987654620e-05
-5.282164425630692800e-05
-7.865277501622413528e-05
-8.631100882442603367e-05
-6.735188289729616572e-05
-2.371184138167620144e-05
3.190290873070328304e-05
8.047407582755670616e-05
1.038671055259847469e-04
9.155404074823419829e-05
4.408261867984518395e-05
-2.789444760164450768e-05
-1.082952704374579288e-04
-1.818647240762742050e-04
-2.395223198799040470e-04
-2.809660470794832763e-04
-3.139448887241963145e-04
-3.508818773976473109e-04
-4.043464598948069504e-04
-4.830301648791962489e-04
-5.894469567634454685e-04
-7.198241302343611489e-04
-8.658876272781843367e-04
-1.017723338213354567e-03
-1.166724047950330832e-03
-1.307784350968885885e-03
-1.440264761976429563e-03
-1.567661846871135859e-03
-1.696265902084278122e-03
-1.833286716596235636e-03
-1.984965315614399626e-03
-2.155095673261793639e-03
-2.344210379018058909e-03
-2.549496695488964650e-03
-2.765350669259375536e-03
-2.984373480877134353e-03
-3.198572522637343346e-03
-3.400540872035382779e-03
-3.584435451765883782e-03
-3.746636980943009784e-03
-3.886037823034226013e-03
-4.003957040079855929e-03
-4.103721885619485144e-03
-4.189983263165349310e-03
-4.267853612981173037e-03
-4.341973257399318713e-03
-4.415626646921481414e-03
-4.490040239761843889e-03
-4.563991975889487157e-03
-4.633839570760698093e-03
-4.694023864694258329e-03
-4.738022890756287027e-03
-4.759630603551279204e-03
-4.754331189295015088e-03
-4.720464784968787623e-03
-4.659865414573062525e-03
-4.577721725125173322e-03
-4.481571133774581855e-03
-4.379565120088349181e-03
-4.278383702880548221e-03
-4.181354874331184683e-03
-4.087373111509939351e-03
-3.991060953204355125e-03
-3.884285483856558027e-03
-3.758704174127965383e-03
-3.608609463989847881e-03
-3.433128907513393127e-03
-3.236940481777846133e-03
-3.029104449949589651e-03
-2.820282247461153476e-03
-2.619276615597384509e-03
-2.430205835450651754e-03
-2.251506558800562153e-03
-2.077312923896005269e-03
-1.900787062246521658e-03
-1.718067513323155672e-03
-1.531084886855676834e-03
-1.347833253565689600e-03
-1.179724220780523471e-03
-1.036982741717451875e-03
-9.240619304633982799e-04
-8.372258553466959590e-04
-7.655989082539026809e-04
-6.954268017623100456e-04
-6.157463312359684731e-04
-5.228925366271420898e-04
-4.217240478273599682e-04
-3.229674304589912190e-04
-2.379553126252194751e-04
-1.733233547824813547e-04
-1.282587628853471700e-04
-9.560989849792494554e-05
-6.620593500089900509e-05
-3.409783144684832364e-05
3.618924627408828749e-08
2.913108170298026739e-05
4.355851958128797974e-05
3.663252498584000834e-05
9.024061263614519343e-06
-3.017236100062894159e-05
-6.635818290850034791e-05
-8.507420017065939124e-05
-7.784597068228881779e-05
-4.565557380358798692e-05
1.423264494015362157e-06
4.818821080237736473e-05
8.013879843255704641e-05
8.879110885178478809e-05
7.447868310911551183e-05
4.579509529792571710e-05
1.619620976512535642e-05
-7.182238899871081695e-07
4.574200860777646887e-06
3.519501933140044422e-05
8.797350872082014138e-05
1.555981749722229999e-04
2.297829987640380163e-04
3.042415452565469069e-04
3.765212590426415535e-04
4.482777064803566557e-04
5.241382416863930686e-04
6.097241246018798855e-04
7.095669518441627497e-04
8.255688605300922191e-04
9.563935820190552816e-04
1.097849380126272390e-03
1.244040402094022434e-03
1.388889413039047765e-03
1.527595549012288187e-03
1.657668300998313459e-03
1.779330607021953727e-03
1.895258814580826545e-03
2.009780910128712485e-03
2.127757343681133551e-03
2.253409095402014034e-03
2.389338797539325345e-03
2.535926783865324191e-03
2.691194092319878356e-03
2.851128378790383690e-03
3.010383329616219024e-03
3.163199896673243253e-03
3.304365867851594054e-03
3.430031390669601322e-03
3.538230166763385500e-03
3.629013389531683328e-03
3.704177117419756114e-03
3.766642111839899922e-03
3.819615117918543582e-03
3.865708976671802712e-03
3.906214695222651450e-03
3.940695004669493226e-03
3.967006211819581324e-03
3.981762044785118124e-03
3.981147109961839098e-03
3.961892501541378585e-03
3.922168029196437117e-03
3.862145865886542143e-03
3.784058692637465911e-03
3.691703379117639364e-03
3.589500841731943937e-03
3.481370031017656883e-03
3.369759669694231876e-03
3.255166085752762405e-03
3.136336328326551695e-03
3.011137427014237439e-03
2.877827704135620807e-03
2.736280419807583884e-03
2.588665372919568899e-03
2.439234297673084292e-03
2.293160372467710137e-03
2.154759152787517895e-03
2.025726987061655764e-03
1.904132583176540482e-03
1.784707653718481868e-03
1.660532002444337421e-03
1.525644199192881419e-03
1.377654937568506197e-03
1.219310564764191935e-03
1.058254774604029365e-03
9.048968331765726335e-04
7.690722721819047121e-04
6.567474215065028298e-04
5.680974685905818564e-04
4.977942918391903716e-04
4.374440927427800845e-04
3.791872023891985129e-04
3.189318116521402458e-04
2.578108133297800169e-04
2.012090589930319400e-04
1.557891255309372706e-04
1.258619990065851994e-04
1.107755675343007870e-04
1.045618575507961927e-04
9.807717110680563431e-05
8.274212296848493784e-05
5.425508998641836300e-05
1.464532677034668689e-05
-2.825163213819059614e-05
-6.370435233959936252e-05
-8.218553323138087113e-05
-7.899940659856778311e-05
-5.602246609650343408e-05
-2.096260815830035449e-05
1.544673246441780057e-05
4.312772174087873411e-05
5.578405520206878670e-05
5.237961137888127880e-05
3.660237082792631497e-05
1.473178981527923895e-05
-7.134485123645072738e-06
-2.542100080065394559e-05
-4.019840272755734748e-05
-5.484118724043319940e-05
-7.451873899006110032e-05
-1.041858024860809834e-04
-1.468230583108857425e-04
-2.024968187227196186e-04
-2.684634360550741368e-04
-3.401786110524456300e-04
-4.128054838903699145e-04
-4.827146042554058300e-04
-5.485354853004025715e-04
-6.115040052173304928e-04
-6.750779415594194630e-04
-7.439925531061271574e-04
-8.230502886460883431e-04
-9.159656425763450282e-04
-1.024528993269437430e-03
-1.148242174170563011e-03
-1.284450588400290211e-03
-1.428884927229859790e-03
-1.576452055697440471e-03
-1.722088001908188542e-03
-1.861502719064671209e-03
-1.991694428718054563e-03
-2.111175034716929275e-03
-2.219911686446305807e-03
-2.319040690566253997e-03
-2.410441144232799461e-03
-2.496264662590674376e-03
-2.578506781302926810e-03
-2.658680744929078996e-03
-2.737622910762266704e-03
-2.815428515507937147e-03
-2.891493390110336584e-03
-2.964625301085687878e-03
-3.033188861045527009e-03
-3.095258213535140562e-03
-3.148767241848926535e-03
-3.191661753131683470e-03
-3.222065995086588301e-03
-3.238472938377778745e-03
-3.239953393954906734e-03
-3.226356850686002212e-03
-3.198454447953690948e-03
-3.157961544521228382e-03
-3.107383147156776802e-03
-3.049655235225911740e-03
-2.987606847952446829e-03
-2.923331088267485701e-03
-2.857609693407705057e-03
-2.789563760703440021e-03
-2.716684039519657538e-03
-2.635320255362186715e-03
-2.541589568286252605e-03
-2.432527492322466515e-03
-2.307192251252935568e-03
-2.167389798446968732e-03
-2.017742433350072292e-03
-1.864981697295792218e-03
-1.716572362555466962e-03
-1.579002998931090980e-03
-1.456229553191774363e-03
-1.348764646915809893e-03
-1.253741902029161708e-03
-1.165986440387708654e-03
-1.079781718870758854e-03
-9.907611817708879970e-04
-8.972788372967038101e-04
-8.007736362069545893e-04
-7.049980540374840973e-04
-6.144081423685267881e-04
-5.323456172794428787e-04
-4.597407399960538399e-04
-3.948720908313130620e-04
-3.342978215777116257e-04
-2.745856819756139892e-04
-2.141175830973572332e-04
-1.541838944894377984e-04
-9.885163122549768598e-05
-5.358809997797806776e-05
-2.314448307933437155e-05
-9.531947237680216050e-06
-1.091361909177304876e-05
-2.188751307246372519e-05
-3.508967818713068303e-05
-4.352774134732758000e-05
-4.277387951592764257e-05
-3.221235704766241433e-05
-1.491452229041567407e-05
3.756932602426491969e-06
1.824638651019525962e-05
2.481197548533413131e-05
2.273151084102328050e-05
1.434117874057532804e-05
3.991474723875632724e-06
-3.612841960294202614e-06
-5.042462612728300854e-06
8.347707768090046742e-07
1.275130886655939408e-05
2.781878142158993790e-05
4.285026488511592825e-05
5.573322603213611974e-05
6.638604083484043019e-05
7.700613605616270219e-05
9.156699862428375374e-05
1.147563382852838154e-04
1.506982046625993945e-04
2.018344131876452778e-04
2.682624326176934735e-04
3.476761694976354873e-04
4.358850931959387101e-04
5.277445426147375600e-04
6.182481730408672868e-04
7.035229764584606830e-04
7.815188467406327224e-04
8.522756633685042195e-04
9.177539022792475121e-04
9.813052078563450076e-04
1.046920377280321579e-03
1.118416792949184727e-03
1.198717442040195431e-03
1.289337637776424546e-03
1.390144901206714348e-03
1.499403791996651268e-03
1.614070321726318114e-03
1.730266213362431724e-03
1.843844480152022390e-03
1.950954391775053124e-03
2.048523560888552628e-03
2.134594140783644799e-03
2.208475157252364884e-03
2.270700222462250072e-03
2.322806244743864240e-03
2.366971797883931500e-03
2.405571600134545369e-03
2.440714520401886592e-03
2.473835452092955703e-03
2.505405449707326111e-03
2.534809505241695984e-03
2.560417995692615759e-03
2.579848194430774469e-03
2.590379840846701587e-03
2.589458547424521723e-03
2.575198630459767622e-03
2.546788527180928602e-03
2.504711594021337504e-03
2.450724095653754493e-03
2.387577743219952697e-03
2.318528734153770150e-03
2.246727465320465765e-03
2.174619654895480324e-03
2.103498606284402977e-03
2.033322980171507494e-03
1.962856212181974917e-03
1.890103862345541728e-03
1.812943368437221073e-03
1.729780598757638945e-03
1.640050242698905562e-03
1.544413311703839511e-03
1.444590061562884718e-03
1.342878784402004328e-03
1.241516032829557449e-03
1.142095278382877169e-03
1.045252318969217562e-03
9.507419865158227637e-04
8.578936534023922852e-04
7.662871496257993168e-04
6.763896058448350254e-04
5.898809751414829531e-04
5.094867652091698666e-04
4.383079681332009161e-04
3.788334328727609342e-04
3.319663141858872671e-04
2.964321218360804603e-04
2.688362484428417649e-04
2.444288259108537984e-04
2.183844408983383345e-04
1.872048604106800733e-04
1.497826373809216390e-04
1.077559605058856575e-04
6.501401059713261214e-05
2.649847553343479952e-05
-3.312102849621495261e-06
-2.174078767236592208e-05
-2.864413636256566754e-05
-2.632147314066495038e-05
-1.866876700275190801e-05
-9.895334909505994024e-06
-3.252896713732471800e-06
-1.971952844382917039e-07
-2.308617381379471460e-07
-1.430237763331161466e-06
-1.428097281797654864e-06
1.513418998678008661e-06
7.710164560057552156e-06
1.579528454038085103e-05
2.304965585182390872e-05
2.618652458031307665e-05
2.231745387155425881e-05
9.788447709034472878e-06
-1.136341526788175190e-05
-3.945085651793322877e-05
-7.163850093719880687e-05
-1.047412315862390151e-04
-1.360849202488739230e-04
-1.641986500238613725e-04
-1.891723795121850354e-04
-2.126149800136012706e-04
-2.372531917498311147e-04
-2.662945685136040679e-04
-3.027196828125110271e-04
-3.486665485719873947e-04
-4.050308130971224177e-04
-4.713437335128125454e-04
-5.459236822775461167e-04
-6.262411893740521757e-04
-7.094024261733205194e-04
-7.926453484271223570e-04
-8.737544335630405279e-04
-9.513279321970206058e-04
-1.024867672625031029e-03
-1.094697606036934339e-03
-1.161746908462944587e-03
-1.227252420764899992e-03
-1.292441983361485199e-03
-1.358255597321665056e-03
-1.425147815287570617e-03
-1.492995811187676708e-03
-1.561116953082067023e-03
-1.628380865015582836e-03
-1.693386649522616097e-03
-1.754667917526782318e-03
-1.810887220168628077e-03
-1.860987012768455275e-03
-1.904275068614608548e-03
-1.940436220784314903e-03
-1.969476912087853113e-03
-1.991621651846275150e-03
-2.007188799592262221e-03
-2.016475520768810231e-03
-2.019677746520415901e-03
-2.016861239143285037e-03
-2.007986394052114522e-03
-1.992975165657070221e-03
-1.971796912956760156e-03
-1.944544163761924684e-03
-1.911471339971724690e-03
-1.872979617374476722e-03
-1.829547387723455933e-03
-1.781624291514488645e-03
-1.729522247500970287e-03
-1.673344054132240794e-03
-1.612985262870815333e-03
-1.548227408617652411e-03
-1.478913466548838077e-03
-1.405166414797182073e-03
-1.327588150681357354e-03
-1.247367722025380333e-03
-1.166240777962384428e-03
-1.086276498671751413e-03
-1.009517252583822921e-03
-9.375469274285506624e-04
-8.711002924116136720e-04
-8.098335653493086376e-04
-7.523480867576633506e-04
-6.964977170840756272e-04
-6.399306999605322782e-04
-5.807410302518832080e-04
-5.180574957743097793e-04
-4.523990122531797295e-04
-3.856778450756199019e-04
-3.208263130002303020e-04
-2.611314191168161809e-04
-2.094520930350239661e-04
-1.675353454408764120e-04
-1.356245879713198672e-04
-1.124700465725458404e-04
-9.573215015402924966e-05
-8.265134286790379249e-05
-7.077979831362209791e-05
-5.855743388443362577e-05
-4.557047751353226811e-05
-3.243666957017714102e-05
-2.038147489756189827e-05
-1.066462503820883757e-05
-4.055479375976919313e-06
-5.282137379076855287e-07
7.344799405325023936e-07
1.048030724655978976e-06
1.757873953613341213e-06
3.765071265904199638e-06
7.209929594103065048e-06
1.142037683978173127e-05
1.514257468631877444e-05
1.698046249771080051e-05
1.590720317914475510e-05
1.169277992133123689e-05
5.120905131317852972e-06
-2.067068275144617624e-06
-7.484921250551097330e-06
-8.585572938240267136e-06
-3.189658514062928405e-06
1.007258183330435628e-05
3.150774361647802022e-05
6.034309094724862817e-05
9.493719054910180913e-05
1.331556335045656816e-04
1.728188571281792077e-04
2.121224776506291454e-04
2.499468074308784193e-04
2.860044792530060630e-04
3.208139067611164756e-04
3.555223476510179881e-04
3.916284802959693221e-04
4.306668955355393469e-04
4.739155090278706814e-04
5.221742537327388450e-04
5.756438959256763438e-04
6.339123041665984141e-04
6.960362855490965497e-04
7.606931985544076189e-04
8.263693895680248409e-04
8.915520134181420227e-04
9.548957629041919526e-04
1.015344542528019527e-03
1.072198077718124372e-03
1.125122966868630833e-03
1.174115363836434603e-03
1.219427546315816728e-03
1.261472916161471801e-03
1.300723828961681356e-03
1.337614727720045889e-03
1.372460156264149233e-03
1.405394096067482659e-03
1.436334255341415594e-03
1.464972716733145639e-03
1.490792710480610224e-03
1.513109988047669401e-03
1.531135978713838146e-03
1.544058301536225955e-03
1.551132135528514181e-03
1.551773561578933744e-03
1.545643737827563993e-03
1.532711373629270504e-03
1.513281248114696324e-03
1.487979170815751902e-03
1.457689103343587887e-03
1.423445830079721284e-03
1.386295523878337908e-03
1.347145070338794147e-03
1.306626969248972934e-03
1.265007978899731957e-03
1.222165018601303541e-03
1.177641011270951724e-03
1.130777698207674096e-03
1.080904904865297644e-03
1.027550288095177176e-03
9.706244876970759839e-04
9.105371730585924131e-04
8.482110478884531592e-04
7.849820299220303891e-04
7.224003050682613379e-04
6.619724280573994601e-04
6.049021786063160872e-04
5.518918955965400634e-04
5.030540742554478854e-04
4.579569840906040678e-04
4.157940644973585008e-04
3.756338950304357249e-04
3.366851036327254813e-04
2.985057731766819827e-04
2.611020587200339705e-04
2.248922676273363902e-04
1.905517997736403931e-04
1.587895090532805403e-04
1.301263379262349756e-04
1.047458019544483246e-04
8.246291674699278266e-05
6.282019769028655658e-05
4.527812286314224970e-05
2.943598361689736255e-05
1.520758115124659566e-05
2.888796249512267347e-06
-6.912900012974050579e-06
-1.347352641547314206e-05
-1.621851228483877936e-05
-1.498111605354002259e-05
-1.017380419480133687e-05
-2.815739878103509564e-06
5.600676391278515470e-06
1.337617547349977507e-05
1.893857818831790957e-05
2.116003522359450557e-05
1.957740613160487074e-05
1.446107910566002187e-05
6.716559156035580315e-06
-2.355209237579792216e-06
-1.137953526767343882e-05
-1.923548815388863032e-05
-2.531550060500545457e-05
-2.966316395674784044e-05
-3.296619015718739605e-05
-3.641512163229087813e-05
-4.146660062427389413e-05
-4.956697126623904593e-05
-6.189512959449858741e-05
-7.917379688971171181e-05
-1.015794766565789102e-04
-1.287584768902387815e-04
-1.599348487807878999e-04
-1.940801357343962825e-04
-2.301068486030725187e-04
-2.670479741270258083e-04
-3.041922327080442447e-04
-3.411567279595033981e-04
-3.778921362353244062e-04
-4.146279521246214270e-04
-4.517745160069283768e-04
-4.898035206095604794e-04
-5.291292912224811705e-04
-5.700100029766165923e-04
-6.124822866180843232e-04
-6.563357318559065760e-04
-7.011269095507387033e-04
-7.462267266371240678e-04
-7.908908635542254541e-04
-8.343410031327951840e-04
-8.758444854724918224e-04
-9.147816073439646528e-04
-9.506925684360328878e-04
-9.832995351171905547e-04
-1.012502947936456303e-03
-1.038354611084217746e-03
-1.061012930577457172e-03
-1.080687669767720115e-03
-1.097582614733219998e-03
-1.111844522404217611e-03
-1.123525677175567792e-03
-1.132565408595541390e-03
-1.138793215856490374e-03
-1.141952992135384813e-03
-1.141744620507255696e-03
-1.137876365727160700e-03
-1.130119473386604180e-03
-1.118355619034872538e-03
-1.102608598716300426e-03
-1.083053973789745291e-03
-1.060004051791298705e-03
-1.033870078890958537e-03
-1.005108063802379612e-03
-9.741583355946732865e-04
-9.413908829726582708e-04
-9.070680961834322277e-04
-8.713335346506635454e-04
-8.342301342746203264e-04
-7.957447811208964022e-04
-7.558697881114734849e-04
-7.146670651359814542e-04
-6.723190245232913819e-04
-6.291522935221542916e-04
-5.856260283828837237e-04
-5.422849835312172715e-04
-4.996865973342904830e-04
-4.583188922798636959e-04
-4.185297746300171442e-04
-3.804869449441918797e-04
-3.441809420198723465e-04
-3.094731406538981386e-04
-2.761783702174141499e-04
-2.441614525190967475e-04
-2.134214317448947609e-04
-1.841385694927462054e-04
-1.566675349448755968e-04
-1.314738820130629887e-04
-1.090264677591077156e-04
-8.967171920657777246e-05
-7.352273367335289726e-05
-6.039471634280461166e-05
-4.980809158374965265e-05
-4.106406818606504874e-05
-3.337868145624066401e-05
-2.604535396149764359e-05
-1.858720663230022577e-05
-1.086128233708628161e-05
-3.087508920190803744e-06
4.206984881953861821e-06
1.031719903556676676e-05
1.453444409510868925e-05
1.632586302117868779e-05
1.547871244608560302e-05
1.217746033791405389e-05
6.997705076481407076e-06
8.200582132446131909e-07
-5.315249162049405510e-06
-1.038025212351382758e-05
-1.352087875335198191e-05
-1.417602535621927011e-05
-1.213302163447272913e-05
-7.513350987434403503e-06
-6.974524885827271297e-07
7.790867388441037445e-06
1.741365909605397007e-05
2.773493533269508375e-05
3.850242011561665040e-05
4.968292315231209700e-05
6.144986323946343234e-05
7.413099007693358842e-05
8.813105997021924770e-05
1.038471447681313175e-04
1.215933458605143134e-04
1.415476764637859253e-04
1.637280006741045728e-04
1.879975846114905608e-04
2.140952958022999475e-04
2.416816931999467635e-04
2.703906194007521697e-04
2.998764020145853852e-04
3.298489722385165184e-04
3.600924560596547837e-04
3.904663501801770224e-04
4.208915905988234877e-04
4.513261584623886051e-04
4.817360739632687476e-04
5.120676665471802450e-04
5.422260400935402860e-04
5.720629767794465238e-04
6.013755143195342488e-04
6.299144602431315564e-04
6.574004898497020754e-04
6.835444320475519368e-04
7.080679850816843507e-04
7.307214117797923786e-04
7.512956295264963842e-04
7.696273462969537276e-04
7.855972704942621549e-04
7.991227013774840696e-04
8.101467772979012612e-04
8.186271654030362593e-04
8.245269409062020317e-04
8.278098377135247304e-04
8.284410556583728406e-04
8.263935599280145721e-04
8.216585346454948272e-04
8.142576008810744779e-04
8.042538010720510317e-04
7.917583414457607079e-04
7.769307237591487536e-04
7.599711153330047757e-04
7.411054046764945034e-04
7.205650699534113870e-04
6.985653966206135804e-04
6.752863796695865537e-04
6.508605842095240316e-04
6.253712211236126927e-04
5.988618275956382984e-04
5.713565367874032328e-04
5.428874527193423014e-04
5.135236699550210348e-04
4.833955073008999802e-04
4.527079072903022962e-04
4.217387618688440065e-04
3.908209038139786305e-04
3.603100870006408743e-04
3.305446882209462679e-04
3.018052729093771052e-04
2.742829014557358913e-04
2.480637723731184520e-04
2.231346215372469308e-04
1.994088174714814699e-04
1.767682803286890259e-04
1.551123420220817191e-04
1.344024866215621562e-04
1.146922191204063278e-04
9.613419389011018277e-05
7.896164797178139314e-05
6.344705184302346296e-05
4.984634256288501727e-05
3.834081094189883954e-05
2.898972064012326865e-05
2.170471721353393863e-05
1.625244354994911559e-05
1.228556564172686940e-05
9.396075520715845174e-06
7.179763596463134678e-06
5.298301706207725299e-06
3.526002332169793879e-06
1.771832720373627316e-06
7.280061726243410531e-08
-1.438925704350014305e-06
-2.587284751850796361e-06
-3.210524403508193208e-06
-3.213964827474794209e-06
-2.606740032907217515e-06
-1.515890868190904579e-06
-1.762923015447215758e-07
1.100029208626227469e-06
1.967688995467728860e-06
2.095288295719685011e-06
1.206847217644241084e-06
-8.900972309797460364e-07
-4.293787182538267162e-06
-9.015135463930030196e-06
-1.499891162788682107e-05
-2.215345335594770201e-05
-3.038208659170509753e-05
-3.960985881390838227e-05
-4.980082260998744929e-05
-6.096348219635193817e-05
-7.314457673702459608e-05
-8.641360039645745944e-05
-1.008419639814791597e-04
-1.164812921860628456e-04
-1.333450308099492555e-04
-1.513964874647312443e-04
-1.705449364287960632e-04
-1.906498135128021634e-04
-2.115316137398694099e-04
-2.329871092941232145e-04
-2.548060468317950604e-04
-2.767865695369306944e-04
-2.987471518270612631e-04
-3.205336788411061733e-04
-3.420212646250421181e-04
-3.631113043107321039e-04
-3.837249538919430825e-04
-4.037946378891222915e-04
-4.232552727901155143e-04
-4.420366923468756117e-04
-4.600583436887078158e-04
-4.772267911745316791e-04
-4.934360245634170387e-04
-5.085701137456211758e-04
-5.225074515064743151e-04
-5.351257107841282884e-04
-5.463067086370914814e-04
-5.559405777897452952e-04
-5.639289371581265994e-04
-5.701870539050450269e-04
-5.746452339701648955e-04
-5.772498150372528053e-04
-5.779641410221680485e-04
-5.767697765418077242e-04
-5.736680085328312853e-04
-5.686814372622951913e-04
-5.618552471914725795e-04
-5.532576317760887251e-04
-5.429788684340742773e-04
-5.311287134006100310e-04
-5.178320877840342446e-04
-5.032233983112223462e-04
-4.874401970511513379e-04
-4.706171436115277234e-04
-4.528813128931046851e-04
-4.343497453282775013e-04
-4.151297658216823575e-04
-3.953220566929787423e-04
-3.750258608481709809e-04
-3.543451462027147531e-04
-3.333942158375726816e-04
-3.123012065224168069e-04
-2.912082292903656056e-04
-2.702675412000807688e-04
-2.496339889300001457e-04
-2.294548602189315977e-04
-2.098590154794108416e-04
-1.909475604248628885e-04
-1.727882332430561894e-04
-1.554150866993274068e-04
-1.388340320233472775e-04
-1.230335697550714500e-04
-1.079988264676580553e-04
-9.372612416740224795e-05
-8.023496030084304050e-05
-6.757459194967210077e-05
-5.582337476226549529e-05
-4.508043331892104365e-05
-3.545084494890558271e-05
-2.702695678970546623e-05
-1.986940058653741708e-05
-1.399159349460930840e-05
-9.350942026331139376e-06
-5.848701976964964474e-06
-3.338747979693827117e-06
-1.643731067412410993e-06
-5.756302663349332772e-07
4.315137246505225608e-08
3.620564939364752701e-07
4.911805484053185110e-07
4.984186482616683345e-07
4.150546890346288940e-07
2.482273677574230266e-07
-2.584473600787707326e-09
-3.285800819585806459e-07
-6.976112935081565484e-07
-1.045810225206890062e-06
-1.276315060557523819e-06
-1.265070876628654711e-06
-8.723053556598776746e-07
4.273926640523649199e-08
1.606719991365522878e-06
3.919546210649023787e-06
7.046330751771569979e-06
1.101509840120245127e-05
1.582026825255122913e-05
2.143086658491504630e-05
2.780164203645654519e-05
3.488486598698874283e-05
4.264064421739791771e-05
5.104399394821413163e-05
6.008764101096344826e-05
6.978031565300170163e-05
8.014111686164990473e-05
9.119114114088016699e-05
1.029439425784302585e-04
1.153964705183146630e-04
1.285219359767291846e-04
1.422656484806601826e-04
1.565443295868441150e-04
1.712488461343029879e-04
1.862498061168011169e-04
2.014050928685494801e-04
2.165682198135376153e-04
2.315963775327118084e-04
2.463571978210076755e-04
2.607335343705375914e-04
2.746259027052343140e-04
2.879525761120265304e-04
3.006476485122046272e-04
3.126576108562497910e-04
3.239371222513980227e-04
3.344446851873333969e-04
3.441388657496355732e-04
3.529755560248755029e-04
3.609065853463651048e-04
3.678797798609507118e-04
3.738403739829133346e-04
3.787335148305899643e-04
3.825074863700775427e-04
3.851172204256669016e-04
3.865276564983424583e-04
3.867165554373147964e-04
3.856764537343771088e-04
3.834155541396339333e-04
3.799574725934186576e-04
3.753398898126184772e-04
3.696122776088842424e-04
3.628329751220690813e-04
3.550659690203538158e-04
3.463777752561558016e-04
3.368348203597421541e-04
3.265016720722841467e-04
3.154403712986217877e-04
3.037109748166786087e-04
2.913732433493936859e-04
2.784892225579828763e-04
2.651262917493303378e-04
2.513601263383425169e-04
2.372769635800099685e-04
2.229745978748928466e-04
2.085616703349925220e-04
1.941550486893771561e-04
1.798753908894257757e-04
1.658413054340217567e-04
1.521628092250940632e-04
1.389349837572771999e-04
1.262327957682422830e-04
1.141079518162679162e-04
1.025883978082275765e-04
9.168068523389028977e-05
8.137496484396260275e-05
7.165191409875881290e-05
6.249054088801771743e-05
5.387560617271533670e-05
4.580341971392375372e-05
3.828499600207525708e-05
3.134598018465870484e-05
2.502329659542986776e-05
1.935903974509281886e-05
1.439261542553091560e-05
1.015245600569495598e-05
6.648717688828623717e-06
3.868200453629969244e-06
1.772343229564416130e-06
2.986094378430145908e-07
-6.350084679401768897e-07
-1.123163684378112837e-06
-1.265178467300888233e-06
-1.157236903653804026e-06
-8.859773628021556687e-07
-5.244081685953942755e-07
-1.306117638942171483e-07
2.508162091927596364e-07
5.851276668068285313e-07
8.424745550553754196e-07
9.927193772829421723e-07
1.001040723602882316e-06
8.251554625995490456e-07
4.146293213981645919e-07
-2.876643694821741300e-07
-1.342273030435080003e-06
-2.808723597317989978e-06
-4.740727062984241595e-06
-7.181859595808493666e-06
-1.016241895701205957e-05
-1.369790999469628332e-05
-1.778930687727925950e-05
-2.242493045678923370e-05
-2.758352023850349437e-05
-3.323791198977293286e-05
-3.935867512294875478e-05
-4.591711893070294016e-05
-5.288722509428634002e-05
-6.024627340746102405e-05
-6.797415913274608022e-05
-7.605161471298360729e-05
-8.445771303027925102e-05
-9.316712234185945969e-05
-1.021475959959332390e-04
-1.113581177733586112e-04
-1.207480020031989610e-04
-1.302570897348698676e-04
-1.398170147010865190e-04
-1.493533610050117640e-04
-1.587884191884060309e-04
-1.680441821910739467e-04
-1.770452129304878541e-04
-1.857210577838421840e-04
-1.940079650939552467e-04
-2.018497799440008343e-04
-2.091980083725573252e-04
-2.160111585624911290e-04
-2.222535583120757718e-04
-2.278939064023171972e-04
-2.329038345529031457e-04
-2.372567362758763471e-04
-2.409270639365050355e-04
-2.438902147330537101e-04
-2.461230319300154365e-04
-2.476048525425926842e-04
-2.483189494121117841e-04
-2.482541549499658884e-04
-2.474064234150130485e-04
-2.457800921125208662e-04
-2.433886387675229877e-04
-2.402547977169646625e-04
-2.364099829790746897e-04
-2.318930605431336817e-04
-2.267486027902797187e-04
-2.210248324032211705e-04
-2.147715106826342496e-04
-2.080380383356300155e-04
-2.008720122989933368e-04
-1.933184218351180462e-04
-1.854195779289080257e-04
-1.772157633637960468e-04
-1.687464814160205735e-04
-1.600520848261130578e-04
-1.511754986254564101e-04
-1.421637222296186947e-04
-1.330688144212173625e-04
-1.239481291461426188e-04
-1.148636730335688598e-04
-1.058805833036585985e-04
-9.706485864620179266e-05
-8.848059513101691584e-05
-8.018706486960511313e-05
-7.223601213286170910e-05
-6.466952228923737213e-05
-5.751874448469390503e-05
-5.080362972297096754e-05
-4.453369991737006256e-05
-3.870971349802915083e-05
-3.332596336571879206e-05
-2.837285454270062788e-05
-2.383937628742540624e-05
-1.971511194045803565e-05
-1.599151428440598866e-05
-1.266230017946429496e-05
-9.722964182841229715e-06
-7.169552131810641058e-06
-4.996948851286296960e-06
-3.197001171836854324e-06
-1.756808696504493724e-06
-6.574705879999115770e-07
1.265129713676110716e-07
6.271035621642172431e-07
8.818943795781684048e-07
9.327385571599033889e-07
8.240627733033133224e-07
6.011242197635407280e-07
3.084536571610293975e-07
-1.132871896704359725e-08
-3.182216741610780165e-07
-5.750672792325435815e-07
-7.473705723066213858e-07
-8.028594064478069366e-07
-7.109625085607918215e-07
-4.423810147347611591e-07
3.110675252916794754e-08
7.365268707349947543e-07
1.699268076669780084e-06
2.942375363623023307e-06
4.485691300195808909e-06
6.344987725713899346e-06
8.531233265460395885e-06
1.105011850705600306e-05
1.390191632769069129e-05
1.708169863023883256e-05
2.057987296628434014e-05
2.438295311917769654e-05
2.847444456745501176e-05
3.283571351155325325e-05
3.744671775331040670e-05
4.228650647744303510e-05
4.733343830105268097e-05
5.256511542455695224e-05
5.795807842810605365e-05
6.348734406625065299e-05
6.912589197939610628e-05
7.484421271309395522e-05
8.061001870059389157e-05
8.638819436637085810e-05
9.214102571345208993e-05
9.782870936537407076e-05
1.034101020692317161e-04
1.088436396077243972e-04
1.140883331030295033e-04
1.191047432280087766e-04
1.238558392596915815e-04
1.283076686716865737e-04
1.324297908927219347e-04
1.361954617013977960e-04
1.395815877468758038e-04
1.425684993523270469e-04
1.451396103176364296e-04
1.472810433960863679e-04
1.489812985157820148e-04
1.502310282735729551e-04
1.510229638524303016e-04
1.513520075255681105e-04
1.512154792318589844e-04
1.506134783859665446e-04
1.495493017823517267e-04
1.480298469452106483e-04
1.460659290921655529e-04
1.436724491371418010e-04
1.408683684924563230e-04
1.376764712663281951e-04
1.341229222750163681e-04
1.302366561924831812e-04
1.260486553301501411e-04
1.215911878296376349e-04
1.168970824110693042e-04
1.119991095820429395e-04
1.069295232440165748e-04
1.017197931763784522e-04
9.640053130037568214e-05
9.100158687510693405e-05
8.555226188468317968e-05
8.008158129275131428e-05
7.461854596672534375e-05
6.919229987040535995e-05
6.383215695886434386e-05
5.856745496456602478e-05
5.342722963354219772e-05
4.843972999719482183e-05
4.363181892990015287e-05
3.902832011417950095e-05
3.465138027920029121e-05
3.051991332397969520e-05
2.664918137282897202e-05
2.305054904743801550e-05
1.973142442446349491e-05
1.669537691901573542e-05
1.394240221724368419e-05
1.146929020637394967e-05
9.270045320926998197e-06
7.336310188513028871e-06
5.657751929550213827e-06
4.222383868697954239e-06
3.016811023270464322e-06
2.026402681362173154e-06
1.235407197221702423e-06
6.270311376427040023e-07
1.835064890248568197e-07
-1.138337658891226563e-07
-2.844584014904922330e-07
-3.485144100172496653e-07
-3.266807989180584538e-07
-2.400093630129391250e-07
-1.097646431252028177e-07
4.272594559300449792e-08
1.962053656315909935e-07
3.296037677553894283e-07
4.221461085578477150e-07
4.534636004960740784e-07
4.037250411349223299e-07
2.538034377385800497e-07
-1.451109489417203995e-08
-4.182488185466439656e-07
-9.729544595362708682e-07
-1.692353949506132694e-06
-2.588018180361004514e-06
-3.669053374210769120e-06
-4.941848771344776132e-06
-6.409908916417509290e-06
-8.073790226805658361e-06
-9.931150785591458095e-06
-1.197690994583056199e-05
-1.420350214828171744e-05
-1.660119909403695761e-05
-1.915846753339960759e-05
-2.186232737404009629e-05
-2.469867688012638784e-05
-2.765255806687589590e-05
-3.070834503961163316e-05
-3.384984959516724952e-05
-3.706035028597978173e-05
-4.032256174660448498e-05
-4.361856903043683940e-05
-4.692975604552516690e-05
-5.023675747460612192e-05
-5.351945993359290700e-05
-5.675707119335054367e-05
-5.992826709638274392e-05
-6.301141562111178308e-05
-6.598486773050201901e-05
-6.882729642212997545e-05
-7.151805974737598048e-05
-7.403756107669656067e-05
-7.636758072061381765e-05
-7.849155690005320371e-05
-8.039480035198804265e-05
-8.206463464343702482e-05
-8.349046248998011224e-05
-8.466376598271131324e-05
-8.557805469473788763e-05
-8.622877949490891601e-05
-8.661323117967615671e-05
-8.673044173803027396e-05
-8.658110251320536596e-05
-8.616750831420415431e-05
-8.549353044129854055e-05
-8.456461548007849572e-05
-8.338780140890823594e-05
-8.197173872149026103e-05
-8.032670234648690778e-05
-7.846458031910624536e-05
-7.639882732340411641e-05
-7.414437500954217791e-05
-7.171749583734979402e-05
-6.913562243112013534e-05
-6.641712934915055611e-05
-6.358108816178383569e-05
-6.064700931053152317e-05
-5.763458513500599060e-05
-5.456344766151505454e-05
-5.145295244240565279e-05
-4.832199628483317005e-05
-4.518887261055252959e-05
-4.207116399018897272e-05
-3.898566761052612705e-05
-3.594834649275754972e-05
-3.297429746389736552e-05
-3.007772631826384399e-05
-2.727192124007548303e-05
-2.456921721089431234e-05
-2.198094650646163024e-05
-1.951737315875407610e-05
-1.718761208057515504e-05
-1.499953612139051880e-05
-1.295967641657133535e-05
-1.107312286221738936e-05
-9.343432333261366053e-06
-7.772552371590839407e-06
-6.360767561282942575e-06
-5.106674766166337687e-06
-4.007191928172454092e-06
-3.057603311666009727e-06
-2.251642027640761213e-06
-1.581608483575254792e-06
-1.038521195362053015e-06
-6.122942997953742237e-07
-2.919342754857877853e-07
-6.574698484036361620e-08
7.845464202261835564e-08
1.531520076543232302e-07
1.709402718327752365e-07
1.443731096083787311e-07
8.583772547170890196e-08
7.462090605974293787e-09
-7.894687171652667085e-08
-1.619386113129943939e-07
-2.304349993775746322e-07
-2.737362902514815442e-07
-2.815271149987146512e-07
-2.438923463873711249e-07
-1.513511776082210307e-07
5.084816728863737081e-09
2.338272344897587334e-07
5.426013760692715357e-07
9.383168210068914697e-07
1.426926320616228987e-06
2.013283568683503031e-06
2.701011512560203341e-06
3.492392636664176090e-06
4.388291117561298080e-06
5.388114101698036819e-06
6.489815917064320433e-06
7.689945211775191478e-06
8.983731268221646060e-06
1.036520250141783538e-05
1.182732777264807230e-05
1.336216987726749263e-05
1.496104049913466643e-05
1.661464701739328323e-05
1.831322362043264916e-05
2.004664193666177004e-05
2.180449947282942226e-05
2.357618717938284944e-05
2.535094008517816943e-05
2.711787687447731384e-05
2.886603532915371360e-05
3.058441065510629839e-05
3.226200289685101649e-05
3.388787806846214716e-05
3.545124552132221618e-05
3.694155171060732520e-05
3.834858820539943300e-05
3.966260978449833433e-05
4.087445698892721815e-05
4.197567670719772775e-05
4.295863430872694672e-05
4.381661148002698143e-05
4.454388514858264816e-05
4.513578452556786232e-05
4.558872515221569103e-05
4.590022067253965335e-05
4.606887467196057903e-05
4.609435614940834823e-05
4.597736291725355135e-05
4.571957740291928752e-05
4.532361897588557459e-05
4.479299612684420567e-05
4.413206070611749794e-05
4.334596514730465277e-05
4.244062232303292295e-05
4.142266656228251967e-05
4.029941353430375968e-05
3.907881625809934132e-05
3.776941447348895390e-05
3.638027499455437732e-05
3.492092140686525308e-05
3.340125246349256311e-05
3.183144966558442470e-05
3.022187564473651677e-05
2.858296596941621958e-05
2.692511776527140873e-05
2.525857898766298708e-05
2.359334227022131291e-05
2.193904698909791999e-05
2.030489256683931448e-05
1.869956515706103402e-05
1.713117879998600929e-05
1.560723102730911816e-05
1.413457183920608753e-05
1.271938408180891212e-05
1.136717260969333653e-05
1.008275928649017559e-05
8.870280885509146870e-06
7.733187295433968964e-06
6.674238071570880001e-06
5.695496229243739361e-06
4.798319157144470159e-06
3.983347525760280646e-06
3.250493967823703836e-06
2.598934011512985636e-06
2.027102170110051679e-06
1.532696180849421018e-06
1.112692122421619717e-06
7.633725455763669634e-07
4.803688809008869511e-07
2.587183306912133555e-07
9.293431772484615700e-08
-2.291152692544647449e-08
-9.509878443957150079e-08
-1.301626927411999061e-07
-1.347975636535167463e-07
-1.157630844622423859e-07
-7.979701223738941440e-08
-3.353704647916375157e-08
1.654629599475421887e-08
6.420507234700211608e-08
1.034579414549458000e-07
1.286241888484392018e-07
1.343498823725990508e-07
1.156287678987781349e-07
6.782064930942854012e-08
-1.333021237235050943e-08
-1.316746631431473915e-07
-2.906349202846953001e-07
-4.931771684056880946e-07
-7.417810445964473464e-07
-1.038407416481339908e-06
-1.384466526801477139e-06
-1.780788998311739748e-06
-2.227602320713367350e-06
-2.724515270627215233e-06
-3.270512273423103348e-06
-3.863959059891395887e-06
-4.502620180275104263e-06
-5.183688104119639237e-06
-5.903822848400290826e-06
-6.659200419590082595e-06
-7.445567891211930197e-06
-8.258302703911195213e-06
-9.092473780889866501e-06
-9.942902279591577582e-06
-1.080422021007852342e-05
-1.167092568226166640e-05
-1.253743412988081267e-05
-1.339812542866568151e-05
-1.424738731629955606e-05
-1.507965588275594606e-05
-1.588945410037289442e-05
-1.667142939239028997e-05
-1.742039110691508255e-05
-1.813134849836583597e-05
-1.879954946191864950e-05
-1.942051986861587881e-05
-1.999010296063568042e-05
-2.050449793607971011e-05
-2.096029661771829812e-05
-2.135451698660891065e-05
-2.168463237745626521e-05
-2.194859527392985024e-05
-2.214485488756648873e-05
-2.227236802421480124e-05
-2.233060309814063302e-05
-2.231953750684835753e-05
-2.223964889269248625e-05
-2.209190105781603334e-05
-2.187772544753362257e-05
-2.159899916274577475e-05
-2.125802040831661322e-05
-2.085748214434341195e-05
-2.040044450437785974e-05
-1.989030630863436539e-05
-1.933077576138309280e-05
-1.872584021356322906e-05
-1.807973471693460093e-05
-1.739690901670517094e-05
-1.668199263250972247e-05
-1.593975776407683260e-05
-1.517507991556974980e-05
-1.439289634343142083e-05
-1.359816267187586542e-05
-1.279580825831966901e-05
-1.199069110149343993e-05
-1.118755324117478730e-05
-1.039097768336051814e-05
-9.605347885188679261e-06
-8.834810750096720917e-06
-8.083243921936130160e-06
-7.354227943323293914e-06
-6.651023580876553659e-06
-5.976554344291381094e-06
-5.333393965484745592e-06
-4.723758383432212860e-06
-4.149501621211873106e-06
-3.612114857713306039e-06
-3.112727993230367206e-06
-2.652113082292437072e-06
-2.230689146664139367e-06
-1.848528067520101125e-06
-1.505361464675644504e-06
-1.200588676482324906e-06
-9.332861314762477773e-07
-7.022185305243248412e-07
-5.058523206123079862e-07
-3.423719305754186253e-07
-2.096991556048057280e-07
-1.055159300553879485e-07
-2.729053283818277218e-08
2.769295212273934873e-08
6.230232266827864881e-08
7.952269798947714406e-08
8.242047758198339702e-08
7.410668810049197192e-08
5.770062035243073532e-08
3.629462179940577029e-08
1.292080839573836929e-08
-9.479694371018027924e-09
-2.808456027048303937e-08
-4.021490313626431307e-08
-4.335672825891585155e-08
-3.517934310986673152e-08
-1.355100464286736621e-08
2.344784279524422973e-08
7.751336365101641466e-08
1.501088176816337854e-07
2.424564689376068298e-07
3.555307566412642366e-07
4.900526902164938802e-07
6.464855525215057702e-07
8.250321003534003744e-07
1.025633526945367582e-06
1.247970488591934199e-06
1.491466492939347079e-06
1.755293901059741822e-06
2.038382714921499442e-06
2.339432215658126038e-06
2.656925397917717887e-06
2.989146024339290037e-06
3.334198013794669030e-06
3.690026787843339573e-06
4.054442139032099330e-06
4.425142156098307726e-06
4.799737744801445303e-06
5.175777315658272968e-06
5.550771265035421776e-06
5.922215945847813437e-06
6.287616899507975980e-06
6.644511193091685306e-06
6.990488767457158761e-06
7.323212747893525957e-06
7.640438695625622784e-06
7.940032785802042818e-06
8.219988887816714350e-06
8.478444500710608195e-06
8.713695465940822431e-06
8.924209347690192261e-06
9.108637343867620042e-06
9.265824573303953077e-06
9.394818580788932719e-06
9.494875912940338079e-06
9.565466644388588924e-06
9.606276773533370039e-06
9.617208456202242013e-06
9.598378099807668512e-06
9.550112394256665501e-06
9.472942404674542787e-06
9.367595889908880450e-06
9.234988037108019787e-06
9.076210815144872677e-06
8.892521147566750315e-06
8.685328091709029286e-06
8.456179186665591839e-06
8.206746104024959605e-06
7.938809704962103815e-06
7.654244580704017210e-06
7.355003133593441579e-06
7.043099246337710740e-06
6.720591588495337303e-06
6.389566622027183863e-06
6.052121390419687804e-06
5.710346205298826436e-06
5.366307377775828554e-06
5.022030173788756680e-06
4.679482200209918969e-06
4.340557447059476862e-06
4.007061218472646781e-06
3.680696178998431275e-06
3.363049722327130880e-06
3.055582837828008498e-06
2.759620608359136907e-06
2.476344424406922792e-06
2.206785948396499982e-06
1.951822813520919072e-06
1.712175997204411451e-06
1.488408773943328491e-06
1.280927127848503744e-06
1.089981492873017942e-06
9.156696882298484513e-07
7.579409264414305787e-07
6.166007893571635711e-07
4.913170901635418528e-07
3.816265633196638117e-07
2.869423460610960503e-07
2.065622315377616682e-07
1.396776824903423700e-07
8.538359440465420305e-08
4.268878795050892158e-08
1.052719327390282156e-08
-1.223033501986127677e-08
-2.676366084080664442e-08
-3.429058467639490975e-08
-3.605378014866427703e-08
-3.330761393792434235e-08
-2.730502825005481748e-08
-1.928467075179161074e-08
-1.045845352819133673e-08
-1.999710400467307868e-09
4.967897832396360670e-09
9.380606287084211657e-09
1.024380215637831153e-08
6.640249405881560536e-09
-2.262753924560764901e-09
-1.720729629770089448e-08
-3.883984106394856684e-08
-6.770725776277931247e-08
-1.042538625787202304e-07
-1.488194307911682942e-07
-2.016381451450120855e-07
-2.628384482360542367e-07
-3.324437726879804908e-07
-4.103741284891849068e-07
-4.964485309669408269e-07
-5.903882543995588355e-07
-6.918208945626663819e-07
-8.002852183775578878e-07
-9.152367705066553162e-07
-1.036054195931026733e-06
-1.162046225098298727e-06
-1.292459255329968691e-06
-1.426485449855074538e-06
-1.563271265150551826e-06
-1.701926309034478686e-06
-1.841532426662362572e-06
-1.981152909465179847e-06
-2.119841723050387302e-06
-2.256652653804129050e-06
-2.390648279813112600e-06
-2.520908679136017939e-06
-2.646539796665387507e-06
-2.766681399221555961e-06
-2.880514556578416419e-06
-2.987268593556241103e-06
-3.086227464857274721e-06
-3.176735510228232043e-06
-3.258202552743704178e-06
-3.330108308052928716e-06
-3.392006077483545918e-06
-3.443525703470083276e-06
-3.484375771941341948e-06
-3.514345053285090347e-06
-3.533303181434549619e-06
-3.541200579075717289e-06
-3.538067645957107741e-06
-3.524013236164679088e-06
-3.499222458786436037e-06
-3.463953844024598750e-06
-3.418535923216548147e-06
-3.363363276076810683e-06
-3.298892101602806157e-06
-3.225635370550108787e-06
-3.144157617174242509e-06
-3.055069426560909064e-06
-2.959021671446201190e-06
-2.856699549700825382e-06
-2.748816470779776493e-06
-2.636107836993350368e-06
-2.519324763837596050e-06
-2.399227782760757585e-06
-2.276580569999304557e-06
-2.152143746073245675e-06
-2.026668792318642665e-06
-1.900892132684194597e-06
-1.775529430877870255e-06
-1.651270154138332886e-06
-1.528772455110018154e-06
-1.408658422172785519e-06
-1.291509745829064761e-06
-1.177863844392762939e-06
-1.068210486205366020e-06
-9.629889382478666506e-07
-8.625856625276717579e-07
-7.673325725427366145e-07
-6.775058528513332519e-07
-5.933253358455386736e-07
-5.149544216312656888e-07
-4.425005198568583460e-07
-3.760159866507667833e-07
-3.154995256340219589e-07
-2.608980192668724215e-07
-2.121087554294898244e-07
-1.689820138876133874e-07
-1.313239778427193934e-07
-9.889993676144941155e-08
-7.143774778194099603e-08
-4.863152390566305094e-08
-3.014551764581891965e-08
-1.561816871313809690e-08
-4.666283591319581179e-09
3.110686414562269247e-09
8.126303769853617975e-09
1.080277692467810561e-08
1.156660495216661358e-08
1.084427489377946876e-08
9.058052975652095305e-09
6.621910962952733769e-09
3.937628058207775705e-09
1.391106904896693551e-09
-6.510606048221285923e-10
-1.844745766596176429e-09
-1.871126294069610478e-09
-4.391979300918227607e-10
2.712062626841351865e-09
7.811895131677735590e-09
1.505631992386366472e-08
2.460707024175596727e-08
3.659088973930483624e-08
5.109918835109690385e-08
6.818804638133393802e-08
8.787855401446761298e-08
1.101574712842767637e-07
1.349781918363624868e-07
1.622619924406875766e-07
1.918995490679605996e-07
2.237526993439637995e-07
2.576564302410512426e-07
2.934210689333138931e-07
3.308346537757973666e-07
3.696654614026992623e-07
4.096646649783806074e-07
4.505690977361152507e-07
4.921040951582695333e-07
5.339863885334699852e-07
5.759270222531485479e-07
6.176342670952504689e-07
6.588165019466022846e-07
6.991850369438082038e-07
7.384568518738373794e-07
7.763572248441383579e-07
8.126222277196472506e-07
8.470010665637223995e-07
8.792582473139265504e-07
9.091755490922530513e-07
9.365537899232717744e-07
9.612143721041046306e-07
9.830005970660940829e-07
1.001778742229107434e-06
1.017438895048694176e-06
1.029895542180379272e-06
1.039087914364588947e-06
1.044980090283810393e-06
1.047560865163096359e-06
1.046843392304773616e-06
1.042864607952982203e-06
1.035684451876605957e-06
1.025384897810831093e-06
1.012068809363731674e-06
9.958586381442467010e-07
9.768949817108438377e-07
9.553350195159581164e-07
9.313508452665449431e-07
9.051277141568103345e-07
8.768622232145736639e-07
8.467604426531341440e-07
8.150360156274665703e-07
7.819082432286200397e-07
7.476001709618770942e-07
7.123366923154447599e-07
6.763426844632565350e-07
6.398411905258062034e-07
6.030516622585723554e-07
5.661882764347919737e-07
5.294583375878267109e-07
4.930607790816371573e-07
4.571847736948399444e-07
4.220084640141348011e-07
3.876978218677854077e-07
3.544056448350191973e-07
3.222706964854527106e-07
2.914169955100835087e-07
2.619532572573079057e-07
2.339724894788837609e-07
2.075517423264992208e-07
1.827520108867508821e-07
1.596182868430644644e-07
1.381797542541980995e-07
1.184501229842635321e-07
1.004280920365311485e-07
8.409793395783283561e-08
6.943019059631157340e-08
5.638246981595914208e-08
4.490033228320821050e-08
3.491825712152369247e-08
2.636067505873283698e-08
1.914305763576841788e-08
1.317305107940193515e-08
8.351643542704714310e-09
4.574354558870177652e-09
1.732435734129983624e-09
-2.859280952117779927e-10
-1.594427784296391694e-09
-2.307459160045208928e-09
-2.538982632244395965e-09
-2.401422736583100080e-09
-2.004616772122626862e-09
-1.454821162858417469e-09
-8.537835497914137083e-10
-2.978878906819783635e-10
1.226209810654856691e-10
3.243278089611760467e-10
2.312478490698018899e-10
-2.246651773280863129e-10
-1.103106475215398289e-09
-2.455104153315401530e-09
-4.322799918618820609e-09
-6.739325540674486914e-09
-9.728773116639705259e-09
-1.330625621942713321e-08
-1.747805815096897318e-08
-2.224186276145173987e-08
-2.758706263655564334e-08
-3.349513890219728562e-08
-3.994010644220837287e-08
-4.688901797006452849e-08
-5.430252012460441534e-08
-6.213545457190432363e-08
-7.033749697437921812e-08
-7.885382662821273537e-08
-8.762581956620729831e-08
-9.659175796389903682e-08
-1.056875487728643614e-07
-1.148474446304079555e-07
-1.240047602616326292e-07
-1.330925777952219405e-07
-1.420444346611229372e-07
-1.507949880275866231e-07
-1.592806500686041990e-07
-1.674401887306071730e-07
-1.752152890922486779e-07
-1.825510708767206518e-07
-1.893965581899131213e-07
-1.957050981053493284e-07
-2.014347253026996763e-07
-2.065484705772373251e-07
-2.110146116744215084e-07
-2.148068655483873535e-07
-2.179045217908814665e-07
-2.202925176242787612e-07
-2.219614554759366371e-07
-2.229075647552498401e-07
-2.231326100137845133e-07
-2.226437481971917359e-07
-2.214533381588729668e-07
-2.195787060194013717e-07
-2.170418703010976577e-07
-2.138692310470096255e-07
-2.100912273490785313e-07
-2.057419678524172211e-07
-2.008588388879103405e-07
-1.954820949008105661e-07
-1.896544358123263828e-07
-1.834205758611728441e-07
-1.768268083401271561e-07
-1.699205704803062528e-07
-1.627500125323679782e-07
-1.553635748760939898e-07
-1.478095767420175066e-07
-1.401358198788697230e-07
-1.323892102287951954e-07
-1.246154004002588841e-07
-1.168584554438081895e-07
-1.091605441508593414e-07
-1.015616578024619607e-07
-9.409935799731142747e-08
-8.680855488852581248e-08
-7.972131684858632407e-08
-7.286671227716605560e-08
-6.627068395011963610e-08
-5.995595599879694541e-08
-5.394197329689014564e-08
-4.824487273016346232e-08
-4.287748552805164835e-08
-3.784936955521899167e-08
-3.316687019806499636e-08
-2.883320823785966062e-08
-2.484859288529809939e-08
-2.121035796103812321e-08
-1.791311904717460784e-08
-1.494894930650646285e-08
-1.230757156957521927e-08
-9.976564224664460214e-09
-7.941578411345196206e-09
-6.186564011708580497e-09
-4.694001954350182881e-09
-3.445140389459803328e-09
-2.420232359135175425e-09
-1.598772670028684509e-09
-9.597317754238542745e-10
-4.817845871127299390e-10
-1.435322624574597991e-10
7.628485161862509891e-11
1.985847913009683029e-10
2.437535847728698587e-10
2.314682561423351179e-10
1.805344144861945056e-10
1.087394439137946290e-10
3.272213043628231288e-11
-3.214062271084832426e-11
-7.182952700031654266e-11
-7.376081216390752117e-11
-2.684621354482434686e-11
7.846485883485120640e-11
2.501606916052082043e-10
4.946597287399002098e-10
8.168195073113100791e-10
1.219961303042029902e-09
1.705909582836191127e-09
2.275045240067922085e-09
2.926371483750901022e-09
3.657591165736668960e-09
4.465194261766422193e-09
5.344554171588995636e-09
6.290031471242325372e-09
7.295083734878910469e-09
8.352380044343436714e-09
9.453918820047324738e-09
1.059114763542249871e-08
1.175508371789092925e-08
1.293643389032696498e-08
1.412571276717293174e-08
1.531335808708277688e-08
1.648984213868172993e-08
1.764577831574045474e-08
1.877202192331453520e-08
1.985976444477338884e-08
2.090062057206965883e-08
2.188670739648770716e-08
2.281071525442618155e-08
2.366596982149062076e-08
2.444648514859090209e-08
2.514700743415423372e-08
2.576304942697343632e-08
2.629091545374262565e-08
2.672771716270695784e-08
2.707138016944078514e-08
2.732064188167823424e-08
2.747504086566405139e-08
2.753489819605503541e-08
2.750129130473303592e-08
2.737602090783714403e-08
2.716157164693850387e-08
2.686106712616647695e-08
2.647822006431940507e-08
2.601727830695909201e-08
2.548296745907762992e-08
2.488043090545095330e-08
2.421516798080704015e-08
2.349297103883408962e-08
2.271986214609376118e-08
2.190203009688559337e-08
2.104576840739548531e-08
2.015741490382706163e-08
1.924329347092841469e-08
1.830965847379718649e-08
1.736264231120570474e-08
1.640820649986339781e-08
1.545209663077323241e-08
1.449980147891294477e-08
1.355651648912030512e-08
1.262711180269014065e-08
1.171610493277760667e-08
1.082763814277889097e-08
9.965460529570100297e-09
9.132914764737757773e-09
8.332928400478859402e-09
7.568009604688203373e-09
6.840247150063281541e-09
6.151314446877799438e-09
5.502477377344562173e-09
4.894605661840124503e-09
4.328187463797745816e-09
3.803346920620162569e-09
3.319864272857209167e-09
2.877198252929832176e-09
2.474510387966349424e-09
2.110690868562401275e-09
1.784385636593893673e-09
1.494024350240447877e-09
1.237848892931857762e-09
1.013942104750998457e-09
8.202564295790923898e-10
6.546421885819225662e-10
5.148752102845209185e-10
3.986835688433078474e-10
3.037732051050837166e-10
2.278522290514634112e-10
1.686537270771904721e-10
1.239569227780069203e-10
9.160656535000183898e-11
6.953044498408832425e-11
5.575495949512500931e-11
4.841868079584366328e-11
4.578389327427101657e-11
4.624609879864558094e-11
4.834150445946273830e-11
5.075252946817086768e-11
5.231138651830572719e-11
5.200181030786181808e-11
4.895902184159906382e-11
4.246803133227417774e-11
3.196039498731395155e-11
1.700955167742545361e-11
-2.675125721000368974e-12
-2.725542259146232527e-11
-5.677237171838359528e-11
-9.115518950973219710e-11
-1.302309082743088138e-10
-1.737345541919685960e-10
-2.213197229442977542e-10
-2.725694090575569687e-10
-3.270069504757843111e-10
-3.841069568314240033e-10
-4.433060979161356230e-10
-5.040136379778005334e-10
-5.656216113554040828e-10
-6.275145455139470826e-10
-6.890786485070125580e-10
-7.497103891337731222e-10
-8.088244093729499509e-10
-8.658607199212642429e-10
-9.202911407442627302e-10
-9.716249592235488960e-10
-1.019413788835286298e-09
-1.063255621068969266e-09
-1.102798072538777196e-09
-1.137740837857932115e-09
-1.167837366825105282e-09
-1.192895791774319524e-09
-1.212779137558749632e-09
-1.227404852569966428e-09
-1.236743704424705266e-09
-1.240818088506988246e-09
-1.239699801360582766e-09
-1.233507334114217810e-09
-1.222402743548865020e-09
-1.206588160217180757e-09
-1.186301994057032530e-09
-1.161814898408115161e-09
-1.133425553033525159e-09
-1.101456325854095319e-09
-1.066248871563566206e-09
-1.028159723142117406e-09
-9.875559295881491667e-10
-9.448107899360862057e-10
-9.002997299486243498e-10
-8.543963637256358350e-10
-8.074687780272623835e-10
-7.598760723462483158e-10
-7.119651827934647265e-10
-6.640680127913137285e-10
-6.164988884147318364e-10
-5.695523510872234366e-10
-5.235012953058768951e-10
-4.785954542039807291e-10
-4.350602311059145633e-10
-3.930958708671776633e-10
-3.528769607520776052e-10
-3.145522469520903454e-10
-2.782447495853428656e-10
-2.440521561992225510e-10
-2.120474714290992460e-10
-1.822798985319444413e-10
-1.547759270748904918e-10
-1.295406000223955370e-10
-1.065589329039283771e-10
-8.579745757738994495e-11
-6.720586333893772398e-11
-5.071870872551269421e-11
-3.625717827977530703e-11
-2.373085977757832963e-11
-1.303951889977705012e-11
-4.074850026593574117e-12
3.277816275980012462e-12
9.137866492179221896e-12
1.362783340530992645e-11
1.687191446485626467e-11
1.899459017424324752e-11
2.011935120328605352e-11
2.036754077991353636e-11
1.985731684211838427e-11
1.870273645112153605e-11
1.701296312568588300e-11
1.489159604446301315e-11
1.243611851959566765e-11
9.737461771677279503e-12
6.879678838642627797e-12
3.939722436261046508e-12
9.873197620928182652e-13
-1.915063420210279809e-12
-4.712177549915810159e-12
-7.355871336689120058e-12
-9.804909725411078789e-12
-1.202473636332226704e-11
-1.398718905611349092e-11
-1.567017646102573530e-11
-1.705732392764113853e-11
-1.813759596795872589e-11
-1.890490234728592519e-11
-1.935769422765585491e-11
-1.949855620398012562e-11
-1.933379944487005239e-11
-1.887306051001315485e-11
-1.812890976845147081e-11
-1.711647270215134896e-11
-1.585306675596144883e-11
-1.435785579574101421e-11
-1.265152367336842128e-11
-1.075596787346629390e-11
-8.694013737652461510e-12
-6.489149341268735535e-12
-4.165280723642026124e-12
-1.746506864800500964e-12
7.430864511281792254e-13
3.279614937389478108e-12
5.839567455027964916e-12
8.399962271664295412e-12
1.093848921243173147e-11
1.343363895899741912e-11
1.586482068317999779e-11
1.821246909598189720e-11
2.045814185217163483e-11
2.258460809347650669e-11
2.457592873424426553e-11
2.641752891115581919e-11
2.809626283372460238e-11
2.960047109487058559e-11
3.092003033773284171e-11
3.204639503044898524e-11
3.297263098024526978e-11
3.369344012814003893e-11
3.420517610468104864e-11
3.450585000040307044e-11
3.459512581211279934e-11
3.447430506503027918e-11
3.414630018316997296e-11
3.361559627980442750e-11
3.288820116673508458e-11
3.197158352692728820e-11
3.087459935927302400e-11
2.960740698017317627e-11
2.818137104742151456e-11
2.660895625388391913e-11
2.490361151813478787e-11
2.307964566682827227e-11
2.115209575889963205e-11
1.913658934024125128e-11
1.704920203126697806e-11
1.490631194458864465e-11
1.272445249340479426e-11
1.052016519089190908e-11
8.309854051519417385e-12
6.109643185931634891e-12
3.935239138007164314e-12
1.801799440642394660e-12
-2.761912275669792934e-13
-2.285036018187540255e-12
-4.211930890642489353e-12
-6.045058610594661049e-12
-7.773670950891783578e-12
-9.388158448675940080e-12
-1.088010724846884285e-11
-1.224234274061799116e-11
-1.346895988036897200e-11
-1.455534024698598912e-11
-1.549815606636184094e-11
-1.629536157603113541e-11
-1.694617225442656573e-11
-1.745103256481546884e-11
-1.781157297707691027e-11
-1.803055712703253041e-11
-1.811182005183607751e-11
-1.806019850103808104e-11
-1.788145436634058626e-11
-1.758219229982800575e-11
-1.716977259980239929e-11
-1.665222043852819656e-11
-1.603813248606600836e-11
-1.533658195222771854e-11
-1.455702302611976893e-11
-1.370919563875615463e-11
-1.280303141565570396e-11
-1.184856161940925656e-11
-1.085582781348757302e-11
-9.834795905405437202e-12
-8.795274156282180193e-12
-7.746835670787348939e-12
-6.698745813013571232e-12
-5.659894927181926806e-12
-4.638736679514372708e-12
-3.643232281883976910e-12
-2.680800804315484564e-12
-1.758275738552504146e-12
-8.818679333559874759e-13
-5.713498729103890618e-14
7.110428458117443378e-13
1.418480209809879352e-12
2.061697651224577734e-12
2.637926089777060218e-12
3.145104787006840346e-12
3.581872863142987524e-12
3.947554431589110942e-12
4.242137440557603332e-12
4.466246335675259141e-12
4.621108684561889942e-12
4.708515936764982062e-12
4.730778531086292074e-12
4.690675605896007946e-12
4.591399619441936569e-12
4.436496243825890571e-12
4.229799960277576517e-12
3.975365852805411200e-12
3.677398171259012084e-12
3.340176313698996584e-12
2.967978958518412820e-12
2.565007158203863985e-12
2.135307287681795725e-12
1.682694816783711033e-12
1.210679948741971600e-12
7.223962293644823620e-13
2.205332852679190530e-13
-2.927251115356904331e-13
-8.157564309675224750e-13
-1.347546997367792276e-12
-1.887730614863238476e-12
-2.436617031157213877e-12
-2.995209127406306790e-12
-3.565207808934797702e-12
-4.149003686522232429e-12
-4.749654778817862610e-12
-5.370849635402795510e-12
-6.016855474688481362e-12
-6.692451150953752657e-12
-7.402845008217201751e-12
-8.153577942613239675e-12
-8.950412277014118681e-12
-9.799207346822224815e-12
-1.070578300127013882e-11
-1.167577253433576909e-11
-1.271446686812880276e-11
-1.382665211412598330e-11
-1.501644292720130962e-11
-1.628711433770794034e-11
-1.764093499162492887e-11
-1.907900494066145665e-11
-2.060110129765116035e-11
-2.220553519987388522e-11
