0.000000000000000000e+00
-1.998000000025467671e+02
-1.997000000025468580e+02
-1.996000000025469490e+02
-1.995000000025470399e+02
-1.994000000025471309e+02
-1.993000000025472218e+02
-1.992000000025473128e+02
-1.991000000025474037e+02
-1.990000000025474947e+02
-1.989000000025475856e+02
-1.988000000025476766e+02
-1.987000000025477675e+02
-1.986000000025478585e+02
-1.985000000025479494e+02
-1.984000000025480404e+02
-1.983000000025481313e+02
-1.982000000025482223e+02
-1.981000000025483132e+02
-1.980000000025484042e+02
-1.979000000025484951e+02
-1.978000000025485861e+02
-1.977000000025486770e+02
-1.976000000025487680e+02
-1.975000000025488589e+02
-1.974000000025489499e+02
-1.973000000025490408e+02
-1.972000000025491318e+02
-1.971000000025492227e+02
-1.970000000025493136e+02
-1.969000000025494046e+02
-1.968000000025494955e+02
-1.967000000025495865e+02
-1.966000000025496774e+02
-1.965000000025497684e+02
-1.964000000025498593e+02
-1.963000000025499503e+02
-1.962000000025500412e+02
-1.961000000025501322e+02
-1.960000000025502231e+02
-1.959000000025503141e+02
-1.958000000025504050e+02
-1.957000000025504960e+02
-1.956000000025505869e+02
-1.955000000025506779e+02
-1.954000000025507688e+02
-1.953000000025508598e+02
-1.952000000025509507e+02
-1.951000000025510417e+02
-1.950000000025511326e+02
-1.949000000025512236e+02
-1.948000000025513145e+02
-1.947000000025514055e+02
-1.946000000025514964e+02
-1.945000000025515874e+02
-1.944000000025516783e+02
-1.943000000025517693e+02
-1.942000000025518602e+02
-1.941000000025519512e+02
-1.940000000025520421e+02
-1.939000000025521331e+02
-1.938000000025522240e+02
-1.937000000025523150e+02
-1.936000000025524059e+02
-1.935000000025524969e+02
-1.934000000025525878e+02
-1.933000000025526788e+02
-1.932000000025527697e+02
-1.931000000025528607e+02
-1.930000000025529516e+02
-1.929000000025530426e+02
-1.928000000025531335e+02
-1.927000000025532245e+02
-1.926000000025533154e+02
-1.925000000025534064e+02
-1.924000000025534973e+02
-1.923000000025535883e+02
-1.922000000025536792e+02
-1.921000000025537702e+02
-1.920000000025538611e+02
-1.919000000025539521e+02
-1.918000000025540430e+02
-1.917000000025541340e+02
-1.916000000025542249e+02
-1.915000000025543159e+02
-1.914000000025544068e+02
-1.913000000025544978e+02
-1.912000000025545887e+02
-1.911000000025546797e+02
-1.910000000025547706e+02
-1.909000000025548616e+02
-1.908000000025549525e+02
-1.907000000025550435e+02
-1.906000000025551344e+02
-1.905000000025552254e+02
-1.904000000025553163e+02
-1.903000000025554073e+02
-1.902000000025554982e+02
-1.901000000025555892e+02
-1.900000000025556801e+02
-1.899000000025557711e+02
-1.898000000025558620e+02
-1.897000000025559530e+02
-1.896000000025560439e+02
-1.895000000025561349e+02
-1.894000000025562258e+02
-1.893000000025563168e+02
-1.892000000025564077e+02
-1.891000000025564987e+02
-1.890000000025565896e+02
-1.889000000025566806e+02
-1.888000000025567715e+02
-1.887000000025568625e+02
-1.886000000025569534e+02
-1.885000000025570444e+02
-1.884000000025571353e+02
-1.883000000025572263e+02
-1.882000000025573172e+02
-1.881000000025574082e+02
-1.880000000025574991e+02
-1.879000000025575901e+02
-1.878000000025576810e+02
-1.877000000025577719e+02
-1.876000000025578629e+02
-1.875000000025579538e+02
-1.874000000025580448e+02
-1.873000000025581357e+02
-1.872000000025582267e+02
-1.871000000025583176e+02
-1.870000000025584086e+02
-1.869000000025584995e+02
-1.868000000025585905e+02
-1.867000000025586814e+02
-1.866000000025587724e+02
-1.865000000025588633e+02
-1.864000000025589543e+02
-1.863000000025590452e+02
-1.862000000025591362e+02
-1.861000000025592271e+02
-1.860000000025593181e+02
-1.859000000025594090e+02
-1.858000000025595000e+02
-1.857000000025595909e+02
-1.856000000025596819e+02
-1.855000000025597728e+02
-1.854000000025598638e+02
-1.853000000025599547e+02
-1.852000000025600457e+02
-1.851000000025601366e+02
-1.850000000025602276e+02
-1.849000000025603185e+02
-1.848000000025604095e+02
-1.847000000025605004e+02
-1.846000000025605914e+02
-1.845000000025606823e+02
-1.844000000025607733e+02
-1.843000000025608642e+02
-1.842000000025609552e+02
-1.841000000025610461e+02
-1.840000000025611371e+02
-1.839000000025612280e+02
-1.838000000025613190e+02
-1.837000000025614099e+02
-1.836000000025615009e+02
-1.835000000025615918e+02
-1.834000000025616828e+02
-1.833000000025617737e+02
-1.832000000025618647e+02
-1.831000000025619556e+02
-1.830000000025620466e+02
-1.829000000025621375e+02
-1.828000000025622285e+02
-1.827000000025623194e+02
-1.826000000025624104e+02
-1.825000000025625013e+02
-1.824000000025625923e+02
-1.823000000025626832e+02
-1.822000000025627742e+02
-1.821000000025628651e+02
-1.820000000025629561e+02
-1.819000000025630470e+02
-1.818000000025631380e+02
-1.817000000025632289e+02
-1.816000000025633199e+02
-1.815000000025634108e+02
-1.814000000025635018e+02
-1.813000000025635927e+02
-1.812000000025636837e+02
-1.811000000025637746e+02
-1.810000000025638656e+02
-1.809000000025639565e+02
-1.808000000025640475e+02
-1.807000000025641384e+02
-1.806000000025642294e+02
-1.805000000025643203e+02
-1.804000000025644113e+02
-1.803000000025645022e+02
-1.802000000025645932e+02
-1.801000000025646841e+02
-1.800000000025647751e+02
-1.799000000025648660e+02
-1.798000000025649570e+02
-1.797000000025650479e+02
-1.796000000025651389e+02
-1.795000000025652298e+02
-1.794000000025653208e+02
-1.793000000025654117e+02
-1.792000000025655027e+02
-1.791000000025655936e+02
-1.790000000025656846e+02
-1.789000000025657755e+02
-1.788000000025658665e+02
-1.787000000025659574e+02
-1.786000000025660484e+02
-1.785000000025661393e+02
-1.784000000025662303e+02
-1.783000000025663212e+02
-1.782000000025664121e+02
-1.781000000025665031e+02
-1.780000000025665940e+02
-1.779000000025666850e+02
-1.778000000025667759e+02
-1.777000000025668669e+02
-1.776000000025669578e+02
-1.775000000025670488e+02
-1.774000000025671397e+02
-1.773000000025672307e+02
-1.772000000025673216e+02
-1.771000000025674126e+02
-1.770000000025675035e+02
-1.769000000025675945e+02
-1.768000000025676854e+02
-1.767000000025677764e+02
-1.766000000025678673e+02
-1.765000000025679583e+02
-1.764000000025680492e+02
-1.763000000025681402e+02
-1.762000000025682311e+02
-1.761000000025683221e+02
-1.760000000025684130e+02
-1.759000000025685040e+02
-1.758000000025685949e+02
-1.757000000025686859e+02
-1.756000000025687768e+02
-1.755000000025688678e+02
-1.754000000025689587e+02
-1.753000000025690497e+02
-1.752000000025691406e+02
-1.751000000025692316e+02
-1.750000000025693225e+02
-1.749000000025694135e+02
-1.748000000025695044e+02
-1.747000000025695954e+02
-1.746000000025696863e+02
-1.745000000025697773e+02
-1.744000000025698682e+02
-1.743000000025699592e+02
-1.742000000025700501e+02
-1.741000000025701411e+02
-1.740000000025702320e+02
-1.739000000025703230e+02
-1.738000000025704139e+02
-1.737000000025705049e+02
-1.736000000025705958e+02
-1.735000000025706868e+02
-1.734000000025707777e+02
-1.733000000025708687e+02
-1.732000000025709596e+02
-1.731000000025710506e+02
-1.730000000025711415e+02
-1.729000000025712325e+02
-1.728000000025713234e+02
-1.727000000025714144e+02
-1.726000000025715053e+02
-1.725000000025715963e+02
-1.724000000025716872e+02
-1.723000000025717782e+02
-1.722000000025718691e+02
-1.721000000025719601e+02
-1.720000000025720510e+02
-1.719000000025721420e+02
-1.718000000025722329e+02
-1.717000000025723239e+02
-1.716000000025724148e+02
-1.715000000025725058e+02
-1.714000000025725967e+02
-1.713000000025726877e+02
-1.712000000025727786e+02
-1.711000000025728696e+02
-1.710000000025729605e+02
-1.709000000025730515e+02
-1.708000000025731424e+02
-1.707000000025732334e+02
-1.706000000025733243e+02
-1.705000000025734153e+02
-1.704000000025735062e+02
-1.703000000025735972e+02
-1.702000000025736881e+02
-1.701000000025737791e+02
-1.700000000025738700e+02
-1.699000000025739610e+02
-1.698000000025740519e+02
-1.697000000025741429e+02
-1.696000000025742338e+02
-1.695000000025743248e+02
-1.694000000025744157e+02
-1.693000000025745067e+02
-1.692000000025745976e+02
-1.691000000025746886e+02
-1.690000000025747795e+02
-1.689000000025748705e+02
-1.688000000025749614e+02
-1.687000000025750523e+02
-1.686000000025751433e+02
-1.685000000025752342e+02
-1.684000000025753252e+02
-1.683000000025754161e+02
-1.682000000025755071e+02
-1.681000000025755980e+02
-1.680000000025756890e+02
-1.679000000025757799e+02
-1.678000000025758709e+02
-1.677000000025759618e+02
-1.676000000025760528e+02
-1.675000000025761437e+02
-1.674000000025762347e+02
-1.673000000025763256e+02
-1.672000000025764166e+02
-1.671000000025765075e+02
-1.670000000025765985e+02
-1.669000000025766894e+02
-1.668000000025767804e+02
-1.667000000025768713e+02
-1.666000000025769623e+02
-1.665000000025770532e+02
-1.664000000025771442e+02
-1.663000000025772351e+02
-1.662000000025773261e+02
-1.661000000025774170e+02
-1.660000000025775080e+02
-1.659000000025775989e+02
-1.658000000025776899e+02
-1.657000000025777808e+02
-1.656000000025778718e+02
-1.655000000025779627e+02
-1.654000000025780537e+02
-1.653000000025781446e+02
-1.652000000025782356e+02
-1.651000000025783265e+02
-1.650000000025784175e+02
-1.649000000025785084e+02
-1.648000000025785994e+02
-1.647000000025786903e+02
-1.646000000025787813e+02
-1.645000000025788722e+02
-1.644000000025789632e+02
-1.643000000025790541e+02
-1.642000000025791451e+02
-1.641000000025792360e+02
-1.640000000025793270e+02
-1.639000000025794179e+02
-1.638000000025795089e+02
-1.637000000025795998e+02
-1.636000000025796908e+02
-1.635000000025797817e+02
-1.634000000025798727e+02
-1.633000000025799636e+02
-1.632000000025800546e+02
-1.631000000025801455e+02
-1.630000000025802365e+02
-1.629000000025803274e+02
-1.628000000025804184e+02
-1.627000000025805093e+02
-1.626000000025806003e+02
-1.625000000025806912e+02
-1.624000000025807822e+02
-1.623000000025808731e+02
-1.622000000025809641e+02
-1.621000000025810550e+02
-1.620000000025811460e+02
-1.619000000025812369e+02
-1.618000000025813279e+02
-1.617000000025814188e+02
-1.616000000025815098e+02
-1.615000000025816007e+02
-1.614000000025816917e+02
-1.613000000025817826e+02
-1.612000000025818736e+02
-1.611000000025819645e+02
-1.610000000025820555e+02
-1.609000000025821464e+02
-1.608000000025822374e+02
-1.607000000025823283e+02
-1.606000000025824193e+02
-1.605000000025825102e+02
-1.604000000025826012e+02
-1.603000000025826921e+02
-1.602000000025827831e+02
-1.601000000025828740e+02
-1.600000000025829650e+02
-1.599000000025830559e+02
-1.598000000025831469e+02
-1.597000000025832378e+02
-1.596000000025833288e+02
-1.595000000025834197e+02
-1.594000000025835106e+02
-1.593000000025836016e+02
-1.592000000025836925e+02
-1.591000000025837835e+02
-1.590000000025838744e+02
-1.589000000025839654e+02
-1.588000000025840563e+02
-1.587000000025841473e+02
-1.586000000025842382e+02
-1.585000000025843292e+02
-1.584000000025844201e+02
-1.583000000025845111e+02
-1.582000000025846020e+02
-1.581000000025846930e+02
-1.580000000025847839e+02
-1.579000000025848749e+02
-1.578000000025849658e+02
-1.577000000025850568e+02
-1.576000000025851477e+02
-1.575000000025852387e+02
-1.574000000025853296e+02
-1.573000000025854206e+02
-1.572000000025855115e+02
-1.571000000025856025e+02
-1.570000000025856934e+02
-1.569000000025857844e+02
-1.568000000025858753e+02
-1.567000000025859663e+02
-1.566000000025860572e+02
-1.565000000025861482e+02
-1.564000000025862391e+02
-1.563000000025863301e+02
-1.562000000025864210e+02
-1.561000000025865120e+02
-1.560000000025866029e+02
-1.559000000025866939e+02
-1.558000000025867848e+02
-1.557000000025868758e+02
-1.556000000025869667e+02
-1.555000000025870577e+02
-1.554000000025871486e+02
-1.553000000025872396e+02
-1.552000000025873305e+02
-1.551000000025874215e+02
-1.550000000025875124e+02
-1.549000000025876034e+02
-1.548000000025876943e+02
-1.547000000025877853e+02
-1.546000000025878762e+02
-1.545000000025879672e+02
-1.544000000025880581e+02
-1.543000000025881491e+02
-1.542000000025882400e+02
-1.541000000025883310e+02
-1.540000000025884219e+02
-1.539000000025885129e+02
-1.538000000025886038e+02
-1.537000000025886948e+02
-1.536000000025887857e+02
-1.535000000025888767e+02
-1.534000000025889676e+02
-1.533000000025890586e+02
-1.532000000025891495e+02
-1.531000000025892405e+02
-1.530000000025893314e+02
-1.529000000025894224e+02
-1.528000000025895133e+02
-1.527000000025896043e+02
-1.526000000025896952e+02
-1.525000000025897862e+02
-1.524000000025898771e+02
-1.523000000025899681e+02
-1.522000000025900590e+02
-1.521000000025901500e+02
-1.520000000025902409e+02
-1.519000000025903319e+02
-1.518000000025904228e+02
-1.517000000025905138e+02
-1.516000000025906047e+02
-1.515000000025906957e+02
-1.514000000025907866e+02
-1.513000000025908776e+02
-1.512000000025909685e+02
-1.511000000025910595e+02
-1.510000000025911504e+02
-1.509000000025912414e+02
-1.508000000025913323e+02
-1.507000000025914233e+02
-1.506000000025915142e+02
-1.505000000025916052e+02
-1.504000000025916961e+02
-1.503000000025917871e+02
-1.502000000025918780e+02
-1.501000000025919690e+02
-1.500000000025920599e+02
-1.499000000025921508e+02
-1.498000000025922418e+02
-1.497000000025923327e+02
-1.496000000025924237e+02
-1.495000000025925146e+02
-1.494000000025926056e+02
-1.493000000025926965e+02
-1.492000000025927875e+02
-1.491000000025928784e+02
-1.490000000025929694e+02
-1.489000000025930603e+02
-1.488000000025931513e+02
-1.487000000025932422e+02
-1.486000000025933332e+02
-1.485000000025934241e+02
-1.484000000025935151e+02
-1.483000000025936060e+02
-1.482000000025936970e+02
-1.481000000025937879e+02
-1.480000000025938789e+02
-1.479000000025939698e+02
-1.478000000025940608e+02
-1.477000000025941517e+02
-1.476000000025942427e+02
-1.475000000025943336e+02
-1.474000000025944246e+02
-1.473000000025945155e+02
-1.472000000025946065e+02
-1.471000000025946974e+02
-1.470000000025947884e+02
-1.469000000025948793e+02
-1.468000000025949703e+02
-1.467000000025950612e+02
-1.466000000025951522e+02
-1.465000000025952431e+02
-1.464000000025953341e+02
-1.463000000025954250e+02
-1.462000000025955160e+02
-1.461000000025956069e+02
-1.460000000025956979e+02
-1.459000000025957888e+02
-1.458000000025958798e+02
-1.457000000025959707e+02
-1.456000000025960617e+02
-1.455000000025961526e+02
-1.454000000025962436e+02
-1.453000000025963345e+02
-1.452000000025964255e+02
-1.451000000025965164e+02
-1.450000000025966074e+02
-1.449000000025966983e+02
-1.448000000025967893e+02
-1.447000000025968802e+02
-1.446000000025969712e+02
-1.445000000025970621e+02
-1.444000000025971531e+02
-1.443000000025972440e+02
-1.442000000025973350e+02
-1.441000000025974259e+02
-1.440000000025975169e+02
-1.439000000025976078e+02
-1.438000000025976988e+02
-1.437000000025977897e+02
-1.436000000025978807e+02
-1.435000000025979716e+02
-1.434000000025980626e+02
-1.433000000025981535e+02
-1.432000000025982445e+02
-1.431000000025983354e+02
-1.430000000025984264e+02
-1.429000000025985173e+02
-1.428000000025986083e+02
-1.427000000025986992e+02
-1.426000000025987902e+02
-1.425000000025988811e+02
-1.424000000025989721e+02
-1.423000000025990630e+02
-1.422000000025991540e+02
-1.421000000025992449e+02
-1.420000000025993359e+02
-1.419000000025994268e+02
-1.418000000025995178e+02
-1.417000000025996087e+02
-1.416000000025996997e+02
-1.415000000025997906e+02
-1.414000000025998816e+02
-1.413000000025999725e+02
-1.412000000026000635e+02
-1.411000000026001544e+02
-1.410000000026002454e+02
-1.409000000026003363e+02
-1.408000000026004273e+02
-1.407000000026005182e+02
-1.406000000026006092e+02
-1.405000000026007001e+02
-1.404000000026007910e+02
-1.403000000026008820e+02
-1.402000000026009729e+02
-1.401000000026010639e+02
-1.400000000026011548e+02
-1.399000000026012458e+02
-1.398000000026013367e+02
-1.397000000026014277e+02
-1.396000000026015186e+02
-1.395000000026016096e+02
-1.394000000026017005e+02
-1.393000000026017915e+02
-1.392000000026018824e+02
-1.391000000026019734e+02
-1.390000000026020643e+02
-1.389000000026021553e+02
-1.388000000026022462e+02
-1.387000000026023372e+02
-1.386000000026024281e+02
-1.385000000026025191e+02
-1.384000000026026100e+02
-1.383000000026027010e+02
-1.382000000026027919e+02
-1.381000000026028829e+02
-1.380000000026029738e+02
-1.379000000026030648e+02
-1.378000000026031557e+02
-1.377000000026032467e+02
-1.376000000026033376e+02
-1.375000000026034286e+02
-1.374000000026035195e+02
-1.373000000026036105e+02
-1.372000000026037014e+02
-1.371000000026037924e+02
-1.370000000026038833e+02
-1.369000000026039743e+02
-1.368000000026040652e+02
-1.367000000026041562e+02
-1.366000000026042471e+02
-1.365000000026043381e+02
-1.364000000026044290e+02
-1.363000000026045200e+02
-1.362000000026046109e+02
-1.361000000026047019e+02
-1.360000000026047928e+02
-1.359000000026048838e+02
-1.358000000026049747e+02
-1.357000000026050657e+02
-1.356000000026051566e+02
-1.355000000026052476e+02
-1.354000000026053385e+02
-1.353000000026054295e+02
-1.352000000026055204e+02
-1.351000000026056114e+02
-1.350000000026057023e+02
-1.349000000026057933e+02
-1.348000000026058842e+02
-1.347000000026059752e+02
-1.346000000026060661e+02
-1.345000000026061571e+02
-1.344000000026062480e+02
-1.343000000026063390e+02
-1.342000000026064299e+02
-1.341000000026065209e+02
-1.340000000026066118e+02
-1.339000000026067028e+02
-1.338000000026067937e+02
-1.337000000026068847e+02
-1.336000000026069756e+02
-1.335000000026070666e+02
-1.334000000026071575e+02
-1.333000000026072485e+02
-1.332000000026073394e+02
-1.331000000026074304e+02
-1.330000000026075213e+02
-1.329000000026076123e+02
-1.328000000026077032e+02
-1.327000000026077942e+02
-1.326000000026078851e+02
-1.325000000026079761e+02
-1.324000000026080670e+02
-1.323000000026081580e+02
-1.322000000026082489e+02
-1.321000000026083399e+02
-1.320000000026084308e+02
-1.319000000026085218e+02
-1.318000000026086127e+02
-1.317000000026087037e+02
-1.316000000026087946e+02
-1.315000000026088856e+02
-1.314000000026089765e+02
-1.313000000026090675e+02
-1.312000000026091584e+02
-1.311000000026092493e+02
-1.310000000026093403e+02
-1.309000000026094312e+02
-1.308000000026095222e+02
-1.307000000026096131e+02
-1.306000000026097041e+02
-1.305000000026097950e+02
-1.304000000026098860e+02
-1.303000000026099769e+02
-1.302000000026100679e+02
-1.301000000026101588e+02
-1.300000000026102498e+02
-1.299000000026103407e+02
-1.298000000026104317e+02
-1.297000000026105226e+02
-1.296000000026106136e+02
-1.295000000026107045e+02
-1.294000000026107955e+02
-1.293000000026108864e+02
-1.292000000026109774e+02
-1.291000000026110683e+02
-1.290000000026111593e+02
-1.289000000026112502e+02
-1.288000000026113412e+02
-1.287000000026114321e+02
-1.286000000026115231e+02
-1.285000000026116140e+02
-1.284000000026117050e+02
-1.283000000026117959e+02
-1.282000000026118869e+02
-1.281000000026119778e+02
-1.280000000026120688e+02
-1.279000000026121597e+02
-1.278000000026122507e+02
-1.277000000026123416e+02
-1.276000000026124326e+02
-1.275000000026125235e+02
-1.274000000026126145e+02
-1.273000000026127054e+02
-1.272000000026127964e+02
-1.271000000026128873e+02
-1.270000000026129783e+02
-1.269000000026130692e+02
-1.268000000026131602e+02
-1.267000000026132511e+02
-1.266000000026133421e+02
-1.265000000026134330e+02
-1.264000000026135240e+02
-1.263000000026136149e+02
-1.262000000026137059e+02
-1.261000000026137968e+02
-1.260000000026138878e+02
-1.259000000026139787e+02
-1.258000000026140697e+02
-1.257000000026141606e+02
-1.256000000026142516e+02
-1.255000000026143425e+02
-1.254000000026144335e+02
-1.253000000026145244e+02
-1.252000000026146154e+02
-1.251000000026147063e+02
-1.250000000026147973e+02
-1.249000000026148882e+02
-1.248000000026149792e+02
-1.247000000026150701e+02
-1.246000000026151611e+02
-1.245000000026152520e+02
-1.244000000026153430e+02
-1.243000000026154339e+02
-1.242000000026155249e+02
-1.241000000026156158e+02
-1.240000000026157068e+02
-1.239000000026157977e+02
-1.238000000026158887e+02
-1.237000000026159796e+02
-1.236000000026160706e+02
-1.235000000026161615e+02
-1.234000000026162525e+02
-1.233000000026163434e+02
-1.232000000026164344e+02
-1.231000000026165253e+02
-1.230000000026166163e+02
-1.229000000026167072e+02
-1.228000000026167982e+02
-1.227000000026168891e+02
-1.226000000026169801e+02
-1.225000000026170710e+02
-1.224000000026171620e+02
-1.223000000026172529e+02
-1.222000000026173439e+02
-1.221000000026174348e+02
-1.220000000026175258e+02
-1.219000000026176167e+02
-1.218000000026177077e+02
-1.217000000026177986e+02
-1.216000000026178895e+02
-1.215000000026179805e+02
-1.214000000026180714e+02
-1.213000000026181624e+02
-1.212000000026182533e+02
-1.211000000026183443e+02
-1.210000000026184352e+02
-1.209000000026185262e+02
-1.208000000026186171e+02
-1.207000000026187081e+02
-1.206000000026187990e+02
-1.205000000026188900e+02
-1.204000000026189809e+02
-1.203000000026190719e+02
-1.202000000026191628e+02
-1.201000000026192538e+02
-1.200000000026193447e+02
-1.199000000026194357e+02
-1.198000000026195266e+02
-1.197000000026196176e+02
-1.196000000026197085e+02
-1.195000000026197995e+02
-1.194000000026198904e+02
-1.193000000026199814e+02
-1.192000000026200723e+02
-1.191000000026201633e+02
-1.190000000026202542e+02
-1.189000000026203452e+02
-1.188000000026204361e+02
-1.187000000026205271e+02
-1.186000000026206180e+02
-1.185000000026207090e+02
-1.184000000026207999e+02
-1.183000000026208909e+02
-1.182000000026209818e+02
-1.181000000026210728e+02
-1.180000000026211637e+02
-1.179000000026212547e+02
-1.178000000026213456e+02
-1.177000000026214366e+02
-1.176000000026215275e+02
-1.175000000026216185e+02
-1.174000000026217094e+02
-1.173000000026218004e+02
-1.172000000026218913e+02
-1.171000000026219823e+02
-1.170000000026220732e+02
-1.169000000026221642e+02
-1.168000000026222551e+02
-1.167000000026223461e+02
-1.166000000026224370e+02
-1.165000000026225280e+02
-1.164000000026226189e+02
-1.163000000026227099e+02
-1.162000000026228008e+02
-1.161000000026228918e+02
-1.160000000026229827e+02
-1.159000000026230737e+02
-1.158000000026231646e+02
-1.157000000026232556e+02
-1.156000000026233465e+02
-1.155000000026234375e+02
-1.154000000026235284e+02
-1.153000000026236194e+02
-1.152000000026237103e+02
-1.151000000026238013e+02
-1.150000000026238922e+02
-1.149000000026239832e+02
-1.148000000026240741e+02
-1.147000000026241651e+02
-1.146000000026242560e+02
-1.145000000026243470e+02
-1.144000000026244379e+02
-1.143000000026245289e+02
-1.142000000026246198e+02
-1.141000000026247108e+02
-1.140000000026248017e+02
-1.139000000026248927e+02
-1.138000000026249836e+02
-1.137000000026250746e+02
-1.136000000026251655e+02
-1.135000000026252565e+02
-1.134000000026253474e+02
-1.133000000026254384e+02
-1.132000000026255293e+02
-1.131000000026256203e+02
-1.130000000026257112e+02
-1.129000000026258022e+02
-1.128000000026258931e+02
-1.127000000026259841e+02
-1.126000000026260750e+02
-1.125000000026261660e+02
-1.124000000026262569e+02
-1.123000000026263479e+02
-1.122000000026264388e+02
-1.121000000026265297e+02
-1.120000000026266207e+02
-1.119000000026267116e+02
-1.118000000026268026e+02
-1.117000000026268935e+02
-1.116000000026269845e+02
-1.115000000026270754e+02
-1.114000000026271664e+02
-1.113000000026272573e+02
-1.112000000026273483e+02
-1.111000000026274392e+02
-1.110000000026275302e+02
-1.109000000026276211e+02
-1.108000000026277121e+02
-1.107000000026278030e+02
-1.106000000026278940e+02
-1.105000000026279849e+02
-1.104000000026280759e+02
-1.103000000026281668e+02
-1.102000000026282578e+02
-1.101000000026283487e+02
-1.100000000026284397e+02
-1.099000000026285306e+02
-1.098000000026286216e+02
-1.097000000026287125e+02
-1.096000000026288035e+02
-1.095000000026288944e+02
-1.094000000026289854e+02
-1.093000000026290763e+02
-1.092000000026291673e+02
-1.091000000026292582e+02
-1.090000000026293492e+02
-1.089000000026294401e+02
-1.088000000026295311e+02
-1.087000000026296220e+02
-1.086000000026297130e+02
-1.085000000026298039e+02
-1.084000000026298949e+02
-1.083000000026299858e+02
-1.082000000026300768e+02
-1.081000000026301677e+02
-1.080000000026302587e+02
-1.079000000026303496e+02
-1.078000000026304406e+02
-1.077000000026305315e+02
-1.076000000026306225e+02
-1.075000000026307134e+02
-1.074000000026308044e+02
-1.073000000026308953e+02
-1.072000000026309863e+02
-1.071000000026310772e+02
-1.070000000026311682e+02
-1.069000000026312591e+02
-1.068000000026313501e+02
-1.067000000026314410e+02
-1.066000000026315320e+02
-1.065000000026316229e+02
-1.064000000026317139e+02
-1.063000000026318048e+02
-1.062000000026318958e+02
-1.061000000026319867e+02
-1.060000000026320777e+02
-1.059000000026321686e+02
-1.058000000026322596e+02
-1.057000000026323505e+02
-1.056000000026324415e+02
-1.055000000026325324e+02
-1.054000000026326234e+02
-1.053000000026327143e+02
-1.052000000026328053e+02
-1.051000000026328962e+02
-1.050000000026329872e+02
-1.049000000026330781e+02
-1.048000000026331691e+02
-1.047000000026332600e+02
-1.046000000026333510e+02
-1.045000000026334419e+02
-1.044000000026335329e+02
-1.043000000026336238e+02
-1.042000000026337148e+02
-1.041000000026338057e+02
-1.040000000026338967e+02
-1.039000000026339876e+02
-1.038000000026340786e+02
-1.037000000026341695e+02
-1.036000000026342605e+02
-1.035000000026343514e+02
-1.034000000026344424e+02
-1.033000000026345333e+02
-1.032000000026346243e+02
-1.031000000026347152e+02
-1.030000000026348062e+02
-1.029000000026348971e+02
-1.028000000026349880e+02
-1.027000000026350790e+02
-1.026000000026351699e+02
-1.025000000026352609e+02
-1.024000000026353518e+02
-1.023000000026354428e+02
-1.022000000026355337e+02
-1.021000000026356247e+02
-1.020000000026357156e+02
-1.019000000026358066e+02
-1.018000000026358975e+02
-1.017000000026359885e+02
-1.016000000026360794e+02
-1.015000000026361704e+02
-1.014000000026362613e+02
-1.013000000026363523e+02
-1.012000000026364432e+02
-1.011000000026365342e+02
-1.010000000026366251e+02
-1.009000000026367161e+02
-1.008000000026368070e+02
-1.007000000026368980e+02
-1.006000000026369889e+02
-1.005000000026370799e+02
-1.004000000026371708e+02
-1.003000000026372618e+02
-1.002000000026373527e+02
-1.001000000026374437e+02
-1.000000000026375346e+02
-9.990000000263762558e+01
-9.980000000263771653e+01
-9.970000000263780748e+01
-9.960000000263789843e+01
-9.950000000263798938e+01
-9.940000000263808033e+01
-9.930000000263817128e+01
-9.920000000263826223e+01
-9.910000000263835318e+01
-9.900000000263844413e+01
-9.890000000263853508e+01
-9.880000000263862603e+01
-9.870000000263871698e+01
-9.860000000263880793e+01
-9.850000000263889888e+01
-9.840000000263898983e+01
-9.830000000263908078e+01
-9.820000000263917173e+01
-9.810000000263926268e+01
-9.800000000263935362e+01
-9.790000000263944457e+01
-9.780000000263953552e+01
-9.770000000263962647e+01
-9.760000000263971742e+01
-9.750000000263980837e+01
-9.740000000263989932e+01
-9.730000000263999027e+01
-9.720000000264008122e+01
-9.710000000264017217e+01
-9.700000000264026312e+01
-9.690000000264035407e+01
-9.680000000264044502e+01
-9.670000000264053597e+01
-9.660000000264062692e+01
-9.650000000264071787e+01
-9.640000000264080882e+01
-9.630000000264089977e+01
-9.620000000264099072e+01
-9.610000000264108166e+01
-9.600000000264117261e+01
-9.590000000264126356e+01
-9.580000000264135451e+01
-9.570000000264144546e+01
-9.560000000264153641e+01
-9.550000000264162736e+01
-9.540000000264171831e+01
-9.530000000264180926e+01
-9.520000000264190021e+01
-9.510000000264199116e+01
-9.500000000264208211e+01
-9.490000000264217306e+01
-9.480000000264226401e+01
-9.470000000264235496e+01
-9.460000000264244591e+01
-9.450000000264253686e+01
-9.440000000264262781e+01
-9.430000000264271875e+01
-9.420000000264280970e+01
-9.410000000264290065e+01
-9.400000000264299160e+01
-9.390000000264308255e+01
-9.380000000264317350e+01
-9.370000000264326445e+01
-9.360000000264335540e+01
-9.350000000264344635e+01
-9.340000000264353730e+01
-9.330000000264362825e+01
-9.320000000264371920e+01
-9.310000000264381015e+01
-9.300000000264390110e+01
-9.290000000264399205e+01
-9.280000000264408300e+01
-9.270000000264417395e+01
-9.260000000264426490e+01
-9.250000000264435585e+01
-9.240000000264444679e+01
-9.230000000264453774e+01
-9.220000000264462869e+01
-9.210000000264471964e+01
-9.200000000264481059e+01
-9.190000000264490154e+01
-9.180000000264499249e+01
-9.170000000264508344e+01
-9.160000000264517439e+01
-9.150000000264526534e+01
-9.140000000264535629e+01
-9.130000000264544724e+01
-9.120000000264553819e+01
-9.110000000264562914e+01
-9.100000000264572009e+01
-9.090000000264581104e+01
-9.080000000264590199e+01
-9.070000000264599294e+01
-9.060000000264608389e+01
-9.050000000264617483e+01
-9.040000000264626578e+01
-9.030000000264635673e+01
-9.020000000264644768e+01
-9.010000000264653863e+01
-9.000000000264662958e+01
-8.990000000264672053e+01
-8.980000000264681148e+01
-8.970000000264690243e+01
-8.960000000264699338e+01
-8.950000000264708433e+01
-8.940000000264717528e+01
-8.930000000264726623e+01
-8.920000000264735718e+01
-8.910000000264744813e+01
-8.900000000264753908e+01
-8.890000000264763003e+01
-8.880000000264772098e+01
-8.870000000264781193e+01
-8.860000000264790287e+01
-8.850000000264799382e+01
-8.840000000264808477e+01
-8.830000000264817572e+01
-8.820000000264826667e+01
-8.810000000264835762e+01
-8.800000000264844857e+01
-8.790000000264853952e+01
-8.780000000264863047e+01
-8.770000000264872142e+01
-8.760000000264881237e+01
-8.750000000264890332e+01
-8.740000000264899427e+01
-8.730000000264908522e+01
-8.720000000264917617e+01
-8.710000000264926712e+01
-8.700000000264935807e+01
-8.690000000264944902e+01
-8.680000000264953997e+01
-8.670000000264963091e+01
-8.660000000264972186e+01
-8.650000000264981281e+01
-8.640000000264990376e+01
-8.630000000264999471e+01
-8.620000000265008566e+01
-8.610000000265017661e+01
-8.600000000265026756e+01
-8.590000000265035851e+01
-8.580000000265044946e+01
-8.570000000265054041e+01
-8.560000000265063136e+01
-8.550000000265072231e+01
-8.540000000265081326e+01
-8.530000000265090421e+01
-8.520000000265099516e+01
-8.510000000265108611e+01
-8.500000000265117706e+01
-8.490000000265126801e+01
-8.480000000265135895e+01
-8.470000000265144990e+01
-8.460000000265154085e+01
-8.450000000265163180e+01
-8.440000000265172275e+01
-8.430000000265181370e+01
-8.420000000265190465e+01
-8.410000000265199560e+01
-8.400000000265208655e+01
-8.390000000265217750e+01
-8.380000000265226845e+01
-8.370000000265235940e+01
-8.360000000265245035e+01
-8.350000000265254130e+01
-8.340000000265263225e+01
-8.330000000265272320e+01
-8.320000000265281415e+01
-8.310000000265290510e+01
-8.300000000265299605e+01
-8.290000000265308699e+01
-8.280000000265317794e+01
-8.270000000265326889e+01
-8.260000000265335984e+01
-8.250000000265345079e+01
-8.240000000265354174e+01
-8.230000000265363269e+01
-8.220000000265372364e+01
-8.210000000265381459e+01
-8.200000000265390554e+01
-8.190000000265399649e+01
-8.180000000265408744e+01
-8.170000000265417839e+01
-8.160000000265426934e+01
-8.150000000265436029e+01
-8.140000000265445124e+01
-8.130000000265454219e+01
-8.120000000265463314e+01
-8.110000000265472409e+01
-8.100000000265481503e+01
-8.090000000265490598e+01
-8.080000000265499693e+01
-8.070000000265508788e+01
-8.060000000265517883e+01
-8.050000000265526978e+01
-8.040000000265536073e+01
-8.030000000265545168e+01
-8.020000000265554263e+01
-8.010000000265563358e+01
-8.000000000265572453e+01
-7.990000000265581548e+01
-7.980000000265590643e+01
-7.970000000265599738e+01
-7.960000000265608833e+01
-7.950000000265617928e+01
-7.940000000265627023e+01
-7.930000000265636118e+01
-7.920000000265645212e+01
-7.910000000265654307e+01
-7.900000000265663402e+01
-7.890000000265672497e+01
-7.880000000265681592e+01
-7.870000000265690687e+01
-7.860000000265699782e+01
-7.850000000265708877e+01
-7.840000000265717972e+01
-7.830000000265727067e+01
-7.820000000265736162e+01
-7.810000000265745257e+01
-7.800000000265754352e+01
-7.790000000265763447e+01
-7.780000000265772542e+01
-7.770000000265781637e+01
-7.760000000265790732e+01
-7.750000000265799827e+01
-7.740000000265808922e+01
-7.730000000265818016e+01
-7.720000000265827111e+01
-7.710000000265836206e+01
-7.700000000265845301e+01
-7.690000000265854396e+01
-7.680000000265863491e+01
-7.670000000265872586e+01
-7.660000000265881681e+01
-7.650000000265890776e+01
-7.640000000265899871e+01
-7.630000000265908966e+01
-7.620000000265918061e+01
-7.610000000265927156e+01
-7.600000000265936251e+01
-7.590000000265945346e+01
-7.580000000265954441e+01
-7.570000000265963536e+01
-7.560000000265972631e+01
-7.550000000265981726e+01
-7.540000000265990820e+01
-7.530000000265999915e+01
-7.520000000266009010e+01
-7.510000000266018105e+01
-7.500000000266027200e+01
-7.490000000266036295e+01
-7.480000000266045390e+01
-7.470000000266054485e+01
-7.460000000266063580e+01
-7.450000000266072675e+01
-7.440000000266081770e+01
-7.430000000266090865e+01
-7.420000000266099960e+01
-7.410000000266109055e+01
-7.400000000266118150e+01
-7.390000000266127245e+01
-7.380000000266136340e+01
-7.370000000266145435e+01
-7.360000000266154530e+01
-7.350000000266163624e+01
-7.340000000266172719e+01
-7.330000000266181814e+01
-7.320000000266190909e+01
-7.310000000266200004e+01
-7.300000000266209099e+01
-7.290000000266218194e+01
-7.280000000266227289e+01
-7.270000000266236384e+01
-7.260000000266245479e+01
-7.250000000266254574e+01
-7.240000000266263669e+01
-7.230000000266272764e+01
-7.220000000266281859e+01
-7.210000000266290954e+01
-7.200000000266300049e+01
-7.190000000266309144e+01
-7.180000000266318239e+01
-7.170000000266327334e+01
-7.160000000266336428e+01
-7.150000000266345523e+01
-7.140000000266354618e+01
-7.130000000266363713e+01
-7.120000000266372808e+01
-7.110000000266381903e+01
-7.100000000266390998e+01
-7.090000000266400093e+01
-7.080000000266409188e+01
-7.070000000266418283e+01
-7.060000000266427378e+01
-7.050000000266436473e+01
-7.040000000266445568e+01
-7.030000000266454663e+01
-7.020000000266463758e+01
-7.010000000266472853e+01
-7.000000000266481948e+01
-6.990000000266491043e+01
-6.980000000266500138e+01
-6.970000000266509232e+01
-6.960000000266518327e+01
-6.950000000266527422e+01
-6.940000000266536517e+01
-6.930000000266545612e+01
-6.920000000266554707e+01
-6.910000000266563802e+01
-6.900000000266572897e+01
-6.890000000266581992e+01
-6.880000000266591087e+01
-6.870000000266600182e+01
-6.860000000266609277e+01
-6.850000000266618372e+01
-6.840000000266627467e+01
-6.830000000266636562e+01
-6.820000000266645657e+01
-6.810000000266654752e+01
-6.800000000266663847e+01
-6.790000000266672942e+01
-6.780000000266682036e+01
-6.770000000266691131e+01
-6.760000000266700226e+01
-6.750000000266709321e+01
-6.740000000266718416e+01
-6.730000000266727511e+01
-6.720000000266736606e+01
-6.710000000266745701e+01
-6.700000000266754796e+01
-6.690000000266763891e+01
-6.680000000266772986e+01
-6.670000000266782081e+01
-6.660000000266791176e+01
-6.650000000266800271e+01
-6.640000000266809366e+01
-6.630000000266818461e+01
-6.620000000266827556e+01
-6.610000000266836651e+01
-6.600000000266845746e+01
-6.590000000266854840e+01
-6.580000000266863935e+01
-6.570000000266873030e+01
-6.560000000266882125e+01
-6.550000000266891220e+01
-6.540000000266900315e+01
-6.530000000266909410e+01
-6.520000000266918505e+01
-6.510000000266927600e+01
-6.500000000266936695e+01
-6.490000000266945790e+01
-6.480000000266954885e+01
-6.470000000266963980e+01
-6.460000000266973075e+01
-6.450000000266982170e+01
-6.440000000266991265e+01
-6.430000000267000360e+01
-6.420000000267009455e+01
-6.410000000267018549e+01
-6.400000000267027644e+01
-6.390000000267036739e+01
-6.380000000267045834e+01
-6.370000000267054929e+01
-6.360000000267064024e+01
-6.350000000267073119e+01
-6.340000000267082214e+01
-6.330000000267091309e+01
-6.320000000267100404e+01
-6.310000000267109499e+01
-6.300000000267118594e+01
-6.290000000267127689e+01
-6.280000000267136784e+01
-6.270000000267145879e+01
-6.260000000267154974e+01
-6.250000000267164069e+01
-6.240000000267173164e+01
-6.230000000267182259e+01
-6.220000000267191353e+01
-6.210000000267200448e+01
-6.200000000267209543e+01
-6.190000000267218638e+01
-6.180000000267227733e+01
-6.170000000267236828e+01
-6.160000000267245923e+01
-6.150000000267255018e+01
-6.140000000267264113e+01
-6.130000000267273208e+01
-6.120000000267282303e+01
-6.110000000267291398e+01
-6.100000000267300493e+01
-6.090000000267309588e+01
-6.080000000267318683e+01
-6.070000000267327778e+01
-6.060000000267336873e+01
-6.050000000267345968e+01
-6.040000000267355063e+01
-6.030000000267364157e+01
-6.020000000267373252e+01
-6.010000000267382347e+01
-6.000000000267391442e+01
-5.990000000267400537e+01
-5.980000000267409632e+01
-5.970000000267418727e+01
-5.960000000267427822e+01
-5.950000000267436917e+01
-5.940000000267446012e+01
-5.930000000267455107e+01
-5.920000000267464202e+01
-5.910000000267473297e+01
-5.900000000267482392e+01
-5.890000000267491487e+01
-5.880000000267500582e+01
-5.870000000267509677e+01
-5.860000000267518772e+01
-5.850000000267527867e+01
-5.840000000267536961e+01
-5.830000000267546056e+01
-5.820000000267555151e+01
-5.810000000267564246e+01
-5.800000000267573341e+01
-5.790000000267582436e+01
-5.780000000267591531e+01
-5.770000000267600626e+01
-5.760000000267609721e+01
-5.750000000267618816e+01
-5.740000000267627911e+01
-5.730000000267637006e+01
-5.720000000267646101e+01
-5.710000000267655196e+01
-5.700000000267664291e+01
-5.690000000267673386e+01
-5.680000000267682481e+01
-5.670000000267691576e+01
-5.660000000267700671e+01
-5.650000000267709765e+01
-5.640000000267718860e+01
-5.630000000267727955e+01
-5.620000000267737050e+01
-5.610000000267746145e+01
-5.600000000267755240e+01
-5.590000000267764335e+01
-5.580000000267773430e+01
-5.570000000267782525e+01
-5.560000000267791620e+01
-5.550000000267800715e+01
-5.540000000267809810e+01
-5.530000000267818905e+01
-5.520000000267828000e+01
-5.510000000267837095e+01
-5.500000000267846190e+01
-5.490000000267855285e+01
-5.480000000267864380e+01
-5.470000000267873475e+01
-5.460000000267882569e+01
-5.450000000267891664e+01
-5.440000000267900759e+01
-5.430000000267909854e+01
-5.420000000267918949e+01
-5.410000000267928044e+01
-5.400000000267937139e+01
-5.390000000267946234e+01
-5.380000000267955329e+01
-5.370000000267964424e+01
-5.360000000267973519e+01
-5.350000000267982614e+01
-5.340000000267991709e+01
-5.330000000268000804e+01
-5.320000000268009899e+01
-5.310000000268018994e+01
-5.300000000268028089e+01
-5.290000000268037184e+01
-5.280000000268046279e+01
-5.270000000268055373e+01
-5.260000000268064468e+01
-5.250000000268073563e+01
-5.240000000268082658e+01
-5.230000000268091753e+01
-5.220000000268100848e+01
-5.210000000268109943e+01
-5.200000000268119038e+01
-5.190000000268128133e+01
-5.180000000268137228e+01
-5.170000000268146323e+01
-5.160000000268155418e+01
-5.150000000268164513e+01
-5.140000000268173608e+01
-5.130000000268182703e+01
-5.120000000268191798e+01
-5.110000000268200893e+01
-5.100000000268209988e+01
-5.090000000268219082e+01
-5.080000000268228177e+01
-5.070000000268237272e+01
-5.060000000268246367e+01
-5.050000000268255462e+01
-5.040000000268264557e+01
-5.030000000268273652e+01
-5.020000000268282747e+01
-5.010000000268291842e+01
-5.000000000268300937e+01
-4.990000000268310032e+01
-4.980000000268319127e+01
-4.970000000268328222e+01
-4.960000000268337317e+01
-4.950000000268346412e+01
-4.940000000268355507e+01
-4.930000000268364602e+01
-4.920000000268373697e+01
-4.910000000268382792e+01
-4.900000000268391886e+01
-4.890000000268400981e+01
-4.880000000268410076e+01
-4.870000000268419171e+01
-4.860000000268428266e+01
-4.850000000268437361e+01
-4.840000000268446456e+01
-4.830000000268455551e+01
-4.820000000268464646e+01
-4.810000000268473741e+01
-4.800000000268482836e+01
-4.790000000268491931e+01
-4.780000000268501026e+01
-4.770000000268510121e+01
-4.760000000268519216e+01
-4.750000000268528311e+01
-4.740000000268537406e+01
-4.730000000268546501e+01
-4.720000000268555596e+01
-4.710000000268564690e+01
-4.700000000268573785e+01
-4.690000000268582880e+01
-4.680000000268591975e+01
-4.670000000268601070e+01
-4.660000000268610165e+01
-4.650000000268619260e+01
-4.640000000268628355e+01
-4.630000000268637450e+01
-4.620000000268646545e+01
-4.610000000268655640e+01
-4.600000000268664735e+01
-4.590000000268673830e+01
-4.580000000268682925e+01
-4.570000000268692020e+01
-4.560000000268701115e+01
-4.550000000268710210e+01
-4.540000000268719305e+01
-4.530000000268728400e+01
-4.520000000268737494e+01
-4.510000000268746589e+01
-4.500000000268755684e+01
-4.490000000268764779e+01
-4.480000000268773874e+01
-4.470000000268782969e+01
-4.460000000268792064e+01
-4.450000000268801159e+01
-4.440000000268810254e+01
-4.430000000268819349e+01
-4.420000000268828444e+01
-4.410000000268837539e+01
-4.400000000268846634e+01
-4.390000000268855729e+01
-4.380000000268864824e+01
-4.370000000268873919e+01
-4.360000000268883014e+01
-4.350000000268892109e+01
-4.340000000268901204e+01
-4.330000000268910298e+01
-4.320000000268919393e+01
-4.310000000268928488e+01
-4.300000000268937583e+01
-4.290000000268946678e+01
-4.280000000268955773e+01
-4.270000000268964868e+01
-4.260000000268973963e+01
-4.250000000268983058e+01
-4.240000000268992153e+01
-4.230000000269001248e+01
-4.220000000269010343e+01
-4.210000000269019438e+01
-4.200000000269028533e+01
-4.190000000269037628e+01
-4.180000000269046723e+01
-4.170000000269055818e+01
-4.160000000269064913e+01
-4.150000000269074008e+01
-4.140000000269083102e+01
-4.130000000269092197e+01
-4.120000000269101292e+01
-4.110000000269110387e+01
-4.100000000269119482e+01
-4.090000000269128577e+01
-4.080000000269137672e+01
-4.070000000269146767e+01
-4.060000000269155862e+01
-4.050000000269164957e+01
-4.040000000269174052e+01
-4.030000000269183147e+01
-4.020000000269192242e+01
-4.010000000269201337e+01
-4.000000000269210432e+01
-3.990000000269219527e+01
-3.980000000269228622e+01
-3.970000000269237717e+01
-3.960000000269246812e+01
-3.950000000269255906e+01
-3.940000000269265001e+01
-3.930000000269274096e+01
-3.920000000269283191e+01
-3.910000000269292286e+01
-3.900000000269301381e+01
-3.890000000269310476e+01
-3.880000000269319571e+01
-3.870000000269328666e+01
-3.860000000269337761e+01
-3.850000000269346856e+01
-3.840000000269355951e+01
-3.830000000269365046e+01
-3.820000000269374141e+01
-3.810000000269383236e+01
-3.800000000269392331e+01
-3.790000000269401426e+01
-3.780000000269410521e+01
-3.770000000269419616e+01
-3.760000000269428710e+01
-3.750000000269437805e+01
-3.740000000269446900e+01
-3.730000000269455995e+01
-3.720000000269465090e+01
-3.710000000269474185e+01
-3.700000000269483280e+01
-3.690000000269492375e+01
-3.680000000269501470e+01
-3.670000000269510565e+01
-3.660000000269519660e+01
-3.650000000269528755e+01
-3.640000000269537850e+01
-3.630000000269546945e+01
-3.620000000269556040e+01
-3.610000000269565135e+01
-3.600000000269574230e+01
-3.590000000269583325e+01
-3.580000000269592419e+01
-3.570000000269601514e+01
-3.560000000269610609e+01
-3.550000000269619704e+01
-3.540000000269628799e+01
-3.530000000269637894e+01
-3.520000000269646989e+01
-3.510000000269656084e+01
-3.500000000269665179e+01
-3.490000000269674274e+01
-3.480000000269683369e+01
-3.470000000269692464e+01
-3.460000000269701559e+01
-3.450000000269710654e+01
-3.440000000269719749e+01
-3.430000000269728844e+01
-3.420000000269737939e+01
-3.410000000269747034e+01
-3.400000000269756129e+01
-3.390000000269765223e+01
-3.380000000269774318e+01
-3.370000000269783413e+01
-3.360000000269792508e+01
-3.350000000269801603e+01
-3.340000000269810698e+01
-3.330000000269819793e+01
-3.320000000269828888e+01
-3.310000000269837983e+01
-3.300000000269847078e+01
-3.290000000269856173e+01
-3.280000000269865268e+01
-3.270000000269874363e+01
-3.260000000269883458e+01
-3.250000000269892553e+01
-3.240000000269901648e+01
-3.230000000269910743e+01
-3.220000000269919838e+01
-3.210000000269928933e+01
-3.200000000269938027e+01
-3.190000000269947122e+01
-3.180000000269956217e+01
-3.170000000269965312e+01
-3.160000000269974407e+01
-3.150000000269983502e+01
-3.140000000269992597e+01
-3.130000000270001692e+01
-3.120000000270010787e+01
-3.110000000270019882e+01
-3.100000000270028977e+01
-3.090000000270038072e+01
-3.080000000270047167e+01
-3.070000000270056262e+01
-3.060000000270065357e+01
-3.050000000270074452e+01
-3.040000000270083547e+01
-3.030000000270092642e+01
-3.020000000270101737e+01
-3.010000000270110831e+01
-3.000000000270119926e+01
-2.990000000270129021e+01
-2.980000000270138116e+01
-2.970000000270147211e+01
-2.960000000270156306e+01
-2.950000000270165401e+01
-2.940000000270174496e+01
-2.930000000270183591e+01
-2.920000000270192686e+01
-2.910000000270201781e+01
-2.900000000270210876e+01
-2.890000000270219971e+01
-2.880000000270229066e+01
-2.870000000270238161e+01
-2.860000000270247256e+01
-2.850000000270256351e+01
-2.840000000270265446e+01
-2.830000000270274541e+01
-2.820000000270283635e+01
-2.810000000270292730e+01
-2.800000000270301825e+01
-2.790000000270310920e+01
-2.780000000270320015e+01
-2.770000000270329110e+01
-2.760000000270338205e+01
-2.750000000270347300e+01
-2.740000000270356395e+01
-2.730000000270365490e+01
-2.720000000270374585e+01
-2.710000000270383680e+01
-2.700000000270392775e+01
-2.690000000270401870e+01
-2.680000000270410965e+01
-2.670000000270420060e+01
-2.660000000270429155e+01
-2.650000000270438250e+01
-2.640000000270447345e+01
-2.630000000270456439e+01
-2.620000000270465534e+01
-2.610000000270474629e+01
-2.600000000270483724e+01
-2.590000000270492819e+01
-2.580000000270501914e+01
-2.570000000270511009e+01
-2.560000000270520104e+01
-2.550000000270529199e+01
-2.540000000270538294e+01
-2.530000000270547389e+01
-2.520000000270556484e+01
-2.510000000270565579e+01
-2.500000000270574674e+01
-2.490000000270583769e+01
-2.480000000270592864e+01
-2.470000000270601959e+01
-2.460000000270611054e+01
-2.450000000270620149e+01
-2.440000000270629243e+01
-2.430000000270638338e+01
-2.420000000270647433e+01
-2.410000000270656528e+01
-2.400000000270665623e+01
-2.390000000270674718e+01
-2.380000000270683813e+01
-2.370000000270692908e+01
-2.360000000270702003e+01
-2.350000000270711098e+01
-2.340000000270720193e+01
-2.330000000270729288e+01
-2.320000000270738383e+01
-2.310000000270747478e+01
-2.300000000270756573e+01
-2.290000000270765668e+01
-2.280000000270774763e+01
-2.270000000270783858e+01
-2.260000000270792953e+01
-2.250000000270802047e+01
-2.240000000270811142e+01
-2.230000000270820237e+01
-2.220000000270829332e+01
-2.210000000270838427e+01
-2.200000000270847522e+01
-2.190000000270856617e+01
-2.180000000270865712e+01
-2.170000000270874807e+01
-2.160000000270883902e+01
-2.150000000270892997e+01
-2.140000000270902092e+01
-2.130000000270911187e+01
-2.120000000270920282e+01
-2.110000000270929377e+01
-2.100000000270938472e+01
-2.090000000270947567e+01
-2.080000000270956662e+01
-2.070000000270965756e+01
-2.060000000270974851e+01
-2.050000000270983946e+01
-2.040000000270993041e+01
-2.030000000271002136e+01
-2.020000000271011231e+01
-2.010000000271020326e+01
-2.000000000271029421e+01
-1.990000000271038516e+01
-1.980000000271047611e+01
-1.970000000271056706e+01
-1.960000000271065801e+01
-1.950000000271074896e+01
-1.940000000271083991e+01
-1.930000000271093086e+01
-1.920000000271102181e+01
-1.910000000271111276e+01
-1.900000000271120371e+01
-1.890000000271129466e+01
-1.880000000271138560e+01
-1.870000000271147655e+01
-1.860000000271156750e+01
-1.850000000271165845e+01
-1.840000000271174940e+01
-1.830000000271184035e+01
-1.820000000271193130e+01
-1.810000000271202225e+01
-1.800000000271211320e+01
-1.790000000271220415e+01
-1.780000000271229510e+01
-1.770000000271238605e+01
-1.760000000271247700e+01
-1.750000000271256795e+01
-1.740000000271265890e+01
-1.730000000271274985e+01
-1.720000000271284080e+01
-1.710000000271293175e+01
-1.700000000271302270e+01
-1.690000000271311364e+01
-1.680000000271320459e+01
-1.670000000271329554e+01
-1.660000000271338649e+01
-1.650000000271347744e+01
-1.640000000271356839e+01
-1.630000000271365934e+01
-1.620000000271375029e+01
-1.610000000271384124e+01
-1.600000000271393219e+01
-1.590000000271402314e+01
-1.580000000271411409e+01
-1.570000000271420504e+01
-1.560000000271429599e+01
-1.550000000271438694e+01
-1.540000000271447789e+01
-1.530000000271456884e+01
-1.520000000271465979e+01
-1.510000000271475074e+01
-1.500000000271484168e+01
-1.490000000271493263e+01
-1.480000000271502358e+01
-1.470000000271511453e+01
-1.460000000271520548e+01
-1.450000000271529643e+01
-1.440000000271538738e+01
-1.430000000271547833e+01
-1.420000000271556928e+01
-1.410000000271566023e+01
-1.400000000271575118e+01
-1.390000000271584213e+01
-1.380000000271593308e+01
-1.370000000271602403e+01
-1.360000000271611498e+01
-1.350000000271620593e+01
-1.340000000271629688e+01
-1.330000000271638783e+01
-1.320000000271647878e+01
-1.310000000271656972e+01
-1.300000000271666067e+01
-1.290000000271675162e+01
-1.280000000271684257e+01
-1.270000000271693352e+01
-1.260000000271702447e+01
-1.250000000271711542e+01
-1.240000000271720637e+01
-1.230000000271729732e+01
-1.220000000271738827e+01
-1.210000000271747922e+01
-1.200000000271757017e+01
-1.190000000271766112e+01
-1.180000000271775207e+01
-1.170000000271784302e+01
-1.160000000271793397e+01
-1.150000000271802492e+01
-1.140000000271811587e+01
-1.130000000271820682e+01
-1.120000000271829776e+01
-1.110000000271838871e+01
-1.100000000271847966e+01
-1.090000000271857061e+01
-1.080000000271866156e+01
-1.070000000271875251e+01
-1.060000000271884346e+01
-1.050000000271893441e+01
-1.040000000271902536e+01
-1.030000000271911631e+01
-1.020000000271920726e+01
-1.010000000271929821e+01
-1.000000000271938916e+01
-9.900000002719480108e+00
-9.800000002719571057e+00
-9.700000002719662007e+00
-9.600000002719752956e+00
-9.500000002719843906e+00
-9.400000002719934855e+00
-9.300000002720025805e+00
-9.200000002720116754e+00
-9.100000002720207704e+00
-9.000000002720298653e+00
-8.900000002720389602e+00
-8.800000002720480552e+00
-8.700000002720571501e+00
-8.600000002720662451e+00
-8.500000002720753400e+00
-8.400000002720844350e+00
-8.300000002720935299e+00
-8.200000002721026249e+00
-8.100000002721117198e+00
-8.000000002721208148e+00
-7.900000002721299097e+00
-7.800000002721390047e+00
-7.700000002721480996e+00
-7.600000002721571946e+00
-7.500000002721662895e+00
-7.400000002721753845e+00
-7.300000002721844794e+00
-7.200000002721935743e+00
-7.100000002722026693e+00
-7.000000002722117642e+00
-6.900000002722208592e+00
-6.800000002722299541e+00
-6.700000002722390491e+00
-6.600000002722481440e+00
-6.500000002722572390e+00
-6.400000002722663339e+00
-6.300000002722754289e+00
-6.200000002722845238e+00
-6.100000002722936188e+00
-6.000000002723027137e+00
-5.900000002723118087e+00
-5.800000002723209036e+00
-5.700000002723299986e+00
-5.600000002723390935e+00
-5.500000002723481884e+00
-5.400000002723572834e+00
-5.300000002723663783e+00
-5.200000002723754733e+00
-5.100000002723845682e+00
-5.000000002723936632e+00
-4.900000002724027581e+00
-4.800000002724118531e+00
-4.700000002724209480e+00
-4.600000002724300430e+00
-4.500000002724391379e+00
-4.400000002724482329e+00
-4.300000002724573278e+00
-4.200000002724664228e+00
-4.100000002724755177e+00
-4.000000002724846127e+00
-3.900000002724937076e+00
-3.800000002725028025e+00
-3.700000002725118975e+00
-3.600000002725209924e+00
-3.500000002725300874e+00
-3.400000002725391823e+00
-3.300000002725482773e+00
-3.200000002725573722e+00
-3.100000002725664672e+00
-3.000000002725755621e+00
-2.900000002725846571e+00
-2.800000002725937520e+00
-2.700000002726028470e+00
-2.600000002726119419e+00
-2.500000002726210369e+00
-2.400000002726301318e+00
-2.300000002726392268e+00
-2.200000002726483217e+00
-2.100000002726574166e+00
-2.000000002726665116e+00
-1.900000002726756065e+00
-1.800000002726847015e+00
-1.700000002726937964e+00
-1.600000002727028914e+00
-1.500000002727119863e+00
-1.400000002727210813e+00
-1.300000002727301762e+00
-1.200000002727392712e+00
-1.100000002727483661e+00
-1.000000002727574611e+00
-9.000000027276655601e-01
-8.000000027277565096e-01
-7.000000027278474590e-01
-6.000000027279384085e-01
-5.000000027280293580e-01
-4.000000027281203074e-01
-3.000000027282112569e-01
-2.000000027283022064e-01
-1.000000027283931558e-01
-2.728484105318784714e-09
9.999999727142494521e-02
1.999999972713339957e-01
2.999999972712430463e-01
3.999999972711520968e-01
4.999999972710611473e-01
5.999999972709701979e-01
6.999999972708792484e-01
7.999999972707882989e-01
8.999999972706973494e-01
9.999999972706064000e-01
1.099999997270515451e+00
1.199999997270424501e+00
1.299999997270333552e+00
1.399999997270242602e+00
1.499999997270151653e+00
1.599999997270060703e+00
1.699999997269969754e+00
1.799999997269878804e+00
1.899999997269787855e+00
1.999999997269696905e+00
2.099999997269605956e+00
2.199999997269515006e+00
2.299999997269424057e+00
2.399999997269333107e+00
2.499999997269242158e+00
2.599999997269151208e+00
2.699999997269060259e+00
2.799999997268969310e+00
2.899999997268878360e+00
2.999999997268787411e+00
3.099999997268696461e+00
3.199999997268605512e+00
3.299999997268514562e+00
3.399999997268423613e+00
3.499999997268332663e+00
3.599999997268241714e+00
3.699999997268150764e+00
3.799999997268059815e+00
3.899999997267968865e+00
3.999999997267877916e+00
4.099999997267786966e+00
4.199999997267696017e+00
4.299999997267605067e+00
4.399999997267514118e+00
4.499999997267423169e+00
4.599999997267332219e+00
4.699999997267241270e+00
4.799999997267150320e+00
4.899999997267059371e+00
4.999999997266968421e+00
5.099999997266877472e+00
5.199999997266786522e+00
5.299999997266695573e+00
5.399999997266604623e+00
5.499999997266513674e+00
5.599999997266422724e+00
5.699999997266331775e+00
5.799999997266240825e+00
5.899999997266149876e+00
5.999999997266058926e+00
6.099999997265967977e+00
6.199999997265877028e+00
6.299999997265786078e+00
6.399999997265695129e+00
6.499999997265604179e+00
6.599999997265513230e+00
6.699999997265422280e+00
6.799999997265331331e+00
6.899999997265240381e+00
6.999999997265149432e+00
7.099999997265058482e+00
7.199999997264967533e+00
7.299999997264876583e+00
7.399999997264785634e+00
7.499999997264694684e+00
7.599999997264603735e+00
7.699999997264512785e+00
7.799999997264421836e+00
7.899999997264330887e+00
7.999999997264239937e+00
8.099999997264148988e+00
8.199999997264058038e+00
8.299999997263967089e+00
8.399999997263876139e+00
8.499999997263785190e+00
8.599999997263694240e+00
8.699999997263603291e+00
8.799999997263512341e+00
8.899999997263421392e+00
8.999999997263330442e+00
9.099999997263239493e+00
9.199999997263148543e+00
9.299999997263057594e+00
9.399999997262966644e+00
9.499999997262875695e+00
9.599999997262784746e+00
9.699999997262693796e+00
9.799999997262602847e+00
9.899999997262511897e+00
9.999999997262420948e+00
1.009999999726233000e+01
1.019999999726223905e+01
1.029999999726214810e+01
1.039999999726205715e+01
1.049999999726196620e+01
1.059999999726187525e+01
1.069999999726178430e+01
1.079999999726169335e+01
1.089999999726160240e+01
1.099999999726151145e+01
1.109999999726142050e+01
1.119999999726132955e+01
1.129999999726123860e+01
1.139999999726114766e+01
1.149999999726105671e+01
1.159999999726096576e+01
1.169999999726087481e+01
1.179999999726078386e+01
1.189999999726069291e+01
1.199999999726060196e+01
1.209999999726051101e+01
1.219999999726042006e+01
1.229999999726032911e+01
1.239999999726023816e+01
1.249999999726014721e+01
1.259999999726005626e+01
1.269999999725996531e+01
1.279999999725987436e+01
1.289999999725978341e+01
1.299999999725969246e+01
1.309999999725960151e+01
1.319999999725951056e+01
1.329999999725941962e+01
1.339999999725932867e+01
1.349999999725923772e+01
1.359999999725914677e+01
1.369999999725905582e+01
1.379999999725896487e+01
1.389999999725887392e+01
1.399999999725878297e+01
1.409999999725869202e+01
1.419999999725860107e+01
1.429999999725851012e+01
1.439999999725841917e+01
1.449999999725832822e+01
1.459999999725823727e+01
1.469999999725814632e+01
1.479999999725805537e+01
1.489999999725796442e+01
1.499999999725787347e+01
1.509999999725778252e+01
1.519999999725769158e+01
1.529999999725760063e+01
1.539999999725750968e+01
1.549999999725741873e+01
1.559999999725732778e+01
1.569999999725723683e+01
1.579999999725714588e+01
1.589999999725705493e+01
1.599999999725696398e+01
1.609999999725687303e+01
1.619999999725678208e+01
1.629999999725669113e+01
1.639999999725660018e+01
1.649999999725650923e+01
1.659999999725641828e+01
1.669999999725632733e+01
1.679999999725623638e+01
1.689999999725614543e+01
1.699999999725605448e+01
1.709999999725596354e+01
1.719999999725587259e+01
1.729999999725578164e+01
1.739999999725569069e+01
1.749999999725559974e+01
1.759999999725550879e+01
1.769999999725541784e+01
1.779999999725532689e+01
1.789999999725523594e+01
1.799999999725514499e+01
1.809999999725505404e+01
1.819999999725496309e+01
1.829999999725487214e+01
1.839999999725478119e+01
1.849999999725469024e+01
1.859999999725459929e+01
1.869999999725450834e+01
1.879999999725441739e+01
1.889999999725432644e+01
1.899999999725423550e+01
1.909999999725414455e+01
1.919999999725405360e+01
1.929999999725396265e+01
1.939999999725387170e+01
1.949999999725378075e+01
1.959999999725368980e+01
1.969999999725359885e+01
1.979999999725350790e+01
1.989999999725341695e+01
1.999999999725332600e+01
2.009999999725323505e+01
2.019999999725314410e+01
2.029999999725305315e+01
2.039999999725296220e+01
2.049999999725287125e+01
2.059999999725278030e+01
2.069999999725268935e+01
2.079999999725259840e+01
2.089999999725250746e+01
2.099999999725241651e+01
2.109999999725232556e+01
2.119999999725223461e+01
2.129999999725214366e+01
2.139999999725205271e+01
2.149999999725196176e+01
2.159999999725187081e+01
2.169999999725177986e+01
2.179999999725168891e+01
2.189999999725159796e+01
2.199999999725150701e+01
2.209999999725141606e+01
2.219999999725132511e+01
2.229999999725123416e+01
2.239999999725114321e+01
2.249999999725105226e+01
2.259999999725096131e+01
2.269999999725087036e+01
2.279999999725077942e+01
2.289999999725068847e+01
2.299999999725059752e+01
2.309999999725050657e+01
2.319999999725041562e+01
2.329999999725032467e+01
2.339999999725023372e+01
2.349999999725014277e+01
2.359999999725005182e+01
2.369999999724996087e+01
2.379999999724986992e+01
2.389999999724977897e+01
2.399999999724968802e+01
2.409999999724959707e+01
2.419999999724950612e+01
2.429999999724941517e+01
2.439999999724932422e+01
2.449999999724923327e+01
2.459999999724914233e+01
2.469999999724905138e+01
2.479999999724896043e+01
2.489999999724886948e+01
2.499999999724877853e+01
2.509999999724868758e+01
2.519999999724859663e+01
2.529999999724850568e+01
2.539999999724841473e+01
2.549999999724832378e+01
2.559999999724823283e+01
2.569999999724814188e+01
2.579999999724805093e+01
2.589999999724795998e+01
2.599999999724786903e+01
2.609999999724777808e+01
2.619999999724768713e+01
2.629999999724759618e+01
2.639999999724750523e+01
2.649999999724741429e+01
2.659999999724732334e+01
2.669999999724723239e+01
2.679999999724714144e+01
2.689999999724705049e+01
2.699999999724695954e+01
2.709999999724686859e+01
2.719999999724677764e+01
2.729999999724668669e+01
2.739999999724659574e+01
2.749999999724650479e+01
2.759999999724641384e+01
2.769999999724632289e+01
2.779999999724623194e+01
2.789999999724614099e+01
2.799999999724605004e+01
2.809999999724595909e+01
2.819999999724586814e+01
2.829999999724577719e+01
2.839999999724568625e+01
2.849999999724559530e+01
2.859999999724550435e+01
2.869999999724541340e+01
2.879999999724532245e+01
2.889999999724523150e+01
2.899999999724514055e+01
2.909999999724504960e+01
2.919999999724495865e+01
2.929999999724486770e+01
2.939999999724477675e+01
2.949999999724468580e+01
2.959999999724459485e+01
2.969999999724450390e+01
2.979999999724441295e+01
2.989999999724432200e+01
2.999999999724423105e+01
3.009999999724414010e+01
3.019999999724404915e+01
3.029999999724395821e+01
3.039999999724386726e+01
3.049999999724377631e+01
3.059999999724368536e+01
3.069999999724359441e+01
3.079999999724350346e+01
3.089999999724341251e+01
3.099999999724332156e+01
3.109999999724323061e+01
3.119999999724313966e+01
3.129999999724304871e+01
3.139999999724295776e+01
3.149999999724286681e+01
3.159999999724277586e+01
3.169999999724268491e+01
3.179999999724259396e+01
3.189999999724250301e+01
3.199999999724241206e+01
3.209999999724232111e+01
3.219999999724223017e+01
3.229999999724213922e+01
3.239999999724204827e+01
3.249999999724195732e+01
3.259999999724186637e+01
3.269999999724177542e+01
3.279999999724168447e+01
3.289999999724159352e+01
3.299999999724150257e+01
3.309999999724141162e+01
3.319999999724132067e+01
3.329999999724122972e+01
3.339999999724113877e+01
3.349999999724104782e+01
3.359999999724095687e+01
3.369999999724086592e+01
3.379999999724077497e+01
3.389999999724068402e+01
3.399999999724059307e+01
3.409999999724050213e+01
3.419999999724041118e+01
3.429999999724032023e+01
3.439999999724022928e+01
3.449999999724013833e+01
3.459999999724004738e+01
3.469999999723995643e+01
3.479999999723986548e+01
3.489999999723977453e+01
3.499999999723968358e+01
3.509999999723959263e+01
3.519999999723950168e+01
3.529999999723941073e+01
3.539999999723931978e+01
3.549999999723922883e+01
3.559999999723913788e+01
3.569999999723904693e+01
3.579999999723895598e+01
3.589999999723886503e+01
3.599999999723877409e+01
3.609999999723868314e+01
3.619999999723859219e+01
3.629999999723850124e+01
3.639999999723841029e+01
3.649999999723831934e+01
3.659999999723822839e+01
3.669999999723813744e+01
3.679999999723804649e+01
3.689999999723795554e+01
3.699999999723786459e+01
3.709999999723777364e+01
3.719999999723768269e+01
3.729999999723759174e+01
3.739999999723750079e+01
3.749999999723740984e+01
3.759999999723731889e+01
3.769999999723722794e+01
3.779999999723713699e+01
3.789999999723704605e+01
3.799999999723695510e+01
3.809999999723686415e+01
3.819999999723677320e+01
3.829999999723668225e+01
3.839999999723659130e+01
3.849999999723650035e+01
3.859999999723640940e+01
3.869999999723631845e+01
3.879999999723622750e+01
3.889999999723613655e+01
3.899999999723604560e+01
3.909999999723595465e+01
3.919999999723586370e+01
3.929999999723577275e+01
3.939999999723568180e+01
3.949999999723559085e+01
3.959999999723549990e+01
3.969999999723540896e+01
3.979999999723531801e+01
3.989999999723522706e+01
3.999999999723513611e+01
4.009999999723504516e+01
4.019999999723495421e+01
4.029999999723486326e+01
4.039999999723477231e+01
4.049999999723468136e+01
4.059999999723459041e+01
4.069999999723449946e+01
4.079999999723440851e+01
4.089999999723431756e+01
4.099999999723422661e+01
4.109999999723413566e+01
4.119999999723404471e+01
4.129999999723395376e+01
4.139999999723386281e+01
4.149999999723377186e+01
4.159999999723368092e+01
4.169999999723358997e+01
4.179999999723349902e+01
4.189999999723340807e+01
4.199999999723331712e+01
4.209999999723322617e+01
4.219999999723313522e+01
4.229999999723304427e+01
4.239999999723295332e+01
4.249999999723286237e+01
4.259999999723277142e+01
4.269999999723268047e+01
4.279999999723258952e+01
4.289999999723249857e+01
4.299999999723240762e+01
4.309999999723231667e+01
4.319999999723222572e+01
4.329999999723213477e+01
4.339999999723204382e+01
4.349999999723195288e+01
4.359999999723186193e+01
4.369999999723177098e+01
4.379999999723168003e+01
4.389999999723158908e+01
4.399999999723149813e+01
4.409999999723140718e+01
4.419999999723131623e+01
4.429999999723122528e+01
4.439999999723113433e+01
4.449999999723104338e+01
4.459999999723095243e+01
4.469999999723086148e+01
4.479999999723077053e+01
4.489999999723067958e+01
4.499999999723058863e+01
4.509999999723049768e+01
4.519999999723040673e+01
4.529999999723031578e+01
4.539999999723022484e+01
4.549999999723013389e+01
4.559999999723004294e+01
4.569999999722995199e+01
4.579999999722986104e+01
4.589999999722977009e+01
4.599999999722967914e+01
4.609999999722958819e+01
4.619999999722949724e+01
4.629999999722940629e+01
4.639999999722931534e+01
4.649999999722922439e+01
4.659999999722913344e+01
4.669999999722904249e+01
4.679999999722895154e+01
4.689999999722886059e+01
4.699999999722876964e+01
4.709999999722867869e+01
4.719999999722858774e+01
4.729999999722849680e+01
4.739999999722840585e+01
4.749999999722831490e+01
4.759999999722822395e+01
4.769999999722813300e+01
4.779999999722804205e+01
4.789999999722795110e+01
4.799999999722786015e+01
4.809999999722776920e+01
4.819999999722767825e+01
4.829999999722758730e+01
4.839999999722749635e+01
4.849999999722740540e+01
4.859999999722731445e+01
4.869999999722722350e+01
4.879999999722713255e+01
4.889999999722704160e+01
4.899999999722695065e+01
4.909999999722685970e+01
4.919999999722676876e+01
4.929999999722667781e+01
4.939999999722658686e+01
4.949999999722649591e+01
4.959999999722640496e+01
4.969999999722631401e+01
4.979999999722622306e+01
4.989999999722613211e+01
4.999999999722604116e+01
5.009999999722595021e+01
5.019999999722585926e+01
5.029999999722576831e+01
5.039999999722567736e+01
5.049999999722558641e+01
5.059999999722549546e+01
5.069999999722540451e+01
5.079999999722531356e+01
5.089999999722522261e+01
5.099999999722513166e+01
5.109999999722504072e+01
5.119999999722494977e+01
5.129999999722485882e+01
5.139999999722476787e+01
5.149999999722467692e+01
5.159999999722458597e+01
5.169999999722449502e+01
5.179999999722440407e+01
5.189999999722431312e+01
5.199999999722422217e+01
5.209999999722413122e+01
5.219999999722404027e+01
5.229999999722394932e+01
5.239999999722385837e+01
5.249999999722376742e+01
5.259999999722367647e+01
5.269999999722358552e+01
5.279999999722349457e+01
5.289999999722340362e+01
5.299999999722331268e+01
5.309999999722322173e+01
5.319999999722313078e+01
5.329999999722303983e+01
5.339999999722294888e+01
5.349999999722285793e+01
5.359999999722276698e+01
5.369999999722267603e+01
5.379999999722258508e+01
5.389999999722249413e+01
5.399999999722240318e+01
5.409999999722231223e+01
5.419999999722222128e+01
5.429999999722213033e+01
5.439999999722203938e+01
5.449999999722194843e+01
5.459999999722185748e+01
5.469999999722176653e+01
5.479999999722167559e+01
5.489999999722158464e+01
5.499999999722149369e+01
5.509999999722140274e+01
5.519999999722131179e+01
5.529999999722122084e+01
5.539999999722112989e+01
5.549999999722103894e+01
5.559999999722094799e+01
5.569999999722085704e+01
5.579999999722076609e+01
5.589999999722067514e+01
5.599999999722058419e+01
5.609999999722049324e+01
5.619999999722040229e+01
5.629999999722031134e+01
5.639999999722022039e+01
5.649999999722012944e+01
5.659999999722003849e+01
5.669999999721994755e+01
5.679999999721985660e+01
5.689999999721976565e+01
5.699999999721967470e+01
5.709999999721958375e+01
5.719999999721949280e+01
5.729999999721940185e+01
5.739999999721931090e+01
5.749999999721921995e+01
5.759999999721912900e+01
5.769999999721903805e+01
5.779999999721894710e+01
5.789999999721885615e+01
5.799999999721876520e+01
5.809999999721867425e+01
5.819999999721858330e+01
5.829999999721849235e+01
5.839999999721840140e+01
5.849999999721831045e+01
5.859999999721821951e+01
5.869999999721812856e+01
5.879999999721803761e+01
5.889999999721794666e+01
5.899999999721785571e+01
5.909999999721776476e+01
5.919999999721767381e+01
5.929999999721758286e+01
5.939999999721749191e+01
5.949999999721740096e+01
5.959999999721731001e+01
5.969999999721721906e+01
5.979999999721712811e+01
5.989999999721703716e+01
5.999999999721694621e+01
6.009999999721685526e+01
6.019999999721676431e+01
6.029999999721667336e+01
6.039999999721658241e+01
6.049999999721649147e+01
6.059999999721640052e+01
6.069999999721630957e+01
6.079999999721621862e+01
6.089999999721612767e+01
6.099999999721603672e+01
6.109999999721594577e+01
6.119999999721585482e+01
6.129999999721576387e+01
6.139999999721567292e+01
6.149999999721558197e+01
6.159999999721549102e+01
6.169999999721540007e+01
6.179999999721530912e+01
6.189999999721521817e+01
6.199999999721512722e+01
6.209999999721503627e+01
6.219999999721494532e+01
6.229999999721485437e+01
6.239999999721476343e+01
6.249999999721467248e+01
6.259999999721458153e+01
6.269999999721449058e+01
6.279999999721439963e+01
6.289999999721430868e+01
6.299999999721421773e+01
6.309999999721412678e+01
6.319999999721403583e+01
6.329999999721394488e+01
6.339999999721385393e+01
6.349999999721376298e+01
6.359999999721367203e+01
6.369999999721358108e+01
6.379999999721349013e+01
6.389999999721339918e+01
6.399999999721330823e+01
6.409999999721321728e+01
6.419999999721312633e+01
6.429999999721303539e+01
6.439999999721294444e+01
6.449999999721285349e+01
6.459999999721276254e+01
6.469999999721267159e+01
6.479999999721258064e+01
6.489999999721248969e+01
6.499999999721239874e+01
6.509999999721230779e+01
6.519999999721221684e+01
6.529999999721212589e+01
6.539999999721203494e+01
6.549999999721194399e+01
6.559999999721185304e+01
6.569999999721176209e+01
6.579999999721167114e+01
6.589999999721158019e+01
6.599999999721148924e+01
6.609999999721139829e+01
6.619999999721130735e+01
6.629999999721121640e+01
6.639999999721112545e+01
6.649999999721103450e+01
6.659999999721094355e+01
6.669999999721085260e+01
6.679999999721076165e+01
6.689999999721067070e+01
6.699999999721057975e+01
6.709999999721048880e+01
6.719999999721039785e+01
6.729999999721030690e+01
6.739999999721021595e+01
6.749999999721012500e+01
6.759999999721003405e+01
6.769999999720994310e+01
6.779999999720985215e+01
6.789999999720976120e+01
6.799999999720967025e+01
6.809999999720957931e+01
6.819999999720948836e+01
6.829999999720939741e+01
6.839999999720930646e+01
6.849999999720921551e+01
6.859999999720912456e+01
6.869999999720903361e+01
6.879999999720894266e+01
6.889999999720885171e+01
6.899999999720876076e+01
6.909999999720866981e+01
6.919999999720857886e+01
6.929999999720848791e+01
6.939999999720839696e+01
6.949999999720830601e+01
6.959999999720821506e+01
6.969999999720812411e+01
6.979999999720803316e+01
6.989999999720794222e+01
6.999999999720785127e+01
7.009999999720776032e+01
7.019999999720766937e+01
7.029999999720757842e+01
7.039999999720748747e+01
7.049999999720739652e+01
7.059999999720730557e+01
7.069999999720721462e+01
7.079999999720712367e+01
7.089999999720703272e+01
7.099999999720694177e+01
7.109999999720685082e+01
7.119999999720675987e+01
7.129999999720666892e+01
7.139999999720657797e+01
7.149999999720648702e+01
7.159999999720639607e+01
7.169999999720630512e+01
7.179999999720621418e+01
7.189999999720612323e+01
7.199999999720603228e+01
7.209999999720594133e+01
7.219999999720585038e+01
7.229999999720575943e+01
7.239999999720566848e+01
7.249999999720557753e+01
7.259999999720548658e+01
7.269999999720539563e+01
7.279999999720530468e+01
7.289999999720521373e+01
7.299999999720512278e+01
7.309999999720503183e+01
7.319999999720494088e+01
7.329999999720484993e+01
7.339999999720475898e+01
7.349999999720466803e+01
7.359999999720457708e+01
7.369999999720448614e+01
7.379999999720439519e+01
7.389999999720430424e+01
7.399999999720421329e+01
7.409999999720412234e+01
7.419999999720403139e+01
7.429999999720394044e+01
7.439999999720384949e+01
7.449999999720375854e+01
7.459999999720366759e+01
7.469999999720357664e+01
7.479999999720348569e+01
7.489999999720339474e+01
7.499999999720330379e+01
7.509999999720321284e+01
7.519999999720312189e+01
7.529999999720303094e+01
7.539999999720293999e+01
7.549999999720284904e+01
7.559999999720275810e+01
7.569999999720266715e+01
7.579999999720257620e+01
7.589999999720248525e+01
7.599999999720239430e+01
7.609999999720230335e+01
7.619999999720221240e+01
7.629999999720212145e+01
7.639999999720203050e+01
7.649999999720193955e+01
7.659999999720184860e+01
7.669999999720175765e+01
7.679999999720166670e+01
7.689999999720157575e+01
7.699999999720148480e+01
7.709999999720139385e+01
7.719999999720130290e+01
7.729999999720121195e+01
7.739999999720112100e+01
7.749999999720103006e+01
7.759999999720093911e+01
7.769999999720084816e+01
7.779999999720075721e+01
7.789999999720066626e+01
7.799999999720057531e+01
7.809999999720048436e+01
7.819999999720039341e+01
7.829999999720030246e+01
7.839999999720021151e+01
7.849999999720012056e+01
7.859999999720002961e+01
7.869999999719993866e+01
7.879999999719984771e+01
7.889999999719975676e+01
7.899999999719966581e+01
7.909999999719957486e+01
7.919999999719948391e+01
7.929999999719939296e+01
7.939999999719930202e+01
7.949999999719921107e+01
7.959999999719912012e+01
7.969999999719902917e+01
7.979999999719893822e+01
7.989999999719884727e+01
7.999999999719875632e+01
8.009999999719866537e+01
8.019999999719857442e+01
8.029999999719848347e+01
8.039999999719839252e+01
8.049999999719830157e+01
8.059999999719821062e+01
8.069999999719811967e+01
8.079999999719802872e+01
8.089999999719793777e+01
8.099999999719784682e+01
8.109999999719775587e+01
8.119999999719766492e+01
8.129999999719757398e+01
8.139999999719748303e+01
8.149999999719739208e+01
8.159999999719730113e+01
8.169999999719721018e+01
8.179999999719711923e+01
8.189999999719702828e+01
8.199999999719693733e+01
8.209999999719684638e+01
8.219999999719675543e+01
8.229999999719666448e+01
8.239999999719657353e+01
8.249999999719648258e+01
8.259999999719639163e+01
8.269999999719630068e+01
8.279999999719620973e+01
8.289999999719611878e+01
8.299999999719602783e+01
8.309999999719593688e+01
8.319999999719584594e+01
8.329999999719575499e+01
8.339999999719566404e+01
8.349999999719557309e+01
8.359999999719548214e+01
8.369999999719539119e+01
8.379999999719530024e+01
8.389999999719520929e+01
8.399999999719511834e+01
8.409999999719502739e+01
8.419999999719493644e+01
8.429999999719484549e+01
8.439999999719475454e+01
8.449999999719466359e+01
8.459999999719457264e+01
8.469999999719448169e+01
8.479999999719439074e+01
8.489999999719429979e+01
8.499999999719420885e+01
8.509999999719411790e+01
8.519999999719402695e+01
8.529999999719393600e+01
8.539999999719384505e+01
8.549999999719375410e+01
8.559999999719366315e+01
8.569999999719357220e+01
8.579999999719348125e+01
8.589999999719339030e+01
8.599999999719329935e+01
8.609999999719320840e+01
8.619999999719311745e+01
8.629999999719302650e+01
8.639999999719293555e+01
8.649999999719284460e+01
8.659999999719275365e+01
8.669999999719266270e+01
8.679999999719257175e+01
8.689999999719248081e+01
8.699999999719238986e+01
8.709999999719229891e+01
8.719999999719220796e+01
8.729999999719211701e+01
8.739999999719202606e+01
8.749999999719193511e+01
8.759999999719184416e+01
8.769999999719175321e+01
8.779999999719166226e+01
8.789999999719157131e+01
8.799999999719148036e+01
8.809999999719138941e+01
8.819999999719129846e+01
8.829999999719120751e+01
8.839999999719111656e+01
8.849999999719102561e+01
8.859999999719093466e+01
8.869999999719084371e+01
8.879999999719075277e+01
8.889999999719066182e+01
8.899999999719057087e+01
8.909999999719047992e+01
8.919999999719038897e+01
8.929999999719029802e+01
8.939999999719020707e+01
8.949999999719011612e+01
8.959999999719002517e+01
8.969999999718993422e+01
8.979999999718984327e+01
8.989999999718975232e+01
8.999999999718966137e+01
9.009999999718957042e+01
9.019999999718947947e+01
9.029999999718938852e+01
9.039999999718929757e+01
9.049999999718920662e+01
9.059999999718911567e+01
9.069999999718902473e+01
9.079999999718893378e+01
9.089999999718884283e+01
9.099999999718875188e+01
9.109999999718866093e+01
9.119999999718856998e+01
9.129999999718847903e+01
9.139999999718838808e+01
9.149999999718829713e+01
9.159999999718820618e+01
9.169999999718811523e+01
9.179999999718802428e+01
9.189999999718793333e+01
9.199999999718784238e+01
9.209999999718775143e+01
9.219999999718766048e+01
9.229999999718756953e+01
9.239999999718747858e+01
9.249999999718738763e+01
9.259999999718729669e+01
9.269999999718720574e+01
9.279999999718711479e+01
9.289999999718702384e+01
9.299999999718693289e+01
9.309999999718684194e+01
9.319999999718675099e+01
9.329999999718666004e+01
9.339999999718656909e+01
9.349999999718647814e+01
9.359999999718638719e+01
9.369999999718629624e+01
9.379999999718620529e+01
9.389999999718611434e+01
9.399999999718602339e+01
9.409999999718593244e+01
9.419999999718584149e+01
9.429999999718575054e+01
9.439999999718565959e+01
9.449999999718556865e+01
9.459999999718547770e+01
9.469999999718538675e+01
9.479999999718529580e+01
9.489999999718520485e+01
9.499999999718511390e+01
9.509999999718502295e+01
9.519999999718493200e+01
9.529999999718484105e+01
9.539999999718475010e+01
9.549999999718465915e+01
9.559999999718456820e+01
9.569999999718447725e+01
9.579999999718438630e+01
9.589999999718429535e+01
9.599999999718420440e+01
9.609999999718411345e+01
9.619999999718402250e+01
9.629999999718393155e+01
9.639999999718384061e+01
9.649999999718374966e+01
9.659999999718365871e+01
9.669999999718356776e+01
9.679999999718347681e+01
9.689999999718338586e+01
9.699999999718329491e+01
9.709999999718320396e+01
9.719999999718311301e+01
9.729999999718302206e+01
9.739999999718293111e+01
9.749999999718284016e+01
9.759999999718274921e+01
9.769999999718265826e+01
9.779999999718256731e+01
9.789999999718247636e+01
9.799999999718238541e+01
9.809999999718229446e+01
9.819999999718220351e+01
9.829999999718211257e+01
9.839999999718202162e+01
9.849999999718193067e+01
9.859999999718183972e+01
9.869999999718174877e+01
9.879999999718165782e+01
9.889999999718156687e+01
9.899999999718147592e+01
9.909999999718138497e+01
9.919999999718129402e+01
9.929999999718120307e+01
9.939999999718111212e+01
9.949999999718102117e+01
9.959999999718093022e+01
9.969999999718083927e+01
9.979999999718074832e+01
9.989999999718065737e+01
9.999999999718056642e+01
1.000999999971804755e+02
1.001999999971803845e+02
1.002999999971802936e+02
1.003999999971802026e+02
1.004999999971801117e+02
1.005999999971800207e+02
1.006999999971799298e+02
1.007999999971798388e+02
1.008999999971797479e+02
1.009999999971796569e+02
1.010999999971795660e+02
1.011999999971794750e+02
1.012999999971793841e+02
1.013999999971792931e+02
1.014999999971792022e+02
1.015999999971791112e+02
1.016999999971790203e+02
1.017999999971789293e+02
1.018999999971788384e+02
1.019999999971787474e+02
1.020999999971786565e+02
1.021999999971785655e+02
1.022999999971784746e+02
1.023999999971783836e+02
1.024999999971782927e+02
1.025999999971782017e+02
1.026999999971781108e+02
1.027999999971780198e+02
1.028999999971779289e+02
1.029999999971778379e+02
1.030999999971777470e+02
1.031999999971776560e+02
1.032999999971775651e+02
1.033999999971774741e+02
1.034999999971773832e+02
1.035999999971772922e+02
1.036999999971772013e+02
1.037999999971771103e+02
1.038999999971770194e+02
1.039999999971769284e+02
1.040999999971768375e+02
1.041999999971767465e+02
1.042999999971766556e+02
1.043999999971765646e+02
1.044999999971764737e+02
1.045999999971763827e+02
1.046999999971762918e+02
1.047999999971762008e+02
1.048999999971761099e+02
1.049999999971760190e+02
1.050999999971759280e+02
1.051999999971758371e+02
1.052999999971757461e+02
1.053999999971756552e+02
1.054999999971755642e+02
1.055999999971754733e+02
1.056999999971753823e+02
1.057999999971752914e+02
1.058999999971752004e+02
1.059999999971751095e+02
1.060999999971750185e+02
1.061999999971749276e+02
1.062999999971748366e+02
1.063999999971747457e+02
1.064999999971746547e+02
1.065999999971745638e+02
1.066999999971744728e+02
1.067999999971743819e+02
1.068999999971742909e+02
1.069999999971742000e+02
1.070999999971741090e+02
1.071999999971740181e+02
1.072999999971739271e+02
1.073999999971738362e+02
1.074999999971737452e+02
1.075999999971736543e+02
1.076999999971735633e+02
1.077999999971734724e+02
1.078999999971733814e+02
1.079999999971732905e+02
1.080999999971731995e+02
1.081999999971731086e+02
1.082999999971730176e+02
1.083999999971729267e+02
1.084999999971728357e+02
1.085999999971727448e+02
1.086999999971726538e+02
1.087999999971725629e+02
1.088999999971724719e+02
1.089999999971723810e+02
1.090999999971722900e+02
1.091999999971721991e+02
1.092999999971721081e+02
1.093999999971720172e+02
1.094999999971719262e+02
1.095999999971718353e+02
1.096999999971717443e+02
1.097999999971716534e+02
1.098999999971715624e+02
1.099999999971714715e+02
1.100999999971713805e+02
1.101999999971712896e+02
1.102999999971711986e+02
1.103999999971711077e+02
1.104999999971710167e+02
1.105999999971709258e+02
1.106999999971708348e+02
1.107999999971707439e+02
1.108999999971706529e+02
1.109999999971705620e+02
1.110999999971704710e+02
1.111999999971703801e+02
1.112999999971702891e+02
1.113999999971701982e+02
1.114999999971701072e+02
1.115999999971700163e+02
1.116999999971699253e+02
1.117999999971698344e+02
1.118999999971697434e+02
1.119999999971696525e+02
1.120999999971695615e+02
1.121999999971694706e+02
1.122999999971693796e+02
1.123999999971692887e+02
1.124999999971691977e+02
1.125999999971691068e+02
1.126999999971690158e+02
1.127999999971689249e+02
1.128999999971688339e+02
1.129999999971687430e+02
1.130999999971686520e+02
1.131999999971685611e+02
1.132999999971684701e+02
1.133999999971683792e+02
1.134999999971682882e+02
1.135999999971681973e+02
1.136999999971681063e+02
1.137999999971680154e+02
1.138999999971679244e+02
1.139999999971678335e+02
1.140999999971677425e+02
1.141999999971676516e+02
1.142999999971675607e+02
1.143999999971674697e+02
1.144999999971673788e+02
1.145999999971672878e+02
1.146999999971671969e+02
1.147999999971671059e+02
1.148999999971670150e+02
1.149999999971669240e+02
1.150999999971668331e+02
1.151999999971667421e+02
1.152999999971666512e+02
1.153999999971665602e+02
1.154999999971664693e+02
1.155999999971663783e+02
1.156999999971662874e+02
1.157999999971661964e+02
1.158999999971661055e+02
1.159999999971660145e+02
1.160999999971659236e+02
1.161999999971658326e+02
1.162999999971657417e+02
1.163999999971656507e+02
1.164999999971655598e+02
1.165999999971654688e+02
1.166999999971653779e+02
1.167999999971652869e+02
1.168999999971651960e+02
1.169999999971651050e+02
1.170999999971650141e+02
1.171999999971649231e+02
1.172999999971648322e+02
1.173999999971647412e+02
1.174999999971646503e+02
1.175999999971645593e+02
1.176999999971644684e+02
1.177999999971643774e+02
1.178999999971642865e+02
1.179999999971641955e+02
1.180999999971641046e+02
1.181999999971640136e+02
1.182999999971639227e+02
1.183999999971638317e+02
1.184999999971637408e+02
1.185999999971636498e+02
1.186999999971635589e+02
1.187999999971634679e+02
1.188999999971633770e+02
1.189999999971632860e+02
1.190999999971631951e+02
1.191999999971631041e+02
1.192999999971630132e+02
1.193999999971629222e+02
1.194999999971628313e+02
1.195999999971627403e+02
1.196999999971626494e+02
1.197999999971625584e+02
1.198999999971624675e+02
1.199999999971623765e+02
1.200999999971622856e+02
1.201999999971621946e+02
1.202999999971621037e+02
1.203999999971620127e+02
1.204999999971619218e+02
1.205999999971618308e+02
1.206999999971617399e+02
1.207999999971616489e+02
1.208999999971615580e+02
1.209999999971614670e+02
1.210999999971613761e+02
1.211999999971612851e+02
1.212999999971611942e+02
1.213999999971611032e+02
1.214999999971610123e+02
1.215999999971609213e+02
1.216999999971608304e+02
1.217999999971607394e+02
1.218999999971606485e+02
1.219999999971605575e+02
1.220999999971604666e+02
1.221999999971603756e+02
1.222999999971602847e+02
1.223999999971601937e+02
1.224999999971601028e+02
1.225999999971600118e+02
1.226999999971599209e+02
1.227999999971598299e+02
1.228999999971597390e+02
1.229999999971596480e+02
1.230999999971595571e+02
1.231999999971594661e+02
1.232999999971593752e+02
1.233999999971592842e+02
1.234999999971591933e+02
1.235999999971591023e+02
1.236999999971590114e+02
1.237999999971589205e+02
1.238999999971588295e+02
1.239999999971587386e+02
1.240999999971586476e+02
1.241999999971585567e+02
1.242999999971584657e+02
1.243999999971583748e+02
1.244999999971582838e+02
1.245999999971581929e+02
1.246999999971581019e+02
1.247999999971580110e+02
1.248999999971579200e+02
1.249999999971578291e+02
1.250999999971577381e+02
1.251999999971576472e+02
1.252999999971575562e+02
1.253999999971574653e+02
1.254999999971573743e+02
1.255999999971572834e+02
1.256999999971571924e+02
1.257999999971571015e+02
1.258999999971570105e+02
1.259999999971569196e+02
1.260999999971568286e+02
1.261999999971567377e+02
1.262999999971566467e+02
1.263999999971565558e+02
1.264999999971564648e+02
1.265999999971563739e+02
1.266999999971562829e+02
1.267999999971561920e+02
1.268999999971561010e+02
1.269999999971560101e+02
1.270999999971559191e+02
1.271999999971558282e+02
1.272999999971557372e+02
1.273999999971556463e+02
1.274999999971555553e+02
1.275999999971554644e+02
1.276999999971553734e+02
1.277999999971552825e+02
1.278999999971551915e+02
1.279999999971551006e+02
1.280999999971550096e+02
1.281999999971549187e+02
1.282999999971548277e+02
1.283999999971547368e+02
1.284999999971546458e+02
1.285999999971545549e+02
1.286999999971544639e+02
1.287999999971543730e+02
1.288999999971542820e+02
1.289999999971541911e+02
1.290999999971541001e+02
1.291999999971540092e+02
1.292999999971539182e+02
1.293999999971538273e+02
1.294999999971537363e+02
1.295999999971536454e+02
1.296999999971535544e+02
1.297999999971534635e+02
1.298999999971533725e+02
1.299999999971532816e+02
1.300999999971531906e+02
1.301999999971530997e+02
1.302999999971530087e+02
1.303999999971529178e+02
1.304999999971528268e+02
1.305999999971527359e+02
1.306999999971526449e+02
1.307999999971525540e+02
1.308999999971524630e+02
1.309999999971523721e+02
1.310999999971522811e+02
1.311999999971521902e+02
1.312999999971520992e+02
1.313999999971520083e+02
1.314999999971519173e+02
1.315999999971518264e+02
1.316999999971517354e+02
1.317999999971516445e+02
1.318999999971515535e+02
1.319999999971514626e+02
1.320999999971513716e+02
1.321999999971512807e+02
1.322999999971511897e+02
1.323999999971510988e+02
1.324999999971510078e+02
1.325999999971509169e+02
1.326999999971508259e+02
1.327999999971507350e+02
1.328999999971506440e+02
1.329999999971505531e+02
1.330999999971504621e+02
1.331999999971503712e+02
1.332999999971502803e+02
1.333999999971501893e+02
1.334999999971500984e+02
1.335999999971500074e+02
1.336999999971499165e+02
1.337999999971498255e+02
1.338999999971497346e+02
1.339999999971496436e+02
1.340999999971495527e+02
1.341999999971494617e+02
1.342999999971493708e+02
1.343999999971492798e+02
1.344999999971491889e+02
1.345999999971490979e+02
1.346999999971490070e+02
1.347999999971489160e+02
1.348999999971488251e+02
1.349999999971487341e+02
1.350999999971486432e+02
1.351999999971485522e+02
1.352999999971484613e+02
1.353999999971483703e+02
1.354999999971482794e+02
1.355999999971481884e+02
1.356999999971480975e+02
1.357999999971480065e+02
1.358999999971479156e+02
1.359999999971478246e+02
1.360999999971477337e+02
1.361999999971476427e+02
1.362999999971475518e+02
1.363999999971474608e+02
1.364999999971473699e+02
1.365999999971472789e+02
1.366999999971471880e+02
1.367999999971470970e+02
1.368999999971470061e+02
1.369999999971469151e+02
1.370999999971468242e+02
1.371999999971467332e+02
1.372999999971466423e+02
1.373999999971465513e+02
1.374999999971464604e+02
1.375999999971463694e+02
1.376999999971462785e+02
1.377999999971461875e+02
1.378999999971460966e+02
1.379999999971460056e+02
1.380999999971459147e+02
1.381999999971458237e+02
1.382999999971457328e+02
1.383999999971456418e+02
1.384999999971455509e+02
1.385999999971454599e+02
1.386999999971453690e+02
1.387999999971452780e+02
1.388999999971451871e+02
1.389999999971450961e+02
1.390999999971450052e+02
1.391999999971449142e+02
1.392999999971448233e+02
1.393999999971447323e+02
1.394999999971446414e+02
1.395999999971445504e+02
1.396999999971444595e+02
1.397999999971443685e+02
1.398999999971442776e+02
1.399999999971441866e+02
1.400999999971440957e+02
1.401999999971440047e+02
1.402999999971439138e+02
1.403999999971438228e+02
1.404999999971437319e+02
1.405999999971436409e+02
1.406999999971435500e+02
1.407999999971434590e+02
1.408999999971433681e+02
1.409999999971432771e+02
1.410999999971431862e+02
1.411999999971430952e+02
1.412999999971430043e+02
1.413999999971429133e+02
1.414999999971428224e+02
1.415999999971427314e+02
1.416999999971426405e+02
1.417999999971425495e+02
1.418999999971424586e+02
1.419999999971423676e+02
1.420999999971422767e+02
1.421999999971421857e+02
1.422999999971420948e+02
1.423999999971420038e+02
1.424999999971419129e+02
1.425999999971418220e+02
1.426999999971417310e+02
1.427999999971416401e+02
1.428999999971415491e+02
1.429999999971414582e+02
1.430999999971413672e+02
1.431999999971412763e+02
1.432999999971411853e+02
1.433999999971410944e+02
1.434999999971410034e+02
1.435999999971409125e+02
1.436999999971408215e+02
1.437999999971407306e+02
1.438999999971406396e+02
1.439999999971405487e+02
1.440999999971404577e+02
1.441999999971403668e+02
1.442999999971402758e+02
1.443999999971401849e+02
1.444999999971400939e+02
1.445999999971400030e+02
1.446999999971399120e+02
1.447999999971398211e+02
1.448999999971397301e+02
1.449999999971396392e+02
1.450999999971395482e+02
1.451999999971394573e+02
1.452999999971393663e+02
1.453999999971392754e+02
1.454999999971391844e+02
1.455999999971390935e+02
1.456999999971390025e+02
1.457999999971389116e+02
1.458999999971388206e+02
1.459999999971387297e+02
1.460999999971386387e+02
1.461999999971385478e+02
1.462999999971384568e+02
1.463999999971383659e+02
1.464999999971382749e+02
1.465999999971381840e+02
1.466999999971380930e+02
1.467999999971380021e+02
1.468999999971379111e+02
1.469999999971378202e+02
1.470999999971377292e+02
1.471999999971376383e+02
1.472999999971375473e+02
1.473999999971374564e+02
1.474999999971373654e+02
1.475999999971372745e+02
1.476999999971371835e+02
1.477999999971370926e+02
1.478999999971370016e+02
1.479999999971369107e+02
1.480999999971368197e+02
1.481999999971367288e+02
1.482999999971366378e+02
1.483999999971365469e+02
1.484999999971364559e+02
1.485999999971363650e+02
1.486999999971362740e+02
1.487999999971361831e+02
1.488999999971360921e+02
1.489999999971360012e+02
1.490999999971359102e+02
1.491999999971358193e+02
1.492999999971357283e+02
1.493999999971356374e+02
1.494999999971355464e+02
1.495999999971354555e+02
1.496999999971353645e+02
1.497999999971352736e+02
1.498999999971351826e+02
1.499999999971350917e+02
1.500999999971350007e+02
1.501999999971349098e+02
1.502999999971348188e+02
1.503999999971347279e+02
1.504999999971346369e+02
1.505999999971345460e+02
1.506999999971344550e+02
1.507999999971343641e+02
1.508999999971342731e+02
1.509999999971341822e+02
1.510999999971340912e+02
1.511999999971340003e+02
1.512999999971339093e+02
1.513999999971338184e+02
1.514999999971337274e+02
1.515999999971336365e+02
1.516999999971335455e+02
1.517999999971334546e+02
1.518999999971333636e+02
1.519999999971332727e+02
1.520999999971331818e+02
1.521999999971330908e+02
1.522999999971329999e+02
1.523999999971329089e+02
1.524999999971328180e+02
1.525999999971327270e+02
1.526999999971326361e+02
1.527999999971325451e+02
1.528999999971324542e+02
1.529999999971323632e+02
1.530999999971322723e+02
1.531999999971321813e+02
1.532999999971320904e+02
1.533999999971319994e+02
1.534999999971319085e+02
1.535999999971318175e+02
1.536999999971317266e+02
1.537999999971316356e+02
1.538999999971315447e+02
1.539999999971314537e+02
1.540999999971313628e+02
1.541999999971312718e+02
1.542999999971311809e+02
1.543999999971310899e+02
1.544999999971309990e+02
1.545999999971309080e+02
1.546999999971308171e+02
1.547999999971307261e+02
1.548999999971306352e+02
1.549999999971305442e+02
1.550999999971304533e+02
1.551999999971303623e+02
1.552999999971302714e+02
1.553999999971301804e+02
1.554999999971300895e+02
1.555999999971299985e+02
1.556999999971299076e+02
1.557999999971298166e+02
1.558999999971297257e+02
1.559999999971296347e+02
1.560999999971295438e+02
1.561999999971294528e+02
1.562999999971293619e+02
1.563999999971292709e+02
1.564999999971291800e+02
1.565999999971290890e+02
1.566999999971289981e+02
1.567999999971289071e+02
1.568999999971288162e+02
1.569999999971287252e+02
1.570999999971286343e+02
1.571999999971285433e+02
1.572999999971284524e+02
1.573999999971283614e+02
1.574999999971282705e+02
1.575999999971281795e+02
1.576999999971280886e+02
1.577999999971279976e+02
1.578999999971279067e+02
1.579999999971278157e+02
1.580999999971277248e+02
1.581999999971276338e+02
1.582999999971275429e+02
1.583999999971274519e+02
1.584999999971273610e+02
1.585999999971272700e+02
1.586999999971271791e+02
1.587999999971270881e+02
1.588999999971269972e+02
1.589999999971269062e+02
1.590999999971268153e+02
1.591999999971267243e+02
1.592999999971266334e+02
1.593999999971265424e+02
1.594999999971264515e+02
1.595999999971263605e+02
1.596999999971262696e+02
1.597999999971261786e+02
1.598999999971260877e+02
1.599999999971259967e+02
1.600999999971259058e+02
1.601999999971258148e+02
1.602999999971257239e+02
1.603999999971256329e+02
1.604999999971255420e+02
1.605999999971254510e+02
1.606999999971253601e+02
1.607999999971252691e+02
1.608999999971251782e+02
1.609999999971250872e+02
1.610999999971249963e+02
1.611999999971249053e+02
1.612999999971248144e+02
1.613999999971247234e+02
1.614999999971246325e+02
1.615999999971245416e+02
1.616999999971244506e+02
1.617999999971243597e+02
1.618999999971242687e+02
1.619999999971241778e+02
1.620999999971240868e+02
1.621999999971239959e+02
1.622999999971239049e+02
1.623999999971238140e+02
1.624999999971237230e+02
1.625999999971236321e+02
1.626999999971235411e+02
1.627999999971234502e+02
1.628999999971233592e+02
1.629999999971232683e+02
1.630999999971231773e+02
1.631999999971230864e+02
1.632999999971229954e+02
1.633999999971229045e+02
1.634999999971228135e+02
1.635999999971227226e+02
1.636999999971226316e+02
1.637999999971225407e+02
1.638999999971224497e+02
1.639999999971223588e+02
1.640999999971222678e+02
1.641999999971221769e+02
1.642999999971220859e+02
1.643999999971219950e+02
1.644999999971219040e+02
1.645999999971218131e+02
1.646999999971217221e+02
1.647999999971216312e+02
1.648999999971215402e+02
1.649999999971214493e+02
1.650999999971213583e+02
1.651999999971212674e+02
1.652999999971211764e+02
1.653999999971210855e+02
1.654999999971209945e+02
1.655999999971209036e+02
1.656999999971208126e+02
1.657999999971207217e+02
1.658999999971206307e+02
1.659999999971205398e+02
1.660999999971204488e+02
1.661999999971203579e+02
1.662999999971202669e+02
1.663999999971201760e+02
1.664999999971200850e+02
1.665999999971199941e+02
1.666999999971199031e+02
1.667999999971198122e+02
1.668999999971197212e+02
1.669999999971196303e+02
1.670999999971195393e+02
1.671999999971194484e+02
1.672999999971193574e+02
1.673999999971192665e+02
1.674999999971191755e+02
1.675999999971190846e+02
1.676999999971189936e+02
1.677999999971189027e+02
1.678999999971188117e+02
1.679999999971187208e+02
1.680999999971186298e+02
1.681999999971185389e+02
1.682999999971184479e+02
1.683999999971183570e+02
1.684999999971182660e+02
1.685999999971181751e+02
1.686999999971180841e+02
1.687999999971179932e+02
1.688999999971179022e+02
1.689999999971178113e+02
1.690999999971177203e+02
1.691999999971176294e+02
1.692999999971175384e+02
1.693999999971174475e+02
1.694999999971173565e+02
1.695999999971172656e+02
1.696999999971171746e+02
1.697999999971170837e+02
1.698999999971169927e+02
1.699999999971169018e+02
1.700999999971168108e+02
1.701999999971167199e+02
1.702999999971166289e+02
1.703999999971165380e+02
1.704999999971164470e+02
1.705999999971163561e+02
1.706999999971162651e+02
1.707999999971161742e+02
1.708999999971160833e+02
1.709999999971159923e+02
1.710999999971159014e+02
1.711999999971158104e+02
1.712999999971157195e+02
1.713999999971156285e+02
1.714999999971155376e+02
1.715999999971154466e+02
1.716999999971153557e+02
1.717999999971152647e+02
1.718999999971151738e+02
1.719999999971150828e+02
1.720999999971149919e+02
1.721999999971149009e+02
1.722999999971148100e+02
1.723999999971147190e+02
1.724999999971146281e+02
1.725999999971145371e+02
1.726999999971144462e+02
1.727999999971143552e+02
1.728999999971142643e+02
1.729999999971141733e+02
1.730999999971140824e+02
1.731999999971139914e+02
1.732999999971139005e+02
1.733999999971138095e+02
1.734999999971137186e+02
1.735999999971136276e+02
1.736999999971135367e+02
1.737999999971134457e+02
1.738999999971133548e+02
1.739999999971132638e+02
1.740999999971131729e+02
1.741999999971130819e+02
1.742999999971129910e+02
1.743999999971129000e+02
1.744999999971128091e+02
1.745999999971127181e+02
1.746999999971126272e+02
1.747999999971125362e+02
1.748999999971124453e+02
1.749999999971123543e+02
1.750999999971122634e+02
1.751999999971121724e+02
1.752999999971120815e+02
1.753999999971119905e+02
1.754999999971118996e+02
1.755999999971118086e+02
1.756999999971117177e+02
1.757999999971116267e+02
1.758999999971115358e+02
1.759999999971114448e+02
1.760999999971113539e+02
1.761999999971112629e+02
1.762999999971111720e+02
1.763999999971110810e+02
1.764999999971109901e+02
1.765999999971108991e+02
1.766999999971108082e+02
1.767999999971107172e+02
1.768999999971106263e+02
1.769999999971105353e+02
1.770999999971104444e+02
1.771999999971103534e+02
1.772999999971102625e+02
1.773999999971101715e+02
1.774999999971100806e+02
1.775999999971099896e+02
1.776999999971098987e+02
1.777999999971098077e+02
1.778999999971097168e+02
1.779999999971096258e+02
1.780999999971095349e+02
1.781999999971094439e+02
1.782999999971093530e+02
1.783999999971092620e+02
1.784999999971091711e+02
1.785999999971090801e+02
1.786999999971089892e+02
1.787999999971088982e+02
1.788999999971088073e+02
1.789999999971087163e+02
1.790999999971086254e+02
1.791999999971085344e+02
1.792999999971084435e+02
1.793999999971083525e+02
1.794999999971082616e+02
1.795999999971081706e+02
1.796999999971080797e+02
1.797999999971079887e+02
1.798999999971078978e+02
1.799999999971078068e+02
1.800999999971077159e+02
1.801999999971076249e+02
1.802999999971075340e+02
1.803999999971074431e+02
1.804999999971073521e+02
1.805999999971072612e+02
1.806999999971071702e+02
1.807999999971070793e+02
1.808999999971069883e+02
1.809999999971068974e+02
1.810999999971068064e+02
1.811999999971067155e+02
1.812999999971066245e+02
1.813999999971065336e+02
1.814999999971064426e+02
1.815999999971063517e+02
1.816999999971062607e+02
1.817999999971061698e+02
1.818999999971060788e+02
1.819999999971059879e+02
1.820999999971058969e+02
1.821999999971058060e+02
1.822999999971057150e+02
1.823999999971056241e+02
1.824999999971055331e+02
1.825999999971054422e+02
1.826999999971053512e+02
1.827999999971052603e+02
1.828999999971051693e+02
1.829999999971050784e+02
1.830999999971049874e+02
1.831999999971048965e+02
1.832999999971048055e+02
1.833999999971047146e+02
1.834999999971046236e+02
1.835999999971045327e+02
1.836999999971044417e+02
1.837999999971043508e+02
1.838999999971042598e+02
1.839999999971041689e+02
1.840999999971040779e+02
1.841999999971039870e+02
1.842999999971038960e+02
1.843999999971038051e+02
1.844999999971037141e+02
1.845999999971036232e+02
1.846999999971035322e+02
1.847999999971034413e+02
1.848999999971033503e+02
1.849999999971032594e+02
1.850999999971031684e+02
1.851999999971030775e+02
1.852999999971029865e+02
1.853999999971028956e+02
1.854999999971028046e+02
1.855999999971027137e+02
1.856999999971026227e+02
1.857999999971025318e+02
1.858999999971024408e+02
1.859999999971023499e+02
1.860999999971022589e+02
1.861999999971021680e+02
1.862999999971020770e+02
1.863999999971019861e+02
1.864999999971018951e+02
1.865999999971018042e+02
1.866999999971017132e+02
1.867999999971016223e+02
1.868999999971015313e+02
1.869999999971014404e+02
1.870999999971013494e+02
1.871999999971012585e+02
1.872999999971011675e+02
1.873999999971010766e+02
1.874999999971009856e+02
1.875999999971008947e+02
1.876999999971008037e+02
1.877999999971007128e+02
1.878999999971006218e+02
1.879999999971005309e+02
1.880999999971004399e+02
1.881999999971003490e+02
1.882999999971002580e+02
1.883999999971001671e+02
1.884999999971000761e+02
1.885999999970999852e+02
1.886999999970998942e+02
1.887999999970998033e+02
1.888999999970997123e+02
1.889999999970996214e+02
1.890999999970995304e+02
1.891999999970994395e+02
1.892999999970993485e+02
1.893999999970992576e+02
1.894999999970991666e+02
1.895999999970990757e+02
1.896999999970989847e+02
1.897999999970988938e+02
1.898999999970988029e+02
1.899999999970987119e+02
1.900999999970986210e+02
1.901999999970985300e+02
1.902999999970984391e+02
1.903999999970983481e+02
1.904999999970982572e+02
1.905999999970981662e+02
1.906999999970980753e+02
1.907999999970979843e+02
1.908999999970978934e+02
1.909999999970978024e+02
1.910999999970977115e+02
1.911999999970976205e+02
1.912999999970975296e+02
1.913999999970974386e+02
1.914999999970973477e+02
1.915999999970972567e+02
1.916999999970971658e+02
1.917999999970970748e+02
1.918999999970969839e+02
1.919999999970968929e+02
1.920999999970968020e+02
1.921999999970967110e+02
1.922999999970966201e+02
1.923999999970965291e+02
1.924999999970964382e+02
1.925999999970963472e+02
1.926999999970962563e+02
1.927999999970961653e+02
1.928999999970960744e+02
1.929999999970959834e+02
1.930999999970958925e+02
1.931999999970958015e+02
1.932999999970957106e+02
1.933999999970956196e+02
1.934999999970955287e+02
1.935999999970954377e+02
1.936999999970953468e+02
1.937999999970952558e+02
1.938999999970951649e+02
1.939999999970950739e+02
1.940999999970949830e+02
1.941999999970948920e+02
1.942999999970948011e+02
1.943999999970947101e+02
1.944999999970946192e+02
1.945999999970945282e+02
1.946999999970944373e+02
1.947999999970943463e+02
1.948999999970942554e+02
1.949999999970941644e+02
1.950999999970940735e+02
1.951999999970939825e+02
1.952999999970938916e+02
1.953999999970938006e+02
1.954999999970937097e+02
1.955999999970936187e+02
1.956999999970935278e+02
1.957999999970934368e+02
1.958999999970933459e+02
1.959999999970932549e+02
1.960999999970931640e+02
1.961999999970930730e+02
1.962999999970929821e+02
1.963999999970928911e+02
1.964999999970928002e+02
1.965999999970927092e+02
1.966999999970926183e+02
1.967999999970925273e+02
1.968999999970924364e+02
1.969999999970923454e+02
1.970999999970922545e+02
1.971999999970921635e+02
1.972999999970920726e+02
1.973999999970919816e+02
1.974999999970918907e+02
1.975999999970917997e+02
1.976999999970917088e+02
1.977999999970916178e+02
1.978999999970915269e+02
1.979999999970914359e+02
1.980999999970913450e+02
1.981999999970912540e+02
1.982999999970911631e+02
1.983999999970910721e+02
1.984999999970909812e+02
1.985999999970908902e+02
1.986999999970907993e+02
1.987999999970907083e+02
1.988999999970906174e+02
1.989999999970905264e+02
1.990999999970904355e+02
1.991999999970903446e+02
1.992999999970902536e+02
1.993999999970901627e+02
1.994999999970900717e+02
1.995999999970899808e+02
1.996999999970898898e+02
1.997999999970897989e+02
1.998999999970897079e+02
1.999999999970896170e+02
